QHD ACOPF / ALM Iteration Log
Created at: 2026-06-09 16:01:46
Number of buses: 14
Number of lines: 20
Number of generators: 5
Solver used: QHD with simbi solver
========================================================================================================================

========================================================================================================================
Update time: 2026-06-09 16:05:33
Iteration: 0
rho: 80
alpha: 5
objective_value: 2.69984802543
feasible: False
max_abs_h: 2.966620977893e-02
l2_norm_h: 1.761141017016e-01
lambda_inf_norm: 1.483310488946e-01
lambda_l2_norm: 8.805705085080e-01
------------------------------------------------------------------------------------------------------------------------
Bus Results
BusID	V_R		V_I		Vmag		Pg		Qg		Pl		Ql
1	0.970334	-0.023618	0.971813	0.386543	0.000000	0.000000	0.000000
2	0.962227	-0.039797	0.964245	0.287628	0.173943	0.217000	0.127000
3	0.928837	-0.070836	0.932412	0.634348	0.000000	0.942000	0.190000
4	0.938016	-0.065003	0.941274	0.000000	0.000000	0.478000	-0.039000
5	0.946067	-0.056439	0.948620	0.000000	0.000000	0.076000	0.016000
6	0.929463	-0.070435	0.933927	0.083930	0.240000	0.112000	0.075000
7	0.907162	-0.061909	0.900000	0.000000	0.000000	0.000000	0.000000
8	0.901486	-0.052948	0.900000	0.000000	-0.028723	0.000000	0.000000
9	0.893894	-0.077138	0.900000	0.000000	0.000000	0.295000	0.166000
10	0.894619	-0.073613	0.900000	0.000000	0.000000	0.090000	0.058000
11	0.909539	-0.067427	0.900000	0.000000	0.000000	0.035000	0.018000
12	0.917523	-0.071208	0.922043	0.000000	0.000000	0.061000	0.016000
13	0.909944	-0.073219	0.900185	0.000000	0.000000	0.135000	0.058000
14	0.888345	-0.083358	0.900000	0.000000	0.000000	0.149000	0.050000

Branch Results
LineID	From	To	Pik		Pki		Qik		Qki		LossP		LossQ
1	1	2	0.259099	-0.297187	-0.015329	-0.078231	-0.038089	-0.093559
2	1	5	0.143378	-0.176653	0.015990	-0.098554	-0.033274	-0.082565
3	2	3	0.159142	-0.206622	0.070261	-0.142385	-0.047481	-0.072124
4	2	4	0.142694	-0.188210	0.039093	-0.095525	-0.045516	-0.056433
5	2	5	0.088452	-0.129345	0.016233	-0.075827	-0.040893	-0.059594
6	3	4	-0.073409	0.020736	-0.043579	0.016534	-0.052673	-0.027045
7	4	5	-0.254794	0.210435	-0.092643	0.094712	-0.044359	0.002069
8	4	7	-0.030020	-0.018611	0.139119	-0.134753	-0.048630	0.004365
9	4	9	0.000411	-0.051634	0.073000	-0.073042	-0.051223	-0.000042
10	5	6	0.039701	-0.079462	0.063139	-0.057098	-0.039760	0.006041
11	6	11	0.010717	-0.049163	0.082203	-0.072127	-0.038446	0.010077
12	6	12	0.001657	-0.041682	0.036133	-0.029647	-0.040025	0.006487
13	6	13	0.059057	-0.097802	0.099915	-0.090363	-0.038745	0.009552
14	7	8	-0.066664	0.021988	0.033033	-0.029898	-0.044676	0.003134
15	7	9	0.108553	-0.156811	0.100595	-0.098503	-0.048258	0.002092
16	9	10	-0.059662	0.010643	0.005690	-0.010406	-0.049019	-0.004715
17	9	14	-0.001186	-0.050530	0.002435	-0.009975	-0.051716	-0.007540
18	10	11	-0.076525	0.033825	-0.045691	0.049457	-0.042700	0.003766
19	12	13	0.001563	-0.042099	0.011489	-0.005677	-0.040536	0.005812
20	13	14	0.025590	-0.071692	0.034503	-0.034981	-0.046102	-0.000478

Summary
Total Pg           : 1.392448
Total Qg           : 0.385220
Total Load P       : 2.590000
Total Load Q       : 0.735000
Total Active Loss  : -0.882122
Total Reactive Loss: -0.350699
Total Load Supplied: 87.821230%

========================================================================================================================
Update time: 2026-06-09 16:09:29
Iteration: 1
rho: 80
alpha: 4.25
objective_value: 2.68907735164
feasible: False
max_abs_h: 2.354382375123e-02
l2_norm_h: 1.655479230470e-01
lambda_inf_norm: 2.508217409345e-01
lambda_l2_norm: 1.684955027976e+00
------------------------------------------------------------------------------------------------------------------------
Bus Results
BusID	V_R		V_I		Vmag		Pg		Qg		Pl		Ql
1	0.988482	-0.002810	0.988209	0.347196	0.000000	0.000000	0.000000
2	0.981186	-0.018168	0.981073	0.269916	0.195966	0.217000	0.127000
3	0.948383	-0.046508	0.949260	0.662904	0.000000	0.942000	0.190000
4	0.956565	-0.041433	0.957203	0.000000	0.000000	0.478000	-0.039000
5	0.964855	-0.032664	0.965149	0.000000	0.000000	0.076000	0.016000
6	0.946732	-0.043105	0.947432	0.090633	0.198312	0.112000	0.075000
7	0.923921	-0.037559	0.924942	0.000000	0.000000	0.000000	0.000000
8	0.917497	-0.025196	0.917809	0.019247	-0.035193	0.000000	0.000000
9	0.909904	-0.053872	0.911187	0.000000	0.000000	0.295000	0.166000
10	0.910929	-0.049907	0.912002	0.000000	0.000000	0.090000	0.058000
11	0.928011	-0.042045	0.929336	0.000000	0.000000	0.035000	0.018000
12	0.936472	-0.044457	0.937230	0.000000	0.000000	0.061000	0.016000
13	0.928419	-0.046886	0.930006	0.000000	0.000000	0.135000	0.058000
14	0.902270	-0.059382	0.903695	0.000000	0.000000	0.149000	0.050000

Branch Results
LineID	From	To	Pik		Pki		Qik		Qki		LossP		LossQ
1	1	2	0.244839	-0.289561	-0.018796	-0.080157	-0.044722	-0.098954
2	1	5	0.125901	-0.170552	0.019449	-0.108044	-0.044651	-0.088595
3	2	3	0.149248	-0.192548	0.076766	-0.150019	-0.043300	-0.073253
4	2	4	0.136448	-0.180065	0.049095	-0.107729	-0.043618	-0.058633
5	2	5	0.079587	-0.124266	0.023510	-0.087004	-0.044679	-0.063494
6	3	4	-0.064004	0.018831	-0.039717	0.016270	-0.045173	-0.023448
7	4	5	-0.262928	0.218533	-0.103782	0.106438	-0.044394	0.002656
8	4	7	-0.034146	-0.011063	0.153073	-0.148188	-0.045208	0.004885
9	4	9	0.002969	-0.048243	0.081488	-0.077482	-0.045275	0.004006
10	5	6	0.022965	-0.067592	0.072770	-0.070720	-0.044627	0.002050
11	6	11	0.011956	-0.055271	0.073583	-0.071590	-0.043316	0.001993
12	6	12	-0.001725	-0.041863	0.028433	-0.027237	-0.043589	0.001196
13	6	13	0.057971	-0.100963	0.091735	-0.088975	-0.042992	0.002760
14	7	8	-0.085739	0.041246	0.036249	-0.035197	-0.044493	0.001052
15	7	9	0.119264	-0.164312	0.112011	-0.107835	-0.045048	0.004176
16	9	10	-0.063279	0.018412	0.006900	-0.006583	-0.044867	0.000317
17	9	14	0.003341	-0.048345	0.012354	-0.011984	-0.045004	0.000370
18	10	11	-0.086086	0.042340	-0.051540	0.053422	-0.043746	0.001882
19	12	13	0.002635	-0.046357	0.010718	-0.009736	-0.043721	0.000982
20	13	14	0.034430	-0.078155	0.040464	-0.038152	-0.043725	0.002312

Summary
Total Pg           : 1.389897
Total Qg           : 0.359085
Total Load P       : 2.590000
Total Load Q       : 0.735000
Total Active Loss  : -0.886149
Total Reactive Loss: -0.375740
Total Load Supplied: 87.878224%

========================================================================================================================
Update time: 2026-06-09 16:13:25
Iteration: 2
rho: 80
alpha: 4.25
objective_value: 2.7976488413
feasible: False
max_abs_h: 2.231226714853e-02
l2_norm_h: 1.568660433885e-01
lambda_inf_norm: 3.407039029791e-01
lambda_l2_norm: 2.340934718598e+00
------------------------------------------------------------------------------------------------------------------------
Bus Results
BusID	V_R		V_I		Vmag		Pg		Qg		Pl		Ql
1	0.997154	0.001637	0.997005	0.322365	0.010050	0.000000	0.000000
2	0.990015	-0.012474	0.989945	0.261924	0.202583	0.217000	0.127000
3	0.958209	-0.037517	0.958796	0.691633	0.001162	0.942000	0.190000
4	0.965017	-0.033721	0.965451	0.000000	0.000000	0.478000	-0.039000
5	0.973377	-0.025342	0.973558	0.000000	0.000000	0.076000	0.016000
6	0.954195	-0.031895	0.954532	0.127989	0.185542	0.112000	0.075000
7	0.929876	-0.027693	0.930764	0.000000	0.000000	0.000000	0.000000
8	0.920622	-0.010759	0.920820	0.046132	-0.049270	0.000000	0.000000
9	0.916598	-0.045110	0.917475	0.000000	0.000000	0.295000	0.166000
10	0.917644	-0.041207	0.918353	0.000000	0.000000	0.090000	0.058000
11	0.935009	-0.032533	0.936187	0.000000	0.000000	0.035000	0.018000
12	0.944033	-0.034396	0.944487	0.000000	0.000000	0.061000	0.016000
13	0.935875	-0.036920	0.937280	0.000000	0.000000	0.135000	0.058000
14	0.909217	-0.050763	0.910078	0.000000	0.000000	0.149000	0.050000

Branch Results
LineID	From	To	Pik		Pki		Qik		Qki		LossP		LossQ
1	1	2	0.228575	-0.271074	-0.013912	-0.086695	-0.042499	-0.100606
2	1	5	0.116102	-0.158904	0.024010	-0.114461	-0.042802	-0.090451
3	2	3	0.134700	-0.175496	0.077695	-0.152917	-0.040796	-0.075222
4	2	4	0.129163	-0.170354	0.055889	-0.115584	-0.041192	-0.059695
5	2	5	0.073626	-0.116226	0.028758	-0.093419	-0.042600	-0.064661
6	3	4	-0.053723	0.011238	-0.036233	0.013025	-0.042485	-0.023208
7	4	5	-0.255513	0.213206	-0.110927	0.113551	-0.042307	0.002624
8	4	7	-0.043987	0.001155	0.166681	-0.160251	-0.042832	0.006430
9	4	9	0.002020	-0.044720	0.085898	-0.081211	-0.042700	0.004687
10	5	6	0.007662	-0.050472	0.078535	-0.077141	-0.042810	0.001394
11	6	11	0.019716	-0.061085	0.072415	-0.071338	-0.041369	0.001077
12	6	12	0.002272	-0.044080	0.026315	-0.026247	-0.041809	0.000068
13	6	13	0.065505	-0.106663	0.088959	-0.087265	-0.041158	0.001694
14	7	8	-0.109004	0.066900	0.051826	-0.049212	-0.042105	0.002615
15	7	9	0.129164	-0.171866	0.108105	-0.103311	-0.042702	0.004794
16	9	10	-0.061896	0.019607	0.006205	-0.005794	-0.042288	0.000412
17	9	14	0.004758	-0.047266	0.012096	-0.011541	-0.042508	0.000555
18	10	11	-0.088559	0.047140	-0.052256	0.053663	-0.041419	0.001407
19	12	13	0.004016	-0.045985	0.010368	-0.010735	-0.041969	-0.000367
20	13	14	0.038842	-0.080409	0.040385	-0.038575	-0.041567	0.001810

Summary
Total Pg           : 1.450042
Total Qg           : 0.350068
Total Load P       : 2.590000
Total Load Q       : 0.735000
Total Active Loss  : -0.841918
Total Reactive Loss: -0.384645
Total Load Supplied: 88.492671%

========================================================================================================================
Update time: 2026-06-09 16:17:22
Iteration: 3
rho: 80
alpha: 4.25
objective_value: 2.8965375771
feasible: False
max_abs_h: 2.106081397792e-02
l2_norm_h: 1.495509355207e-01
lambda_inf_norm: 4.257801624652e-01
lambda_l2_norm: 2.970216833602e+00
------------------------------------------------------------------------------------------------------------------------
Bus Results
BusID	V_R		V_I		Vmag		Pg		Qg		Pl		Ql
1	0.994893	-0.000235	0.994843	0.295704	0.000000	0.000000	0.000000
2	0.988821	-0.013545	0.988851	0.248912	0.234331	0.217000	0.127000
3	0.957353	-0.034900	0.957939	0.721850	0.000000	0.942000	0.190000
4	0.962751	-0.032429	0.963263	0.000000	0.000000	0.478000	-0.039000
5	0.971082	-0.024342	0.971367	0.000000	0.000000	0.076000	0.016000
6	0.949103	-0.025864	0.949486	0.169175	0.172803	0.112000	0.075000
7	0.925203	-0.023872	0.926137	0.000000	0.000000	0.000000	0.000000
8	0.914090	-0.002815	0.914358	0.069655	-0.060000	0.000000	0.000000
9	0.911480	-0.042018	0.912358	0.000000	0.000000	0.295000	0.166000
10	0.912467	-0.037802	0.913171	0.000000	0.000000	0.090000	0.058000
11	0.929804	-0.028063	0.930942	0.000000	0.000000	0.035000	0.018000
12	0.938393	-0.029210	0.938846	0.000000	0.000000	0.061000	0.016000
13	0.929931	-0.031819	0.931270	0.000000	0.000000	0.135000	0.058000
14	0.902222	-0.047136	0.900000	0.000000	0.000000	0.149000	0.050000

Branch Results
LineID	From	To	Pik		Pki		Qik		Qki		LossP		LossQ
1	1	2	0.211726	-0.252038	-0.026528	-0.074381	-0.040312	-0.100910
2	1	5	0.105039	-0.145444	0.026752	-0.117680	-0.040405	-0.090928
3	2	3	0.118036	-0.156821	0.079736	-0.156700	-0.038785	-0.076963
4	2	4	0.120200	-0.159114	0.064819	-0.125015	-0.038914	-0.060196
5	2	5	0.066086	-0.106212	0.037496	-0.102524	-0.040126	-0.065028
6	3	4	-0.043311	0.003005	-0.032961	0.008748	-0.040306	-0.024213
7	4	5	-0.247454	0.207648	-0.112635	0.114905	-0.039807	0.002271
8	4	7	-0.054317	0.013937	0.177585	-0.171287	-0.040380	0.006297
9	4	9	0.000041	-0.040942	0.090706	-0.085643	-0.040900	0.005062
10	5	6	-0.011531	-0.028935	0.089943	-0.088812	-0.040465	0.001130
11	6	11	0.026263	-0.065909	0.069590	-0.068932	-0.039646	0.000658
12	6	12	0.006441	-0.046376	0.026406	-0.026557	-0.039935	-0.000151
13	6	13	0.073462	-0.112500	0.090900	-0.088660	-0.039038	0.002241
14	7	8	-0.129097	0.089246	0.060720	-0.058907	-0.039851	0.001814
15	7	9	0.135314	-0.176103	0.110976	-0.106520	-0.040789	0.004456
16	9	10	-0.063803	0.022437	0.007871	-0.007518	-0.041365	0.000353
17	9	14	0.006391	-0.046766	0.018006	-0.015226	-0.040375	0.002780
18	10	11	-0.091864	0.051404	-0.050374	0.051434	-0.040460	0.001060
19	12	13	0.005535	-0.045839	0.010795	-0.010915	-0.040305	-0.000121
20	13	14	0.043444	-0.082439	0.041572	-0.036936	-0.038996	0.004637

Summary
Total Pg           : 1.505296
Total Qg           : 0.347135
Total Load P       : 2.590000
Total Load Q       : 0.735000
Total Active Loss  : -0.801159
Total Reactive Loss: -0.385750
Total Load Supplied: 89.052341%

========================================================================================================================
Update time: 2026-06-09 16:21:18
Iteration: 4
rho: 80
alpha: 4.25
objective_value: 3.00447577211
feasible: False
max_abs_h: 1.986516373766e-02
l2_norm_h: 1.413773425415e-01
lambda_inf_norm: 5.059672809621e-01
lambda_l2_norm: 3.567763383934e+00
------------------------------------------------------------------------------------------------------------------------
Bus Results
BusID	V_R		V_I		Vmag		Pg		Qg		Pl		Ql
1	0.991732	0.001846	0.991726	0.271407	0.016869	0.000000	0.000000
2	0.985201	-0.010286	0.985253	0.240704	0.228303	0.217000	0.127000
3	0.954076	-0.029255	0.954547	0.742177	0.000000	0.942000	0.190000
4	0.959241	-0.027507	0.959642	0.000000	0.000000	0.478000	-0.039000
5	0.967857	-0.019613	0.968064	0.000000	0.000000	0.076000	0.016000
6	0.947828	-0.016048	0.947914	0.216601	0.180293	0.112000	0.075000
7	0.920988	-0.016532	0.921703	0.000000	0.000000	0.000000	0.000000
8	0.909171	0.008870	0.909515	0.094381	-0.060000	0.000000	0.000000
9	0.907733	-0.035592	0.908676	0.000000	0.000000	0.295000	0.166000
10	0.908816	-0.031222	0.909280	0.000000	0.000000	0.090000	0.058000
11	0.927058	-0.020212	0.927955	0.000000	0.000000	0.035000	0.018000
12	0.936876	-0.020524	0.937077	0.000000	0.000000	0.061000	0.016000
13	0.928375	-0.023406	0.929385	0.000000	0.000000	0.135000	0.058000
14	0.900113	-0.040651	0.900000	0.000000	0.000000	0.149000	0.050000

Branch Results
LineID	From	To	Pik		Pki		Qik		Qki		LossP		LossQ
1	1	2	0.196717	-0.234500	-0.013106	-0.087360	-0.037783	-0.100466
2	1	5	0.094556	-0.132930	0.030102	-0.120367	-0.038374	-0.090265
3	2	3	0.106708	-0.143094	0.081526	-0.157563	-0.036385	-0.076037
4	2	4	0.112051	-0.148630	0.068151	-0.126370	-0.036578	-0.058219
5	2	5	0.058577	-0.096499	0.038891	-0.102815	-0.037923	-0.063925
6	3	4	-0.037862	-0.000055	-0.032599	0.010158	-0.037916	-0.022441
7	4	5	-0.242962	0.205254	-0.119726	0.123846	-0.037708	0.004120
8	4	7	-0.065250	0.026996	0.181828	-0.173224	-0.038254	0.008603
9	4	9	-0.002027	-0.036282	0.092317	-0.085466	-0.038309	0.006851
10	5	6	-0.032331	-0.006329	0.083154	-0.081221	-0.038660	0.001933
11	6	11	0.036803	-0.074265	0.071720	-0.070657	-0.037461	0.001063
12	6	12	0.010670	-0.048789	0.025830	-0.025936	-0.038120	-0.000106
13	6	13	0.082401	-0.119168	0.089126	-0.087085	-0.036767	0.002041
14	7	8	-0.150462	0.112930	0.064646	-0.059824	-0.037531	0.004822
15	7	9	0.142558	-0.180708	0.108331	-0.102731	-0.038150	0.005600
16	9	10	-0.063880	0.025660	0.007508	-0.006490	-0.038219	0.001018
17	9	14	0.005061	-0.043562	0.014084	-0.012629	-0.038501	0.001455
18	10	11	-0.096450	0.058585	-0.051686	0.053124	-0.037865	0.001438
19	12	13	0.006976	-0.045241	0.010282	-0.010909	-0.038264	-0.000626
20	13	14	0.048660	-0.086120	0.040449	-0.037918	-0.037460	0.002531

Summary
Total Pg           : 1.565270
Total Qg           : 0.365465
Total Load P       : 2.590000
Total Load Q       : 0.735000
Total Active Loss  : -0.756229
Total Reactive Loss: -0.370609
Total Load Supplied: 89.633187%

========================================================================================================================
Update time: 2026-06-09 16:25:14
Iteration: 5
rho: 80
alpha: 4.3775
objective_value: 3.1004047331
feasible: False
max_abs_h: 1.886938895990e-02
l2_norm_h: 1.337020052979e-01
lambda_inf_norm: 5.820456549096e-01
lambda_l2_norm: 4.133274270058e+00
------------------------------------------------------------------------------------------------------------------------
Bus Results
BusID	V_R		V_I		Vmag		Pg		Qg		Pl		Ql
1	0.998599	0.000787	0.998473	0.245044	0.019809	0.000000	0.000000
2	0.992307	-0.010135	0.992229	0.232904	0.223404	0.217000	0.127000
3	0.962627	-0.026411	0.962859	0.764812	0.003185	0.942000	0.190000
4	0.966879	-0.025630	0.967091	0.000000	0.000000	0.478000	-0.039000
5	0.975205	-0.017965	0.975253	0.000000	0.000000	0.076000	0.016000
6	0.953149	-0.010005	0.953057	0.256452	0.166592	0.112000	0.075000
7	0.928136	-0.012485	0.928596	0.000000	0.000000	0.000000	0.000000
8	0.916018	0.017101	0.916246	0.119588	-0.060000	0.000000	0.000000
9	0.914751	-0.032441	0.915099	0.000000	0.000000	0.295000	0.166000
10	0.915399	-0.027969	0.915641	0.000000	0.000000	0.090000	0.058000
11	0.932739	-0.015957	0.933409	0.000000	0.000000	0.035000	0.018000
12	0.941824	-0.015393	0.941812	0.000000	0.000000	0.061000	0.016000
13	0.933621	-0.018468	0.934371	0.000000	0.000000	0.135000	0.058000
14	0.906522	-0.037317	0.907023	0.000000	0.000000	0.149000	0.050000

Branch Results
LineID	From	To	Pik		Pki		Qik		Qki		LossP		LossQ
1	1	2	0.179415	-0.215724	-0.011081	-0.091036	-0.036309	-0.102117
2	1	5	0.084499	-0.120949	0.030823	-0.122883	-0.036450	-0.092060
3	2	3	0.093903	-0.128799	0.078467	-0.156420	-0.034896	-0.077953
4	2	4	0.104149	-0.139072	0.068587	-0.129179	-0.034923	-0.060592
5	2	5	0.051838	-0.087977	0.040268	-0.105353	-0.036139	-0.065085
6	3	4	-0.030488	-0.005520	-0.030616	0.007174	-0.036008	-0.023442
7	4	5	-0.236628	0.200924	-0.117339	0.120149	-0.035705	0.002810
8	4	7	-0.075306	0.039116	0.184961	-0.176675	-0.036190	0.008286
9	4	9	-0.003382	-0.032897	0.093302	-0.087990	-0.036279	0.005312
10	5	6	-0.049584	0.013254	0.092106	-0.089838	-0.036329	0.002268
11	6	11	0.044034	-0.079255	0.067947	-0.066386	-0.035222	0.001561
12	6	12	0.015134	-0.050853	0.026065	-0.025678	-0.035719	0.000387
13	6	13	0.089901	-0.124701	0.087482	-0.084993	-0.034800	0.002489
14	7	8	-0.172866	0.137181	0.065946	-0.060101	-0.035685	0.005844
15	7	9	0.151796	-0.188044	0.110728	-0.105327	-0.036248	0.005401
16	9	10	-0.062572	0.026238	0.011508	-0.011136	-0.036334	0.000372
17	9	14	0.006656	-0.043120	0.015694	-0.015282	-0.036464	0.000412
18	10	11	-0.098020	0.062424	-0.046875	0.048626	-0.035596	0.001751
19	12	13	0.007876	-0.044036	0.009727	-0.009823	-0.036160	-0.000095
20	13	14	0.051999	-0.087472	0.037030	-0.034711	-0.035474	0.002319

Summary
Total Pg           : 1.618800
Total Qg           : 0.352990
Total Load P       : 2.590000
Total Load Q       : 0.735000
Total Active Loss  : -0.716931
Total Reactive Loss: -0.382131
Total Load Supplied: 90.182670%

========================================================================================================================
Update time: 2026-06-09 16:29:11
Iteration: 6
rho: 80
alpha: 4.3775
objective_value: 3.19238257298
feasible: False
max_abs_h: 1.797309609463e-02
l2_norm_h: 1.267213653584e-01
lambda_inf_norm: 6.570439307301e-01
lambda_l2_norm: 4.686040723973e+00
------------------------------------------------------------------------------------------------------------------------
Bus Results
BusID	V_R		V_I		Vmag		Pg		Qg		Pl		Ql
1	0.996721	0.001834	0.996648	0.219700	0.000000	0.000000	0.000000
2	0.991530	-0.008325	0.991537	0.224370	0.225289	0.217000	0.127000
3	0.963940	-0.022351	0.964127	0.787199	0.013028	0.942000	0.190000
4	0.966940	-0.022343	0.967153	0.000000	0.000000	0.478000	-0.039000
5	0.975013	-0.014863	0.975106	0.000000	0.000000	0.076000	0.016000
6	0.953081	-0.002831	0.953003	0.294162	0.162696	0.112000	0.075000
7	0.927988	-0.006936	0.928455	0.000000	0.000000	0.000000	0.000000
8	0.915661	0.026968	0.916225	0.144704	-0.060000	0.000000	0.000000
9	0.914507	-0.027929	0.914785	0.000000	0.000000	0.295000	0.166000
10	0.915021	-0.023360	0.915211	0.000000	0.000000	0.090000	0.058000
11	0.932380	-0.010404	0.933045	0.000000	0.000000	0.035000	0.018000
12	0.941632	-0.009137	0.941660	0.000000	0.000000	0.061000	0.016000
13	0.933318	-0.012418	0.933938	0.000000	0.000000	0.135000	0.058000
14	0.905949	-0.032775	0.906295	0.000000	0.000000	0.149000	0.050000

Branch Results
LineID	From	To	Pik		Pki		Qik		Qki		LossP		LossQ
1	1	2	0.162897	-0.197438	-0.024384	-0.079044	-0.034541	-0.103428
2	1	5	0.074776	-0.109396	0.025161	-0.118756	-0.034620	-0.093596
3	2	3	0.081393	-0.114673	0.071137	-0.150473	-0.033280	-0.079336
4	2	4	0.095887	-0.129183	0.066863	-0.128346	-0.033296	-0.061482
5	2	5	0.044951	-0.079191	0.039418	-0.105130	-0.034239	-0.065712
6	3	4	-0.023155	-0.011101	-0.026497	0.002447	-0.034256	-0.024050
7	4	5	-0.229676	0.195787	-0.114409	0.116535	-0.033890	0.002126
8	4	7	-0.085788	0.051233	0.185691	-0.177678	-0.034555	0.008013
9	4	9	-0.005010	-0.029197	0.093666	-0.088849	-0.034207	0.004818
10	5	6	-0.065802	0.031445	0.091558	-0.089497	-0.034357	0.002061
11	6	11	0.051313	-0.084725	0.066205	-0.064938	-0.033412	0.001268
12	6	12	0.018843	-0.052551	0.025031	-0.025147	-0.033708	-0.000116
13	6	13	0.097441	-0.130288	0.086138	-0.083879	-0.032847	0.002259
14	7	8	-0.195082	0.161235	0.065758	-0.059419	-0.033846	0.006339
15	7	9	0.160913	-0.195012	0.112282	-0.106840	-0.034098	0.005442
16	9	10	-0.061981	0.027683	0.012886	-0.012583	-0.034297	0.000303
17	9	14	0.008175	-0.042255	0.016752	-0.016339	-0.034079	0.000413
18	10	11	-0.100492	0.066939	-0.045549	0.047274	-0.033552	0.001725
19	12	13	0.008982	-0.043724	0.009439	-0.009947	-0.034742	-0.000509
20	13	14	0.056262	-0.089485	0.036229	-0.033781	-0.033223	0.002448

Summary
Total Pg           : 1.670135
Total Qg           : 0.341013
Total Load P       : 2.590000
Total Load Q       : 0.735000
Total Active Loss  : -0.679044
Total Reactive Loss: -0.391014
Total Load Supplied: 90.701909%

========================================================================================================================
Update time: 2026-06-09 16:33:08
Iteration: 7
rho: 80
alpha: 4.3775
objective_value: 3.28161706847
feasible: False
max_abs_h: 1.676393225516e-02
l2_norm_h: 1.197724606810e-01
lambda_inf_norm: 7.289309827200e-01
lambda_l2_norm: 5.208895998116e+00
------------------------------------------------------------------------------------------------------------------------
Bus Results
BusID	V_R		V_I		Vmag		Pg		Qg		Pl		Ql
1	0.997749	0.001199	0.997709	0.187255	0.009448	0.000000	0.000000
2	0.992628	-0.007508	0.992609	0.211577	0.221288	0.217000	0.127000
3	0.966103	-0.017752	0.966159	0.817843	0.012020	0.942000	0.190000
4	0.968631	-0.019407	0.968783	0.000000	0.000000	0.478000	-0.039000
5	0.976563	-0.012351	0.976618	0.000000	0.000000	0.076000	0.016000
6	0.954442	0.004234	0.954367	0.334169	0.160933	0.112000	0.075000
7	0.929829	-0.001206	0.930259	0.000000	0.000000	0.000000	0.000000
8	0.918110	0.036993	0.918933	0.169629	-0.053275	0.000000	0.000000
9	0.916264	-0.023047	0.916404	0.000000	0.000000	0.295000	0.166000
10	0.916692	-0.018431	0.916775	0.000000	0.000000	0.090000	0.058000
11	0.933818	-0.004762	0.934399	0.000000	0.000000	0.035000	0.018000
12	0.942461	-0.003088	0.942359	0.000000	0.000000	0.061000	0.016000
13	0.934313	-0.006413	0.934850	0.000000	0.000000	0.135000	0.058000
14	0.907245	-0.027894	0.907494	0.000000	0.000000	0.149000	0.050000

Branch Results
LineID	From	To	Pik		Pki		Qik		Qki		LossP		LossQ
1	1	2	0.141753	-0.174228	-0.017652	-0.085250	-0.032476	-0.102902
2	1	5	0.062266	-0.094560	0.027072	-0.120046	-0.032294	-0.092974
3	2	3	0.063309	-0.094818	0.070849	-0.150696	-0.031508	-0.079847
4	2	4	0.085197	-0.116757	0.068015	-0.129367	-0.031560	-0.061352
5	2	5	0.036545	-0.068483	0.040378	-0.105961	-0.031938	-0.065583
6	3	4	-0.013225	-0.019327	-0.027309	0.003653	-0.032553	-0.023655
7	4	5	-0.218762	0.187047	-0.115165	0.117554	-0.031715	0.002390
8	4	7	-0.098837	0.065890	0.185665	-0.176516	-0.032947	0.009149
9	4	9	-0.007967	-0.024925	0.094130	-0.089085	-0.032892	0.005045
10	5	6	-0.083828	0.051755	0.092695	-0.089710	-0.032074	0.002984
11	6	11	0.057472	-0.088912	0.063979	-0.062867	-0.031440	0.001112
12	6	12	0.023568	-0.055172	0.025599	-0.025307	-0.031603	0.000293
13	6	13	0.105248	-0.135855	0.086315	-0.083425	-0.030607	0.002890
14	7	8	-0.217718	0.185430	0.062112	-0.053265	-0.032287	0.008848
15	7	9	0.168287	-0.201264	0.114542	-0.108453	-0.032977	0.006090
16	9	10	-0.061622	0.028753	0.013323	-0.013388	-0.032869	-0.000064
17	9	14	0.009217	-0.041944	0.018141	-0.017578	-0.032727	0.000563
18	10	11	-0.102213	0.070274	-0.044224	0.045508	-0.031938	0.001284
19	12	13	0.010179	-0.042362	0.009396	-0.009493	-0.032182	-0.000097
20	13	14	0.059363	-0.090634	0.034997	-0.032442	-0.031271	0.002554

Summary
Total Pg           : 1.720472
Total Qg           : 0.350415
Total Load P       : 2.590000
Total Load Q       : 0.735000
Total Active Loss  : -0.641858
Total Reactive Loss: -0.383274
Total Load Supplied: 91.209665%

========================================================================================================================
Update time: 2026-06-09 16:37:06
Iteration: 8
rho: 80
alpha: 4.3775
objective_value: 3.36701127229
feasible: False
max_abs_h: 1.597030175853e-02
l2_norm_h: 1.132266566677e-01
lambda_inf_norm: 7.975285970549e-01
lambda_l2_norm: 5.702750073618e+00
------------------------------------------------------------------------------------------------------------------------
Bus Results
BusID	V_R		V_I		Vmag		Pg		Qg		Pl		Ql
1	1.001260	0.000573	1.001187	0.161746	0.009393	0.000000	0.000000
2	0.996449	-0.007057	0.996394	0.206361	0.216741	0.217000	0.127000
3	0.971287	-0.015122	0.971330	0.837860	0.017231	0.942000	0.190000
4	0.972916	-0.017508	0.972997	0.000000	0.000000	0.478000	-0.039000
5	0.980673	-0.010617	0.980660	0.000000	0.000000	0.076000	0.016000
6	0.957765	0.009752	0.957708	0.368207	0.154525	0.112000	0.075000
7	0.933921	0.002707	0.934265	0.000000	0.000000	0.000000	0.000000
8	0.922301	0.044914	0.923473	0.193938	-0.050184	0.000000	0.000000
9	0.920150	-0.019979	0.920201	0.000000	0.000000	0.295000	0.166000
10	0.920284	-0.015286	0.920284	0.000000	0.000000	0.090000	0.058000
11	0.937011	-0.000745	0.937479	0.000000	0.000000	0.035000	0.018000
12	0.945699	0.001664	0.945596	0.000000	0.000000	0.061000	0.016000
13	0.937620	-0.001818	0.938122	0.000000	0.000000	0.135000	0.058000
14	0.910929	-0.024626	0.911076	0.000000	0.000000	0.149000	0.050000

Branch Results
LineID	From	To	Pik		Pki		Qik		Qki		LossP		LossQ
1	1	2	0.125019	-0.156041	-0.017408	-0.086533	-0.031023	-0.103941
2	1	5	0.052698	-0.083762	0.026664	-0.120953	-0.031065	-0.094289
3	2	3	0.052382	-0.082220	0.067016	-0.148248	-0.029838	-0.081231
4	2	4	0.078183	-0.107901	0.068109	-0.130638	-0.029718	-0.062529
5	2	5	0.030309	-0.060976	0.041051	-0.107299	-0.030667	-0.066248
6	3	4	-0.006801	-0.023649	-0.024705	0.000712	-0.030450	-0.023993
7	4	5	-0.213953	0.183744	-0.113531	0.115762	-0.030209	0.002231
8	4	7	-0.108072	0.077440	0.187302	-0.178026	-0.030632	0.009276
9	4	9	-0.009119	-0.021626	0.095178	-0.090133	-0.030745	0.005045
10	5	6	-0.099426	0.068738	0.096534	-0.092692	-0.030688	0.003842
11	6	11	0.064248	-0.093701	0.062481	-0.060699	-0.029453	0.001782
12	6	12	0.026869	-0.056934	0.025228	-0.024794	-0.030065	0.000434
13	6	13	0.111436	-0.140359	0.084631	-0.081751	-0.028923	0.002880
14	7	8	-0.239060	0.208833	0.060839	-0.050174	-0.030228	0.010665
15	7	9	0.176918	-0.207674	0.117337	-0.111179	-0.030757	0.006158
16	9	10	-0.060342	0.029521	0.016459	-0.016477	-0.030821	-0.000018
17	9	14	0.010050	-0.041012	0.018959	-0.018941	-0.030962	0.000018
18	10	11	-0.104057	0.074089	-0.041350	0.043028	-0.029968	0.001678
19	12	13	0.011169	-0.041715	0.008928	-0.009165	-0.030546	-0.000237
20	13	14	0.062544	-0.092318	0.033216	-0.030844	-0.029774	0.002372

Summary
Total Pg           : 1.768113
Total Qg           : 0.347706
Total Load P       : 2.590000
Total Load Q       : 0.735000
Total Active Loss  : -0.606529
Total Reactive Loss: -0.386108
Total Load Supplied: 91.685018%

========================================================================================================================
Update time: 2026-06-09 16:41:04
Iteration: 9
rho: 80
alpha: 4.508825
objective_value: 3.44137976999
feasible: False
max_abs_h: 1.506290783959e-02
l2_norm_h: 1.075775090622e-01
lambda_inf_norm: 8.629416452147e-01
lambda_l2_norm: 6.171371593863e+00
------------------------------------------------------------------------------------------------------------------------
Bus Results
BusID	V_R		V_I		Vmag		Pg		Qg		Pl		Ql
1	1.002580	0.003245	1.002540	0.132835	0.000000	0.000000	0.000000
2	0.998574	-0.003354	0.998525	0.199957	0.219792	0.217000	0.127000
3	0.975016	-0.009365	0.975028	0.856229	0.026116	0.942000	0.190000
4	0.975471	-0.012056	0.975491	0.000000	0.000000	0.478000	-0.039000
5	0.983122	-0.005414	0.983093	0.000000	0.000000	0.076000	0.016000
6	0.960277	0.019150	0.960376	0.404299	0.154774	0.112000	0.075000
7	0.935076	0.010655	0.935488	0.000000	0.000000	0.000000	0.000000
8	0.921050	0.056688	0.922944	0.216845	-0.060000	0.000000	0.000000
9	0.921951	-0.012722	0.921905	0.000000	0.000000	0.295000	0.166000
10	0.922155	-0.007934	0.922096	0.000000	0.000000	0.090000	0.058000
11	0.939098	0.007366	0.939576	0.000000	0.000000	0.035000	0.018000
12	0.948073	0.010213	0.948032	0.000000	0.000000	0.061000	0.016000
13	0.939965	0.006621	0.940467	0.000000	0.000000	0.135000	0.058000
14	0.913002	-0.017350	0.913021	0.000000	0.000000	0.149000	0.050000

Branch Results
LineID	From	To	Pik		Pki		Qik		Qki		LossP		LossQ
1	1	2	0.106285	-0.135624	-0.024391	-0.080437	-0.029339	-0.104828
2	1	5	0.041612	-0.071079	0.024422	-0.119693	-0.029467	-0.095271
3	2	3	0.041312	-0.069535	0.061909	-0.144314	-0.028223	-0.082405
4	2	4	0.069210	-0.097313	0.069229	-0.132477	-0.028103	-0.063248
5	2	5	0.022654	-0.051712	0.042062	-0.108828	-0.029059	-0.066766
6	3	4	-0.001976	-0.026792	-0.019694	-0.004596	-0.028768	-0.024291
7	4	5	-0.207021	0.178466	-0.114500	0.116517	-0.028555	0.002018
8	4	7	-0.120330	0.091267	0.193907	-0.183928	-0.029063	0.009980
9	4	9	-0.012053	-0.017202	0.096767	-0.091934	-0.029255	0.004833
10	5	6	-0.116892	0.087819	0.096113	-0.091706	-0.029073	0.004407
11	6	11	0.070496	-0.098393	0.062715	-0.060933	-0.027897	0.001782
12	6	12	0.030370	-0.058798	0.024809	-0.024607	-0.028428	0.000202
13	6	13	0.117910	-0.145136	0.084216	-0.081404	-0.027227	0.002812
14	7	8	-0.259557	0.230923	0.071010	-0.059215	-0.028634	0.011795
15	7	9	0.182856	-0.212188	0.113395	-0.107699	-0.029332	0.005695
16	9	10	-0.061048	0.031536	0.015680	-0.015952	-0.029512	-0.000272
17	9	14	0.010178	-0.039810	0.018290	-0.018646	-0.029632	-0.000356
18	10	11	-0.106709	0.078095	-0.041766	0.043350	-0.028615	0.001584
19	12	13	0.012227	-0.041204	0.008863	-0.009344	-0.028977	-0.000482
20	13	14	0.066062	-0.094247	0.033216	-0.030973	-0.028185	0.002243

Summary
Total Pg           : 1.810165
Total Qg           : 0.340681
Total Load P       : 2.590000
Total Load Q       : 0.735000
Total Active Loss  : -0.575342
Total Reactive Loss: -0.390567
Total Load Supplied: 92.104507%

========================================================================================================================
Update time: 2026-06-09 16:45:02
Iteration: 10
rho: 80
alpha: 4.508825
objective_value: 3.52299001383
feasible: False
max_abs_h: 1.447265127777e-02
l2_norm_h: 1.014067932540e-01
lambda_inf_norm: 9.268282451929e-01
lambda_l2_norm: 6.626967042081e+00
------------------------------------------------------------------------------------------------------------------------
Bus Results
BusID	V_R		V_I		Vmag		Pg		Qg		Pl		Ql
1	1.001505	-0.000073	1.001536	0.107419	0.000000	0.000000	0.000000
2	0.997971	-0.005653	0.997901	0.199731	0.227380	0.217000	0.127000
3	0.975481	-0.009906	0.975525	0.872333	0.035453	0.942000	0.190000
4	0.974535	-0.012885	0.974657	0.000000	0.000000	0.478000	-0.039000
5	0.982029	-0.006375	0.981951	0.000000	0.000000	0.076000	0.016000
6	0.956650	0.021939	0.956871	0.437105	0.135968	0.112000	0.075000
7	0.933086	0.011916	0.933556	0.000000	0.000000	0.000000	0.000000
8	0.918407	0.061923	0.920645	0.238986	-0.060000	0.000000	0.000000
9	0.919891	-0.012354	0.919757	0.000000	0.000000	0.295000	0.166000
10	0.919948	-0.007508	0.919987	0.000000	0.000000	0.090000	0.058000
11	0.936370	0.008611	0.936993	0.000000	0.000000	0.035000	0.018000
12	0.944290	0.012006	0.944378	0.000000	0.000000	0.061000	0.016000
13	0.936310	0.008366	0.936881	0.000000	0.000000	0.135000	0.058000
14	0.910329	-0.016918	0.910407	0.000000	0.000000	0.149000	0.050000

Branch Results
LineID	From	To	Pik		Pki		Qik		Qki		LossP		LossQ
1	1	2	0.089050	-0.116851	-0.026728	-0.077840	-0.027800	-0.104568
2	1	5	0.032671	-0.060511	0.026817	-0.122394	-0.027840	-0.095577
3	2	3	0.032829	-0.059427	0.058496	-0.141330	-0.026599	-0.082833
4	2	4	0.063217	-0.089660	0.073242	-0.136128	-0.026444	-0.062885
5	2	5	0.017480	-0.045096	0.046730	-0.113704	-0.027615	-0.066974
6	3	4	0.003076	-0.030162	-0.013223	-0.010727	-0.027086	-0.023950
7	4	5	-0.202333	0.175097	-0.111955	0.113750	-0.027236	0.001795
8	4	7	-0.128707	0.102025	0.199141	-0.188083	-0.026682	0.011058
9	4	9	-0.013197	-0.014352	0.098551	-0.093846	-0.027549	0.004706
10	5	6	-0.131581	0.104190	0.106675	-0.101032	-0.027391	0.005643
11	6	11	0.075280	-0.101714	0.056042	-0.055446	-0.026434	0.000595
12	6	12	0.034568	-0.060826	0.024358	-0.023807	-0.026258	0.000551
13	6	13	0.124484	-0.149162	0.081530	-0.078157	-0.024679	0.003374
14	7	8	-0.279425	0.252361	0.074018	-0.059627	-0.027064	0.014390
15	7	9	0.190961	-0.218065	0.114497	-0.107852	-0.027104	0.006645
16	9	10	-0.060041	0.032166	0.016955	-0.018132	-0.027875	-0.001177
17	9	14	0.011397	-0.039653	0.019351	-0.020889	-0.028256	-0.001538
18	10	11	-0.108304	0.080830	-0.038967	0.038838	-0.027475	-0.000129
19	12	13	0.013118	-0.040087	0.008171	-0.009045	-0.026969	-0.000873
20	13	14	0.068241	-0.095178	0.029653	-0.028412	-0.026937	0.001241

Summary
Total Pg           : 1.855575
Total Qg           : 0.338801
Total Load P       : 2.590000
Total Load Q       : 0.735000
Total Active Loss  : -0.541291
Total Reactive Loss: -0.390507
Total Load Supplied: 92.543066%

========================================================================================================================
Update time: 2026-06-09 16:48:59
Iteration: 11
rho: 80
alpha: 4.508825
objective_value: 3.60581446224
feasible: False
max_abs_h: 1.345135064676e-02
l2_norm_h: 9.529065684076e-02
lambda_inf_norm: 9.835128240773e-01
lambda_l2_norm: 7.055055522746e+00
------------------------------------------------------------------------------------------------------------------------
Bus Results
BusID	V_R		V_I		Vmag		Pg		Qg		Pl		Ql
1	0.999194	0.002331	0.999200	0.082836	0.000000	0.000000	0.000000
2	0.996207	-0.002317	0.996208	0.197470	0.240967	0.217000	0.127000
3	0.974981	-0.004755	0.974992	0.890269	0.048657	0.942000	0.190000
4	0.971918	-0.008000	0.971964	0.000000	0.000000	0.478000	-0.039000
5	0.979296	-0.001657	0.979316	0.000000	0.000000	0.076000	0.016000
6	0.951010	0.030131	0.951489	0.470099	0.132746	0.112000	0.075000
7	0.927777	0.018721	0.928365	0.000000	0.000000	0.000000	0.000000
8	0.912044	0.072745	0.915122	0.260924	-0.060000	0.000000	0.000000
9	0.913821	-0.006765	0.913787	0.000000	0.000000	0.295000	0.166000
10	0.913456	-0.001755	0.913466	0.000000	0.000000	0.090000	0.058000
11	0.929781	0.015351	0.930416	0.000000	0.000000	0.035000	0.018000
12	0.938011	0.019536	0.938238	0.000000	0.000000	0.061000	0.016000
13	0.929793	0.015611	0.930462	0.000000	0.000000	0.135000	0.058000
14	0.902477	-0.011185	0.900000	0.000000	0.000000	0.149000	0.050000

Branch Results
LineID	From	To	Pik		Pki		Qik		Qki		LossP		LossQ
1	1	2	0.072555	-0.098907	-0.030448	-0.074717	-0.026352	-0.105165
2	1	5	0.023732	-0.049971	0.030729	-0.125890	-0.026239	-0.095161
3	2	3	0.022917	-0.048224	0.054773	-0.137878	-0.025307	-0.083105
4	2	4	0.057069	-0.081969	0.080095	-0.143342	-0.024900	-0.063246
5	2	5	0.012454	-0.038225	0.053979	-0.120482	-0.025771	-0.066503
6	3	4	0.009214	-0.034795	-0.003518	-0.020896	-0.025580	-0.024414
7	4	5	-0.196087	0.170701	-0.111376	0.112864	-0.025386	0.001488
8	4	7	-0.138080	0.112250	0.210426	-0.198041	-0.025830	0.012384
9	4	9	-0.014203	-0.011648	0.104478	-0.098558	-0.025851	0.005919
10	5	6	-0.145329	0.119446	0.117767	-0.110476	-0.025882	0.007291
11	6	11	0.082484	-0.106917	0.058149	-0.055886	-0.024433	0.002263
12	6	12	0.037353	-0.062556	0.025368	-0.024663	-0.025203	0.000705
13	6	13	0.131504	-0.155139	0.084859	-0.081064	-0.023635	0.003794
14	7	8	-0.298965	0.273484	0.076752	-0.059584	-0.025481	0.017168
15	7	9	0.199638	-0.225595	0.121612	-0.114401	-0.025957	0.007211
16	9	10	-0.059005	0.033027	0.021630	-0.021555	-0.025978	0.000075
17	9	14	0.014219	-0.039531	0.025380	-0.023821	-0.025312	0.001559
18	10	11	-0.109975	0.084934	-0.036272	0.038219	-0.025041	0.001947
19	12	13	0.014433	-0.040040	0.008694	-0.008667	-0.025606	0.000027
20	13	14	0.073082	-0.096897	0.031815	-0.027329	-0.023816	0.004485

Summary
Total Pg           : 1.901597
Total Qg           : 0.362370
Total Load P       : 2.590000
Total Load Q       : 0.735000
Total Active Loss  : -0.507561
Total Reactive Loss: -0.371277
Total Load Supplied: 93.017679%

========================================================================================================================
Update time: 2026-06-09 16:52:55
Iteration: 12
rho: 80
alpha: 4.508825
objective_value: 3.67263947716
feasible: False
max_abs_h: 1.272044777504e-02
l2_norm_h: 9.000007296345e-02
lambda_inf_norm: 1.039882243566e+00
lambda_l2_norm: 7.459928753531e+00
------------------------------------------------------------------------------------------------------------------------
Bus Results
BusID	V_R		V_I		Vmag		Pg		Qg		Pl		Ql
1	1.001457	0.000553	1.001404	0.059231	0.001265	0.000000	0.000000
2	0.998738	-0.003108	0.998691	0.193362	0.237949	0.217000	0.127000
3	0.978655	-0.003763	0.978613	0.905356	0.054153	0.942000	0.190000
4	0.974953	-0.007397	0.974925	0.000000	0.000000	0.478000	-0.039000
5	0.982174	-0.001271	0.982131	0.000000	0.000000	0.076000	0.016000
6	0.953658	0.033969	0.954177	0.498847	0.128095	0.112000	0.075000
7	0.930946	0.021525	0.931465	0.000000	0.000000	0.000000	0.000000
8	0.915452	0.079096	0.918920	0.282305	-0.054663	0.000000	0.000000
9	0.917022	-0.004614	0.916908	0.000000	0.000000	0.295000	0.166000
10	0.916428	0.000428	0.916318	0.000000	0.000000	0.090000	0.058000
11	0.932426	0.018105	0.932966	0.000000	0.000000	0.035000	0.018000
12	0.940686	0.022743	0.940873	0.000000	0.000000	0.061000	0.016000
13	0.932671	0.018720	0.933252	0.000000	0.000000	0.135000	0.058000
14	0.906311	-0.008953	0.906302	0.000000	0.000000	0.149000	0.050000

Branch Results
LineID	From	To	Pik		Pki		Qik		Qki		LossP		LossQ
1	1	2	0.057086	-0.082012	-0.029578	-0.075575	-0.024926	-0.105153
2	1	5	0.014865	-0.039620	0.030704	-0.125918	-0.024755	-0.095214
3	2	3	0.013979	-0.037865	0.051564	-0.135061	-0.023886	-0.083496
4	2	4	0.050087	-0.073605	0.080296	-0.143574	-0.023519	-0.063278
5	2	5	0.006623	-0.030869	0.054574	-0.121029	-0.024245	-0.066454
6	3	4	0.013224	-0.037329	-0.000948	-0.023266	-0.024105	-0.024213
7	4	5	-0.190212	0.166293	-0.109811	0.111610	-0.023919	0.001798
8	4	7	-0.148373	0.124025	0.210874	-0.197495	-0.024348	0.013378
9	4	9	-0.016363	-0.008031	0.104837	-0.098684	-0.024394	0.006153
10	5	6	-0.159445	0.135098	0.119400	-0.110817	-0.024347	0.008582
11	6	11	0.087633	-0.110488	0.056898	-0.054279	-0.022855	0.002619
12	6	12	0.040056	-0.063796	0.024741	-0.024021	-0.023740	0.000720
13	6	13	0.136035	-0.158309	0.082392	-0.078638	-0.022273	0.003754
14	7	8	-0.318151	0.294138	0.074763	-0.054709	-0.024013	0.020054
15	7	9	0.206294	-0.230745	0.122851	-0.115078	-0.024451	0.007773
16	9	10	-0.057946	0.033497	0.023876	-0.023719	-0.024450	0.000157
17	9	14	0.013951	-0.038497	0.023941	-0.023720	-0.024546	0.000221
18	10	11	-0.111193	0.087721	-0.034206	0.036472	-0.023472	0.002266
19	12	13	0.014949	-0.039238	0.008130	-0.008268	-0.024289	-0.000138
20	13	14	0.074852	-0.098001	0.029139	-0.026100	-0.023149	0.003039

Summary
Total Pg           : 1.939101
Total Qg           : 0.366799
Total Load P       : 2.590000
Total Load Q       : 0.735000
Total Active Loss  : -0.479682
Total Reactive Loss: -0.367433
Total Load Supplied: 93.389305%

========================================================================================================================
Update time: 2026-06-09 16:56:51
Iteration: 13
rho: 80
alpha: 3.60706
objective_value: 3.68739368785
feasible: False
max_abs_h: 1.416068908306e-02
l2_norm_h: 9.322253826711e-02
lambda_inf_norm: 1.098880793832e+00
lambda_l2_norm: 7.862149219041e+00
------------------------------------------------------------------------------------------------------------------------
Bus Results
BusID	V_R		V_I		Vmag		Pg		Qg		Pl		Ql
1	0.996509	0.000708	0.996579	0.051758	0.000000	0.000000	0.000000
2	0.994614	-0.002862	0.994592	0.205091	0.318188	0.217000	0.127000
3	0.967531	-0.002933	0.967742	0.895821	0.000000	0.942000	0.190000
4	0.967487	-0.006442	0.967568	0.000000	0.000000	0.478000	-0.039000
5	0.974254	0.000317	0.974373	0.000000	0.000000	0.076000	0.016000
6	0.932162	0.037429	0.932999	0.508826	-0.024535	0.112000	0.075000
7	0.924314	0.021510	0.925021	0.000000	0.000000	0.000000	0.000000
8	0.908471	0.079970	0.914090	0.285819	-0.060000	0.000000	0.000000
9	0.909943	-0.005943	0.911384	0.000000	0.000000	0.295000	0.166000
10	0.907593	-0.001211	0.910079	0.000000	0.000000	0.090000	0.058000
11	0.918262	0.017808	0.918786	0.000000	0.000000	0.035000	0.018000
12	0.924704	0.023198	0.925366	0.000000	0.000000	0.061000	0.016000
13	0.917147	0.018993	0.918216	0.000000	0.000000	0.135000	0.058000
14	0.898608	-0.011005	0.900000	0.000000	0.000000	0.149000	0.050000

Branch Results
LineID	From	To	Pik		Pki		Qik		Qki		LossP		LossQ
1	1	2	0.051887	-0.075896	-0.041983	-0.064450	-0.024009	-0.106433
2	1	5	0.011966	-0.037212	0.043488	-0.139786	-0.025245	-0.096298
3	2	3	0.017502	-0.041974	0.083853	-0.167936	-0.024472	-0.084083
4	2	4	0.051859	-0.076643	0.097211	-0.161105	-0.024784	-0.063894
5	2	5	0.005947	-0.030828	0.075183	-0.142581	-0.024881	-0.067398
6	3	4	0.005620	-0.029616	-0.020406	-0.007250	-0.023995	-0.027656
7	4	5	-0.200700	0.173504	-0.097256	0.096095	-0.027196	-0.001161
8	4	7	-0.144872	0.118283	0.204088	-0.194352	-0.026589	0.009735
9	4	9	-0.014206	-0.011962	0.102109	-0.100171	-0.026167	0.001937
10	5	6	-0.167564	0.142827	0.172717	-0.158951	-0.024737	0.013766
11	6	11	0.088950	-0.109311	0.022362	-0.022656	-0.020361	-0.000294
12	6	12	0.041573	-0.063910	0.004670	-0.008661	-0.022337	-0.003991
13	6	13	0.135139	-0.156572	0.036300	-0.039334	-0.021432	-0.003034
14	7	8	-0.320554	0.296888	0.072723	-0.058436	-0.023665	0.014287
15	7	9	0.215266	-0.240000	0.124631	-0.120808	-0.024735	0.003823
16	9	10	-0.047914	0.025733	0.036049	-0.040895	-0.022181	-0.004846
17	9	14	0.016460	-0.041276	0.020873	-0.029769	-0.024816	-0.008896
18	10	11	-0.104549	0.084531	-0.013228	0.008690	-0.020017	-0.004538
19	12	13	0.014205	-0.037434	-0.000119	-0.014169	-0.023229	-0.014288
20	13	14	0.071273	-0.094639	0.002950	-0.013868	-0.023366	-0.010918

Summary
Total Pg           : 1.947314
Total Qg           : 0.233653
Total Load P       : 2.590000
Total Load Q       : 0.735000
Total Active Loss  : -0.478216
Total Reactive Loss: -0.454181
Total Load Supplied: 93.649818%

========================================================================================================================
Update time: 2026-06-09 17:00:47
Iteration: 14
rho: 80
alpha: 3.60706
objective_value: 3.79354152372
feasible: False
max_abs_h: 1.171727115315e-02
l2_norm_h: 8.145171242292e-02
lambda_inf_norm: 1.141035805656e+00
lambda_l2_norm: 8.154341916894e+00
------------------------------------------------------------------------------------------------------------------------
Bus Results
BusID	V_R		V_I		Vmag		Pg		Qg		Pl		Ql
1	1.003164	0.000102	1.003057	0.033752	0.006144	0.000000	0.000000
2	1.001518	-0.002594	1.001420	0.208779	0.324993	0.217000	0.127000
3	0.976253	-0.000856	0.976134	0.915230	0.019528	0.942000	0.190000
4	0.973881	-0.005131	0.973797	0.000000	0.000000	0.478000	-0.039000
5	0.980661	0.001275	0.980571	0.000000	0.000000	0.076000	0.016000
6	0.939201	0.041679	0.939986	0.537966	0.030320	0.112000	0.075000
7	0.929547	0.025255	0.930094	0.000000	0.000000	0.000000	0.000000
8	0.916985	0.087561	0.921050	0.309267	-0.034882	0.000000	0.000000
9	0.913365	-0.002493	0.913184	0.000000	0.000000	0.295000	0.166000
10	0.910974	0.002846	0.910761	0.000000	0.000000	0.090000	0.058000
11	0.922596	0.022492	0.923175	0.000000	0.000000	0.035000	0.018000
12	0.927306	0.028790	0.927653	0.000000	0.000000	0.061000	0.016000
13	0.920050	0.024257	0.920701	0.000000	0.000000	0.135000	0.058000
14	0.899265	-0.006366	0.900000	0.000000	0.000000	0.149000	0.050000

Branch Results
LineID	From	To	Pik		Pki		Qik		Qki		LossP		LossQ
1	1	2	0.038321	-0.060696	-0.041390	-0.064494	-0.022375	-0.105885
2	1	5	0.006822	-0.028847	0.047379	-0.142321	-0.022025	-0.094942
3	2	3	0.009863	-0.030864	0.079137	-0.161672	-0.021001	-0.082535
4	2	4	0.049016	-0.069674	0.103016	-0.165914	-0.020659	-0.062898
5	2	5	0.004677	-0.026104	0.080327	-0.146323	-0.021427	-0.065997
6	3	4	0.014920	-0.036567	-0.008863	-0.015743	-0.021647	-0.024606
7	4	5	-0.191378	0.169946	-0.099246	0.100316	-0.021432	0.001069
8	4	7	-0.154382	0.132521	0.211418	-0.198469	-0.021862	0.012949
9	4	9	-0.015044	-0.006988	0.108904	-0.103633	-0.022033	0.005270
10	5	6	-0.179917	0.158103	0.172612	-0.159608	-0.021815	0.013003
11	6	11	0.092262	-0.112686	0.032280	-0.031496	-0.020424	0.000784
12	6	12	0.044009	-0.065217	0.018419	-0.019455	-0.021208	-0.001036
13	6	13	0.142251	-0.162123	0.064868	-0.063066	-0.019872	0.001803
14	7	8	-0.341389	0.319841	0.056943	-0.034767	-0.021548	0.022176
15	7	9	0.219789	-0.241922	0.142166	-0.134634	-0.022133	0.007532
16	9	10	-0.052980	0.030857	0.040688	-0.042610	-0.022123	-0.001922
17	9	14	0.018036	-0.040560	0.032718	-0.035044	-0.022524	-0.002326
18	10	11	-0.109762	0.088674	-0.014323	0.014479	-0.021087	0.000156
19	12	13	0.015153	-0.037113	0.004447	-0.006706	-0.021960	-0.002259
20	13	14	0.075411	-0.096753	0.013069	-0.013123	-0.021342	-0.000054

Summary
Total Pg           : 2.004993
Total Qg           : 0.346104
Total Load P       : 2.590000
Total Load Q       : 0.735000
Total Active Loss  : -0.430496
Total Reactive Loss: -0.379717
Total Load Supplied: 94.034339%

========================================================================================================================
Update time: 2026-06-09 17:04:43
Iteration: 15
rho: 80
alpha: 3.60706
objective_value: 3.85355661634
feasible: False
max_abs_h: 1.085003028443e-02
l2_norm_h: 7.670192828479e-02
lambda_inf_norm: 1.180043134430e+00
lambda_l2_norm: 8.429767942859e+00
------------------------------------------------------------------------------------------------------------------------
Bus Results
BusID	V_R		V_I		Vmag		Pg		Qg		Pl		Ql
1	1.004005	0.000295	1.003971	0.011037	0.002975	0.000000	0.000000
2	1.002765	-0.001504	1.002738	0.205399	0.320288	0.217000	0.127000
3	0.979022	0.001741	0.978980	0.929420	0.028977	0.942000	0.190000
4	0.975703	-0.002847	0.975668	0.000000	0.000000	0.478000	-0.039000
5	0.982378	0.003314	0.982352	0.000000	0.000000	0.076000	0.016000
6	0.941649	0.046453	0.942713	0.563760	0.049368	0.112000	0.075000
7	0.931294	0.029601	0.931999	0.000000	0.000000	0.000000	0.000000
8	0.919996	0.095319	0.924860	0.329105	-0.023391	0.000000	0.000000
9	0.914520	0.001147	0.914354	0.000000	0.000000	0.295000	0.166000
10	0.912035	0.006584	0.911847	0.000000	0.000000	0.090000	0.058000
11	0.924048	0.026669	0.924759	0.000000	0.000000	0.035000	0.018000
12	0.928832	0.033289	0.929340	0.000000	0.000000	0.061000	0.016000
13	0.921489	0.028687	0.922262	0.000000	0.000000	0.135000	0.058000
14	0.899755	-0.002569	0.900000	0.000000	0.000000	0.149000	0.050000

Branch Results
LineID	From	To	Pik		Pki		Qik		Qki		LossP		LossQ
1	1	2	0.023170	-0.044410	-0.043032	-0.062884	-0.021240	-0.105916
2	1	5	-0.001321	-0.019473	0.045742	-0.140675	-0.020793	-0.094933
3	2	3	0.001372	-0.021290	0.073766	-0.156687	-0.019918	-0.082920
4	2	4	0.042473	-0.061934	0.102473	-0.165273	-0.019460	-0.062800
5	2	5	-0.000541	-0.019627	0.079788	-0.145635	-0.020168	-0.065847
6	3	4	0.018990	-0.039409	-0.004528	-0.019653	-0.020419	-0.024181
7	4	5	-0.184925	0.164856	-0.098980	0.100577	-0.020070	0.001597
8	4	7	-0.164345	0.143801	0.212284	-0.197835	-0.020544	0.014449
9	4	9	-0.017095	-0.003559	0.110713	-0.104131	-0.020654	0.006582
10	5	6	-0.191352	0.170751	0.169757	-0.155313	-0.020601	0.014444
11	6	11	0.096915	-0.116215	0.036374	-0.034240	-0.019299	0.002133
12	6	12	0.046632	-0.066697	0.021833	-0.021397	-0.020065	0.000436
13	6	13	0.147602	-0.166134	0.071637	-0.067969	-0.018532	0.003668
14	7	8	-0.359548	0.339163	0.048644	-0.023450	-0.020384	0.025194
15	7	9	0.226034	-0.246835	0.149358	-0.139998	-0.020801	0.009360
16	9	10	-0.053193	0.032286	0.042639	-0.042927	-0.020908	-0.000288
17	9	14	0.019055	-0.039996	0.035833	-0.035950	-0.020941	-0.000116
18	10	11	-0.111745	0.091714	-0.014803	0.016562	-0.020032	0.001759
19	12	13	0.016074	-0.036813	0.005525	-0.005790	-0.020739	-0.000265
20	13	14	0.078465	-0.098190	0.016053	-0.013512	-0.019725	0.002541

Summary
Total Pg           : 2.038720
Total Qg           : 0.378217
Total Load P       : 2.590000
Total Load Q       : 0.735000
Total Active Loss  : -0.405294
Total Reactive Loss: -0.355103
Total Load Supplied: 94.363453%

========================================================================================================================
Update time: 2026-06-09 17:08:39
Iteration: 16
rho: 80
alpha: 3.60706
objective_value: 3.90822242581
feasible: False
max_abs_h: 1.017901379425e-02
l2_norm_h: 7.255810808358e-02
lambda_inf_norm: 1.216685067533e+00
lambda_l2_norm: 8.690357729136e+00
------------------------------------------------------------------------------------------------------------------------
Bus Results
BusID	V_R		V_I		Vmag		Pg		Qg		Pl		Ql
1	1.003749	0.000422	1.003731	0.000000	0.000000	0.000000	0.000000
2	1.002706	-0.000981	1.002696	0.196238	0.313123	0.217000	0.127000
3	0.980241	0.003442	0.980226	0.940129	0.036045	0.942000	0.190000
4	0.976352	-0.001325	0.976330	0.000000	0.000000	0.478000	-0.039000
5	0.982908	0.004678	0.982903	0.000000	0.000000	0.076000	0.016000
6	0.942773	0.050198	0.944050	0.585512	0.057485	0.112000	0.075000
7	0.932126	0.033021	0.932948	0.000000	0.000000	0.000000	0.000000
8	0.921486	0.101900	0.927066	0.347198	-0.015624	0.000000	0.000000
9	0.915123	0.003872	0.914980	0.000000	0.000000	0.295000	0.166000
10	0.912571	0.009320	0.912423	0.000000	0.000000	0.090000	0.058000
11	0.924719	0.029757	0.925519	0.000000	0.000000	0.035000	0.018000
12	0.929595	0.036606	0.930241	0.000000	0.000000	0.061000	0.016000
13	0.922210	0.031959	0.923084	0.000000	0.000000	0.135000	0.058000
14	0.900061	0.000127	0.900000	0.000000	0.000000	0.149000	0.050000

Branch Results
LineID	From	To	Pik		Pki		Qik		Qki		LossP		LossQ
1	1	2	0.016739	-0.036685	-0.044010	-0.061847	-0.019946	-0.105857
2	1	5	-0.006684	-0.012775	0.043715	-0.138648	-0.019458	-0.094934
3	2	3	-0.005290	-0.013638	0.068998	-0.152212	-0.018929	-0.083214
4	2	4	0.036605	-0.055032	0.100603	-0.163514	-0.018427	-0.062911
5	2	5	-0.005447	-0.013593	0.078199	-0.144048	-0.019040	-0.065849
6	3	4	0.021535	-0.040873	-0.001957	-0.022115	-0.019338	-0.024072
7	4	5	-0.180166	0.161229	-0.097790	0.099504	-0.018938	0.001714
8	4	7	-0.173301	0.153844	0.211437	-0.196185	-0.019456	0.015252
9	4	9	-0.018898	-0.000636	0.110977	-0.103984	-0.019534	0.006993
10	5	6	-0.201058	0.181568	0.167137	-0.151772	-0.019490	0.015365
11	6	11	0.100774	-0.118968	0.037748	-0.035057	-0.018194	0.002691
12	6	12	0.048906	-0.067922	0.022831	-0.021939	-0.019015	0.000892
13	6	13	0.151901	-0.169278	0.073703	-0.069397	-0.017377	0.004306
14	7	8	-0.376165	0.356785	0.043458	-0.015729	-0.019379	0.027729
15	7	9	0.232081	-0.251784	0.152737	-0.142491	-0.019702	0.010246
16	9	10	-0.052660	0.032866	0.043510	-0.043213	-0.019794	0.000297
17	9	14	0.019988	-0.039688	0.037030	-0.036350	-0.019700	0.000679
18	10	11	-0.112873	0.093941	-0.014798	0.017153	-0.018932	0.002355
19	12	13	0.016787	-0.036457	0.005847	-0.005598	-0.019670	0.000250
20	13	14	0.080702	-0.099154	0.017020	-0.013587	-0.018452	0.003433

Summary
Total Pg           : 2.069077
Total Qg           : 0.391029
Total Load P       : 2.590000
Total Load Q       : 0.735000
Total Active Loss  : -0.382772
Total Reactive Loss: -0.344634
Total Load Supplied: 94.665978%

========================================================================================================================
Update time: 2026-06-09 17:12:35
Iteration: 17
rho: 80
alpha: 3.7152718
objective_value: 3.95848819171
feasible: False
max_abs_h: 9.643680770227e-03
l2_norm_h: 6.881049624857e-02
lambda_inf_norm: 1.251378996346e+00
lambda_l2_norm: 8.937534105424e+00
------------------------------------------------------------------------------------------------------------------------
Bus Results
BusID	V_R		V_I		Vmag		Pg		Qg		Pl		Ql
1	1.003343	0.000822	1.003329	0.000000	0.000000	0.000000	0.000000
2	1.002192	-0.000647	1.002188	0.181505	0.303524	0.217000	0.127000
3	0.980788	0.004570	0.980789	0.946913	0.041904	0.942000	0.190000
4	0.976565	-0.000132	0.976551	0.000000	0.000000	0.478000	-0.039000
5	0.983024	0.005789	0.983030	0.000000	0.000000	0.076000	0.016000
6	0.943367	0.053400	0.944832	0.604469	0.062166	0.112000	0.075000
7	0.932613	0.035965	0.933541	0.000000	0.000000	0.000000	0.000000
8	0.922450	0.107746	0.928693	0.363745	-0.009110	0.000000	0.000000
9	0.915486	0.006175	0.915361	0.000000	0.000000	0.295000	0.166000
10	0.912879	0.011612	0.912766	0.000000	0.000000	0.090000	0.058000
11	0.925067	0.032343	0.925944	0.000000	0.000000	0.035000	0.018000
12	0.929982	0.039371	0.930755	0.000000	0.000000	0.061000	0.016000
13	0.922575	0.034692	0.923536	0.000000	0.000000	0.135000	0.058000
14	0.900231	0.002354	0.900145	0.000000	0.000000	0.149000	0.050000

Branch Results
LineID	From	To	Pik		Pki		Qik		Qki		LossP		LossQ
1	1	2	0.018906	-0.037564	-0.042616	-0.063047	-0.018658	-0.105664
2	1	5	-0.009584	-0.008613	0.042267	-0.137163	-0.018196	-0.094896
3	2	3	-0.009843	-0.008133	0.064810	-0.148187	-0.017976	-0.083377
4	2	4	0.031419	-0.048869	0.098327	-0.161379	-0.017450	-0.063052
5	2	5	-0.010089	-0.007918	0.076247	-0.142068	-0.018008	-0.065821
6	3	4	0.022339	-0.040693	-0.000124	-0.023914	-0.018353	-0.024038
7	4	5	-0.177199	0.159277	-0.096481	0.098213	-0.017921	0.001732
8	4	7	-0.181460	0.162996	0.210005	-0.194199	-0.018463	0.015806
9	4	9	-0.020552	0.001992	0.110738	-0.103625	-0.018560	0.007112
10	5	6	-0.209484	0.191001	0.164923	-0.148778	-0.018482	0.016145
11	6	11	0.104052	-0.121218	0.038204	-0.035217	-0.017166	0.002987
12	6	12	0.050963	-0.069007	0.023201	-0.022116	-0.018044	0.001086
13	6	13	0.155626	-0.171947	0.074511	-0.069870	-0.016321	0.004641
14	7	8	-0.391344	0.372883	0.039246	-0.009217	-0.018461	0.030029
15	7	9	0.237624	-0.256383	0.154919	-0.144130	-0.018759	0.010789
16	9	10	-0.052015	0.033166	0.044032	-0.043486	-0.018849	0.000546
17	9	14	0.020840	-0.039522	0.037681	-0.036653	-0.018682	0.001028
18	10	11	-0.113634	0.095708	-0.014625	0.017236	-0.017926	0.002611
19	12	13	0.017396	-0.036066	0.005970	-0.005556	-0.018670	0.000415
20	13	14	0.082488	-0.099859	0.017345	-0.013496	-0.017371	0.003849

Summary
Total Pg           : 2.096632
Total Qg           : 0.398484
Total Load P       : 2.590000
Total Load Q       : 0.735000
Total Active Loss  : -0.362320
Total Reactive Loss: -0.338071
Total Load Supplied: 94.940215%

========================================================================================================================
Update time: 2026-06-09 17:16:31
Iteration: 18
rho: 80
alpha: 3.7152718
objective_value: 4.0024886266
feasible: False
max_abs_h: 9.196887664063e-03
l2_norm_h: 6.551760121952e-02
lambda_inf_norm: 1.285451727575e+00
lambda_l2_norm: 9.180003789225e+00
------------------------------------------------------------------------------------------------------------------------
Bus Results
BusID	V_R		V_I		Vmag		Pg		Qg		Pl		Ql
1	1.003194	0.000486	1.003177	0.000000	0.000000	0.000000	0.000000
2	1.001923	-0.001074	1.001917	0.166578	0.294659	0.217000	0.127000
3	0.981431	0.004916	0.981430	0.953000	0.046503	0.942000	0.190000
4	0.976982	0.000284	0.976965	0.000000	0.000000	0.478000	-0.039000
5	0.983354	0.006117	0.983362	0.000000	0.000000	0.076000	0.016000
6	0.944135	0.055631	0.945724	0.621390	0.064973	0.112000	0.075000
7	0.933345	0.038090	0.934338	0.000000	0.000000	0.000000	0.000000
8	0.923540	0.112694	0.930362	0.379874	-0.003434	0.000000	0.000000
9	0.916177	0.007670	0.916070	0.000000	0.000000	0.295000	0.166000
10	0.913520	0.013070	0.913435	0.000000	0.000000	0.090000	0.058000
11	0.925696	0.034037	0.926615	0.000000	0.000000	0.035000	0.018000
12	0.930613	0.041208	0.931458	0.000000	0.000000	0.061000	0.016000
13	0.923222	0.036496	0.924236	0.000000	0.000000	0.135000	0.058000
14	0.900858	0.003727	0.900774	0.000000	0.000000	0.149000	0.050000

Branch Results
LineID	From	To	Pik		Pki		Qik		Qki		LossP		LossQ
1	1	2	0.021325	-0.039149	-0.041238	-0.064403	-0.017824	-0.105641
2	1	5	-0.012434	-0.004870	0.040902	-0.135861	-0.017304	-0.094959
3	2	3	-0.014127	-0.003024	0.061300	-0.144864	-0.017150	-0.083564
4	2	4	0.026408	-0.043045	0.096192	-0.159395	-0.016637	-0.063204
5	2	5	-0.014568	-0.002549	0.074393	-0.140309	-0.017117	-0.065917
6	3	4	0.022886	-0.040364	0.001144	-0.025190	-0.017478	-0.024046
7	4	5	-0.174330	0.157328	-0.095335	0.097047	-0.017002	0.001712
8	4	7	-0.189362	0.171768	0.208543	-0.192188	-0.017594	0.016355
9	4	9	-0.022118	0.004482	0.110320	-0.103187	-0.017636	0.007132
10	5	6	-0.217113	0.199537	0.163029	-0.146200	-0.017577	0.016829
11	6	11	0.106882	-0.123113	0.038209	-0.035055	-0.016231	0.003153
12	6	12	0.052788	-0.069925	0.023313	-0.022129	-0.017136	0.001184
13	6	13	0.158918	-0.174269	0.074609	-0.069793	-0.015351	0.004816
14	7	8	-0.406208	0.388603	0.035932	-0.003555	-0.017605	0.032376
15	7	9	0.243286	-0.261116	0.156199	-0.145010	-0.017831	0.011189
16	9	10	-0.051122	0.033229	0.044341	-0.043791	-0.017893	0.000549
17	9	14	0.021708	-0.039456	0.037795	-0.036797	-0.017748	0.000998
18	10	11	-0.114178	0.097163	-0.014339	0.017040	-0.017015	0.002700
19	12	13	0.017869	-0.035665	0.005946	-0.005483	-0.017796	0.000463
20	13	14	0.083948	-0.100373	0.017180	-0.013300	-0.016424	0.003880

Summary
Total Pg           : 2.120842
Total Qg           : 0.402701
Total Load P       : 2.590000
Total Load Q       : 0.735000
Total Active Loss  : -0.344350
Total Reactive Loss: -0.333993
Total Load Supplied: 95.181189%

========================================================================================================================
Update time: 2026-06-09 17:20:27
Iteration: 19
rho: 80
alpha: 3.7152718
objective_value: 4.04348247432
feasible: False
max_abs_h: 8.769782987561e-03
l2_norm_h: 6.244794556785e-02
lambda_inf_norm: 1.317941468546e+00
lambda_l2_norm: 9.411151794385e+00
------------------------------------------------------------------------------------------------------------------------
Bus Results
BusID	V_R		V_I		Vmag		Pg		Qg		Pl		Ql
1	1.003053	0.000494	1.003036	0.000000	0.000000	0.000000	0.000000
2	1.001661	-0.001158	1.001656	0.151736	0.285776	0.217000	0.127000
3	0.982065	0.005581	0.982069	0.958816	0.050954	0.942000	0.190000
4	0.977412	0.001028	0.977396	0.000000	0.000000	0.478000	-0.039000
5	0.983693	0.006776	0.983706	0.000000	0.000000	0.076000	0.016000
6	0.944896	0.058100	0.946634	0.637331	0.067617	0.112000	0.075000
7	0.934074	0.040505	0.935157	0.000000	0.000000	0.000000	0.000000
8	0.924557	0.117838	0.932009	0.395551	0.002018	0.000000	0.000000
9	0.916891	0.009477	0.916807	0.000000	0.000000	0.295000	0.166000
10	0.914192	0.014834	0.914141	0.000000	0.000000	0.090000	0.058000
11	0.926348	0.036005	0.927327	0.000000	0.000000	0.035000	0.018000
12	0.931264	0.043297	0.932206	0.000000	0.000000	0.061000	0.016000
13	0.923882	0.038562	0.924966	0.000000	0.000000	0.135000	0.058000
14	0.901489	0.005408	0.901417	0.000000	0.000000	0.149000	0.050000

Branch Results
LineID	From	To	Pik		Pki		Qik		Qki		LossP		LossQ
1	1	2	0.023751	-0.040742	-0.039837	-0.065772	-0.016991	-0.105609
2	1	5	-0.015274	-0.001208	0.039517	-0.134554	-0.016482	-0.095037
3	2	3	-0.018319	0.001958	0.057847	-0.141585	-0.016361	-0.083738
4	2	4	0.021408	-0.037272	0.094022	-0.157398	-0.015864	-0.063377
5	2	5	-0.019035	0.002728	0.072514	-0.138499	-0.016307	-0.065985
6	3	4	0.023307	-0.039959	0.002324	-0.026396	-0.016652	-0.024072
7	4	5	-0.171507	0.155315	-0.094163	0.095831	-0.016191	0.001668
8	4	7	-0.197170	0.180403	0.207056	-0.190191	-0.016767	0.016864
9	4	9	-0.023724	0.006922	0.109842	-0.102742	-0.016803	0.007100
10	5	6	-0.224454	0.207702	0.161128	-0.143645	-0.016751	0.017483
11	6	11	0.109481	-0.124825	0.038177	-0.034899	-0.015345	0.003278
12	6	12	0.054517	-0.070799	0.023364	-0.022121	-0.016281	0.001243
13	6	13	0.161955	-0.176408	0.074675	-0.069720	-0.014453	0.004955
14	7	8	-0.420651	0.403871	0.032793	0.001901	-0.016780	0.034694
15	7	9	0.248679	-0.265669	0.157342	-0.145807	-0.016990	0.011535
16	9	10	-0.050259	0.033218	0.044538	-0.043992	-0.017040	0.000545
17	9	14	0.022536	-0.039432	0.037950	-0.036945	-0.016896	0.001005
18	10	11	-0.114595	0.098449	-0.014138	0.016879	-0.016145	0.002741
19	12	13	0.018325	-0.035276	0.005939	-0.005475	-0.016951	0.000464
20	13	14	0.085277	-0.100823	0.017097	-0.013153	-0.015546	0.003945

Summary
Total Pg           : 2.143434
Total Qg           : 0.406364
Total Load P       : 2.590000
Total Load Q       : 0.735000
Total Active Loss  : -0.327597
Total Reactive Loss: -0.330299
Total Load Supplied: 95.406600%

========================================================================================================================
Update time: 2026-06-09 17:24:24
Iteration: 20
rho: 80
alpha: 3.7152718
objective_value: 4.08314447764
feasible: False
max_abs_h: 8.543413575353e-03
l2_norm_h: 5.944443775745e-02
lambda_inf_norm: 1.349682572078e+00
lambda_l2_norm: 9.631714263064e+00
------------------------------------------------------------------------------------------------------------------------
Bus Results
BusID	V_R		V_I		Vmag		Pg		Qg		Pl		Ql
1	0.999351	0.000802	0.999370	0.000000	0.000000	0.000000	0.000000
2	0.997765	-0.000855	0.997801	0.148359	0.271199	0.217000	0.127000
3	0.978658	0.005334	0.978702	0.953086	0.053786	0.942000	0.190000
4	0.974474	0.001596	0.974500	0.000000	0.000000	0.478000	-0.039000
5	0.980710	0.007367	0.980770	0.000000	0.000000	0.076000	0.016000
6	0.943416	0.060514	0.945295	0.651880	0.075635	0.112000	0.075000
7	0.932099	0.043078	0.933336	0.000000	0.000000	0.000000	0.000000
8	0.923493	0.123494	0.931745	0.411777	0.011331	0.000000	0.000000
9	0.914884	0.011386	0.914887	0.000000	0.000000	0.295000	0.166000
10	0.912202	0.016703	0.912236	0.000000	0.000000	0.090000	0.058000
11	0.924529	0.038014	0.925591	0.000000	0.000000	0.035000	0.018000
12	0.929690	0.045289	0.930817	0.000000	0.000000	0.061000	0.016000
13	0.922280	0.040567	0.923477	0.000000	0.000000	0.135000	0.058000
14	0.899689	0.007111	0.900000	0.000000	0.000000	0.149000	0.050000

Branch Results
LineID	From	To	Pik		Pki		Qik		Qki		LossP		LossQ
1	1	2	0.024989	-0.041273	-0.036705	-0.068258	-0.016285	-0.104963
2	1	5	-0.016850	0.001181	0.036595	-0.131283	-0.015669	-0.094688
3	2	3	-0.015890	0.000265	0.054831	-0.138015	-0.015625	-0.083184
4	2	4	0.018579	-0.033781	0.089326	-0.152436	-0.015202	-0.063110
5	2	5	-0.021759	0.006173	0.068122	-0.133756	-0.015586	-0.065634
6	3	4	0.018745	-0.034375	0.001597	-0.025570	-0.015630	-0.023973
7	4	5	-0.170559	0.155448	-0.092882	0.094592	-0.015111	0.001710
8	4	7	-0.205796	0.189959	0.201804	-0.184450	-0.015837	0.017354
9	4	9	-0.025682	0.009714	0.107898	-0.100914	-0.015968	0.006985
10	5	6	-0.230941	0.215061	0.154317	-0.136457	-0.015880	0.017860
11	6	11	0.111759	-0.126130	0.039067	-0.035637	-0.014372	0.003430
12	6	12	0.056295	-0.071681	0.023318	-0.022053	-0.015386	0.001265
13	6	13	0.164705	-0.178205	0.074620	-0.069708	-0.013500	0.004913
14	7	8	-0.435668	0.419749	0.025949	0.011216	-0.015920	0.037165
15	7	9	0.253694	-0.270044	0.158428	-0.146365	-0.016350	0.012064
16	9	10	-0.049593	0.033149	0.044030	-0.043423	-0.016444	0.000607
17	9	14	0.023043	-0.039323	0.037125	-0.036290	-0.016280	0.000835
18	10	11	-0.114861	0.099343	-0.014702	0.017537	-0.015518	0.002836
19	12	13	0.018839	-0.034803	0.005993	-0.005644	-0.015964	0.000348
20	13	14	0.086229	-0.101134	0.017322	-0.013627	-0.014905	0.003695

Summary
Total Pg           : 2.165102
Total Qg           : 0.411950
Total Load P       : 2.590000
Total Load Q       : 0.735000
Total Active Loss  : -0.311431
Total Reactive Loss: -0.324486
Total Load Supplied: 95.619014%

========================================================================================================================
Update time: 2026-06-09 17:28:20
Iteration: 21
rho: 80
alpha: 3.82673
objective_value: 4.11998849627
feasible: False
max_abs_h: 7.971353261994e-03
l2_norm_h: 5.668744589606e-02
lambda_inf_norm: 1.379210340393e+00
lambda_l2_norm: 9.841866466701e+00
------------------------------------------------------------------------------------------------------------------------
Bus Results
BusID	V_R		V_I		Vmag		Pg		Qg		Pl		Ql
1	1.001437	0.000554	1.001394	0.000000	0.000000	0.000000	0.000000
2	0.999770	-0.001201	0.999736	0.134040	0.265124	0.217000	0.127000
3	0.981474	0.005749	0.981452	0.958518	0.057860	0.942000	0.190000
4	0.976993	0.002129	0.976954	0.000000	0.000000	0.478000	-0.039000
5	0.983138	0.007799	0.983132	0.000000	0.000000	0.076000	0.016000
6	0.945778	0.062481	0.947778	0.666422	0.076637	0.112000	0.075000
7	0.934635	0.045035	0.935883	0.000000	0.000000	0.000000	0.000000
8	0.926086	0.127860	0.934826	0.426456	0.015445	0.000000	0.000000
9	0.917389	0.012790	0.917333	0.000000	0.000000	0.295000	0.166000
10	0.914650	0.018045	0.914649	0.000000	0.000000	0.090000	0.058000
11	0.926888	0.039534	0.927963	0.000000	0.000000	0.035000	0.018000
12	0.931896	0.046978	0.932999	0.000000	0.000000	0.061000	0.016000
13	0.924510	0.042218	0.925707	0.000000	0.000000	0.135000	0.058000
14	0.901896	0.008422	0.901824	0.000000	0.000000	0.149000	0.050000

Branch Results
LineID	From	To	Pik		Pki		Qik		Qki		LossP		LossQ
1	1	2	0.027408	-0.042862	-0.036095	-0.069284	-0.015455	-0.105379
2	1	5	-0.019689	0.004722	0.035895	-0.130955	-0.014967	-0.095060
3	2	3	-0.020024	0.005142	0.051784	-0.135589	-0.014882	-0.083805
4	2	4	0.013782	-0.028201	0.088247	-0.151837	-0.014419	-0.063590
5	2	5	-0.026060	0.011264	0.067263	-0.133283	-0.014796	-0.066019
6	3	4	0.019059	-0.034190	0.003248	-0.027362	-0.015132	-0.024114
7	4	5	-0.168011	0.153351	-0.091935	0.093531	-0.014659	0.001596
8	4	7	-0.212925	0.197707	0.201999	-0.184144	-0.015218	0.017855
9	4	9	-0.027079	0.011826	0.108087	-0.101090	-0.015253	0.006997
10	5	6	-0.237732	0.222530	0.154630	-0.136074	-0.015201	0.018556
11	6	11	0.114166	-0.127861	0.038809	-0.035245	-0.013695	0.003564
12	6	12	0.057731	-0.072421	0.023613	-0.022224	-0.014690	0.001389
13	6	13	0.167554	-0.180330	0.075229	-0.069972	-0.012776	0.005257
14	7	8	-0.449262	0.434015	0.024298	0.015322	-0.015247	0.039621
15	7	9	0.259216	-0.274650	0.159764	-0.147450	-0.015434	0.012314
16	9	10	-0.048559	0.033081	0.044470	-0.043865	-0.015478	0.000606
17	9	14	0.024137	-0.039456	0.037975	-0.036888	-0.015320	0.001086
18	10	11	-0.115241	0.100700	-0.014300	0.017186	-0.014541	0.002886
19	12	13	0.019164	-0.034554	0.006020	-0.005520	-0.015389	0.000500
20	13	14	0.087692	-0.101596	0.017373	-0.013250	-0.013904	0.004123

Summary
Total Pg           : 2.185437
Total Qg           : 0.415067
Total Load P       : 2.590000
Total Load Q       : 0.735000
Total Active Loss  : -0.296456
Total Reactive Loss: -0.321617
Total Load Supplied: 95.825981%

========================================================================================================================
Update time: 2026-06-09 17:32:17
Iteration: 22
rho: 80
alpha: 3.82673
objective_value: 4.15544494818
feasible: False
max_abs_h: 7.594696103153e-03
l2_norm_h: 5.405863229569e-02
lambda_inf_norm: 1.408180857771e+00
lambda_l2_norm: 1.004813391469e+01
------------------------------------------------------------------------------------------------------------------------
Bus Results
BusID	V_R		V_I		Vmag		Pg		Qg		Pl		Ql
1	1.002198	0.000482	1.002171	0.000000	0.000000	0.000000	0.000000
2	1.000432	-0.001365	1.000416	0.120027	0.258027	0.217000	0.127000
3	0.982941	0.006291	0.982940	0.963832	0.061855	0.942000	0.190000
4	0.978245	0.002763	0.978224	0.000000	0.000000	0.478000	-0.039000
5	0.984302	0.008345	0.984317	0.000000	0.000000	0.076000	0.016000
6	0.947192	0.064622	0.949347	0.680428	0.078054	0.112000	0.075000
7	0.936087	0.047173	0.937443	0.000000	0.000000	0.000000	0.000000
8	0.927662	0.132408	0.937032	0.440722	0.019942	0.000000	0.000000
9	0.918863	0.014405	0.918850	0.000000	0.000000	0.295000	0.166000
10	0.916086	0.019614	0.916137	0.000000	0.000000	0.090000	0.058000
11	0.928271	0.041258	0.929420	0.000000	0.000000	0.035000	0.018000
12	0.933247	0.048804	0.934455	0.000000	0.000000	0.061000	0.016000
13	0.925877	0.044026	0.927156	0.000000	0.000000	0.135000	0.058000
14	0.903297	0.009924	0.903250	0.000000	0.000000	0.149000	0.050000

Branch Results
LineID	From	To	Pik		Pki		Qik		Qki		LossP		LossQ
1	1	2	0.029711	-0.044430	-0.035091	-0.070383	-0.014719	-0.105474
2	1	5	-0.022361	0.008115	0.034850	-0.130075	-0.014246	-0.095225
3	2	3	-0.023957	0.009766	0.048752	-0.132836	-0.014191	-0.084085
4	2	4	0.009091	-0.022831	0.086629	-0.150446	-0.013740	-0.063817
5	2	5	-0.030243	0.016161	0.065908	-0.132058	-0.014082	-0.066151
6	3	4	0.019392	-0.033818	0.004499	-0.028683	-0.014426	-0.024184
7	4	5	-0.165352	0.151383	-0.090891	0.092449	-0.013969	0.001558
8	4	7	-0.220158	0.205644	0.201161	-0.182758	-0.014514	0.018403
9	4	9	-0.028601	0.014066	0.107809	-0.100836	-0.014535	0.006973
10	5	6	-0.244410	0.229920	0.153603	-0.134365	-0.014490	0.019237
11	6	11	0.116362	-0.129296	0.038598	-0.034969	-0.012934	0.003629
12	6	12	0.059201	-0.073163	0.023601	-0.022183	-0.013961	0.001418
13	6	13	0.170149	-0.182155	0.075167	-0.069817	-0.012006	0.005350
14	7	8	-0.462471	0.447928	0.022050	0.019830	-0.014543	0.041880
15	7	9	0.264134	-0.278839	0.160641	-0.148056	-0.014705	0.012586
16	9	10	-0.047753	0.033024	0.044668	-0.044097	-0.014729	0.000571
17	9	14	0.024910	-0.039474	0.038144	-0.037073	-0.014564	0.001072
18	10	11	-0.115557	0.101769	-0.014050	0.016927	-0.013788	0.002878
19	12	13	0.019552	-0.034222	0.005994	-0.005510	-0.014670	0.000484
20	13	14	0.088820	-0.101955	0.017213	-0.013056	-0.013135	0.004157

Summary
Total Pg           : 2.205009
Total Qg           : 0.417878
Total Load P       : 2.590000
Total Load Q       : 0.735000
Total Active Loss  : -0.281949
Total Reactive Loss: -0.318739
Total Load Supplied: 96.021533%

========================================================================================================================
Update time: 2026-06-09 17:36:13
Iteration: 23
rho: 80
alpha: 3.82673
objective_value: 4.18983791388
feasible: False
max_abs_h: 7.240095640369e-03
l2_norm_h: 5.150103707214e-02
lambda_inf_norm: 1.435796773347e+00
lambda_l2_norm: 1.024456905595e+01
------------------------------------------------------------------------------------------------------------------------
Bus Results
BusID	V_R		V_I		Vmag		Pg		Qg		Pl		Ql
1	1.002497	0.000428	1.002477	0.000000	0.000000	0.000000	0.000000
2	1.000628	-0.001509	1.000618	0.106475	0.250690	0.217000	0.127000
3	0.983906	0.006818	0.983916	0.968828	0.065614	0.942000	0.190000
4	0.979040	0.003384	0.979028	0.000000	0.000000	0.478000	-0.039000
5	0.985014	0.008884	0.985041	0.000000	0.000000	0.076000	0.016000
6	0.948225	0.066743	0.950531	0.694068	0.079907	0.112000	0.075000
7	0.937119	0.049286	0.938578	0.000000	0.000000	0.000000	0.000000
8	0.928854	0.136899	0.938863	0.454620	0.024726	0.000000	0.000000
9	0.919915	0.016004	0.919940	0.000000	0.000000	0.295000	0.166000
10	0.917106	0.021171	0.917204	0.000000	0.000000	0.090000	0.058000
11	0.929255	0.042971	0.930474	0.000000	0.000000	0.035000	0.018000
12	0.934218	0.050611	0.935529	0.000000	0.000000	0.061000	0.016000
13	0.926861	0.045817	0.928218	0.000000	0.000000	0.135000	0.058000
14	0.904295	0.011411	0.904276	0.000000	0.000000	0.149000	0.050000

Branch Results
LineID	From	To	Pik		Pki		Qik		Qki		LossP		LossQ
1	1	2	0.031955	-0.045969	-0.033968	-0.071532	-0.014014	-0.105500
2	1	5	-0.024956	0.011407	0.033714	-0.129043	-0.013550	-0.095329
3	2	3	-0.027692	0.014182	0.045837	-0.130105	-0.013510	-0.084268
4	2	4	0.004532	-0.017605	0.084867	-0.148850	-0.013073	-0.063983
5	2	5	-0.034314	0.020930	0.064397	-0.130624	-0.013385	-0.066227
6	3	4	0.019620	-0.033344	0.005533	-0.029764	-0.013724	-0.024231
7	4	5	-0.162794	0.149507	-0.089875	0.091395	-0.013287	0.001519
8	4	7	-0.227253	0.213437	0.200031	-0.181079	-0.013816	0.018952
9	4	9	-0.030115	0.016281	0.107409	-0.100468	-0.013835	0.006941
10	5	6	-0.250942	0.237148	0.152190	-0.132279	-0.013794	0.019911
11	6	11	0.118492	-0.130686	0.038462	-0.034759	-0.012194	0.003703
12	6	12	0.060632	-0.073882	0.023581	-0.022140	-0.013250	0.001442
13	6	13	0.172654	-0.183912	0.075097	-0.069664	-0.011257	0.005433
14	7	8	-0.475329	0.461480	0.019548	0.024623	-0.013848	0.044170
15	7	9	0.268850	-0.282852	0.161478	-0.148620	-0.014002	0.012857
16	9	10	-0.047015	0.032991	0.044791	-0.044262	-0.014024	0.000530
17	9	14	0.025616	-0.039471	0.038236	-0.037196	-0.013855	0.001040
18	10	11	-0.115877	0.102807	-0.013864	0.016731	-0.013070	0.002868
19	12	13	0.019925	-0.033898	0.005968	-0.005516	-0.013973	0.000452
20	13	14	0.089904	-0.102312	0.017080	-0.012913	-0.012408	0.004167

Summary
Total Pg           : 2.223990
Total Qg           : 0.420936
Total Load P       : 2.590000
Total Load Q       : 0.735000
Total Active Loss  : -0.267868
Total Reactive Loss: -0.315551
Total Load Supplied: 96.210752%

========================================================================================================================
Update time: 2026-06-09 17:40:11
Iteration: 24
rho: 80
alpha: 3.82673
objective_value: 4.22279542483
feasible: False
max_abs_h: 6.896110292319e-03
l2_norm_h: 4.904164311109e-02
lambda_inf_norm: 1.462099629946e+00
lambda_l2_norm: 1.043160198121e+01
------------------------------------------------------------------------------------------------------------------------
Bus Results
BusID	V_R		V_I		Vmag		Pg		Qg		Pl		Ql
1	1.002550	0.000414	1.002535	0.000000	0.000000	0.000000	0.000000
2	1.000575	-0.001607	1.000569	0.093314	0.243198	0.217000	0.127000
3	0.984602	0.007366	0.984619	0.973599	0.069232	0.942000	0.190000
4	0.979588	0.004021	0.979582	0.000000	0.000000	0.478000	-0.039000
5	0.985484	0.009440	0.985520	0.000000	0.000000	0.076000	0.016000
6	0.949054	0.068822	0.951511	0.707135	0.082106	0.112000	0.075000
7	0.937923	0.051389	0.939488	0.000000	0.000000	0.000000	0.000000
8	0.929848	0.141333	0.940505	0.468135	0.029740	0.000000	0.000000
9	0.920734	0.017598	0.920796	0.000000	0.000000	0.295000	0.166000
10	0.917896	0.022722	0.918041	0.000000	0.000000	0.090000	0.058000
11	0.930021	0.044666	0.931310	0.000000	0.000000	0.035000	0.018000
12	0.934981	0.052385	0.936394	0.000000	0.000000	0.061000	0.016000
13	0.927634	0.047577	0.929070	0.000000	0.000000	0.135000	0.058000
14	0.905063	0.012884	0.905071	0.000000	0.000000	0.149000	0.050000

Branch Results
LineID	From	To	Pik		Pki		Qik		Qki		LossP		LossQ
1	1	2	0.034128	-0.047466	-0.032773	-0.072727	-0.013338	-0.105500
2	1	5	-0.027467	0.014585	0.032526	-0.127934	-0.012882	-0.095408
3	2	3	-0.031301	0.018440	0.042989	-0.127391	-0.012861	-0.084402
4	2	4	0.000092	-0.012530	0.083026	-0.147141	-0.012438	-0.064115
5	2	5	-0.038266	0.025547	0.062796	-0.129073	-0.012719	-0.066277
6	3	4	0.019797	-0.032855	0.006444	-0.030710	-0.013058	-0.024267
7	4	5	-0.160258	0.147623	-0.088899	0.090374	-0.012635	0.001475
8	4	7	-0.234193	0.221040	0.198747	-0.179236	-0.013154	0.019510
9	4	9	-0.031605	0.018437	0.106955	-0.100039	-0.013169	0.006916
10	5	6	-0.257189	0.244061	0.150557	-0.130000	-0.013128	0.020557
11	6	11	0.120516	-0.131996	0.038413	-0.034632	-0.011480	0.003781
12	6	12	0.062017	-0.074578	0.023577	-0.022111	-0.012561	0.001467
13	6	13	0.175068	-0.185601	0.075078	-0.069558	-0.010533	0.005520
14	7	8	-0.487855	0.474666	0.016842	0.029644	-0.013189	0.046486
15	7	9	0.273442	-0.286776	0.162348	-0.149200	-0.013333	0.013148
16	9	10	-0.046285	0.032935	0.044884	-0.044377	-0.013350	0.000507
17	9	14	0.026318	-0.039489	0.038302	-0.037280	-0.013171	0.001023
18	10	11	-0.116159	0.103778	-0.013737	0.016612	-0.012382	0.002875
19	12	13	0.020286	-0.033581	0.005954	-0.005530	-0.013296	0.000424
20	13	14	0.090937	-0.102638	0.017001	-0.012816	-0.011700	0.004186

Summary
Total Pg           : 2.242183
Total Qg           : 0.424276
Total Load P       : 2.590000
Total Load Q       : 0.735000
Total Active Loss  : -0.254375
Total Reactive Loss: -0.312094
Total Load Supplied: 96.392214%

========================================================================================================================
Update time: 2026-06-09 17:44:08
Iteration: 25
rho: 80
alpha: 3.9415319
objective_value: 4.25442919216
feasible: False
max_abs_h: 6.568297525945e-03
l2_norm_h: 4.667628793020e-02
lambda_inf_norm: 1.487154909706e+00
lambda_l2_norm: 1.060961687557e+01
------------------------------------------------------------------------------------------------------------------------
Bus Results
BusID	V_R		V_I		Vmag		Pg		Qg		Pl		Ql
1	1.002496	0.000407	1.002483	0.000000	0.000000	0.000000	0.000000
2	1.000414	-0.001697	1.000410	0.080524	0.235691	0.217000	0.127000
3	0.985171	0.007894	0.985195	0.978108	0.072758	0.942000	0.190000
4	0.980026	0.004642	0.980025	0.000000	0.000000	0.478000	-0.039000
5	0.985846	0.009982	0.985889	0.000000	0.000000	0.076000	0.016000
6	0.949807	0.070839	0.952413	0.719692	0.084569	0.112000	0.075000
7	0.938623	0.053449	0.940296	0.000000	0.000000	0.000000	0.000000
8	0.930734	0.145675	0.942045	0.481327	0.034772	0.000000	0.000000
9	0.921454	0.019159	0.921553	0.000000	0.000000	0.295000	0.166000
10	0.918593	0.024240	0.918784	0.000000	0.000000	0.090000	0.058000
11	0.930704	0.046317	0.932064	0.000000	0.000000	0.035000	0.018000
12	0.935670	0.054112	0.937184	0.000000	0.000000	0.061000	0.016000
13	0.928331	0.049290	0.929846	0.000000	0.000000	0.135000	0.058000
14	0.905745	0.014327	0.905780	0.000000	0.000000	0.149000	0.050000

Branch Results
LineID	From	To	Pik		Pki		Qik		Qki		LossP		LossQ
1	1	2	0.036249	-0.048944	-0.031555	-0.073920	-0.012695	-0.105475
2	1	5	-0.029906	0.017665	0.031316	-0.126775	-0.012241	-0.095459
3	2	3	-0.034763	0.022523	0.040195	-0.124698	-0.012240	-0.084503
4	2	4	-0.004234	-0.007594	0.081153	-0.145374	-0.011828	-0.064222
5	2	5	-0.042110	0.030035	0.061154	-0.127452	-0.012075	-0.066298
6	3	4	0.019903	-0.032324	0.007284	-0.031584	-0.012421	-0.024300
7	4	5	-0.157769	0.145765	-0.087944	0.089381	-0.012005	0.001437
8	4	7	-0.240996	0.228481	0.197396	-0.177325	-0.012515	0.020071
9	4	9	-0.033078	0.020549	0.106462	-0.099573	-0.012529	0.006889
10	5	6	-0.263220	0.250734	0.148770	-0.127572	-0.012486	0.021198
11	6	11	0.122458	-0.133253	0.038420	-0.034560	-0.010796	0.003860
12	6	12	0.063339	-0.075243	0.023590	-0.022093	-0.011904	0.001497
13	6	13	0.177372	-0.187213	0.075097	-0.069490	-0.009840	0.005607
14	7	8	-0.500095	0.487543	0.014131	0.034682	-0.012551	0.048813
15	7	9	0.277920	-0.290607	0.163156	-0.149722	-0.012687	0.013434
16	9	10	-0.045559	0.032866	0.044917	-0.044435	-0.012693	0.000482
17	9	14	0.026985	-0.039502	0.038335	-0.037330	-0.012517	0.001005
18	10	11	-0.116421	0.104708	-0.013666	0.016547	-0.011713	0.002881
19	12	13	0.020630	-0.033280	0.005949	-0.005548	-0.012650	0.000401
20	13	14	0.091923	-0.102951	0.016960	-0.012753	-0.011028	0.004207

Summary
Total Pg           : 2.259650
Total Qg           : 0.427790
Total Load P       : 2.590000
Total Load Q       : 0.735000
Total Active Loss  : -0.241416
Total Reactive Loss: -0.308477
Total Load Supplied: 96.566249%

========================================================================================================================
Update time: 2026-06-09 17:48:06
Iteration: 26
rho: 80
alpha: 3.9415319
objective_value: 4.28450983299
feasible: False
max_abs_h: 6.254774144194e-03
l2_norm_h: 4.442512865710e-02
lambda_inf_norm: 1.511729508146e+00
lambda_l2_norm: 1.078413831355e+01
------------------------------------------------------------------------------------------------------------------------
Bus Results
BusID	V_R		V_I		Vmag		Pg		Qg		Pl		Ql
1	1.002408	0.000405	1.002396	0.000000	0.000000	0.000000	0.000000
2	1.000222	-0.001780	1.000219	0.068091	0.228420	0.217000	0.127000
3	0.985681	0.008405	0.985709	0.982378	0.076146	0.942000	0.190000
4	0.980415	0.005253	0.980418	0.000000	0.000000	0.478000	-0.039000
5	0.986162	0.010515	0.986211	0.000000	0.000000	0.076000	0.016000
6	0.950502	0.072792	0.953254	0.731670	0.087076	0.112000	0.075000
7	0.939264	0.055468	0.941046	0.000000	0.000000	0.000000	0.000000
8	0.931561	0.149914	0.943528	0.494129	0.039815	0.000000	0.000000
9	0.922112	0.020693	0.922249	0.000000	0.000000	0.295000	0.166000
10	0.919227	0.025730	0.919466	0.000000	0.000000	0.090000	0.058000
11	0.931328	0.047930	0.932759	0.000000	0.000000	0.035000	0.018000
12	0.936300	0.055788	0.937914	0.000000	0.000000	0.061000	0.016000
13	0.928968	0.050955	0.930563	0.000000	0.000000	0.135000	0.058000
14	0.906365	0.015742	0.906427	0.000000	0.000000	0.149000	0.050000

Branch Results
LineID	From	To	Pik		Pki		Qik		Qki		LossP		LossQ
1	1	2	0.038317	-0.050396	-0.030366	-0.075089	-0.012079	-0.105455
2	1	5	-0.032280	0.020648	0.030141	-0.125650	-0.011632	-0.095509
3	2	3	-0.038092	0.026448	0.037512	-0.122104	-0.011644	-0.084592
4	2	4	-0.008450	-0.002792	0.079338	-0.143655	-0.011242	-0.064317
5	2	5	-0.045853	0.034390	0.059558	-0.125877	-0.011463	-0.066318
6	3	4	0.019944	-0.031755	0.008084	-0.032414	-0.011811	-0.024330
7	4	5	-0.155336	0.143925	-0.087040	0.088434	-0.011411	0.001394
8	4	7	-0.247654	0.235746	0.196080	-0.175431	-0.011908	0.020649
9	4	9	-0.034530	0.022610	0.105986	-0.099111	-0.011920	0.006875
10	5	6	-0.269023	0.257144	0.147021	-0.125192	-0.011879	0.021830
11	6	11	0.124279	-0.134423	0.038469	-0.034525	-0.010144	0.003944
12	6	12	0.064598	-0.075875	0.023617	-0.022086	-0.011278	0.001531
13	6	13	0.179558	-0.188740	0.075150	-0.069453	-0.009182	0.005696
14	7	8	-0.512000	0.500048	0.011409	0.039729	-0.011952	0.051139
15	7	9	0.282258	-0.294332	0.163986	-0.150258	-0.012075	0.013728
16	9	10	-0.044856	0.032782	0.044956	-0.044483	-0.012074	0.000473
17	9	14	0.027638	-0.039531	0.038372	-0.037370	-0.011893	0.001002
18	10	11	-0.116647	0.105567	-0.013613	0.016513	-0.011080	0.002900
19	12	13	0.020956	-0.032988	0.005951	-0.005564	-0.012033	0.000386
20	13	14	0.092850	-0.103234	0.016945	-0.012708	-0.010384	0.004237

Summary
Total Pg           : 2.276268
Total Qg           : 0.431457
Total Load P       : 2.590000
Total Load Q       : 0.735000
Total Active Loss  : -0.229085
Total Reactive Loss: -0.304737
Total Load Supplied: 96.731779%

========================================================================================================================
Update time: 2026-06-09 17:52:04
Iteration: 27
rho: 80
alpha: 3.9415319
objective_value: 4.31366902968
feasible: False
max_abs_h: 5.951963155229e-03
l2_norm_h: 4.224221825097e-02
lambda_inf_norm: 1.535118132484e+00
lambda_l2_norm: 1.095010473081e+01
------------------------------------------------------------------------------------------------------------------------
Bus Results
BusID	V_R		V_I		Vmag		Pg		Qg		Pl		Ql
1	1.002279	0.000379	1.002268	0.000000	0.000000	0.000000	0.000000
2	0.999992	-0.001885	0.999989	0.056161	0.221380	0.217000	0.127000
3	0.986126	0.008864	0.986160	0.986405	0.079418	0.942000	0.190000
4	0.980749	0.005815	0.980756	0.000000	0.000000	0.478000	-0.039000
5	0.986424	0.011002	0.986479	0.000000	0.000000	0.076000	0.016000
6	0.951136	0.074647	0.954032	0.743203	0.089544	0.112000	0.075000
7	0.939853	0.057402	0.941743	0.000000	0.000000	0.000000	0.000000
8	0.932338	0.154011	0.944956	0.506602	0.044857	0.000000	0.000000
9	0.922716	0.022154	0.922893	0.000000	0.000000	0.295000	0.166000
10	0.919810	0.027148	0.920096	0.000000	0.000000	0.090000	0.058000
11	0.931897	0.049461	0.933399	0.000000	0.000000	0.035000	0.018000
12	0.936871	0.057378	0.938583	0.000000	0.000000	0.061000	0.016000
13	0.929547	0.052534	0.931220	0.000000	0.000000	0.135000	0.058000
14	0.906930	0.017084	0.907021	0.000000	0.000000	0.149000	0.050000

Branch Results
LineID	From	To	Pik		Pki		Qik		Qki		LossP		LossQ
1	1	2	0.040310	-0.051799	-0.029214	-0.076208	-0.011488	-0.105421
2	1	5	-0.034565	0.023519	0.029000	-0.124537	-0.011046	-0.095537
3	2	3	-0.041251	0.030187	0.034922	-0.119584	-0.011064	-0.084662
4	2	4	-0.012512	0.001839	0.077566	-0.141960	-0.010674	-0.064394
5	2	5	-0.049456	0.038587	0.058006	-0.124325	-0.010869	-0.066319
6	3	4	0.019934	-0.031154	0.008844	-0.033201	-0.011220	-0.024357
7	4	5	-0.152976	0.142143	-0.086125	0.087485	-0.010832	0.001360
8	4	7	-0.254131	0.242811	0.194743	-0.173517	-0.011320	0.021226
9	4	9	-0.035941	0.024611	0.105500	-0.098640	-0.011330	0.006860
10	5	6	-0.274605	0.263316	0.145305	-0.122844	-0.011289	0.022461
11	6	11	0.126018	-0.135531	0.038506	-0.034483	-0.009513	0.004023
12	6	12	0.065817	-0.076485	0.023649	-0.022081	-0.010667	0.001567
13	6	13	0.181667	-0.190206	0.075204	-0.069417	-0.008539	0.005787
14	7	8	-0.523588	0.512227	0.008683	0.044775	-0.011361	0.053459
15	7	9	0.286486	-0.297968	0.164801	-0.150783	-0.011482	0.014018
16	9	10	-0.044161	0.032682	0.044982	-0.044526	-0.011480	0.000457
17	9	14	0.028282	-0.039574	0.038404	-0.037410	-0.011292	0.000994
18	10	11	-0.116846	0.106375	-0.013563	0.016474	-0.010472	0.002911
19	12	13	0.021267	-0.032703	0.005953	-0.005578	-0.011435	0.000375
20	13	14	0.093731	-0.103492	0.016927	-0.012662	-0.009761	0.004265

Summary
Total Pg           : 2.292371
Total Qg           : 0.435200
Total Load P       : 2.590000
Total Load Q       : 0.735000
Total Active Loss  : -0.217135
Total Reactive Loss: -0.300926
Total Load Supplied: 96.892119%

========================================================================================================================
Update time: 2026-06-09 17:56:01
Iteration: 28
rho: 80
alpha: 3.9415319
objective_value: 4.34190781616
feasible: False
max_abs_h: 5.666410375848e-03
l2_norm_h: 4.015017787092e-02
lambda_inf_norm: 1.557414154872e+00
lambda_l2_norm: 1.110778174125e+01
------------------------------------------------------------------------------------------------------------------------
Bus Results
BusID	V_R		V_I		Vmag		Pg		Qg		Pl		Ql
1	1.002268	0.001099	1.002257	0.000000	0.000000	0.000000	0.000000
2	0.999889	-0.001232	0.999884	0.045446	0.214599	0.217000	0.127000
3	0.986665	0.009990	0.986709	0.989857	0.082773	0.942000	0.190000
4	0.981164	0.007076	0.981179	0.000000	0.000000	0.478000	-0.039000
5	0.986774	0.012185	0.986843	0.000000	0.000000	0.076000	0.016000
6	0.951850	0.077005	0.954931	0.753734	0.092312	0.112000	0.075000
7	0.940356	0.059976	0.942399	0.000000	0.000000	0.000000	0.000000
8	0.932727	0.158711	0.946119	0.518899	0.048742	0.000000	0.000000
9	0.923337	0.024234	0.923570	0.000000	0.000000	0.295000	0.166000
10	0.920426	0.029155	0.920778	0.000000	0.000000	0.090000	0.058000
11	0.932529	0.051537	0.934131	0.000000	0.000000	0.035000	0.018000
12	0.937532	0.059469	0.939374	0.000000	0.000000	0.061000	0.016000
13	0.930222	0.054627	0.932002	0.000000	0.000000	0.135000	0.058000
14	0.907577	0.018994	0.907711	0.000000	0.000000	0.149000	0.050000

Branch Results
LineID	From	To	Pik		Pki		Qik		Qki		LossP		LossQ
1	1	2	0.042089	-0.052979	-0.028124	-0.077282	-0.010890	-0.105406
2	1	5	-0.036650	0.026183	0.027915	-0.123488	-0.010467	-0.095573
3	2	3	-0.044007	0.033510	0.032357	-0.117115	-0.010497	-0.084757
4	2	4	-0.016279	0.006164	0.075923	-0.140431	-0.010115	-0.064507
5	2	5	-0.052747	0.042447	0.056512	-0.122851	-0.010301	-0.066339
6	3	4	0.019768	-0.030414	0.009742	-0.034158	-0.010645	-0.024416
7	4	5	-0.150571	0.140277	-0.085529	0.086827	-0.010294	0.001299
8	4	7	-0.260519	0.249729	0.194010	-0.172169	-0.010790	0.021841
9	4	9	-0.037298	0.026534	0.105090	-0.098265	-0.010764	0.006825
10	5	6	-0.279534	0.268786	0.143450	-0.120455	-0.010747	0.022995
11	6	11	0.127592	-0.136500	0.038748	-0.034671	-0.008908	0.004076
12	6	12	0.067026	-0.077068	0.023696	-0.022095	-0.010041	0.001601
13	6	13	0.183644	-0.191570	0.075294	-0.069443	-0.007925	0.005850
14	7	8	-0.535098	0.524252	0.007174	0.048651	-0.010846	0.055826
15	7	9	0.290814	-0.301743	0.164968	-0.150677	-0.010929	0.014290
16	9	10	-0.043274	0.032414	0.044715	-0.044294	-0.010860	0.000421
17	9	14	0.028955	-0.039674	0.038204	-0.037257	-0.010719	0.000948
18	10	11	-0.116890	0.107043	-0.013778	0.016676	-0.009847	0.002898
19	12	13	0.021549	-0.032389	0.005976	-0.005632	-0.010841	0.000344
20	13	14	0.094495	-0.103669	0.017025	-0.012782	-0.009174	0.004243

Summary
Total Pg           : 2.307936
Total Qg           : 0.438427
Total Load P       : 2.590000
Total Load Q       : 0.735000
Total Active Loss  : -0.205602
Total Reactive Loss: -0.297542
Total Load Supplied: 97.047791%

========================================================================================================================
Update time: 2026-06-09 17:59:58
Iteration: 29
rho: 80
alpha: 4.0597778
objective_value: 4.36821602287
feasible: False
max_abs_h: 5.384344676954e-03
l2_norm_h: 3.816894528535e-02
lambda_inf_norm: 1.578568601748e+00
lambda_l2_norm: 1.125773043456e+01
------------------------------------------------------------------------------------------------------------------------
Bus Results
BusID	V_R		V_I		Vmag		Pg		Qg		Pl		Ql
1	1.002195	0.000427	1.002185	0.000000	0.000000	0.000000	0.000000
2	0.999716	-0.001982	0.999714	0.033796	0.207987	0.217000	0.127000
3	0.987128	0.009783	0.987172	0.993496	0.085816	0.942000	0.190000
4	0.981534	0.006989	0.981549	0.000000	0.000000	0.478000	-0.039000
5	0.987082	0.012019	0.987150	0.000000	0.000000	0.076000	0.016000
6	0.952565	0.078185	0.955742	0.764440	0.094932	0.112000	0.075000
7	0.941011	0.061240	0.943128	0.000000	0.000000	0.000000	0.000000
8	0.933636	0.162029	0.947576	0.530765	0.053763	0.000000	0.000000
9	0.923980	0.025076	0.924240	0.000000	0.000000	0.295000	0.166000
10	0.921056	0.029967	0.921439	0.000000	0.000000	0.090000	0.058000
11	0.933165	0.052445	0.934808	0.000000	0.000000	0.035000	0.018000
12	0.938183	0.060430	0.940088	0.000000	0.000000	0.061000	0.016000
13	0.930868	0.055577	0.932695	0.000000	0.000000	0.135000	0.058000
14	0.908173	0.019741	0.908324	0.000000	0.000000	0.149000	0.050000

Branch Results
LineID	From	To	Pik		Pki		Qik		Qki		LossP		LossQ
1	1	2	0.044066	-0.054426	-0.027015	-0.078372	-0.010360	-0.105387
2	1	5	-0.038882	0.028953	0.026821	-0.122445	-0.009929	-0.095624
3	2	3	-0.047007	0.037032	0.029962	-0.114765	-0.009976	-0.084803
4	2	4	-0.020242	0.010644	0.074273	-0.138811	-0.009598	-0.064538
5	2	5	-0.056267	0.046521	0.055044	-0.121381	-0.009746	-0.066337
6	3	4	0.019628	-0.029747	0.010435	-0.034849	-0.010119	-0.024415
7	4	5	-0.148299	0.138548	-0.084729	0.086013	-0.009751	0.001284
8	4	7	-0.266791	0.256570	0.192707	-0.170260	-0.010221	0.022447
9	4	9	-0.038721	0.028495	0.104646	-0.097795	-0.010226	0.006851
10	5	6	-0.284932	0.274744	0.141750	-0.118123	-0.010188	0.023627
11	6	11	0.129156	-0.137494	0.038853	-0.034687	-0.008338	0.004167
12	6	12	0.068073	-0.077613	0.023736	-0.022108	-0.009539	0.001628
13	6	13	0.185540	-0.192890	0.075441	-0.069491	-0.007349	0.005950
14	7	8	-0.546119	0.535849	0.004420	0.053689	-0.010271	0.058109
15	7	9	0.294710	-0.305086	0.165815	-0.151253	-0.010376	0.014562
16	9	10	-0.042747	0.032385	0.044742	-0.044318	-0.010363	0.000424
17	9	14	0.029544	-0.039708	0.038281	-0.037302	-0.010164	0.000979
18	10	11	-0.117111	0.107777	-0.013755	0.016682	-0.009334	0.002927
19	12	13	0.021845	-0.032170	0.005994	-0.005643	-0.010324	0.000351
20	13	14	0.095324	-0.103925	0.017075	-0.012760	-0.008601	0.004315

Summary
Total Pg           : 2.322498
Total Qg           : 0.442498
Total Load P       : 2.590000
Total Load Q       : 0.735000
Total Active Loss  : -0.194774
Total Reactive Loss: -0.293483
Total Load Supplied: 97.191945%

========================================================================================================================
Update time: 2026-06-09 18:03:56
Iteration: 30
rho: 80
alpha: 4.0597778
objective_value: 4.39354282642
feasible: False
max_abs_h: 5.116207633569e-03
l2_norm_h: 3.627103244861e-02
lambda_inf_norm: 1.599273922820e+00
lambda_l2_norm: 1.140451054763e+01
------------------------------------------------------------------------------------------------------------------------
Bus Results
BusID	V_R		V_I		Vmag		Pg		Qg		Pl		Ql
1	1.002089	0.000344	1.002080	0.000000	0.000000	0.000000	0.000000
2	0.999514	-0.002141	0.999512	0.022697	0.201370	0.217000	0.127000
3	0.987544	0.010122	0.987591	0.996869	0.088809	0.942000	0.190000
4	0.981864	0.007451	0.981884	0.000000	0.000000	0.478000	-0.039000
5	0.987347	0.012410	0.987420	0.000000	0.000000	0.076000	0.016000
6	0.953200	0.079814	0.956511	0.774639	0.097488	0.112000	0.075000
7	0.941591	0.062993	0.943816	0.000000	0.000000	0.000000	0.000000
8	0.934405	0.165783	0.948984	0.542307	0.058756	0.000000	0.000000
9	0.924574	0.026396	0.924874	0.000000	0.000000	0.295000	0.166000
10	0.921631	0.031245	0.922063	0.000000	0.000000	0.090000	0.058000
11	0.933735	0.053808	0.935446	0.000000	0.000000	0.035000	0.018000
12	0.938763	0.061830	0.940759	0.000000	0.000000	0.061000	0.016000
13	0.931453	0.056972	0.933356	0.000000	0.000000	0.135000	0.058000
14	0.908736	0.020945	0.908918	0.000000	0.000000	0.149000	0.050000

Branch Results
LineID	From	To	Pik		Pki		Qik		Qki		LossP		LossQ
1	1	2	0.045945	-0.055797	-0.025916	-0.079439	-0.009852	-0.105355
2	1	5	-0.041012	0.031592	0.025732	-0.121380	-0.009419	-0.095648
3	2	3	-0.049820	0.040348	0.027582	-0.112430	-0.009472	-0.084848
4	2	4	-0.024046	0.014944	0.072591	-0.137181	-0.009102	-0.064590
5	2	5	-0.059635	0.050408	0.053560	-0.119885	-0.009227	-0.066325
6	3	4	0.019427	-0.029035	0.011098	-0.035537	-0.009608	-0.024439
7	4	5	-0.146081	0.136830	-0.083894	0.085147	-0.009251	0.001253
8	4	7	-0.272907	0.263198	0.191402	-0.168358	-0.009709	0.023044
9	4	9	-0.040089	0.030375	0.104174	-0.097317	-0.009714	0.006858
10	5	6	-0.289997	0.280322	0.140055	-0.115823	-0.009675	0.024232
11	6	11	0.130631	-0.138422	0.038965	-0.034719	-0.007791	0.004246
12	6	12	0.069135	-0.078144	0.023781	-0.022117	-0.009009	0.001664
13	6	13	0.187369	-0.194158	0.075540	-0.069504	-0.006789	0.006036
14	7	8	-0.556898	0.547139	0.001715	0.058686	-0.009758	0.060401
15	7	9	0.298602	-0.308459	0.166618	-0.151768	-0.009857	0.014850
16	9	10	-0.042107	0.032264	0.044754	-0.044324	-0.009843	0.000430
17	9	14	0.030137	-0.039771	0.038300	-0.037309	-0.009634	0.000991
18	10	11	-0.117250	0.108444	-0.013753	0.016709	-0.008806	0.002956
19	12	13	0.022117	-0.031916	0.006007	-0.005662	-0.009800	0.000346
20	13	14	0.096076	-0.104129	0.017107	-0.012756	-0.008053	0.004351

Summary
Total Pg           : 2.336511
Total Qg           : 0.446423
Total Load P       : 2.590000
Total Load Q       : 0.735000
Total Active Loss  : -0.184368
Total Reactive Loss: -0.289547
Total Load Supplied: 97.331266%

========================================================================================================================
Update time: 2026-06-09 18:07:53
Iteration: 31
rho: 80
alpha: 4.0597778
objective_value: 4.41840047742
feasible: False
max_abs_h: 4.857362357016e-03
l2_norm_h: 3.440934253134e-02
lambda_inf_norm: 1.618923766260e+00
lambda_l2_norm: 1.154377406851e+01
------------------------------------------------------------------------------------------------------------------------
Bus Results
BusID	V_R		V_I		Vmag		Pg		Qg		Pl		Ql
1	1.001962	0.000318	1.001953	0.000000	0.000000	0.000000	0.000000
2	0.999294	-0.002239	0.999293	0.012094	0.195000	0.217000	0.127000
3	0.987905	0.010493	0.987957	0.999996	0.091539	0.942000	0.190000
4	0.982167	0.007948	0.982191	0.000000	0.000000	0.478000	-0.039000
5	0.987581	0.012841	0.987659	0.000000	0.000000	0.076000	0.016000
6	0.953765	0.081470	0.957216	0.784600	0.099610	0.112000	0.075000
7	0.942175	0.064746	0.944511	0.000000	0.000000	0.000000	0.000000
8	0.935203	0.169485	0.950423	0.553564	0.063879	0.000000	0.000000
9	0.925167	0.027725	0.925511	0.000000	0.000000	0.295000	0.166000
10	0.922203	0.032533	0.922685	0.000000	0.000000	0.090000	0.058000
11	0.934277	0.055190	0.936060	0.000000	0.000000	0.035000	0.018000
12	0.939283	0.063264	0.941377	0.000000	0.000000	0.061000	0.016000
13	0.931985	0.058395	0.933967	0.000000	0.000000	0.135000	0.058000
14	0.909287	0.022168	0.909501	0.000000	0.000000	0.149000	0.050000

Branch Results
LineID	From	To	Pik		Pki		Qik		Qki		LossP		LossQ
1	1	2	0.047758	-0.057107	-0.024859	-0.080443	-0.009349	-0.105302
2	1	5	-0.043072	0.034158	0.024674	-0.120325	-0.008914	-0.095651
3	2	3	-0.052460	0.043490	0.025347	-0.110228	-0.008969	-0.084882
4	2	4	-0.027704	0.019101	0.070919	-0.135552	-0.008603	-0.064633
5	2	5	-0.062886	0.054180	0.052112	-0.118414	-0.008706	-0.066302
6	3	4	0.019161	-0.028259	0.011633	-0.036098	-0.009098	-0.024465
7	4	5	-0.143998	0.135249	-0.082946	0.084171	-0.008750	0.001225
8	4	7	-0.278856	0.269654	0.189920	-0.166307	-0.009202	0.023613
9	4	9	-0.041412	0.032207	0.103642	-0.096806	-0.009205	0.006835
10	5	6	-0.295006	0.285832	0.138503	-0.113651	-0.009174	0.024852
11	6	11	0.132065	-0.139325	0.038894	-0.034596	-0.007261	0.004298
12	6	12	0.070150	-0.078647	0.023799	-0.022104	-0.008497	0.001694
13	6	13	0.189128	-0.195377	0.075546	-0.069434	-0.006249	0.006112
14	7	8	-0.567410	0.558152	-0.001153	0.063814	-0.009258	0.062662
15	7	9	0.302406	-0.311758	0.167445	-0.152341	-0.009353	0.015104
16	9	10	-0.041474	0.032141	0.044782	-0.044394	-0.009333	0.000389
17	9	14	0.030718	-0.039835	0.038349	-0.037379	-0.009117	0.000969
18	10	11	-0.117383	0.109094	-0.013664	0.016602	-0.008290	0.002938
19	12	13	0.022375	-0.031674	0.005998	-0.005660	-0.009299	0.000338
20	13	14	0.096800	-0.104325	0.017037	-0.012675	-0.007525	0.004362

Summary
Total Pg           : 2.350254
Total Qg           : 0.450027
Total Load P       : 2.590000
Total Load Q       : 0.735000
Total Active Loss  : -0.174152
Total Reactive Loss: -0.285843
Total Load Supplied: 97.467425%

========================================================================================================================
Update time: 2026-06-09 18:11:51
Iteration: 32
rho: 80
alpha: 4.0597778
objective_value: 4.44019541183
feasible: False
max_abs_h: 4.619829935455e-03
l2_norm_h: 3.277351394355e-02
lambda_inf_norm: 1.637615474651e+00
lambda_l2_norm: 1.167641447254e+01
------------------------------------------------------------------------------------------------------------------------
Bus Results
BusID	V_R		V_I		Vmag		Pg		Qg		Pl		Ql
1	1.001918	0.000352	1.001909	0.000000	0.000000	0.000000	0.000000
2	0.999157	-0.002275	0.999155	0.003305	0.188737	0.217000	0.127000
3	0.988255	0.010628	0.988309	1.000000	0.094291	0.942000	0.190000
4	0.982525	0.008458	0.982553	0.000000	0.000000	0.478000	-0.039000
5	0.987883	0.013305	0.987968	0.000000	0.000000	0.076000	0.016000
6	0.954420	0.083154	0.958013	0.794352	0.102132	0.112000	0.075000
7	0.942750	0.066545	0.945203	0.000000	0.000000	0.000000	0.000000
8	0.935909	0.173212	0.951790	0.564703	0.068666	0.000000	0.000000
9	0.925773	0.029121	0.926163	0.000000	0.000000	0.295000	0.166000
10	0.922799	0.033890	0.923332	0.000000	0.000000	0.090000	0.058000
11	0.934871	0.056627	0.936731	0.000000	0.000000	0.035000	0.018000
12	0.939895	0.064736	0.942088	0.000000	0.000000	0.061000	0.016000
13	0.932602	0.059861	0.934667	0.000000	0.000000	0.135000	0.058000
14	0.909884	0.023460	0.910132	0.000000	0.000000	0.149000	0.050000

Branch Results
LineID	From	To	Pik		Pki		Qik		Qki		LossP		LossQ
1	1	2	0.049504	-0.058411	-0.023788	-0.081509	-0.008907	-0.105297
2	1	5	-0.045036	0.036559	0.023623	-0.119321	-0.008477	-0.095697
3	2	3	-0.053630	0.045034	0.023204	-0.108148	-0.008595	-0.084943
4	2	4	-0.031113	0.022919	0.069303	-0.133983	-0.008194	-0.064680
5	2	5	-0.066008	0.057741	0.050675	-0.116975	-0.008266	-0.066300
6	3	4	0.017448	-0.026178	0.012311	-0.036809	-0.008731	-0.024498
7	4	5	-0.142453	0.134112	-0.082190	0.083384	-0.008340	0.001194
8	4	7	-0.285032	0.276257	0.188753	-0.164499	-0.008776	0.024254
9	4	9	-0.042886	0.034107	0.103194	-0.096342	-0.008780	0.006852
10	5	6	-0.300049	0.291327	0.136857	-0.111387	-0.008722	0.025470
11	6	11	0.133434	-0.140198	0.039033	-0.034663	-0.006763	0.004370
12	6	12	0.071125	-0.079140	0.023832	-0.022109	-0.008014	0.001722
13	6	13	0.190806	-0.196546	0.075631	-0.069448	-0.005739	0.006182
14	7	8	-0.577857	0.569057	-0.003634	0.068600	-0.008800	0.064966
15	7	9	0.306029	-0.314932	0.168119	-0.152744	-0.008903	0.015375
16	9	10	-0.040927	0.032058	0.044741	-0.044352	-0.008869	0.000389
17	9	14	0.031217	-0.039868	0.038328	-0.037355	-0.008651	0.000973
18	10	11	-0.117536	0.109729	-0.013705	0.016663	-0.007808	0.002958
19	12	13	0.022624	-0.031442	0.006012	-0.005687	-0.008818	0.000325
20	13	14	0.097497	-0.104528	0.017085	-0.012696	-0.007031	0.004388

Summary
Total Pg           : 2.362360
Total Qg           : 0.453826
Total Load P       : 2.590000
Total Load Q       : 0.735000
Total Active Loss  : -0.165184
Total Reactive Loss: -0.281997
Total Load Supplied: 97.588585%

========================================================================================================================
Update time: 2026-06-09 18:15:49
Iteration: 33
rho: 80
alpha: 4.1815711
objective_value: 4.46794807991
feasible: False
max_abs_h: 4.362565639221e-03
l2_norm_h: 3.073619504386e-02
lambda_inf_norm: 1.655287416662e+00
lambda_l2_norm: 1.180078230724e+01
------------------------------------------------------------------------------------------------------------------------
Bus Results
BusID	V_R		V_I		Vmag		Pg		Qg		Pl		Ql
1	1.001867	0.000378	1.001858	0.000000	0.000000	0.000000	0.000000
2	0.999036	-0.002251	0.999034	0.000000	0.182445	0.217000	0.127000
3	0.988559	0.010652	0.988613	1.000000	0.096782	0.942000	0.190000
4	0.982830	0.008768	0.982862	0.000000	0.000000	0.478000	-0.039000
5	0.988135	0.013579	0.988224	0.000000	0.000000	0.076000	0.016000
6	0.955052	0.084290	0.958744	0.802389	0.104523	0.112000	0.075000
7	0.943326	0.067920	0.945869	0.000000	0.000000	0.000000	0.000000
8	0.936687	0.176364	0.953135	0.575018	0.073383	0.000000	0.000000
9	0.926364	0.030082	0.926787	0.000000	0.000000	0.295000	0.166000
10	0.923373	0.034791	0.923946	0.000000	0.000000	0.090000	0.058000
11	0.935443	0.057562	0.937350	0.000000	0.000000	0.035000	0.018000
12	0.940471	0.065672	0.942730	0.000000	0.000000	0.061000	0.016000
13	0.933185	0.060802	0.935304	0.000000	0.000000	0.135000	0.058000
14	0.910444	0.024278	0.910717	0.000000	0.000000	0.149000	0.050000

Branch Results
LineID	From	To	Pik		Pki		Qik		Qki		LossP		LossQ
1	1	2	0.050228	-0.058461	-0.022735	-0.082555	-0.008234	-0.105290
2	1	5	-0.046086	0.038234	0.022582	-0.118308	-0.007852	-0.095726
3	2	3	-0.053780	0.045836	0.021177	-0.106187	-0.007943	-0.085010
4	2	4	-0.032970	0.025402	0.067605	-0.132343	-0.007568	-0.064739
5	2	5	-0.067610	0.059994	0.049160	-0.115469	-0.007615	-0.066309
6	3	4	0.016324	-0.024444	0.012845	-0.037373	-0.008120	-0.024528
7	4	5	-0.141058	0.133322	-0.081365	0.082544	-0.007736	0.001178
8	4	7	-0.290006	0.281793	0.187374	-0.162615	-0.008213	0.024759
9	4	9	-0.043823	0.035603	0.102677	-0.095843	-0.008220	0.006834
10	5	6	-0.303492	0.295312	0.135172	-0.109274	-0.008180	0.025898
11	6	11	0.134658	-0.140901	0.039166	-0.034731	-0.006242	0.004435
12	6	12	0.072098	-0.079612	0.023882	-0.022125	-0.007514	0.001757
13	6	13	0.192420	-0.197639	0.075725	-0.069465	-0.005219	0.006260
14	7	8	-0.587459	0.579145	-0.006210	0.073324	-0.008314	0.067114
15	7	9	0.309830	-0.318201	0.168809	-0.153160	-0.008371	0.015649
16	9	10	-0.040105	0.031746	0.044692	-0.044305	-0.008358	0.000387
17	9	14	0.031905	-0.040034	0.038296	-0.037322	-0.008129	0.000974
18	10	11	-0.117478	0.110179	-0.013753	0.016727	-0.007299	0.002974
19	12	13	0.022854	-0.031184	0.006031	-0.005714	-0.008330	0.000317
20	13	14	0.098089	-0.104613	0.017130	-0.012724	-0.006524	0.004406

Summary
Total Pg           : 2.377407
Total Qg           : 0.457134
Total Load P       : 2.590000
Total Load Q       : 0.735000
Total Active Loss  : -0.153983
Total Reactive Loss: -0.278659
Total Load Supplied: 97.737068%

========================================================================================================================
Update time: 2026-06-09 18:19:47
Iteration: 34
rho: 80
alpha: 4.1815711
objective_value: 4.4932992154
feasible: False
max_abs_h: 4.112968912434e-03
l2_norm_h: 2.888242984314e-02
lambda_inf_norm: 1.672423790609e+00
lambda_l2_norm: 1.192111866314e+01
------------------------------------------------------------------------------------------------------------------------
Bus Results
BusID	V_R		V_I		Vmag		Pg		Qg		Pl		Ql
1	1.001857	0.000323	1.001848	0.000000	0.000000	0.000000	0.000000
2	0.998967	-0.002284	0.998965	0.000000	0.176256	0.217000	0.127000
3	0.988828	0.010355	0.988881	0.997847	0.099163	0.942000	0.190000
4	0.983136	0.008859	0.983169	0.000000	0.000000	0.478000	-0.039000
5	0.988395	0.013647	0.988485	0.000000	0.000000	0.076000	0.016000
6	0.955695	0.084922	0.959442	0.808571	0.106760	0.112000	0.075000
7	0.943924	0.068950	0.946536	0.000000	0.000000	0.000000	0.000000
8	0.937528	0.179052	0.954463	0.584659	0.077999	0.000000	0.000000
9	0.926964	0.030698	0.927411	0.000000	0.000000	0.295000	0.166000
10	0.923957	0.035326	0.924552	0.000000	0.000000	0.090000	0.058000
11	0.936026	0.058068	0.937958	0.000000	0.000000	0.035000	0.018000
12	0.941049	0.066128	0.943340	0.000000	0.000000	0.061000	0.016000
13	0.933771	0.061273	0.935911	0.000000	0.000000	0.135000	0.058000
14	0.910998	0.024709	0.911284	0.000000	0.000000	0.149000	0.050000

Branch Results
LineID	From	To	Pik		Pki		Qik		Qki		LossP		LossQ
1	1	2	0.050469	-0.058129	-0.021716	-0.083565	-0.007661	-0.105281
2	1	5	-0.046606	0.039302	0.021564	-0.117337	-0.007304	-0.095773
3	2	3	-0.052621	0.045199	0.019251	-0.104351	-0.007422	-0.085100
4	2	4	-0.033951	0.026925	0.065889	-0.130689	-0.007026	-0.064800
5	2	5	-0.068406	0.061347	0.047625	-0.113973	-0.007059	-0.066348
6	3	4	0.014562	-0.022175	0.013393	-0.037940	-0.007613	-0.024547
7	4	5	-0.140037	0.132818	-0.080552	0.081719	-0.007219	0.001166
8	4	7	-0.294365	0.286658	0.185974	-0.160759	-0.007706	0.025215
9	4	9	-0.044539	0.036831	0.102169	-0.095337	-0.007709	0.006832
10	5	6	-0.305678	0.297998	0.133536	-0.107401	-0.007680	0.026135
11	6	11	0.135573	-0.141326	0.039331	-0.034850	-0.005753	0.004481
12	6	12	0.073005	-0.080042	0.023947	-0.022156	-0.007036	0.001790
13	6	13	0.193867	-0.198583	0.075860	-0.069535	-0.004716	0.006324
14	7	8	-0.596420	0.588570	-0.008770	0.077937	-0.007851	0.069167
15	7	9	0.313678	-0.321555	0.169502	-0.153545	-0.007876	0.015958
16	9	10	-0.039063	0.031202	0.044598	-0.044201	-0.007861	0.000397
17	9	14	0.032739	-0.040363	0.038258	-0.037256	-0.007625	0.001002
18	10	11	-0.117180	0.110365	-0.013863	0.016840	-0.006816	0.002977
19	12	13	0.023049	-0.030906	0.006063	-0.005743	-0.007857	0.000320
20	13	14	0.098514	-0.104539	0.017227	-0.012801	-0.006024	0.004427

Summary
Total Pg           : 2.391078
Total Qg           : 0.460178
Total Load P       : 2.590000
Total Load Q       : 0.735000
Total Active Loss  : -0.143813
Total Reactive Loss: -0.275658
Total Load Supplied: 97.872243%

========================================================================================================================
Update time: 2026-06-09 18:23:44
Iteration: 35
rho: 80
alpha: 4.1815711
objective_value: 4.51527184886
feasible: False
max_abs_h: 3.883264041239e-03
l2_norm_h: 2.725789428477e-02
lambda_inf_norm: 1.688607562918e+00
lambda_l2_norm: 1.203471297933e+01
------------------------------------------------------------------------------------------------------------------------
Bus Results
BusID	V_R		V_I		Vmag		Pg		Qg		Pl		Ql
1	1.001692	0.000215	1.001685	0.000000	0.000000	0.000000	0.000000
2	0.998735	-0.002376	0.998735	0.000000	0.169697	0.217000	0.127000
3	0.988930	0.009935	0.988981	0.994989	0.101542	0.942000	0.190000
4	0.983304	0.008870	0.983340	0.000000	0.000000	0.478000	-0.039000
5	0.988515	0.013642	0.988607	0.000000	0.000000	0.076000	0.016000
6	0.956245	0.085430	0.960037	0.814058	0.109103	0.112000	0.075000
7	0.944426	0.069879	0.947101	0.000000	0.000000	0.000000	0.000000
8	0.938304	0.181581	0.955702	0.593909	0.082647	0.000000	0.000000
9	0.927470	0.031224	0.927939	0.000000	0.000000	0.295000	0.166000
10	0.924449	0.035769	0.925066	0.000000	0.000000	0.090000	0.058000
11	0.936520	0.058471	0.938469	0.000000	0.000000	0.035000	0.018000
12	0.941541	0.066476	0.943859	0.000000	0.000000	0.061000	0.016000
13	0.934270	0.061640	0.936427	0.000000	0.000000	0.135000	0.058000
14	0.911470	0.025052	0.911769	0.000000	0.000000	0.149000	0.050000

Branch Results
LineID	From	To	Pik		Pki		Qik		Qki		LossP		LossQ
1	1	2	0.050757	-0.057982	-0.020619	-0.084611	-0.007226	-0.105230
2	1	5	-0.047108	0.040230	0.020468	-0.116257	-0.006879	-0.095789
3	2	3	-0.051207	0.044196	0.017287	-0.102452	-0.007011	-0.085166
4	2	4	-0.034920	0.028313	0.064017	-0.128860	-0.006607	-0.064844
5	2	5	-0.069217	0.062585	0.045950	-0.112318	-0.006633	-0.066368
6	3	4	0.012492	-0.019678	0.013877	-0.038441	-0.007185	-0.024564
7	4	5	-0.139189	0.132397	-0.079656	0.080807	-0.006792	0.001151
8	4	7	-0.298593	0.291330	0.184355	-0.158722	-0.007263	0.025633
9	4	9	-0.045265	0.038005	0.101563	-0.094757	-0.007259	0.006805
10	5	6	-0.307636	0.300381	0.131711	-0.105379	-0.007255	0.026333
11	6	11	0.136362	-0.141667	0.039498	-0.034975	-0.005306	0.004523
12	6	12	0.073825	-0.080425	0.023996	-0.022180	-0.006599	0.001817
13	6	13	0.195149	-0.199408	0.075965	-0.069580	-0.004259	0.006385
14	7	8	-0.605028	0.597613	-0.011432	0.082589	-0.007415	0.071156
15	7	9	0.317391	-0.324804	0.170127	-0.153891	-0.007413	0.016236
16	9	10	-0.038016	0.030625	0.044465	-0.044076	-0.007391	0.000389
17	9	14	0.033535	-0.040696	0.038164	-0.037164	-0.007161	0.001000
18	10	11	-0.116838	0.110480	-0.013989	0.016962	-0.006357	0.002973
19	12	13	0.023218	-0.030643	0.006093	-0.005780	-0.007425	0.000313
20	13	14	0.098860	-0.104433	0.017310	-0.012887	-0.005574	0.004423

Summary
Total Pg           : 2.402956
Total Qg           : 0.462990
Total Load P       : 2.590000
Total Load Q       : 0.735000
Total Active Loss  : -0.135010
Total Reactive Loss: -0.272822
Total Load Supplied: 97.990955%

========================================================================================================================
Update time: 2026-06-09 18:27:40
Iteration: 36
rho: 80
alpha: 4.1815711
objective_value: 4.53139296036
feasible: False
max_abs_h: 3.853793608015e-03
l2_norm_h: 2.605058094134e-02
lambda_inf_norm: 1.704112422193e+00
lambda_l2_norm: 1.214329741550e+01
------------------------------------------------------------------------------------------------------------------------
Bus Results
BusID	V_R		V_I		Vmag		Pg		Qg		Pl		Ql
1	1.000354	0.000080	1.000363	0.000000	0.000000	0.000000	0.000000
2	0.997247	-0.002474	0.997263	0.000000	0.160239	0.217000	0.127000
3	0.987206	0.009484	0.987261	0.989287	0.096770	0.942000	0.190000
4	0.982616	0.008875	0.982664	0.000000	0.000000	0.478000	-0.039000
5	0.987781	0.013594	0.987880	0.000000	0.000000	0.076000	0.016000
6	0.956878	0.085875	0.960701	0.817547	0.111117	0.112000	0.075000
7	0.945110	0.071347	0.947863	0.000000	0.000000	0.000000	0.000000
8	0.940006	0.185048	0.958048	0.604948	0.092105	0.000000	0.000000
9	0.928201	0.032247	0.928714	0.000000	0.000000	0.295000	0.166000
10	0.925209	0.036667	0.925888	0.000000	0.000000	0.090000	0.058000
11	0.937235	0.059126	0.939248	0.000000	0.000000	0.035000	0.018000
12	0.942478	0.066594	0.944782	0.000000	0.000000	0.061000	0.016000
13	0.935118	0.061920	0.937281	0.000000	0.000000	0.135000	0.058000
14	0.912327	0.025683	0.912643	0.000000	0.000000	0.149000	0.050000

Branch Results
LineID	From	To	Pik		Pki		Qik		Qki		LossP		LossQ
1	1	2	0.051186	-0.057873	-0.018151	-0.086855	-0.006687	-0.105006
2	1	5	-0.047781	0.041357	0.018032	-0.113780	-0.006424	-0.095748
3	2	3	-0.048888	0.042347	0.018038	-0.102885	-0.006541	-0.084847
4	2	4	-0.036474	0.030260	0.059970	-0.124840	-0.006215	-0.064870
5	2	5	-0.070376	0.064209	0.042036	-0.108462	-0.006166	-0.066427
6	3	4	0.008394	-0.015258	0.009480	-0.033997	-0.006865	-0.024516
7	4	5	-0.137426	0.131060	-0.078868	0.080252	-0.006366	0.001384
8	4	7	-0.305178	0.298067	0.177744	-0.151682	-0.007110	0.026062
9	4	9	-0.046913	0.039856	0.098865	-0.092581	-0.007057	0.006284
10	5	6	-0.309228	0.302497	0.125908	-0.099622	-0.006731	0.026286
11	6	11	0.135616	-0.140672	0.039451	-0.035192	-0.005056	0.004259
12	6	12	0.074877	-0.081009	0.022172	-0.021431	-0.006131	0.000741
13	6	13	0.196027	-0.199600	0.074162	-0.068108	-0.003573	0.006053
14	7	8	-0.615713	0.608494	-0.018695	0.092214	-0.007219	0.073518
15	7	9	0.321277	-0.328645	0.170388	-0.154222	-0.007368	0.016166
16	9	10	-0.036863	0.029495	0.043576	-0.043516	-0.007368	0.000060
17	9	14	0.034473	-0.041594	0.037408	-0.036532	-0.007120	0.000877
18	10	11	-0.115813	0.109478	-0.014394	0.017250	-0.006335	0.002856
19	12	13	0.023428	-0.030226	0.006014	-0.006785	-0.006798	-0.000771
20	13	14	0.098398	-0.103699	0.017318	-0.013460	-0.005301	0.003858

Summary
Total Pg           : 2.411783
Total Qg           : 0.460232
Total Load P       : 2.590000
Total Load Q       : 0.735000
Total Active Loss  : -0.128432
Total Reactive Loss: -0.273781
Total Load Supplied: 98.077787%

========================================================================================================================
Update time: 2026-06-09 18:31:37
Iteration: 37
rho: 80
alpha: 4.3070183
objective_value: 4.57150157169
feasible: False
max_abs_h: 3.424058398546e-03
l2_norm_h: 2.389650058404e-02
lambda_inf_norm: 1.716503124812e+00
lambda_l2_norm: 1.224026372366e+01
------------------------------------------------------------------------------------------------------------------------
Bus Results
BusID	V_R		V_I		Vmag		Pg		Qg		Pl		Ql
1	0.999231	0.001029	0.999237	0.000000	0.100000	0.000000	0.000000
2	0.991937	-0.000158	0.991995	0.000000	0.119880	0.217000	0.127000
3	0.979802	0.013268	0.979985	1.000000	0.082859	0.942000	0.190000
4	0.975668	0.011496	0.975818	0.000000	0.000000	0.478000	-0.039000
5	0.981267	0.016039	0.981475	0.000000	0.000000	0.076000	0.016000
6	0.946493	0.088464	0.950729	0.819862	0.102872	0.112000	0.075000
7	0.936170	0.074297	0.939312	0.000000	0.000000	0.000000	0.000000
8	0.930495	0.190457	0.949893	0.613122	0.095703	0.000000	0.000000
9	0.918661	0.034055	0.919360	0.000000	0.000000	0.295000	0.166000
10	0.915351	0.038383	0.916220	0.000000	0.000000	0.090000	0.058000
11	0.927022	0.061100	0.929278	0.000000	0.000000	0.035000	0.018000
12	0.931443	0.069020	0.934115	0.000000	0.000000	0.061000	0.016000
13	0.924115	0.064153	0.926598	0.000000	0.000000	0.135000	0.058000
14	0.901205	0.027211	0.900000	0.000000	0.000000	0.149000	0.050000

Branch Results
LineID	From	To	Pik		Pki		Qik		Qki		LossP		LossQ
1	1	2	0.051395	-0.057183	0.053883	-0.155118	-0.005788	-0.101234
2	1	5	-0.048318	0.042706	0.044010	-0.135430	-0.005612	-0.091421
3	2	3	-0.053056	0.047438	0.029917	-0.112784	-0.005618	-0.082867
4	2	4	-0.035063	0.029643	0.068941	-0.131897	-0.005420	-0.062956
5	2	5	-0.068602	0.063069	0.048661	-0.112925	-0.005533	-0.064264
6	3	4	0.013561	-0.019552	0.005350	-0.029031	-0.005991	-0.023682
7	4	5	-0.135023	0.129368	-0.088603	0.090789	-0.005656	0.002186
8	4	7	-0.304926	0.298666	0.185153	-0.157754	-0.006260	0.027399
9	4	9	-0.045111	0.038966	0.103017	-0.095403	-0.006145	0.007614
10	5	6	-0.308088	0.301785	0.140843	-0.112674	-0.006303	0.028169
11	6	11	0.136559	-0.140927	0.038241	-0.033467	-0.004368	0.004774
12	6	12	0.075319	-0.081082	0.024745	-0.022560	-0.005763	0.002186
13	6	13	0.197444	-0.200609	0.077367	-0.070295	-0.003164	0.007072
14	7	8	-0.622967	0.616468	-0.018655	0.095626	-0.006498	0.076971
15	7	9	0.327465	-0.333786	0.176278	-0.158401	-0.006322	0.017877
16	9	10	-0.034295	0.027913	0.046154	-0.045502	-0.006382	0.000652
17	9	14	0.037275	-0.042854	0.041360	-0.039061	-0.005580	0.002300
18	10	11	-0.114625	0.109249	-0.012535	0.015463	-0.005376	0.002928
19	12	13	0.023500	-0.030038	0.006332	-0.005604	-0.006539	0.000728
20	13	14	0.098982	-0.103182	0.017603	-0.011951	-0.004201	0.005652

Summary
Total Pg           : 2.432984
Total Qg           : 0.501314
Total Load P       : 2.590000
Total Load Q       : 0.735000
Total Active Loss  : -0.112518
Total Reactive Loss: -0.239915
Total Load Supplied: 98.281921%

========================================================================================================================
Update time: 2026-06-09 18:35:34
Iteration: 38
rho: 80
alpha: 4.3070183
objective_value: 4.57836605032
feasible: False
max_abs_h: 3.256518842911e-03
l2_norm_h: 2.269559295885e-02
lambda_inf_norm: 1.730359463689e+00
lambda_l2_norm: 1.233777813006e+01
------------------------------------------------------------------------------------------------------------------------
Bus Results
BusID	V_R		V_I		Vmag		Pg		Qg		Pl		Ql
1	1.000448	0.000389	1.000424	0.000000	0.091287	0.000000	0.000000
2	0.993242	-0.000846	0.993218	0.000000	0.112648	0.217000	0.127000
3	0.981357	0.012003	0.981408	0.993708	0.083774	0.942000	0.190000
4	0.977433	0.010887	0.977466	0.000000	0.000000	0.478000	-0.039000
5	0.982981	0.015409	0.983078	0.000000	0.000000	0.076000	0.016000
6	0.948135	0.088072	0.952186	0.821969	0.099631	0.112000	0.075000
7	0.938101	0.074537	0.941117	0.000000	0.000000	0.000000	0.000000
8	0.932303	0.191894	0.951824	0.621182	0.097384	0.000000	0.000000
9	0.920726	0.034055	0.921283	0.000000	0.000000	0.295000	0.166000
10	0.917311	0.038283	0.918023	0.000000	0.000000	0.090000	0.058000
11	0.928781	0.060822	0.930859	0.000000	0.000000	0.035000	0.018000
12	0.933163	0.068554	0.935635	0.000000	0.000000	0.061000	0.016000
13	0.925996	0.063723	0.928272	0.000000	0.000000	0.135000	0.058000
14	0.903735	0.027034	0.904139	0.000000	0.000000	0.149000	0.050000

Branch Results
LineID	From	To	Pik		Pki		Qik		Qki		LossP		LossQ
1	1	2	0.051830	-0.057644	0.051091	-0.155165	-0.005813	-0.104075
2	1	5	-0.048796	0.043333	0.040200	-0.134676	-0.005463	-0.094475
3	2	3	-0.050650	0.044886	0.027841	-0.111615	-0.005764	-0.083775
4	2	4	-0.036125	0.030781	0.066540	-0.130471	-0.005345	-0.063930
5	2	5	-0.069517	0.064125	0.046396	-0.111940	-0.005392	-0.065544
6	3	4	0.009948	-0.015974	0.005287	-0.029571	-0.006026	-0.024284
7	4	5	-0.134467	0.128904	-0.088190	0.089420	-0.005563	0.001231
8	4	7	-0.309257	0.303231	0.184683	-0.157146	-0.006026	0.027537
9	4	9	-0.046108	0.040109	0.102476	-0.095241	-0.005999	0.007234
10	5	6	-0.309401	0.303339	0.141129	-0.113420	-0.006062	0.027708
11	6	11	0.136301	-0.140388	0.037808	-0.033103	-0.004087	0.004704
12	6	12	0.075778	-0.081140	0.024363	-0.022229	-0.005363	0.002133
13	6	13	0.197631	-0.200581	0.075797	-0.069011	-0.002950	0.006786
14	7	8	-0.630547	0.624323	-0.018681	0.097290	-0.006224	0.078609
15	7	9	0.330388	-0.336525	0.175718	-0.157800	-0.006137	0.017918
16	9	10	-0.032928	0.026835	0.046933	-0.046288	-0.006092	0.000645
17	9	14	0.037404	-0.043185	0.039945	-0.038534	-0.005780	0.001411
18	10	11	-0.113691	0.108570	-0.011898	0.014989	-0.005121	0.003091
19	12	13	0.023333	-0.029535	0.006020	-0.005466	-0.006202	0.000554
20	13	14	0.098300	-0.102598	0.016301	-0.011648	-0.004299	0.004653

Summary
Total Pg           : 2.436860
Total Qg           : 0.484724
Total Load P       : 2.590000
Total Load Q       : 0.735000
Total Active Loss  : -0.109707
Total Reactive Loss: -0.251868
Total Load Supplied: 98.323036%

========================================================================================================================
Update time: 2026-06-09 18:39:31
Iteration: 39
rho: 80
alpha: 4.3070183
objective_value: 4.59155531102
feasible: False
max_abs_h: 3.124902312655e-03
l2_norm_h: 2.170433761008e-02
lambda_inf_norm: 1.743760057304e+00
lambda_l2_norm: 1.243099667926e+01
------------------------------------------------------------------------------------------------------------------------
Bus Results
BusID	V_R		V_I		Vmag		Pg		Qg		Pl		Ql
1	1.000949	0.000564	1.000937	0.000000	0.086864	0.000000	0.000000
2	0.993879	-0.000734	0.993863	0.000000	0.109107	0.217000	0.127000
3	0.982350	0.011572	0.982405	0.988559	0.086792	0.942000	0.190000
4	0.978464	0.011125	0.978509	0.000000	0.000000	0.478000	-0.039000
5	0.983933	0.015640	0.984041	0.000000	0.000000	0.076000	0.016000
6	0.949352	0.088720	0.953468	0.825438	0.099693	0.112000	0.075000
7	0.939378	0.075718	0.942487	0.000000	0.000000	0.000000	0.000000
8	0.933536	0.194514	0.953566	0.630096	0.100373	0.000000	0.000000
9	0.922130	0.034911	0.922728	0.000000	0.000000	0.295000	0.166000
10	0.918710	0.039046	0.919461	0.000000	0.000000	0.090000	0.058000
11	0.930099	0.061473	0.932212	0.000000	0.000000	0.035000	0.018000
12	0.934431	0.069114	0.936947	0.000000	0.000000	0.061000	0.016000
13	0.927299	0.064311	0.929613	0.000000	0.000000	0.135000	0.058000
14	0.905188	0.027707	0.905657	0.000000	0.000000	0.149000	0.050000

Branch Results
LineID	From	To	Pik		Pki		Qik		Qki		LossP		LossQ
1	1	2	0.052280	-0.057822	0.048655	-0.153014	-0.005543	-0.104359
2	1	5	-0.049383	0.044183	0.038263	-0.133092	-0.005200	-0.094829
3	2	3	-0.048368	0.042847	0.025490	-0.109573	-0.005521	-0.084083
4	2	4	-0.037316	0.032231	0.064716	-0.128911	-0.005086	-0.064195
5	2	5	-0.070576	0.065452	0.044921	-0.110715	-0.005125	-0.065794
6	3	4	0.006676	-0.012441	0.006296	-0.030734	-0.005766	-0.024438
7	4	5	-0.133804	0.128501	-0.086749	0.087812	-0.005303	0.001063
8	4	7	-0.313993	0.308235	0.183535	-0.155620	-0.005758	0.027915
9	4	9	-0.047165	0.041427	0.101833	-0.094784	-0.005738	0.007049
10	5	6	-0.311306	0.305542	0.140000	-0.112243	-0.005764	0.027757
11	6	11	0.136456	-0.140240	0.037481	-0.032908	-0.003784	0.004573
12	6	12	0.076233	-0.081311	0.024121	-0.022093	-0.005079	0.002027
13	6	13	0.198154	-0.200839	0.075290	-0.068607	-0.002685	0.006683
14	7	8	-0.638970	0.633075	-0.019846	0.100296	-0.005895	0.080449
15	7	9	0.333670	-0.339537	0.175424	-0.157473	-0.005867	0.017951
16	9	10	-0.031967	0.026128	0.046634	-0.046178	-0.005838	0.000456
17	9	14	0.038012	-0.043578	0.039558	-0.038394	-0.005567	0.001164
18	10	11	-0.113121	0.108268	-0.011922	0.014853	-0.004853	0.002931
19	12	13	0.023362	-0.029312	0.005951	-0.005539	-0.005950	0.000412
20	13	14	0.098219	-0.102310	0.016041	-0.011649	-0.004092	0.004392

Summary
Total Pg           : 2.444093
Total Qg           : 0.482829
Total Load P       : 2.590000
Total Load Q       : 0.735000
Total Active Loss  : -0.104411
Total Reactive Loss: -0.252875
Total Load Supplied: 98.397836%

========================================================================================================================
Update time: 2026-06-09 18:43:28
Iteration: 40
rho: 80
alpha: 4.3070183
objective_value: 4.621760151
feasible: False
max_abs_h: 2.894428394991e-03
l2_norm_h: 1.956710242359e-02
lambda_inf_norm: 1.756025422657e+00
lambda_l2_norm: 1.251483106341e+01
------------------------------------------------------------------------------------------------------------------------
Bus Results
BusID	V_R		V_I		Vmag		Pg		Qg		Pl		Ql
1	1.001226	0.000162	1.001220	0.000000	0.082289	0.000000	0.000000
2	0.994349	-0.001095	0.994326	0.000000	0.105268	0.217000	0.127000
3	0.983646	0.011961	0.983707	0.998873	0.090636	0.942000	0.190000
4	0.979262	0.010651	0.979304	0.000000	0.000000	0.478000	-0.039000
5	0.984619	0.015051	0.984724	0.000000	0.000000	0.076000	0.016000
6	0.950468	0.087487	0.954466	0.825028	0.100459	0.112000	0.075000
7	0.940587	0.075344	0.943678	0.000000	0.000000	0.000000	0.000000
8	0.935125	0.195063	0.955227	0.636092	0.103690	0.000000	0.000000
9	0.923325	0.034157	0.923895	0.000000	0.000000	0.295000	0.166000
10	0.919868	0.038128	0.920594	0.000000	0.000000	0.090000	0.058000
11	0.931218	0.060330	0.933248	0.000000	0.000000	0.035000	0.018000
12	0.935484	0.067779	0.937908	0.000000	0.000000	0.061000	0.016000
13	0.928373	0.063025	0.930598	0.000000	0.000000	0.135000	0.058000
14	0.906272	0.026632	0.906704	0.000000	0.000000	0.149000	0.050000

Branch Results
LineID	From	To	Pik		Pki		Qik		Qki		LossP		LossQ
1	1	2	0.051155	-0.055912	0.045993	-0.150504	-0.004758	-0.104512
2	1	5	-0.048630	0.044125	0.036361	-0.131373	-0.004505	-0.095012
3	2	3	-0.052361	0.047373	0.022387	-0.106642	-0.004988	-0.084255
4	2	4	-0.036872	0.032572	0.062856	-0.127244	-0.004300	-0.064388
5	2	5	-0.069377	0.064993	0.043420	-0.109333	-0.004384	-0.065913
6	3	4	0.011983	-0.017207	0.007220	-0.031693	-0.005223	-0.024473
7	4	5	-0.130441	0.125854	-0.085185	0.086210	-0.004587	0.001025
8	4	7	-0.314270	0.309222	0.181843	-0.154024	-0.005048	0.027819
9	4	9	-0.046255	0.041197	0.101190	-0.094298	-0.005058	0.006892
10	5	6	-0.308460	0.303210	0.138574	-0.111307	-0.005250	0.027267
11	6	11	0.136505	-0.139855	0.037423	-0.032885	-0.003350	0.004538
12	6	12	0.076953	-0.081613	0.024091	-0.022076	-0.004661	0.002015
13	6	13	0.199117	-0.201331	0.075172	-0.068514	-0.002214	0.006659
14	7	8	-0.644298	0.638884	-0.021894	0.103585	-0.005414	0.081691
15	7	9	0.337709	-0.342973	0.175960	-0.157721	-0.005264	0.018240
16	9	10	-0.030023	0.024747	0.046434	-0.046034	-0.005277	0.000400
17	9	14	0.039412	-0.044417	0.039451	-0.038310	-0.005006	0.001141
18	10	11	-0.111988	0.107631	-0.012020	0.014842	-0.004356	0.002822
19	12	13	0.023460	-0.028956	0.005954	-0.005586	-0.005495	0.000368
20	13	14	0.098107	-0.101735	0.016037	-0.011719	-0.003628	0.004318

Summary
Total Pg           : 2.459993
Total Qg           : 0.482342
Total Load P       : 2.590000
Total Load Q       : 0.735000
Total Active Loss  : -0.092767
Total Reactive Loss: -0.253359
Total Load Supplied: 98.562161%

========================================================================================================================
Update time: 2026-06-09 18:47:26
Iteration: 41
rho: 80
alpha: 4.4362288
objective_value: 4.63063143453
feasible: False
max_abs_h: 2.824634967329e-03
l2_norm_h: 1.893959871314e-02
lambda_inf_norm: 1.768128076413e+00
lambda_l2_norm: 1.259589531119e+01
------------------------------------------------------------------------------------------------------------------------
Bus Results
BusID	V_R		V_I		Vmag		Pg		Qg		Pl		Ql
1	1.000774	0.000875	1.000769	0.000000	0.100000	0.000000	0.000000
2	0.993093	-0.000117	0.993107	0.000000	0.091725	0.217000	0.127000
3	0.982204	0.013049	0.982312	1.000000	0.088121	0.942000	0.190000
4	0.978174	0.011625	0.978265	0.000000	0.000000	0.478000	-0.039000
5	0.983565	0.015915	0.983711	0.000000	0.000000	0.076000	0.016000
6	0.949666	0.087836	0.953727	0.821827	0.101650	0.112000	0.075000
7	0.939834	0.076910	0.943044	0.000000	0.000000	0.000000	0.000000
8	0.934603	0.197949	0.955355	0.642899	0.108426	0.000000	0.000000
9	0.922624	0.035260	0.923283	0.000000	0.000000	0.295000	0.166000
10	0.919160	0.039052	0.919951	0.000000	0.000000	0.090000	0.058000
11	0.930468	0.060932	0.932561	0.000000	0.000000	0.035000	0.018000
12	0.934692	0.068069	0.937173	0.000000	0.000000	0.061000	0.016000
13	0.927595	0.063395	0.929854	0.000000	0.000000	0.135000	0.058000
14	0.905577	0.027340	0.906060	0.000000	0.000000	0.149000	0.050000

Branch Results
LineID	From	To	Pik		Pki		Qik		Qki		LossP		LossQ
1	1	2	0.051057	-0.055614	0.059863	-0.163267	-0.004557	-0.103404
2	1	5	-0.048611	0.044234	0.039584	-0.133553	-0.004377	-0.093969
3	2	3	-0.052709	0.048207	0.023447	-0.107307	-0.004502	-0.083859
4	2	4	-0.037142	0.032896	0.062129	-0.125932	-0.004246	-0.063803
5	2	5	-0.069073	0.064734	0.042292	-0.107799	-0.004340	-0.065506
6	3	4	0.012262	-0.017110	0.005286	-0.029468	-0.004848	-0.024182
7	4	5	-0.128015	0.123521	-0.086395	0.087817	-0.004494	0.001422
8	4	7	-0.316875	0.311940	0.179986	-0.151557	-0.004935	0.028429
9	4	9	-0.046487	0.041553	0.100584	-0.093474	-0.004935	0.007110
10	5	6	-0.306046	0.300961	0.137285	-0.110245	-0.005085	0.027040
11	6	11	0.135389	-0.138558	0.037659	-0.033182	-0.003169	0.004477
12	6	12	0.077201	-0.081545	0.024022	-0.022058	-0.004344	0.001964
13	6	13	0.198833	-0.200853	0.075195	-0.068453	-0.002019	0.006742
14	7	8	-0.650655	0.645523	-0.024850	0.108386	-0.005132	0.083536
15	7	9	0.341248	-0.346366	0.176261	-0.157606	-0.005118	0.018656
16	9	10	-0.028157	0.023060	0.045963	-0.045594	-0.005097	0.000369
17	9	14	0.040515	-0.045427	0.039027	-0.037950	-0.004912	0.001078
18	10	11	-0.110451	0.106296	-0.012488	0.015174	-0.004156	0.002685
19	12	13	0.023302	-0.028637	0.006026	-0.005778	-0.005334	0.000247
20	13	14	0.097245	-0.100763	0.016178	-0.011996	-0.003518	0.004182

Summary
Total Pg           : 2.464727
Total Qg           : 0.489921
Total Load P       : 2.590000
Total Load Q       : 0.735000
Total Active Loss  : -0.089118
Total Reactive Loss: -0.246786
Total Load Supplied: 98.604048%

========================================================================================================================
Update time: 2026-06-09 18:51:23
Iteration: 42
rho: 80
alpha: 3.5489831
objective_value: 4.64185182832
feasible: False
max_abs_h: 1.024464216409e-02
l2_norm_h: 2.410157166262e-02
lambda_inf_norm: 1.785288331649e+00
lambda_l2_norm: 1.267696591336e+01
------------------------------------------------------------------------------------------------------------------------
Bus Results
BusID	V_R		V_I		Vmag		Pg		Qg		Pl		Ql
1	0.989755	0.000158	0.989861	0.000000	0.100000	0.000000	0.000000
2	0.981875	-0.000827	0.982032	0.000000	0.142892	0.217000	0.127000
3	0.961951	0.014995	0.962292	1.000000	0.000000	0.942000	0.190000
4	0.965295	0.011342	0.965536	0.000000	0.000000	0.478000	-0.039000
5	0.971592	0.015478	0.971854	0.000000	0.000000	0.076000	0.016000
6	0.939142	0.088707	0.943407	0.822834	0.107669	0.112000	0.075000
7	0.927130	0.078066	0.930611	0.000000	0.000000	0.000000	0.000000
8	0.920322	0.201527	0.942266	0.647914	0.105524	0.000000	0.000000
9	0.910698	0.035807	0.911394	0.000000	0.000000	0.295000	0.166000
10	0.907177	0.039524	0.909273	0.000000	0.000000	0.090000	0.058000
11	0.918714	0.061574	0.920927	0.000000	0.000000	0.035000	0.018000
12	0.924613	0.068631	0.927280	0.000000	0.000000	0.061000	0.016000
13	0.917581	0.063900	0.919998	0.000000	0.000000	0.135000	0.058000
14	0.895934	0.027584	0.900000	0.000000	0.000000	0.149000	0.050000

Branch Results
LineID	From	To	Pik		Pki		Qik		Qki		LossP		LossQ
1	1	2	0.051032	-0.056010	0.060286	-0.165300	-0.004978	-0.105014
2	1	5	-0.048454	0.044226	0.041463	-0.136908	-0.004229	-0.095444
3	2	3	-0.054306	0.050421	0.067734	-0.150498	-0.003886	-0.082764
4	2	4	-0.035906	0.032160	0.069754	-0.134407	-0.003746	-0.064653
5	2	5	-0.068241	0.064269	0.045532	-0.111646	-0.003972	-0.066114
6	3	4	0.009733	-0.013691	-0.037119	0.009623	-0.003958	-0.027495
7	4	5	-0.128492	0.124849	-0.106190	0.105217	-0.003643	-0.000973
8	4	7	-0.319115	0.315045	0.175236	-0.148219	-0.004070	0.027017
9	4	9	-0.046877	0.042588	0.096279	-0.090913	-0.004288	0.005366
10	5	6	-0.307188	0.302606	0.128282	-0.102363	-0.004582	0.025919
11	6	11	0.136843	-0.139238	0.042204	-0.036878	-0.002394	0.005326
12	6	12	0.076560	-0.081583	0.021991	-0.020759	-0.005023	0.001232
13	6	13	0.197256	-0.199446	0.069839	-0.064811	-0.002191	0.005028
14	7	8	-0.655048	0.650341	-0.019304	0.105271	-0.004707	0.085967
15	7	9	0.342389	-0.346878	0.168207	-0.151093	-0.004489	0.017114
16	9	10	-0.026592	0.022238	0.045284	-0.045327	-0.004354	-0.000043
17	9	14	0.038090	-0.044028	0.031224	-0.033390	-0.005938	-0.002166
18	10	11	-0.109832	0.106478	-0.012770	0.017578	-0.003354	0.004807
19	12	13	0.023393	-0.028713	0.005224	-0.006434	-0.005320	-0.001211
20	13	14	0.096199	-0.101104	0.014064	-0.013821	-0.004905	0.000243

Summary
Total Pg           : 2.470748
Total Qg           : 0.456085
Total Load P       : 2.590000
Total Load Q       : 0.735000
Total Active Loss  : -0.084026
Total Reactive Loss: -0.267858
Total Load Supplied: 98.639914%

========================================================================================================================
Update time: 2026-06-09 18:55:20
Iteration: 43
rho: 80
alpha: 3.5489831
objective_value: 4.65055958243
feasible: False
max_abs_h: 3.074537473325e-03
l2_norm_h: 1.778789714672e-02
lambda_inf_norm: 1.794208324261e+00
lambda_l2_norm: 1.273907429215e+01
------------------------------------------------------------------------------------------------------------------------
Bus Results
BusID	V_R		V_I		Vmag		Pg		Qg		Pl		Ql
1	0.996925	0.000235	0.996825	0.000000	0.100000	0.000000	0.000000
2	0.989393	-0.000839	0.989295	0.000000	0.153829	0.217000	0.127000
3	0.970224	0.014258	0.970211	0.994273	0.016062	0.942000	0.190000
4	0.972416	0.011652	0.972381	0.000000	0.000000	0.478000	-0.039000
5	0.978620	0.015708	0.978653	0.000000	0.000000	0.076000	0.016000
6	0.945974	0.088344	0.949996	0.826728	0.112391	0.112000	0.075000
7	0.934037	0.078613	0.937313	0.000000	0.000000	0.000000	0.000000
8	0.927883	0.202433	0.949614	0.654589	0.109974	0.000000	0.000000
9	0.917304	0.036206	0.917898	0.000000	0.000000	0.295000	0.166000
10	0.914060	0.039811	0.914739	0.000000	0.000000	0.090000	0.058000
11	0.926004	0.061480	0.928031	0.000000	0.000000	0.035000	0.018000
12	0.930752	0.068310	0.933159	0.000000	0.000000	0.061000	0.016000
13	0.923563	0.063691	0.925766	0.000000	0.000000	0.135000	0.058000
14	0.900661	0.027739	0.900932	0.000000	0.000000	0.149000	0.050000

Branch Results
LineID	From	To	Pik		Pki		Qik		Qki		LossP		LossQ
1	1	2	0.051454	-0.055958	0.056537	-0.160334	-0.004504	-0.103797
2	1	5	-0.049044	0.044951	0.043817	-0.137979	-0.004093	-0.094162
3	2	3	-0.052213	0.048173	0.064737	-0.146144	-0.004040	-0.081407
4	2	4	-0.037206	0.033329	0.073322	-0.136782	-0.003877	-0.063461
5	2	5	-0.069224	0.065221	0.049202	-0.114522	-0.004003	-0.065320
6	3	4	0.006510	-0.011112	-0.027826	0.003601	-0.004601	-0.024225
7	4	5	-0.127408	0.123263	-0.104891	0.105718	-0.004145	0.000826
8	4	7	-0.322815	0.318241	0.178488	-0.149586	-0.004574	0.028901
9	4	9	-0.047734	0.043138	0.098722	-0.092195	-0.004596	0.006526
10	5	6	-0.307151	0.302503	0.130960	-0.104220	-0.004648	0.026740
11	6	11	0.136051	-0.138611	0.040781	-0.036198	-0.002560	0.004583
12	6	12	0.078201	-0.082057	0.024454	-0.022414	-0.003857	0.002041
13	6	13	0.200329	-0.201794	0.076450	-0.069823	-0.001465	0.006627
14	7	8	-0.661667	0.656956	-0.022660	0.109946	-0.004711	0.087285
15	7	9	0.345755	-0.350479	0.172265	-0.153459	-0.004724	0.018806
16	9	10	-0.026769	0.022079	0.042855	-0.042626	-0.004690	0.000228
17	9	14	0.041499	-0.045888	0.036873	-0.035960	-0.004389	0.000913
18	10	11	-0.109677	0.106013	-0.015443	0.018181	-0.003663	0.002738
19	12	13	0.023518	-0.028352	0.006347	-0.006193	-0.004834	0.000154
20	13	14	0.097633	-0.100599	0.018071	-0.013987	-0.002965	0.004084

Summary
Total Pg           : 2.475589
Total Qg           : 0.492255
Total Load P       : 2.590000
Total Load Q       : 0.735000
Total Active Loss  : -0.080939
Total Reactive Loss: -0.241918
Total Load Supplied: 98.707680%

========================================================================================================================
Update time: 2026-06-09 18:59:17
Iteration: 44
rho: 80
alpha: 3.5489831
objective_value: 4.66144839464
feasible: False
max_abs_h: 2.378437428245e-03
l2_norm_h: 1.666650956390e-02
lambda_inf_norm: 1.802399605421e+00
lambda_l2_norm: 1.279809677072e+01
------------------------------------------------------------------------------------------------------------------------
Bus Results
BusID	V_R		V_I		Vmag		Pg		Qg		Pl		Ql
1	0.999945	0.000165	0.999898	0.000000	0.098699	0.000000	0.000000
2	0.992520	-0.000953	0.992470	0.000000	0.152082	0.217000	0.127000
3	0.974026	0.013550	0.974063	0.989804	0.023413	0.942000	0.190000
4	0.975675	0.011702	0.975695	0.000000	0.000000	0.478000	-0.039000
5	0.981778	0.015743	0.981858	0.000000	0.000000	0.076000	0.016000
6	0.948886	0.088511	0.952958	0.829875	0.112189	0.112000	0.075000
7	0.937212	0.079260	0.940575	0.000000	0.000000	0.000000	0.000000
8	0.931122	0.204001	0.953164	0.661884	0.112427	0.000000	0.000000
9	0.920441	0.036648	0.921098	0.000000	0.000000	0.295000	0.166000
10	0.917172	0.040188	0.917903	0.000000	0.000000	0.090000	0.058000
11	0.929029	0.061732	0.931118	0.000000	0.000000	0.035000	0.018000
12	0.933580	0.068459	0.936031	0.000000	0.000000	0.061000	0.016000
13	0.926404	0.063876	0.928645	0.000000	0.000000	0.135000	0.058000
14	0.903569	0.028078	0.903817	0.000000	0.000000	0.149000	0.050000

Branch Results
LineID	From	To	Pik		Pki		Qik		Qki		LossP		LossQ
1	1	2	0.051889	-0.056134	0.055000	-0.158916	-0.004245	-0.103916
2	1	5	-0.049623	0.045737	0.043709	-0.137907	-0.003887	-0.094198
3	2	3	-0.050194	0.046292	0.061103	-0.143017	-0.003902	-0.081914
4	2	4	-0.038257	0.034544	0.073274	-0.136799	-0.003713	-0.063525
5	2	5	-0.070136	0.066328	0.049559	-0.114921	-0.003808	-0.065362
6	3	4	0.003840	-0.008320	-0.023702	-0.000403	-0.004480	-0.024106
7	4	5	-0.126778	0.122737	-0.103009	0.104203	-0.004041	0.001194
8	4	7	-0.326681	0.322238	0.179664	-0.150028	-0.004443	0.029636
9	4	9	-0.048553	0.044125	0.099491	-0.092553	-0.004428	0.006937
10	5	6	-0.308600	0.304137	0.132611	-0.105471	-0.004463	0.027139
11	6	11	0.136058	-0.138469	0.040590	-0.036036	-0.002411	0.004554
12	6	12	0.078760	-0.082324	0.024803	-0.022655	-0.003564	0.002148
13	6	13	0.201167	-0.202309	0.077289	-0.070383	-0.001142	0.006906
14	7	8	-0.668699	0.664165	-0.023667	0.112377	-0.004535	0.088710
15	7	9	0.348701	-0.353200	0.173619	-0.154382	-0.004498	0.019237
16	9	10	-0.026041	0.021582	0.043122	-0.042724	-0.004459	0.000398
17	9	14	0.042365	-0.046383	0.037738	-0.036373	-0.004019	0.001366
18	10	11	-0.109290	0.105799	-0.015362	0.018048	-0.003490	0.002686
19	12	13	0.023645	-0.028123	0.006507	-0.006075	-0.004478	0.000431
20	13	14	0.097742	-0.100308	0.018338	-0.013824	-0.002566	0.004514

Summary
Total Pg           : 2.481564
Total Qg           : 0.498811
Total Load P       : 2.590000
Total Load Q       : 0.735000
Total Active Loss  : -0.076573
Total Reactive Loss: -0.237164
Total Load Supplied: 98.769768%

========================================================================================================================
Update time: 2026-06-09 19:03:14
Iteration: 45
rho: 80
alpha: 3.5489831
objective_value: 4.67217429996
feasible: False
max_abs_h: 2.258485256177e-03
l2_norm_h: 1.588585192492e-02
lambda_inf_norm: 1.810171471352e+00
lambda_l2_norm: 1.285416605542e+01
------------------------------------------------------------------------------------------------------------------------
Bus Results
BusID	V_R		V_I		Vmag		Pg		Qg		Pl		Ql
1	1.001109	0.000242	1.001087	0.000000	0.094420	0.000000	0.000000
2	0.993836	-0.000935	0.993812	0.000000	0.147543	0.217000	0.127000
3	0.976049	0.013002	0.976103	0.985546	0.029701	0.942000	0.190000
4	0.977383	0.011820	0.977425	0.000000	0.000000	0.478000	-0.039000
5	0.983377	0.015856	0.983480	0.000000	0.000000	0.076000	0.016000
6	0.950659	0.088914	0.954780	0.832778	0.112576	0.112000	0.075000
7	0.939104	0.080115	0.942548	0.000000	0.000000	0.000000	0.000000
8	0.933096	0.205928	0.955523	0.669120	0.115382	0.000000	0.000000
9	0.922378	0.037275	0.923080	0.000000	0.000000	0.295000	0.166000
10	0.919097	0.040750	0.919873	0.000000	0.000000	0.090000	0.058000
11	0.930882	0.062187	0.933013	0.000000	0.000000	0.035000	0.018000
12	0.935367	0.068813	0.937855	0.000000	0.000000	0.061000	0.016000
13	0.928218	0.064256	0.930492	0.000000	0.000000	0.135000	0.058000
14	0.905482	0.028571	0.905766	0.000000	0.000000	0.149000	0.050000

Branch Results
LineID	From	To	Pik		Pki		Qik		Qki		LossP		LossQ
1	1	2	0.052247	-0.056216	0.052438	-0.156584	-0.003969	-0.104145
2	1	5	-0.050132	0.046504	0.041954	-0.136418	-0.003627	-0.094465
3	2	3	-0.048242	0.044529	0.057155	-0.139513	-0.003713	-0.082358
4	2	4	-0.039334	0.035844	0.071554	-0.135276	-0.003490	-0.063722
5	2	5	-0.071060	0.067506	0.048331	-0.113855	-0.003555	-0.065524
6	3	4	0.001235	-0.005512	-0.020927	-0.003242	-0.004277	-0.024170
7	4	5	-0.126079	0.122259	-0.100913	0.102138	-0.003821	0.001226
8	4	7	-0.330686	0.326427	0.179074	-0.148976	-0.004259	0.030098
9	4	9	-0.049460	0.045236	0.099274	-0.092307	-0.004224	0.006968
10	5	6	-0.310192	0.305966	0.132097	-0.104800	-0.004225	0.027297
11	6	11	0.136081	-0.138306	0.040444	-0.035940	-0.002224	0.004504
12	6	12	0.079161	-0.082497	0.024769	-0.022637	-0.003336	0.002132
13	6	13	0.201703	-0.202604	0.077189	-0.070301	-0.000900	0.006887
14	7	8	-0.675652	0.671301	-0.025120	0.115337	-0.004351	0.090217
15	7	9	0.351377	-0.355686	0.174026	-0.154635	-0.004310	0.019391
16	9	10	-0.025353	0.021078	0.043112	-0.042737	-0.004275	0.000375
17	9	14	0.042954	-0.046752	0.037760	-0.036389	-0.003799	0.001371
18	10	11	-0.108873	0.105546	-0.015338	0.017970	-0.003327	0.002632
19	12	13	0.023699	-0.027930	0.006505	-0.006094	-0.004231	0.000411
20	13	14	0.097720	-0.100058	0.018284	-0.013803	-0.002337	0.004482

Summary
Total Pg           : 2.487444
Total Qg           : 0.499621
Total Load P       : 2.590000
Total Load Q       : 0.735000
Total Active Loss  : -0.072249
Total Reactive Loss: -0.236393
Total Load Supplied: 98.829855%

========================================================================================================================
Update time: 2026-06-09 19:07:10
Iteration: 46
rho: 80
alpha: 3.6554526
objective_value: 4.68136598642
feasible: False
max_abs_h: 2.165115833894e-03
l2_norm_h: 1.521127682494e-02
lambda_inf_norm: 1.817623992959e+00
lambda_l2_norm: 1.290771771859e+01
------------------------------------------------------------------------------------------------------------------------
Bus Results
BusID	V_R		V_I		Vmag		Pg		Qg		Pl		Ql
1	1.001514	0.000155	1.001504	0.000000	0.089414	0.000000	0.000000
2	0.994411	-0.001093	0.994398	0.000000	0.142942	0.217000	0.127000
3	0.977319	0.012280	0.977375	0.981225	0.035765	0.942000	0.190000
4	0.978382	0.011735	0.978433	0.000000	0.000000	0.478000	-0.039000
5	0.984271	0.015775	0.984383	0.000000	0.000000	0.076000	0.016000
6	0.951829	0.089130	0.955972	0.835207	0.113459	0.112000	0.075000
7	0.940352	0.080766	0.943853	0.000000	0.000000	0.000000	0.000000
8	0.934497	0.207685	0.957280	0.676071	0.118692	0.000000	0.000000
9	0.923652	0.037680	0.924378	0.000000	0.000000	0.295000	0.166000
10	0.920358	0.041087	0.921161	0.000000	0.000000	0.090000	0.058000
11	0.932095	0.062430	0.934243	0.000000	0.000000	0.035000	0.018000
12	0.936547	0.068992	0.939054	0.000000	0.000000	0.061000	0.016000
13	0.929418	0.064454	0.931708	0.000000	0.000000	0.135000	0.058000
14	0.906750	0.028855	0.907057	0.000000	0.000000	0.149000	0.050000

Branch Results
LineID	From	To	Pik		Pki		Qik		Qki		LossP		LossQ
1	1	2	0.052605	-0.056407	0.049482	-0.153760	-0.003802	-0.104278
2	1	5	-0.050581	0.047119	0.039897	-0.134558	-0.003463	-0.094661
3	2	3	-0.046265	0.042689	0.053222	-0.135939	-0.003576	-0.082717
4	2	4	-0.040334	0.037005	0.069551	-0.133443	-0.003328	-0.063892
5	2	5	-0.071940	0.068558	0.046841	-0.112487	-0.003382	-0.065646
6	3	4	-0.001338	-0.002750	-0.018433	-0.005814	-0.004089	-0.024247
7	4	5	-0.125546	0.121906	-0.098749	0.099936	-0.003639	0.001188
8	4	7	-0.334415	0.330360	0.178058	-0.147582	-0.004055	0.030475
9	4	9	-0.050284	0.046262	0.098868	-0.091930	-0.004022	0.006938
10	5	6	-0.311596	0.307552	0.131074	-0.103678	-0.004045	0.027396
11	6	11	0.136175	-0.138202	0.040373	-0.035896	-0.002027	0.004478
12	6	12	0.079456	-0.082613	0.024727	-0.022611	-0.003156	0.002116
13	6	13	0.202067	-0.202793	0.077069	-0.070204	-0.000727	0.006866
14	7	8	-0.682306	0.678153	-0.026887	0.118655	-0.004153	0.091768
15	7	9	0.353995	-0.358094	0.174412	-0.154868	-0.004099	0.019544
16	9	10	-0.024582	0.020529	0.043057	-0.042714	-0.004053	0.000343
17	9	14	0.043456	-0.047052	0.037686	-0.036350	-0.003596	0.001336
18	10	11	-0.108439	0.105331	-0.015346	0.017934	-0.003108	0.002588
19	12	13	0.023729	-0.027789	0.006496	-0.006121	-0.004060	0.000376
20	13	14	0.097682	-0.099849	0.018227	-0.013814	-0.002167	0.004413

Summary
Total Pg           : 2.492503
Total Qg           : 0.500273
Total Load P       : 2.590000
Total Load Q       : 0.735000
Total Active Loss  : -0.068546
Total Reactive Loss: -0.235617
Total Load Supplied: 98.882202%

========================================================================================================================
Update time: 2026-06-09 19:11:09
Iteration: 47
rho: 80
alpha: 3.6554526
objective_value: 4.69089080699
feasible: False
max_abs_h: 2.061517079561e-03
l2_norm_h: 1.450871595194e-02
lambda_inf_norm: 1.824908639759e+00
lambda_l2_norm: 1.296021067190e+01
------------------------------------------------------------------------------------------------------------------------
Bus Results
BusID	V_R		V_I		Vmag		Pg		Qg		Pl		Ql
1	1.001694	-0.000106	1.001688	0.000000	0.084130	0.000000	0.000000
2	0.994772	-0.001423	0.994764	0.000000	0.138317	0.217000	0.127000
3	0.978417	0.011433	0.978467	0.977473	0.042116	0.942000	0.190000
4	0.979175	0.011477	0.979230	0.000000	0.000000	0.478000	-0.039000
5	0.984956	0.015512	0.985071	0.000000	0.000000	0.076000	0.016000
6	0.952828	0.089120	0.956969	0.837297	0.114837	0.112000	0.075000
7	0.941407	0.081258	0.944947	0.000000	0.000000	0.000000	0.000000
8	0.935795	0.209306	0.958903	0.682953	0.122459	0.000000	0.000000
9	0.924702	0.037916	0.925438	0.000000	0.000000	0.295000	0.166000
10	0.921394	0.041257	0.922209	0.000000	0.000000	0.090000	0.058000
11	0.933103	0.062487	0.935253	0.000000	0.000000	0.035000	0.018000
12	0.937530	0.068943	0.940037	0.000000	0.000000	0.061000	0.016000
13	0.930413	0.064432	0.932698	0.000000	0.000000	0.135000	0.058000
14	0.907766	0.028950	0.908082	0.000000	0.000000	0.149000	0.050000

Branch Results
LineID	From	To	Pik		Pki		Qik		Qki		LossP		LossQ
1	1	2	0.052887	-0.056488	0.046351	-0.150712	-0.003601	-0.104361
2	1	5	-0.050970	0.047712	0.037745	-0.132586	-0.003258	-0.094841
3	2	3	-0.044530	0.041107	0.049151	-0.132170	-0.003423	-0.083019
4	2	4	-0.041305	0.038163	0.067494	-0.131533	-0.003142	-0.064039
5	2	5	-0.072728	0.069561	0.045298	-0.111051	-0.003168	-0.065753
6	3	4	-0.003607	-0.000290	-0.015850	-0.008462	-0.003897	-0.024312
7	4	5	-0.124751	0.121317	-0.096565	0.097696	-0.003434	0.001131
8	4	7	-0.338123	0.334259	0.177006	-0.146102	-0.003864	0.030904
9	4	9	-0.051091	0.047263	0.098481	-0.091535	-0.003828	0.006946
10	5	6	-0.312713	0.308875	0.129918	-0.102460	-0.003838	0.027458
11	6	11	0.136130	-0.137978	0.040464	-0.035993	-0.001848	0.004471
12	6	12	0.079776	-0.082743	0.024742	-0.022630	-0.002967	0.002112
13	6	13	0.202467	-0.202987	0.077123	-0.070250	-0.000520	0.006872
14	7	8	-0.688903	0.684942	-0.029007	0.122417	-0.003961	0.093410
15	7	9	0.356599	-0.360516	0.175036	-0.155246	-0.003916	0.019790
16	9	10	-0.023838	0.019959	0.043027	-0.042652	-0.003879	0.000375
17	9	14	0.044041	-0.047429	0.037680	-0.036293	-0.003388	0.001387
18	10	11	-0.107956	0.105016	-0.015425	0.018020	-0.002940	0.002594
19	12	13	0.023766	-0.027633	0.006523	-0.006154	-0.003867	0.000370
20	13	14	0.097615	-0.099581	0.018305	-0.013890	-0.001966	0.004414

Summary
Total Pg           : 2.497723
Total Qg           : 0.501858
Total Load P       : 2.590000
Total Load Q       : 0.735000
Total Active Loss  : -0.064703
Total Reactive Loss: -0.234090
Total Load Supplied: 98.935376%

========================================================================================================================
Update time: 2026-06-09 19:15:08
Iteration: 48
rho: 80
alpha: 3.6554526
objective_value: 4.69250567949
feasible: False
max_abs_h: 2.172007005072e-03
l2_norm_h: 1.446648391051e-02
lambda_inf_norm: 1.832833292867e+00
lambda_l2_norm: 1.301217744156e+01
------------------------------------------------------------------------------------------------------------------------
Bus Results
BusID	V_R		V_I		Vmag		Pg		Qg		Pl		Ql
1	1.001914	0.000480	1.001914	0.000000	0.096648	0.000000	0.000000
2	0.994416	-0.000715	0.994428	0.000000	0.125589	0.217000	0.127000
3	0.978374	0.011573	0.978433	0.972279	0.046112	0.942000	0.190000
4	0.979029	0.012296	0.979102	0.000000	0.000000	0.478000	-0.039000
5	0.984779	0.016314	0.984912	0.000000	0.000000	0.076000	0.016000
6	0.952357	0.089969	0.956600	0.837547	0.114285	0.112000	0.075000
7	0.941183	0.082815	0.944887	0.000000	0.000000	0.000000	0.000000
8	0.935583	0.211983	0.959298	0.688919	0.125899	0.000000	0.000000
9	0.924457	0.039174	0.925293	0.000000	0.000000	0.295000	0.166000
10	0.921104	0.042435	0.922023	0.000000	0.000000	0.090000	0.058000
11	0.932709	0.063454	0.934941	0.000000	0.000000	0.035000	0.018000
12	0.937038	0.069746	0.939630	0.000000	0.000000	0.061000	0.016000
13	0.929947	0.065285	0.932298	0.000000	0.000000	0.135000	0.058000
14	0.907400	0.030022	0.907795	0.000000	0.000000	0.149000	0.050000

Branch Results
LineID	From	To	Pik		Pki		Qik		Qki		LossP		LossQ
1	1	2	0.053793	-0.057364	0.056106	-0.159787	-0.003571	-0.103681
2	1	5	-0.051724	0.048179	0.040041	-0.134251	-0.003545	-0.094210
3	2	3	-0.042090	0.038941	0.047018	-0.130034	-0.003149	-0.083016
4	2	4	-0.042237	0.039115	0.066625	-0.130563	-0.003121	-0.063938
5	2	5	-0.073520	0.070291	0.044516	-0.110154	-0.003229	-0.065639
6	3	4	-0.006718	0.002882	-0.014029	-0.010143	-0.003836	-0.024173
7	4	5	-0.124259	0.120522	-0.096044	0.097457	-0.003737	0.001413
8	4	7	-0.341819	0.337817	0.177007	-0.145499	-0.004002	0.031508
9	4	9	-0.051988	0.048095	0.098652	-0.091488	-0.003893	0.007163
10	5	6	-0.313033	0.309279	0.130818	-0.103230	-0.003754	0.027588
11	6	11	0.135633	-0.137229	0.040349	-0.035976	-0.001596	0.004372
12	6	12	0.080071	-0.082792	0.024888	-0.022792	-0.002722	0.002096
13	6	13	0.202415	-0.202781	0.077267	-0.070257	-0.000366	0.007010
14	7	8	-0.694710	0.690824	-0.030638	0.125813	-0.003886	0.095175
15	7	9	0.358879	-0.362698	0.175998	-0.155778	-0.003819	0.020220
16	9	10	-0.022972	0.018989	0.043119	-0.042733	-0.003983	0.000386
17	9	14	0.044593	-0.048089	0.037950	-0.036372	-0.003496	0.001578
18	10	11	-0.106906	0.104059	-0.015423	0.017976	-0.002848	0.002553
19	12	13	0.023663	-0.027380	0.006664	-0.006206	-0.003718	0.000458
20	13	14	0.097096	-0.098739	0.018310	-0.013827	-0.001643	0.004483

Summary
Total Pg           : 2.498745
Total Qg           : 0.508533
Total Load P       : 2.590000
Total Load Q       : 0.735000
Total Active Loss  : -0.063913
Total Reactive Loss: -0.228651
Total Load Supplied: 98.944309%

========================================================================================================================
Update time: 2026-06-09 19:19:06
Iteration: 49
rho: 80
alpha: 3.6554526
objective_value: 4.7056368812
feasible: False
max_abs_h: 1.897661345659e-03
l2_norm_h: 1.338217263412e-02
lambda_inf_norm: 1.839571154741e+00
lambda_l2_norm: 1.306057344097e+01
------------------------------------------------------------------------------------------------------------------------
Bus Results
BusID	V_R		V_I		Vmag		Pg		Qg		Pl		Ql
1	1.001655	0.000107	1.001653	0.000000	0.090172	0.000000	0.000000
2	0.994336	-0.001126	0.994331	0.000000	0.120315	0.217000	0.127000
3	0.978948	0.010768	0.978995	0.969396	0.051084	0.942000	0.190000
4	0.979418	0.011922	0.979481	0.000000	0.000000	0.478000	-0.039000
5	0.985077	0.015944	0.985199	0.000000	0.000000	0.076000	0.016000
6	0.953076	0.090091	0.957310	0.840597	0.115298	0.112000	0.075000
7	0.941926	0.083169	0.945631	0.000000	0.000000	0.000000	0.000000
8	0.936467	0.213502	0.960487	0.695878	0.129035	0.000000	0.000000
9	0.925258	0.039261	0.926058	0.000000	0.000000	0.295000	0.166000
10	0.921899	0.042465	0.922782	0.000000	0.000000	0.090000	0.058000
11	0.933472	0.063518	0.935687	0.000000	0.000000	0.035000	0.018000
12	0.937780	0.069813	0.940354	0.000000	0.000000	0.061000	0.016000
13	0.930709	0.065334	0.933054	0.000000	0.000000	0.135000	0.058000
14	0.908238	0.030008	0.908606	0.000000	0.000000	0.149000	0.050000

Branch Results
LineID	From	To	Pik		Pki		Qik		Qki		LossP		LossQ
1	1	2	0.053714	-0.057012	0.052848	-0.157095	-0.003298	-0.104247
2	1	5	-0.051939	0.048954	0.037298	-0.132117	-0.002985	-0.094819
3	2	3	-0.040900	0.037714	0.043433	-0.126732	-0.003186	-0.083299
4	2	4	-0.043064	0.040185	0.064266	-0.128371	-0.002878	-0.064105
5	2	5	-0.074217	0.071314	0.042639	-0.108384	-0.002903	-0.065745
6	3	4	-0.008453	0.004872	-0.012316	-0.012008	-0.003582	-0.024323
7	4	5	-0.123532	0.120375	-0.094087	0.095217	-0.003156	0.001130
8	4	7	-0.345135	0.341583	0.175486	-0.143693	-0.003552	0.031793
9	4	9	-0.052628	0.049103	0.097900	-0.090950	-0.003526	0.006950
10	5	6	-0.314903	0.311360	0.129243	-0.101465	-0.003543	0.027778
11	6	11	0.135864	-0.137394	0.040212	-0.035782	-0.001530	0.004430
12	6	12	0.080255	-0.082895	0.024703	-0.022592	-0.002640	0.002111
13	6	13	0.202905	-0.203116	0.076883	-0.070030	-0.000211	0.006853
14	7	8	-0.701334	0.697694	-0.032302	0.129006	-0.003640	0.096704
15	7	9	0.361546	-0.365150	0.175948	-0.155788	-0.003604	0.020160
16	9	10	-0.022253	0.018708	0.043063	-0.042746	-0.003545	0.000317
17	9	14	0.045090	-0.048175	0.037634	-0.036304	-0.003085	0.001330
18	10	11	-0.106879	0.104264	-0.015302	0.017819	-0.002615	0.002517
19	12	13	0.023757	-0.027308	0.006501	-0.006174	-0.003551	0.000327
20	13	14	0.097271	-0.098982	0.018128	-0.013833	-0.001711	0.004295

Summary
Total Pg           : 2.505871
Total Qg           : 0.505904
Total Load P       : 2.590000
Total Load Q       : 0.735000
Total Active Loss  : -0.058740
Total Reactive Loss: -0.229843
Total Load Supplied: 99.019715%

========================================================================================================================
Update time: 2026-06-09 19:23:03
Iteration: 50
rho: 80
alpha: 3.6554526
objective_value: 4.71726680736
feasible: False
max_abs_h: 1.796145219324e-03
l2_norm_h: 1.248685082305e-02
lambda_inf_norm: 1.845571813532e+00
lambda_l2_norm: 1.310581575079e+01
------------------------------------------------------------------------------------------------------------------------
Bus Results
BusID	V_R		V_I		Vmag		Pg		Qg		Pl		Ql
1	1.001038	0.000340	1.001042	0.000000	0.087004	0.000000	0.000000
2	0.993757	-0.000900	0.993759	0.000000	0.111320	0.217000	0.127000
3	0.979057	0.010779	0.979084	0.968995	0.054854	0.942000	0.190000
4	0.979469	0.012016	0.979540	0.000000	0.000000	0.478000	-0.039000
5	0.984988	0.016040	0.985117	0.000000	0.000000	0.076000	0.016000
6	0.953547	0.090068	0.957783	0.841642	0.118022	0.112000	0.075000
7	0.942742	0.083656	0.946485	0.000000	0.000000	0.000000	0.000000
8	0.938314	0.214979	0.962598	0.701483	0.136775	0.000000	0.000000
9	0.925858	0.039405	0.926666	0.000000	0.000000	0.295000	0.166000
10	0.922417	0.042519	0.923306	0.000000	0.000000	0.090000	0.058000
11	0.933914	0.063491	0.936129	0.000000	0.000000	0.035000	0.018000
12	0.938208	0.069718	0.940783	0.000000	0.000000	0.061000	0.016000
13	0.931150	0.065249	0.933487	0.000000	0.000000	0.135000	0.058000
14	0.908713	0.029972	0.909091	0.000000	0.000000	0.149000	0.050000

Branch Results
LineID	From	To	Pik		Pki		Qik		Qki		LossP		LossQ
1	1	2	0.053582	-0.056814	0.052229	-0.156383	-0.003232	-0.104154
2	1	5	-0.051847	0.048995	0.034786	-0.129649	-0.002852	-0.094863
3	2	3	-0.040628	0.037519	0.039842	-0.123342	-0.003109	-0.083500
4	2	4	-0.043428	0.040629	0.060844	-0.125220	-0.002799	-0.064376
5	2	5	-0.074338	0.071493	0.039959	-0.105504	-0.002846	-0.065545
6	3	4	-0.008740	0.005241	-0.011923	-0.012664	-0.003500	-0.024586
7	4	5	-0.122624	0.119567	-0.091201	0.092182	-0.003056	0.000981
8	4	7	-0.346940	0.343648	0.171608	-0.139972	-0.003292	0.031636
9	4	9	-0.052662	0.049409	0.096581	-0.089964	-0.003252	0.006617
10	5	6	-0.314319	0.310947	0.126910	-0.099221	-0.003373	0.027689
11	6	11	0.136075	-0.137299	0.040435	-0.035833	-0.001224	0.004602
12	6	12	0.080723	-0.083100	0.024825	-0.022577	-0.002377	0.002248
13	6	13	0.203586	-0.203508	0.076977	-0.070046	0.000078	0.006931
14	7	8	-0.706631	0.703198	-0.038525	0.136723	-0.003433	0.098198
15	7	9	0.364681	-0.367921	0.178423	-0.157765	-0.003240	0.020658
16	9	10	-0.020913	0.017776	0.043691	-0.043130	-0.003137	0.000560
17	9	14	0.046010	-0.048665	0.037890	-0.036405	-0.002655	0.001485
18	10	11	-0.106248	0.104021	-0.015023	0.017770	-0.002227	0.002747
19	12	13	0.023856	-0.027146	0.006469	-0.006164	-0.003290	0.000305
20	13	14	0.097337	-0.098694	0.018103	-0.013792	-0.001357	0.004311

Summary
Total Pg           : 2.512121
Total Qg           : 0.507974
Total Load P       : 2.590000
Total Load Q       : 0.735000
Total Active Loss  : -0.054172
Total Reactive Loss: -0.228055
Total Load Supplied: 99.084675%

========================================================================================================================
Update time: 2026-06-09 19:27:01
Iteration: 51
rho: 80
alpha: 3.6554526
objective_value: 4.72750443389
feasible: False
max_abs_h: 1.869327222802e-03
l2_norm_h: 1.182962482813e-02
lambda_inf_norm: 1.851962112382e+00
lambda_l2_norm: 1.314833155962e+01
------------------------------------------------------------------------------------------------------------------------
Bus Results
BusID	V_R		V_I		Vmag		Pg		Qg		Pl		Ql
1	1.000407	-0.000015	1.000398	0.000000	0.100000	0.000000	0.000000
2	0.992489	-0.001040	0.992503	0.000000	0.095325	0.217000	0.127000
3	0.978193	0.010347	0.978209	0.966145	0.058809	0.942000	0.190000
4	0.978525	0.012093	0.978589	0.000000	0.000000	0.478000	-0.039000
5	0.984062	0.016074	0.984203	0.000000	0.000000	0.076000	0.016000
6	0.952415	0.090976	0.956752	0.843869	0.119745	0.112000	0.075000
7	0.941782	0.084779	0.945653	0.000000	0.000000	0.000000	0.000000
8	0.937135	0.217316	0.962012	0.707680	0.138806	0.000000	0.000000
9	0.924957	0.040388	0.925832	0.000000	0.000000	0.295000	0.166000
10	0.921530	0.043516	0.922482	0.000000	0.000000	0.090000	0.058000
11	0.932909	0.064442	0.935169	0.000000	0.000000	0.035000	0.018000
12	0.936892	0.070685	0.939520	0.000000	0.000000	0.061000	0.016000
13	0.929886	0.066232	0.932402	0.000000	0.000000	0.135000	0.058000
14	0.907629	0.030983	0.908077	0.000000	0.000000	0.149000	0.050000

Branch Results
LineID	From	To	Pik		Pki		Qik		Qki		LossP		LossQ
1	1	2	0.053952	-0.056277	0.062884	-0.166599	-0.002325	-0.103716
2	1	5	-0.052691	0.050551	0.036772	-0.131429	-0.002140	-0.094657
3	2	3	-0.039346	0.036752	0.037764	-0.120888	-0.002594	-0.083124
4	2	4	-0.044618	0.042411	0.059215	-0.123710	-0.002207	-0.064495
5	2	5	-0.075335	0.073182	0.037969	-0.104408	-0.002152	-0.066439
6	3	4	-0.010856	0.007826	-0.010482	-0.013790	-0.003031	-0.024272
7	4	5	-0.121466	0.119101	-0.091796	0.092759	-0.002365	0.000963
8	4	7	-0.351320	0.348342	0.171531	-0.139129	-0.002979	0.032401
9	4	9	-0.053998	0.050760	0.096727	-0.089915	-0.003238	0.006812
10	5	6	-0.317394	0.314256	0.127263	-0.099281	-0.003138	0.027983
11	6	11	0.135583	-0.136836	0.039983	-0.035424	-0.001253	0.004560
12	6	12	0.080549	-0.083070	0.025628	-0.022999	-0.002521	0.002629
13	6	13	0.203182	-0.203083	0.078311	-0.070853	0.000098	0.007458
14	7	8	-0.712385	0.709348	-0.038967	0.138833	-0.003037	0.099866
15	7	9	0.365575	-0.368742	0.178167	-0.157816	-0.003167	0.020351
16	9	10	-0.021278	0.017845	0.043330	-0.043156	-0.003433	0.000174
17	9	14	0.045951	-0.048868	0.038376	-0.036896	-0.002917	0.001480
18	10	11	-0.105976	0.103490	-0.014805	0.017292	-0.002486	0.002487
19	12	13	0.023698	-0.027061	0.006693	-0.005721	-0.003363	0.000972
20	13	14	0.096931	-0.098384	0.018134	-0.013299	-0.001453	0.004834

Summary
Total Pg           : 2.517694
Total Qg           : 0.512686
Total Load P       : 2.590000
Total Load Q       : 0.735000
Total Active Loss  : -0.049701
Total Reactive Loss: -0.223732
Total Load Supplied: 99.127226%

========================================================================================================================
Update time: 2026-06-09 19:30:59
Iteration: 52
rho: 80
alpha: 3.7651161
objective_value: 4.73277734632
feasible: False
max_abs_h: 1.633712921367e-03
l2_norm_h: 1.129660497835e-02
lambda_inf_norm: 1.857711024325e+00
lambda_l2_norm: 1.318930670163e+01
------------------------------------------------------------------------------------------------------------------------
Bus Results
BusID	V_R		V_I		Vmag		Pg		Qg		Pl		Ql
1	1.000985	0.000361	1.000974	0.000000	0.095613	0.000000	0.000000
2	0.993198	-0.000753	0.993183	0.000000	0.092584	0.217000	0.127000
3	0.979362	0.010017	0.979398	0.961051	0.063303	0.942000	0.190000
4	0.979521	0.012393	0.979585	0.000000	0.000000	0.478000	-0.039000
5	0.984973	0.016393	0.985094	0.000000	0.000000	0.076000	0.016000
6	0.953704	0.091278	0.958041	0.845905	0.118951	0.112000	0.075000
7	0.942968	0.085602	0.946872	0.000000	0.000000	0.000000	0.000000
8	0.938434	0.219093	0.963657	0.713714	0.141966	0.000000	0.000000
9	0.926215	0.040912	0.927087	0.000000	0.000000	0.295000	0.166000
10	0.922787	0.043939	0.923742	0.000000	0.000000	0.090000	0.058000
11	0.934206	0.064768	0.936490	0.000000	0.000000	0.035000	0.018000
12	0.938355	0.070847	0.940994	0.000000	0.000000	0.061000	0.016000
13	0.931335	0.066411	0.933736	0.000000	0.000000	0.135000	0.058000
14	0.909033	0.031266	0.909449	0.000000	0.000000	0.149000	0.050000

Branch Results
LineID	From	To	Pik		Pki		Qik		Qki		LossP		LossQ
1	1	2	0.054483	-0.057125	0.060580	-0.164598	-0.002642	-0.104018
2	1	5	-0.053021	0.050639	0.035047	-0.129872	-0.002382	-0.094824
3	2	3	-0.037016	0.034315	0.034733	-0.118352	-0.002701	-0.083619
4	2	4	-0.045340	0.042998	0.058047	-0.122267	-0.002342	-0.064220
5	2	5	-0.076009	0.073682	0.037362	-0.103123	-0.002328	-0.065761
6	3	4	-0.013679	0.010677	-0.008464	-0.015878	-0.003002	-0.024341
7	4	5	-0.121399	0.118815	-0.089941	0.090999	-0.002583	0.001058
8	4	7	-0.354298	0.351345	0.170708	-0.137881	-0.002953	0.032827
9	4	9	-0.054512	0.051553	0.096304	-0.089397	-0.002959	0.006907
10	5	6	-0.317697	0.314708	0.125961	-0.097897	-0.002989	0.028064
11	6	11	0.135762	-0.136803	0.040085	-0.035648	-0.001041	0.004437
12	6	12	0.081084	-0.083207	0.024833	-0.022652	-0.002123	0.002181
13	6	13	0.203886	-0.203580	0.076947	-0.070010	0.000306	0.006937
14	7	8	-0.718355	0.715277	-0.040566	0.141937	-0.003077	0.101370
15	7	9	0.368511	-0.371553	0.178400	-0.157592	-0.003042	0.020807
16	9	10	-0.020135	0.017113	0.043184	-0.042872	-0.003021	0.000312
17	9	14	0.046659	-0.049187	0.037761	-0.036374	-0.002528	0.001387
18	10	11	-0.105544	0.103416	-0.015181	0.017668	-0.002128	0.002487
19	12	13	0.023815	-0.026852	0.006532	-0.006158	-0.003037	0.000374
20	13	14	0.097023	-0.098240	0.018064	-0.013783	-0.001218	0.004281

Summary
Total Pg           : 2.520670
Total Qg           : 0.512416
Total Load P       : 2.590000
Total Load Q       : 0.735000
Total Active Loss  : -0.047791
Total Reactive Loss: -0.223355
Total Load Supplied: 99.168362%

========================================================================================================================
Update time: 2026-06-09 19:34:57
Iteration: 53
rho: 80
alpha: 3.7651161
objective_value: 4.73693605561
feasible: False
max_abs_h: 1.602146150831e-03
l2_norm_h: 1.095261897014e-02
lambda_inf_norm: 1.863557849476e+00
lambda_l2_norm: 1.323024337261e+01
------------------------------------------------------------------------------------------------------------------------
Bus Results
BusID	V_R		V_I		Vmag		Pg		Qg		Pl		Ql
1	1.000985	-0.000072	1.000982	0.000000	0.091596	0.000000	0.000000
2	0.993314	-0.001257	0.993308	0.000000	0.088570	0.217000	0.127000
3	0.979897	0.008864	0.979939	0.954831	0.067254	0.942000	0.190000
4	0.980055	0.011984	0.980125	0.000000	0.000000	0.478000	-0.039000
5	0.985434	0.016008	0.985555	0.000000	0.000000	0.076000	0.016000
6	0.954629	0.091396	0.958979	0.848569	0.120905	0.112000	0.075000
7	0.943863	0.085982	0.947801	0.000000	0.000000	0.000000	0.000000
8	0.939592	0.220455	0.965100	0.719679	0.145572	0.000000	0.000000
9	0.927131	0.041127	0.928013	0.000000	0.000000	0.295000	0.166000
10	0.923712	0.044115	0.924684	0.000000	0.000000	0.090000	0.058000
11	0.935127	0.064895	0.937424	0.000000	0.000000	0.035000	0.018000
12	0.939304	0.070962	0.941961	0.000000	0.000000	0.061000	0.016000
13	0.932285	0.066538	0.934697	0.000000	0.000000	0.135000	0.058000
14	0.910002	0.031443	0.910427	0.000000	0.000000	0.149000	0.050000

Branch Results
LineID	From	To	Pik		Pki		Qik		Qki		LossP		LossQ
1	1	2	0.055069	-0.057642	0.058415	-0.162483	-0.002573	-0.104068
2	1	5	-0.053631	0.051301	0.033183	-0.128046	-0.002330	-0.094863
3	2	3	-0.034321	0.031685	0.032024	-0.115821	-0.002636	-0.083797
4	2	4	-0.046441	0.044174	0.056122	-0.120431	-0.002267	-0.064309
5	2	5	-0.077136	0.074887	0.035845	-0.101563	-0.002249	-0.065719
6	3	4	-0.017331	0.014434	-0.007038	-0.017310	-0.002898	-0.024348
7	4	5	-0.121490	0.118987	-0.088204	0.089299	-0.002503	0.001095
8	4	7	-0.358111	0.355253	0.169185	-0.135938	-0.002858	0.033247
9	4	9	-0.055573	0.052712	0.095673	-0.088812	-0.002860	0.006861
10	5	6	-0.319783	0.316895	0.124222	-0.095891	-0.002888	0.028331
11	6	11	0.135926	-0.136841	0.040172	-0.035720	-0.000915	0.004453
12	6	12	0.081188	-0.083237	0.024757	-0.022626	-0.002049	0.002131
13	6	13	0.204032	-0.203638	0.076881	-0.069973	0.000395	0.006908
14	7	8	-0.724099	0.721172	-0.042725	0.145558	-0.002927	0.102833
15	7	9	0.370311	-0.373255	0.178634	-0.157749	-0.002944	0.020885
16	9	10	-0.019755	0.016857	0.042980	-0.042725	-0.002898	0.000255
17	9	14	0.046787	-0.049254	0.037565	-0.036261	-0.002467	0.001304
18	10	11	-0.105354	0.103373	-0.015302	0.017749	-0.001981	0.002447
19	12	13	0.023828	-0.026819	0.006540	-0.006189	-0.002991	0.000351
20	13	14	0.097023	-0.098193	0.018075	-0.013858	-0.001170	0.004217

Summary
Total Pg           : 2.523080
Total Qg           : 0.513896
Total Load P       : 2.590000
Total Load Q       : 0.735000
Total Active Loss  : -0.046008
Total Reactive Loss: -0.221785
Total Load Supplied: 99.192577%

========================================================================================================================
Update time: 2026-06-09 19:38:55
Iteration: 54
rho: 80
alpha: 3.7651161
objective_value: 4.74416340079
feasible: False
max_abs_h: 1.508670415221e-03
l2_norm_h: 1.038095374474e-02
lambda_inf_norm: 1.869057381934e+00
lambda_l2_norm: 1.326918119392e+01
------------------------------------------------------------------------------------------------------------------------
Bus Results
BusID	V_R		V_I		Vmag		Pg		Qg		Pl		Ql
1	0.999799	-0.000383	0.999810	0.000000	0.091360	0.000000	0.000000
2	0.992139	-0.001599	0.992149	0.000000	0.086044	0.217000	0.127000
3	0.979369	0.008040	0.979410	0.951273	0.075135	0.942000	0.190000
4	0.978906	0.011820	0.978988	0.000000	0.000000	0.478000	-0.039000
5	0.984215	0.015830	0.984356	0.000000	0.000000	0.076000	0.016000
6	0.952839	0.091473	0.957237	0.849540	0.118435	0.112000	0.075000
7	0.942195	0.086656	0.946229	0.000000	0.000000	0.000000	0.000000
8	0.937434	0.222535	0.963506	0.726246	0.146468	0.000000	0.000000
9	0.925527	0.041399	0.926440	0.000000	0.000000	0.295000	0.166000
10	0.922093	0.044304	0.923116	0.000000	0.000000	0.090000	0.058000
11	0.933461	0.064989	0.935798	0.000000	0.000000	0.035000	0.018000
12	0.937439	0.070950	0.940130	0.000000	0.000000	0.061000	0.016000
13	0.930458	0.066538	0.932892	0.000000	0.000000	0.135000	0.058000
14	0.908249	0.031505	0.908718	0.000000	0.000000	0.149000	0.050000

Branch Results
LineID	From	To	Pik		Pki		Qik		Qki		LossP		LossQ
1	1	2	0.055478	-0.057989	0.058011	-0.161891	-0.002512	-0.103880
2	1	5	-0.054059	0.051838	0.033410	-0.128159	-0.002222	-0.094749
3	2	3	-0.032641	0.030130	0.028408	-0.112212	-0.002511	-0.083804
4	2	4	-0.047238	0.045134	0.056220	-0.120406	-0.002104	-0.064186
5	2	5	-0.077733	0.075650	0.036303	-0.101961	-0.002083	-0.065659
6	3	4	-0.019373	0.016615	-0.002729	-0.021637	-0.002758	-0.024366
7	4	5	-0.120534	0.118229	-0.086740	0.087693	-0.002305	0.000954
8	4	7	-0.361665	0.358899	0.171421	-0.137301	-0.002766	0.034120
9	4	9	-0.056218	0.053540	0.096321	-0.089345	-0.002678	0.006977
10	5	6	-0.320417	0.317712	0.126414	-0.097838	-0.002705	0.028576
11	6	11	0.135461	-0.136282	0.039563	-0.035380	-0.000821	0.004183
12	6	12	0.081486	-0.083317	0.024943	-0.022677	-0.001831	0.002266
13	6	13	0.204237	-0.203691	0.076804	-0.069903	0.000546	0.006901
14	7	8	-0.730554	0.727680	-0.041282	0.146399	-0.002874	0.105117
15	7	9	0.373079	-0.375897	0.178485	-0.157177	-0.002819	0.021308
16	9	10	-0.018827	0.016083	0.042768	-0.042586	-0.002744	0.000182
17	9	14	0.047549	-0.049828	0.037715	-0.036368	-0.002279	0.001348
18	10	11	-0.104641	0.102767	-0.015364	0.017549	-0.001874	0.002185
19	12	13	0.023782	-0.026545	0.006527	-0.006126	-0.002763	0.000401
20	13	14	0.096722	-0.097712	0.017958	-0.013759	-0.000989	0.004200

Summary
Total Pg           : 2.527059
Total Qg           : 0.517442
Total Load P       : 2.590000
Total Load Q       : 0.735000
Total Active Loss  : -0.043090
Total Reactive Loss: -0.217925
Total Load Supplied: 99.233561%

========================================================================================================================
Update time: 2026-06-09 19:42:53
Iteration: 55
rho: 80
alpha: 3.7651161
objective_value: 4.7517861119
feasible: False
max_abs_h: 1.407957100105e-03
l2_norm_h: 9.811594690533e-03
lambda_inf_norm: 1.874101440847e+00
lambda_l2_norm: 1.330590098855e+01
------------------------------------------------------------------------------------------------------------------------
Bus Results
BusID	V_R		V_I		Vmag		Pg		Qg		Pl		Ql
1	1.000790	0.000058	1.000775	0.000000	0.087475	0.000000	0.000000
2	0.993277	-0.001214	0.993258	0.000000	0.083344	0.217000	0.127000
3	0.980963	0.008015	0.980977	0.948068	0.079261	0.942000	0.190000
4	0.980332	0.012257	0.980388	0.000000	0.000000	0.478000	-0.039000
5	0.985560	0.016262	0.985676	0.000000	0.000000	0.076000	0.016000
6	0.954344	0.091970	0.958744	0.851113	0.119020	0.112000	0.075000
7	0.943801	0.087591	0.947873	0.000000	0.000000	0.000000	0.000000
8	0.939117	0.224293	0.965512	0.732057	0.149181	0.000000	0.000000
9	0.927145	0.042129	0.928065	0.000000	0.000000	0.295000	0.166000
10	0.923662	0.044976	0.924674	0.000000	0.000000	0.090000	0.058000
11	0.934952	0.065558	0.937280	0.000000	0.000000	0.035000	0.018000
12	0.938994	0.071402	0.941678	0.000000	0.000000	0.061000	0.016000
13	0.932016	0.067015	0.934449	0.000000	0.000000	0.135000	0.058000
14	0.909863	0.032088	0.910320	0.000000	0.000000	0.149000	0.050000

Branch Results
LineID	From	To	Pik		Pki		Qik		Qki		LossP		LossQ
1	1	2	0.055692	-0.058056	0.055576	-0.159656	-0.002365	-0.104080
2	1	5	-0.054370	0.052280	0.031916	-0.126882	-0.002091	-0.094965
3	2	3	-0.031214	0.028779	0.025752	-0.109870	-0.002435	-0.084118
4	2	4	-0.048011	0.045991	0.054882	-0.119243	-0.002019	-0.064361
5	2	5	-0.078376	0.076384	0.035328	-0.101130	-0.001992	-0.065802
6	3	4	-0.021316	0.018699	-0.000976	-0.023380	-0.002617	-0.024356
7	4	5	-0.120005	0.117750	-0.085210	0.086202	-0.002254	0.000992
8	4	7	-0.364579	0.361985	0.170653	-0.136303	-0.002594	0.034351
9	4	9	-0.056823	0.054269	0.096122	-0.089123	-0.002554	0.006999
10	5	6	-0.321142	0.318528	0.125783	-0.097221	-0.002614	0.028561
11	6	11	0.135491	-0.136109	0.039904	-0.035536	-0.000619	0.004368
12	6	12	0.081775	-0.083462	0.024723	-0.022589	-0.001687	0.002134
13	6	13	0.204651	-0.203892	0.076639	-0.069762	0.000760	0.006877
14	7	8	-0.736125	0.733422	-0.042851	0.149152	-0.002703	0.106301
15	7	9	0.375452	-0.378075	0.179112	-0.157713	-0.002623	0.021399
16	9	10	-0.018038	0.015493	0.043154	-0.042873	-0.002545	0.000281
17	9	14	0.048140	-0.050189	0.037651	-0.036293	-0.002049	0.001358
18	10	11	-0.104166	0.102493	-0.015165	0.017569	-0.001673	0.002404
19	12	13	0.023849	-0.026440	0.006517	-0.006239	-0.002591	0.000278
20	13	14	0.096694	-0.097471	0.017950	-0.013816	-0.000777	0.004134

Summary
Total Pg           : 2.531239
Total Qg           : 0.518281
Total Load P       : 2.590000
Total Load Q       : 0.735000
Total Active Loss  : -0.040043
Total Reactive Loss: -0.217247
Total Load Supplied: 99.277289%

========================================================================================================================
Update time: 2026-06-09 19:46:50
Iteration: 56
rho: 80
alpha: 3.8780696
objective_value: 4.75834710638
feasible: False
max_abs_h: 1.339924991088e-03
l2_norm_h: 9.347263141712e-03
lambda_inf_norm: 1.878882024605e+00
lambda_l2_norm: 1.334071506194e+01
------------------------------------------------------------------------------------------------------------------------
Bus Results
BusID	V_R		V_I		Vmag		Pg		Qg		Pl		Ql
1	1.001164	0.000099	1.001157	0.000000	0.082974	0.000000	0.000000
2	0.993809	-0.001234	0.993798	0.000000	0.080339	0.217000	0.127000
3	0.981965	0.007592	0.981983	0.944838	0.083214	0.942000	0.190000
4	0.981209	0.012287	0.981273	0.000000	0.000000	0.478000	-0.039000
5	0.986355	0.016286	0.986478	0.000000	0.000000	0.076000	0.016000
6	0.955434	0.092147	0.959852	0.852392	0.120084	0.112000	0.075000
7	0.944949	0.088201	0.949078	0.000000	0.000000	0.000000	0.000000
8	0.940453	0.225764	0.967159	0.737620	0.152372	0.000000	0.000000
9	0.928315	0.042547	0.929260	0.000000	0.000000	0.295000	0.166000
10	0.924825	0.045333	0.925861	0.000000	0.000000	0.090000	0.058000
11	0.936077	0.065808	0.938423	0.000000	0.000000	0.035000	0.018000
12	0.940098	0.071559	0.942797	0.000000	0.000000	0.061000	0.016000
13	0.933136	0.067195	0.935582	0.000000	0.000000	0.135000	0.058000
14	0.911035	0.032384	0.911513	0.000000	0.000000	0.149000	0.050000

Branch Results
LineID	From	To	Pik		Pki		Qik		Qki		LossP		LossQ
1	1	2	0.055922	-0.058146	0.052862	-0.157059	-0.002225	-0.104197
2	1	5	-0.054679	0.052720	0.030120	-0.125246	-0.001959	-0.095126
3	2	3	-0.029771	0.027454	0.023061	-0.107399	-0.002317	-0.084338
4	2	4	-0.048794	0.046903	0.053235	-0.117727	-0.001891	-0.064492
5	2	5	-0.079019	0.077161	0.034062	-0.099963	-0.001858	-0.065901
6	3	4	-0.023289	0.020817	0.000509	-0.024895	-0.002471	-0.024386
7	4	5	-0.119397	0.117270	-0.083568	0.084544	-0.002126	0.000975
8	4	7	-0.367604	0.365148	0.169467	-0.134795	-0.002455	0.034672
9	4	9	-0.057504	0.055087	0.095667	-0.088692	-0.002417	0.006975
10	5	6	-0.321948	0.319466	0.124635	-0.096057	-0.002482	0.028578
11	6	11	0.135357	-0.135855	0.039924	-0.035580	-0.000498	0.004344
12	6	12	0.081981	-0.083537	0.024685	-0.022574	-0.001556	0.002111
13	6	13	0.204855	-0.203966	0.076562	-0.069713	0.000889	0.006848
14	7	8	-0.741489	0.738919	-0.044738	0.152350	-0.002570	0.107612
15	7	9	0.377584	-0.380068	0.179502	-0.157970	-0.002484	0.021532
16	9	10	-0.017397	0.014985	0.043080	-0.042810	-0.002412	0.000270
17	9	14	0.048604	-0.050509	0.037559	-0.036217	-0.001905	0.001342
18	10	11	-0.103724	0.102173	-0.015227	0.017611	-0.001551	0.002384
19	12	13	0.023858	-0.026313	0.006520	-0.006279	-0.002456	0.000242
20	13	14	0.096574	-0.097221	0.017955	-0.013877	-0.000648	0.004078

Summary
Total Pg           : 2.534849
Total Qg           : 0.518982
Total Load P       : 2.590000
Total Load Q       : 0.735000
Total Active Loss  : -0.037391
Total Reactive Loss: -0.216476
Total Load Supplied: 99.314288%

========================================================================================================================
Update time: 2026-06-09 19:50:48
Iteration: 57
rho: 80
alpha: 3.8780696
objective_value: 4.7647081762
feasible: False
max_abs_h: 1.276581439053e-03
l2_norm_h: 8.866430519033e-03
lambda_inf_norm: 1.883580156004e+00
lambda_l2_norm: 1.337468419255e+01
------------------------------------------------------------------------------------------------------------------------
Bus Results
BusID	V_R		V_I		Vmag		Pg		Qg		Pl		Ql
1	1.001187	0.000129	1.001186	0.000000	0.078421	0.000000	0.000000
2	0.993991	-0.001265	0.993985	0.000000	0.077423	0.217000	0.127000
3	0.982605	0.007170	0.982626	0.941669	0.087091	0.942000	0.190000
4	0.981737	0.012309	0.981806	0.000000	0.000000	0.478000	-0.039000
5	0.986803	0.016303	0.986931	0.000000	0.000000	0.076000	0.016000
6	0.956197	0.092343	0.960635	0.853591	0.121406	0.112000	0.075000
7	0.945742	0.088834	0.949930	0.000000	0.000000	0.000000	0.000000
8	0.941439	0.227294	0.968480	0.743091	0.155723	0.000000	0.000000
9	0.929129	0.042974	0.930100	0.000000	0.000000	0.295000	0.166000
10	0.925635	0.045699	0.926697	0.000000	0.000000	0.090000	0.058000
11	0.936863	0.066073	0.939228	0.000000	0.000000	0.035000	0.018000
12	0.940864	0.071736	0.943582	0.000000	0.000000	0.061000	0.016000
13	0.933916	0.067393	0.936377	0.000000	0.000000	0.135000	0.058000
14	0.911852	0.032692	0.912349	0.000000	0.000000	0.149000	0.050000

Branch Results
LineID	From	To	Pik		Pki		Qik		Qki		LossP		LossQ
1	1	2	0.056144	-0.058222	0.050127	-0.154376	-0.002078	-0.104249
2	1	5	-0.054979	0.053166	0.028301	-0.123535	-0.001813	-0.095234
3	2	3	-0.028357	0.026170	0.020434	-0.104929	-0.002187	-0.084496
4	2	4	-0.049576	0.047826	0.051565	-0.116159	-0.001750	-0.064594
5	2	5	-0.079652	0.077945	0.032769	-0.098731	-0.001707	-0.065963
6	3	4	-0.025238	0.022911	0.001921	-0.026328	-0.002327	-0.024407
7	4	5	-0.118758	0.116774	-0.081960	0.082898	-0.001984	0.000938
8	4	7	-0.370649	0.368316	0.168232	-0.133208	-0.002333	0.035024
9	4	9	-0.058191	0.055915	0.095174	-0.088230	-0.002275	0.006944
10	5	6	-0.322754	0.320412	0.123348	-0.094756	-0.002341	0.028591
11	6	11	0.135199	-0.135595	0.039979	-0.035659	-0.000396	0.004320
12	6	12	0.082161	-0.083601	0.024677	-0.022576	-0.001440	0.002100
13	6	13	0.205027	-0.204013	0.076541	-0.069709	0.001014	0.006832
14	7	8	-0.746791	0.744332	-0.046697	0.155701	-0.002458	0.109004
15	7	9	0.379661	-0.382029	0.179873	-0.158184	-0.002368	0.021689
16	9	10	-0.016753	0.014467	0.042948	-0.042694	-0.002286	0.000254
17	9	14	0.049028	-0.050816	0.037451	-0.036128	-0.001787	0.001323
18	10	11	-0.103275	0.101855	-0.015337	0.017694	-0.001420	0.002358
19	12	13	0.023863	-0.026192	0.006535	-0.006308	-0.002329	0.000227
20	13	14	0.096437	-0.096973	0.017988	-0.013954	-0.000536	0.004034

Summary
Total Pg           : 2.538351
Total Qg           : 0.520064
Total Load P       : 2.590000
Total Load Q       : 0.735000
Total Active Loss  : -0.034801
Total Reactive Loss: -0.215304
Total Load Supplied: 99.349499%

========================================================================================================================
Update time: 2026-06-09 19:54:46
Iteration: 58
rho: 80
alpha: 3.8780696
objective_value: 4.77041567124
feasible: False
max_abs_h: 1.256488756529e-03
l2_norm_h: 8.439076031547e-03
lambda_inf_norm: 1.888010078739e+00
lambda_l2_norm: 1.340694686237e+01
------------------------------------------------------------------------------------------------------------------------
Bus Results
BusID	V_R		V_I		Vmag		Pg		Qg		Pl		Ql
1	1.001256	0.000114	1.001253	0.000000	0.073823	0.000000	0.000000
2	0.994220	-0.001344	0.994214	0.000000	0.074562	0.217000	0.127000
3	0.983276	0.006691	0.983293	0.938396	0.090835	0.942000	0.190000
4	0.982310	0.012272	0.982378	0.000000	0.000000	0.478000	-0.039000
5	0.987299	0.016262	0.987427	0.000000	0.000000	0.076000	0.016000
6	0.957049	0.092437	0.961491	0.854669	0.122961	0.112000	0.075000
7	0.946607	0.089369	0.950839	0.000000	0.000000	0.000000	0.000000
8	0.942515	0.228691	0.969854	0.748439	0.159033	0.000000	0.000000
9	0.930012	0.043310	0.930997	0.000000	0.000000	0.295000	0.166000
10	0.926517	0.045972	0.927594	0.000000	0.000000	0.090000	0.058000
11	0.937728	0.066237	0.940100	0.000000	0.000000	0.035000	0.018000
12	0.941711	0.071812	0.944430	0.000000	0.000000	0.061000	0.016000
13	0.934777	0.067493	0.937241	0.000000	0.000000	0.135000	0.058000
14	0.912739	0.032905	0.913247	0.000000	0.000000	0.149000	0.050000

Branch Results
LineID	From	To	Pik		Pki		Qik		Qki		LossP		LossQ
1	1	2	0.056376	-0.058363	0.047368	-0.151687	-0.001987	-0.104319
2	1	5	-0.055264	0.053531	0.026462	-0.121801	-0.001732	-0.095339
3	2	3	-0.026910	0.024807	0.017867	-0.102525	-0.002103	-0.084658
4	2	4	-0.050322	0.048660	0.049893	-0.114569	-0.001662	-0.064676
5	2	5	-0.080265	0.078651	0.031454	-0.097481	-0.001614	-0.066026
6	3	4	-0.027209	0.025004	0.003263	-0.027674	-0.002205	-0.024411
7	4	5	-0.118193	0.116303	-0.080393	0.081327	-0.001890	0.000934
8	4	7	-0.373534	0.371326	0.166917	-0.131570	-0.002208	0.035347
9	4	9	-0.058844	0.056678	0.094668	-0.087740	-0.002166	0.006928
10	5	6	-0.323404	0.321165	0.121928	-0.093328	-0.002238	0.028600
11	6	11	0.135087	-0.135343	0.040064	-0.035767	-0.000256	0.004297
12	6	12	0.082358	-0.083667	0.024694	-0.022594	-0.001309	0.002099
13	6	13	0.205204	-0.204072	0.076565	-0.069743	0.001132	0.006823
14	7	8	-0.751941	0.749617	-0.048676	0.159016	-0.002324	0.110340
15	7	9	0.381735	-0.383965	0.180226	-0.158392	-0.002230	0.021833
16	9	10	-0.016101	0.013953	0.042782	-0.042545	-0.002148	0.000237
17	9	14	0.049484	-0.051130	0.037341	-0.036020	-0.001646	0.001321
18	10	11	-0.102826	0.101527	-0.015478	0.017804	-0.001299	0.002326
19	12	13	0.023863	-0.026071	0.006554	-0.006339	-0.002208	0.000215
20	13	14	0.096313	-0.096728	0.018056	-0.014052	-0.000415	0.004003

Summary
Total Pg           : 2.541505
Total Qg           : 0.521214
Total Load P       : 2.590000
Total Load Q       : 0.735000
Total Active Loss  : -0.032510
Total Reactive Loss: -0.214127
Total Load Supplied: 99.382828%

========================================================================================================================
Update time: 2026-06-09 19:58:44
Iteration: 59
rho: 80
alpha: 3.8780696
objective_value: 4.77541790079
feasible: False
max_abs_h: 1.172618456022e-03
l2_norm_h: 8.012050325326e-03
lambda_inf_norm: 1.892131169522e+00
lambda_l2_norm: 1.343770635726e+01
------------------------------------------------------------------------------------------------------------------------
Bus Results
BusID	V_R		V_I		Vmag		Pg		Qg		Pl		Ql
1	1.000902	0.000222	1.000908	0.000000	0.068208	0.000000	0.000000
2	0.994058	-0.001312	0.994057	0.000000	0.071310	0.217000	0.127000
3	0.983552	0.006327	0.983564	0.935133	0.093984	0.942000	0.190000
4	0.982603	0.012314	0.982675	0.000000	0.000000	0.478000	-0.039000
5	0.987495	0.016316	0.987628	0.000000	0.000000	0.076000	0.016000
6	0.957700	0.092657	0.962173	0.855827	0.124908	0.112000	0.075000
7	0.947463	0.090002	0.951747	0.000000	0.000000	0.000000	0.000000
8	0.943933	0.230141	0.971565	0.753319	0.164171	0.000000	0.000000
9	0.930808	0.043759	0.931820	0.000000	0.000000	0.295000	0.166000
10	0.927299	0.046371	0.928399	0.000000	0.000000	0.090000	0.058000
11	0.938450	0.066543	0.940843	0.000000	0.000000	0.035000	0.018000
12	0.942343	0.071990	0.945072	0.000000	0.000000	0.061000	0.016000
13	0.935434	0.067684	0.937909	0.000000	0.000000	0.135000	0.058000
14	0.913474	0.033222	0.913990	0.000000	0.000000	0.149000	0.050000

Branch Results
LineID	From	To	Pik		Pki		Qik		Qki		LossP		LossQ
1	1	2	0.056626	-0.058501	0.044068	-0.148381	-0.001875	-0.104313
2	1	5	-0.055554	0.053825	0.024117	-0.119479	-0.001729	-0.095362
3	2	3	-0.025456	0.023478	0.015337	-0.100108	-0.001977	-0.084771
4	2	4	-0.051054	0.049544	0.047617	-0.112344	-0.001509	-0.064726
5	2	5	-0.080911	0.079351	0.029671	-0.095727	-0.001560	-0.066056
6	3	4	-0.029198	0.027160	0.004012	-0.028381	-0.002038	-0.024369
7	4	5	-0.117807	0.116017	-0.078297	0.079178	-0.001790	0.000881
8	4	7	-0.376390	0.374307	0.164228	-0.128648	-0.002083	0.035580
9	4	9	-0.059502	0.057464	0.093756	-0.086890	-0.002038	0.006867
10	5	6	-0.324141	0.321942	0.120000	-0.091399	-0.002200	0.028601
11	6	11	0.134762	-0.134962	0.040007	-0.035696	-0.000199	0.004311
12	6	12	0.082605	-0.083778	0.024768	-0.022613	-0.001173	0.002154
13	6	13	0.205610	-0.204231	0.076542	-0.069735	0.001379	0.006807
14	7	8	-0.756747	0.754437	-0.052617	0.164173	-0.002310	0.111556
15	7	9	0.383535	-0.385784	0.181265	-0.159291	-0.002249	0.021974
16	9	10	-0.015554	0.013476	0.042766	-0.042573	-0.002078	0.000193
17	9	14	0.049998	-0.051550	0.037422	-0.036057	-0.001553	0.001365
18	10	11	-0.102390	0.101128	-0.015439	0.017744	-0.001262	0.002305
19	12	13	0.023891	-0.025874	0.006532	-0.006308	-0.001983	0.000224
20	13	14	0.096164	-0.096387	0.018001	-0.014042	-0.000223	0.003959

Summary
Total Pg           : 2.544280
Total Qg           : 0.522581
Total Load P       : 2.590000
Total Load Q       : 0.735000
Total Active Loss  : -0.030450
Total Reactive Loss: -0.212819
Total Load Supplied: 99.410398%

========================================================================================================================
Update time: 2026-06-09 20:02:42
Iteration: 60
rho: 80
alpha: 3.9944117
objective_value: 4.78108639037
feasible: False
max_abs_h: 1.092441379975e-03
l2_norm_h: 7.594730021185e-03
lambda_inf_norm: 1.896105280555e+00
lambda_l2_norm: 1.346677636341e+01
------------------------------------------------------------------------------------------------------------------------
Bus Results
BusID	V_R		V_I		Vmag		Pg		Qg		Pl		Ql
1	1.001066	0.000118	1.001061	0.000000	0.063996	0.000000	0.000000
2	0.994365	-0.001470	0.994359	0.000000	0.068730	0.217000	0.127000
3	0.984254	0.005817	0.984265	0.932189	0.097325	0.942000	0.190000
4	0.983214	0.012202	0.983281	0.000000	0.000000	0.478000	-0.039000
5	0.988037	0.016191	0.988164	0.000000	0.000000	0.076000	0.016000
6	0.958577	0.092670	0.963035	0.856664	0.126301	0.112000	0.075000
7	0.948327	0.090421	0.952649	0.000000	0.000000	0.000000	0.000000
8	0.945014	0.231396	0.972924	0.758549	0.167463	0.000000	0.000000
9	0.931681	0.043985	0.932698	0.000000	0.000000	0.295000	0.166000
10	0.928168	0.046539	0.929277	0.000000	0.000000	0.090000	0.058000
11	0.939312	0.066608	0.941702	0.000000	0.000000	0.035000	0.018000
12	0.943233	0.072016	0.945964	0.000000	0.000000	0.061000	0.016000
13	0.936331	0.067737	0.938805	0.000000	0.000000	0.135000	0.058000
14	0.914378	0.033361	0.914910	0.000000	0.000000	0.149000	0.050000

Branch Results
LineID	From	To	Pik		Pki		Qik		Qki		LossP		LossQ
1	1	2	0.056781	-0.058569	0.041570	-0.145959	-0.001788	-0.104389
2	1	5	-0.055778	0.054238	0.022439	-0.117951	-0.001540	-0.095513
3	2	3	-0.024185	0.022268	0.013052	-0.097953	-0.001917	-0.084902
4	2	4	-0.051769	0.050298	0.046126	-0.110964	-0.001470	-0.064837
5	2	5	-0.081449	0.080046	0.028486	-0.094608	-0.001403	-0.066121
6	3	4	-0.030989	0.029022	0.005185	-0.029603	-0.001966	-0.024418
7	4	5	-0.117116	0.115433	-0.076927	0.077829	-0.001683	0.000901
8	4	7	-0.379099	0.377113	0.163103	-0.127186	-0.001985	0.035917
9	4	9	-0.060125	0.058178	0.093342	-0.086473	-0.001947	0.006869
10	5	6	-0.324744	0.322728	0.118702	-0.090098	-0.002016	0.028604
11	6	11	0.134760	-0.134810	0.040121	-0.035849	-0.000050	0.004272
12	6	12	0.082702	-0.083782	0.024730	-0.022621	-0.001080	0.002109
13	6	13	0.205508	-0.204152	0.076576	-0.069756	0.001356	0.006820
14	7	8	-0.761715	0.759617	-0.054507	0.167445	-0.002098	0.112938
15	7	9	0.385609	-0.387612	0.181672	-0.159504	-0.002004	0.022168
16	9	10	-0.014916	0.012986	0.042694	-0.042454	-0.001929	0.000240
17	9	14	0.050333	-0.051741	0.037269	-0.035929	-0.001408	0.001340
18	10	11	-0.101971	0.100879	-0.015574	0.017877	-0.001092	0.002302
19	12	13	0.023860	-0.025832	0.006582	-0.006369	-0.001972	0.000213
20	13	14	0.096036	-0.096234	0.018100	-0.014141	-0.000199	0.003959

Summary
Total Pg           : 2.547402
Total Qg           : 0.523814
Total Load P       : 2.590000
Total Load Q       : 0.735000
Total Active Loss  : -0.028191
Total Reactive Loss: -0.211528
Total Load Supplied: 99.443767%

========================================================================================================================
Update time: 2026-06-09 20:06:39
Iteration: 61
rho: 80
alpha: 3.9944117
objective_value: 4.7861741313
feasible: False
max_abs_h: 1.118358042504e-03
l2_norm_h: 7.213886287240e-03
lambda_inf_norm: 1.899984517382e+00
lambda_l2_norm: 1.349515148297e+01
------------------------------------------------------------------------------------------------------------------------
Bus Results
BusID	V_R		V_I		Vmag		Pg		Qg		Pl		Ql
1	1.001118	0.000074	1.001115	0.000000	0.059695	0.000000	0.000000
2	0.994568	-0.001572	0.994563	0.000000	0.066272	0.217000	0.127000
3	0.984838	0.005360	0.984848	0.929202	0.100500	0.942000	0.190000
4	0.983735	0.012142	0.983804	0.000000	0.000000	0.478000	-0.039000
5	0.988490	0.016124	0.988616	0.000000	0.000000	0.076000	0.016000
6	0.959373	0.092725	0.963834	0.857438	0.127784	0.112000	0.075000
7	0.949131	0.090909	0.953495	0.000000	0.000000	0.000000	0.000000
8	0.946031	0.232696	0.974223	0.763575	0.170698	0.000000	0.000000
9	0.932502	0.044287	0.933533	0.000000	0.000000	0.295000	0.166000
10	0.928989	0.046782	0.930113	0.000000	0.000000	0.090000	0.058000
11	0.940121	0.066743	0.942518	0.000000	0.000000	0.035000	0.018000
12	0.944031	0.072065	0.946765	0.000000	0.000000	0.061000	0.016000
13	0.937140	0.067809	0.939617	0.000000	0.000000	0.135000	0.058000
14	0.915207	0.033550	0.915750	0.000000	0.000000	0.149000	0.050000

Branch Results
LineID	From	To	Pik		Pki		Qik		Qki		LossP		LossQ
1	1	2	0.056984	-0.058673	0.038984	-0.143425	-0.001689	-0.104441
2	1	5	-0.056035	0.054592	0.020722	-0.116331	-0.001443	-0.095608
3	2	3	-0.022875	0.021051	0.010829	-0.095863	-0.001824	-0.085034
4	2	4	-0.052469	0.051095	0.044582	-0.109499	-0.001375	-0.064916
5	2	5	-0.082008	0.080711	0.027262	-0.093440	-0.001298	-0.066178
6	3	4	-0.032813	0.030962	0.006271	-0.030693	-0.001851	-0.024421
7	4	5	-0.116522	0.114939	-0.075531	0.076418	-0.001583	0.000888
8	4	7	-0.381854	0.379976	0.161828	-0.125585	-0.001877	0.036243
9	4	9	-0.060752	0.058916	0.092844	-0.085991	-0.001836	0.006853
10	5	6	-0.325322	0.323410	0.117325	-0.088729	-0.001912	0.028596
11	6	11	0.134580	-0.134532	0.040215	-0.035972	0.000048	0.004243
12	6	12	0.082838	-0.083821	0.024735	-0.022635	-0.000983	0.002100
13	6	13	0.205593	-0.204147	0.076593	-0.069788	0.001446	0.006804
14	7	8	-0.766574	0.764590	-0.056449	0.170680	-0.001983	0.114231
15	7	9	0.387549	-0.389435	0.182013	-0.159695	-0.001887	0.022318
16	9	10	-0.014299	0.012486	0.042525	-0.042293	-0.001812	0.000231
17	9	14	0.050742	-0.052035	0.037150	-0.035816	-0.001293	0.001335
18	10	11	-0.101529	0.100544	-0.015730	0.018002	-0.000985	0.002272
19	12	13	0.023851	-0.025732	0.006604	-0.006404	-0.001881	0.000199
20	13	14	0.095885	-0.095994	0.018173	-0.014247	-0.000109	0.003926

Summary
Total Pg           : 2.550215
Total Qg           : 0.524948
Total Load P       : 2.590000
Total Load Q       : 0.735000
Total Active Loss  : -0.026126
Total Reactive Loss: -0.210359
Total Load Supplied: 99.472612%

========================================================================================================================
Update time: 2026-06-09 20:10:36
Iteration: 62
rho: 80
alpha: 3.9944117
objective_value: 4.79132179143
feasible: False
max_abs_h: 1.187059936952e-03
l2_norm_h: 6.841945220796e-03
lambda_inf_norm: 1.903680888522e+00
lambda_l2_norm: 1.352194555195e+01
------------------------------------------------------------------------------------------------------------------------
Bus Results
BusID	V_R		V_I		Vmag		Pg		Qg		Pl		Ql
1	1.001187	-0.000313	1.001183	0.000000	0.055293	0.000000	0.000000
2	0.994786	-0.002013	0.994783	0.000000	0.063464	0.217000	0.127000
3	0.985458	0.004597	0.985465	0.926626	0.103613	0.942000	0.190000
4	0.984302	0.011722	0.984370	0.000000	0.000000	0.478000	-0.039000
5	0.988982	0.015695	0.989101	0.000000	0.000000	0.076000	0.016000
6	0.960253	0.092384	0.964676	0.858006	0.129306	0.112000	0.075000
7	0.950070	0.091008	0.954436	0.000000	0.000000	0.000000	0.000000
8	0.947312	0.233565	0.975673	0.768416	0.174239	0.000000	0.000000
9	0.933424	0.044210	0.934453	0.000000	0.000000	0.295000	0.166000
10	0.929909	0.046641	0.931027	0.000000	0.000000	0.090000	0.058000
11	0.941019	0.066487	0.943392	0.000000	0.000000	0.035000	0.018000
12	0.944898	0.071727	0.947603	0.000000	0.000000	0.061000	0.016000
13	0.938019	0.067498	0.940468	0.000000	0.000000	0.135000	0.058000
14	0.916112	0.033373	0.916660	0.000000	0.000000	0.149000	0.050000

Branch Results
LineID	From	To	Pik		Pki		Qik		Qki		LossP		LossQ
1	1	2	0.057146	-0.058756	0.036403	-0.140903	-0.001610	-0.104500
2	1	5	-0.056232	0.054869	0.018899	-0.114617	-0.001363	-0.095718
3	2	3	-0.021743	0.019995	0.008561	-0.093706	-0.001748	-0.085145
4	2	4	-0.053088	0.051806	0.042874	-0.107882	-0.001283	-0.065008
5	2	5	-0.082484	0.081292	0.025904	-0.092150	-0.001192	-0.066246
6	3	4	-0.034387	0.032662	0.007228	-0.031661	-0.001724	-0.024432
7	4	5	-0.115880	0.114424	-0.074012	0.074867	-0.001456	0.000854
8	4	7	-0.384414	0.382654	0.160266	-0.123748	-0.001760	0.036518
9	4	9	-0.061303	0.059582	0.092258	-0.085459	-0.001721	0.006799
10	5	6	-0.325724	0.323909	0.115880	-0.087326	-0.001815	0.028553
11	6	11	0.134383	-0.134231	0.040246	-0.036025	0.000152	0.004221
12	6	12	0.082983	-0.083864	0.024764	-0.022665	-0.000880	0.002099
13	6	13	0.205663	-0.204122	0.076656	-0.069845	0.001542	0.006811
14	7	8	-0.771244	0.769378	-0.058754	0.174220	-0.001866	0.115466
15	7	9	0.389491	-0.391264	0.182479	-0.160021	-0.001774	0.022458
16	9	10	-0.013609	0.011919	0.042369	-0.042178	-0.001690	0.000190
17	9	14	0.051158	-0.052356	0.037107	-0.035763	-0.001198	0.001344
18	10	11	-0.101038	0.100183	-0.015821	0.018061	-0.000856	0.002240
19	12	13	0.023838	-0.025614	0.006635	-0.006424	-0.001776	0.000210
20	13	14	0.095699	-0.095718	0.018230	-0.014304	-0.000020	0.003926

Summary
Total Pg           : 2.553047
Total Qg           : 0.525914
Total Load P       : 2.590000
Total Load Q       : 0.735000
Total Active Loss  : -0.024036
Total Reactive Loss: -0.209360
Total Load Supplied: 99.501280%

========================================================================================================================
Update time: 2026-06-09 20:14:34
Iteration: 63
rho: 80
alpha: 3.1955294
objective_value: 4.80947900663
feasible: False
max_abs_h: 8.829339758027e-03
l2_norm_h: 2.196199487147e-02
lambda_inf_norm: 1.904201084336e+00
lambda_l2_norm: 1.354401706341e+01
------------------------------------------------------------------------------------------------------------------------
Bus Results
BusID	V_R		V_I		Vmag		Pg		Qg		Pl		Ql
1	0.991171	-0.000469	0.991268	0.000000	0.100000	0.000000	0.000000
2	0.982255	-0.001382	0.982595	0.000000	0.014525	0.217000	0.127000
3	0.970605	0.006197	0.970740	0.929569	0.071780	0.942000	0.190000
4	0.973523	0.011580	0.973831	0.000000	0.000000	0.478000	-0.039000
5	0.979050	0.015226	0.979274	0.000000	0.000000	0.076000	0.016000
6	0.961009	0.090973	0.965418	0.861985	0.240000	0.112000	0.075000
7	0.943293	0.091725	0.947676	0.000000	0.000000	0.000000	0.000000
8	0.949649	0.236858	0.978752	0.771140	0.237418	0.000000	0.000000
9	0.924753	0.043994	0.925899	0.000000	0.000000	0.295000	0.166000
10	0.921594	0.046249	0.922775	0.000000	0.000000	0.090000	0.058000
11	0.936052	0.065740	0.938303	0.000000	0.000000	0.035000	0.018000
12	0.942966	0.070883	0.945753	0.000000	0.000000	0.061000	0.016000
13	0.935551	0.066767	0.937965	0.000000	0.000000	0.135000	0.058000
14	0.908244	0.033032	0.908629	0.000000	0.000000	0.149000	0.050000

Branch Results
LineID	From	To	Pik		Pki		Qik		Qki		LossP		LossQ
1	1	2	0.056497	-0.059292	0.079183	-0.179209	-0.002795	-0.100026
2	1	5	-0.055174	0.052756	0.019692	-0.110647	-0.002418	-0.090955
3	2	3	-0.023659	0.021367	0.021430	-0.103023	-0.002293	-0.081593
4	2	4	-0.051979	0.049948	0.033188	-0.094917	-0.002031	-0.061729
5	2	5	-0.080669	0.078486	0.011461	-0.074296	-0.002183	-0.062836
6	3	4	-0.032803	0.031187	-0.015549	-0.006374	-0.001616	-0.021923
7	4	5	-0.113554	0.111679	-0.091909	0.095378	-0.001875	0.003468
8	4	7	-0.384304	0.382496	0.141626	-0.100139	-0.001808	0.041487
9	4	9	-0.060280	0.059569	0.089022	-0.077694	-0.000712	0.011328
10	5	6	-0.317920	0.316217	0.072345	-0.042112	-0.001703	0.030233
11	6	11	0.140508	-0.139084	0.066969	-0.056690	0.001424	0.010279
12	6	12	0.084298	-0.085164	0.036706	-0.028725	-0.000866	0.007981
13	6	13	0.209700	-0.207497	0.100677	-0.087892	0.002203	0.012785
14	7	8	-0.774626	0.771786	-0.105802	0.233144	-0.002840	0.127342
15	7	9	0.392790	-0.393984	0.201899	-0.170799	-0.001194	0.031100
16	9	10	-0.011697	0.012504	0.041379	-0.034527	0.000807	0.006852
17	9	14	0.050985	-0.050451	0.037666	-0.030111	0.000533	0.007555
18	10	11	-0.102744	0.104098	-0.026830	0.035634	0.001354	0.008804
19	12	13	0.024948	-0.026315	0.010774	-0.006108	-0.001367	0.004666
20	13	14	0.099811	-0.098418	0.032223	-0.022950	0.001393	0.009273

Summary
Total Pg           : 2.562693
Total Qg           : 0.663724
Total Load P       : 2.590000
Total Load Q       : 0.735000
Total Active Loss  : -0.017985
Total Reactive Loss: -0.105908
Total Load Supplied: 99.640107%

========================================================================================================================
Update time: 2026-06-09 20:18:31
Iteration: 64
rho: 80
alpha: 3.1955294
objective_value: 4.81161296108
feasible: False
max_abs_h: 1.650597154679e-03
l2_norm_h: 7.772171988654e-03
lambda_inf_norm: 1.906256283215e+00
lambda_l2_norm: 1.356080754440e+01
------------------------------------------------------------------------------------------------------------------------
Bus Results
BusID	V_R		V_I		Vmag		Pg		Qg		Pl		Ql
1	0.998349	-0.001343	0.998279	0.000000	0.091529	0.000000	0.000000
2	0.989479	-0.002214	0.989352	0.000000	-0.003330	0.217000	0.127000
3	0.977772	0.005011	0.977667	0.923933	0.062456	0.942000	0.190000
4	0.982312	0.010645	0.982256	0.000000	0.000000	0.478000	-0.039000
5	0.987492	0.014325	0.987489	0.000000	0.000000	0.076000	0.016000
6	0.968874	0.090691	0.973015	0.860619	0.196948	0.112000	0.075000
7	0.954294	0.091500	0.958568	0.000000	0.000000	0.000000	0.000000
8	0.958177	0.236071	0.986746	0.779447	0.215532	0.000000	0.000000
9	0.937127	0.044384	0.938016	0.000000	0.000000	0.295000	0.166000
10	0.934137	0.046562	0.935107	0.000000	0.000000	0.090000	0.058000
11	0.947102	0.065694	0.949271	0.000000	0.000000	0.035000	0.018000
12	0.952506	0.070315	0.954977	0.000000	0.000000	0.061000	0.016000
13	0.945375	0.066307	0.947617	0.000000	0.000000	0.135000	0.058000
14	0.920873	0.033164	0.921270	0.000000	0.000000	0.149000	0.050000

Branch Results
LineID	From	To	Pik		Pki		Qik		Qki		LossP		LossQ
1	1	2	0.056795	-0.058099	0.078259	-0.181021	-0.001304	-0.102761
2	1	5	-0.055902	0.054728	0.013190	-0.108155	-0.001174	-0.094965
3	2	3	-0.021704	0.020254	0.020837	-0.104226	-0.001450	-0.083389
4	2	4	-0.053874	0.052691	0.024919	-0.089106	-0.001183	-0.064187
5	2	5	-0.082435	0.081337	0.004734	-0.070055	-0.001098	-0.065321
6	3	4	-0.037517	0.036014	-0.023577	0.000055	-0.001502	-0.023522
7	4	5	-0.112547	0.111465	-0.085694	0.087719	-0.001083	0.002026
8	4	7	-0.390442	0.388991	0.130984	-0.093950	-0.001451	0.037034
9	4	9	-0.063061	0.061800	0.082300	-0.074915	-0.001261	0.007385
10	5	6	-0.322856	0.321317	0.074005	-0.046648	-0.001539	0.027357
11	6	11	0.136026	-0.135304	0.052732	-0.046950	0.000722	0.005782
12	6	12	0.084245	-0.084675	0.028988	-0.025430	-0.000431	0.003558
13	6	13	0.207901	-0.205767	0.086463	-0.078182	0.002134	0.008281
14	7	8	-0.781909	0.780387	-0.095643	0.215406	-0.001522	0.119763
15	7	9	0.393685	-0.395116	0.188938	-0.164392	-0.001431	0.024546
16	9	10	-0.012471	0.011497	0.037607	-0.035279	-0.000974	0.002327
17	9	14	0.051412	-0.052073	0.034738	-0.031345	-0.000660	0.003393
18	10	11	-0.100999	0.100929	-0.023754	0.028070	-0.000070	0.004316
19	12	13	0.024373	-0.025524	0.008555	-0.006594	-0.001151	0.001961
20	13	14	0.096949	-0.096284	0.025964	-0.019846	0.000665	0.006118

Summary
Total Pg           : 2.563999
Total Qg           : 0.563135
Total Load P       : 2.590000
Total Load Q       : 0.735000
Total Active Loss  : -0.015765
Total Reactive Loss: -0.180300
Total Load Supplied: 99.604767%

========================================================================================================================
Update time: 2026-06-09 20:22:28
Iteration: 65
rho: 80
alpha: 3.1955294
objective_value: 4.80923320611
feasible: False
max_abs_h: 8.567050584279e-04
l2_norm_h: 5.497909606251e-03
lambda_inf_norm: 1.908394304760e+00
lambda_l2_norm: 1.357794122182e+01
------------------------------------------------------------------------------------------------------------------------
Bus Results
BusID	V_R		V_I		Vmag		Pg		Qg		Pl		Ql
1	0.999842	-0.000170	0.999819	0.000000	0.086321	0.000000	0.000000
2	0.991127	-0.001106	0.991092	0.000000	-0.008206	0.217000	0.127000
3	0.979669	0.005669	0.979663	0.919410	0.062842	0.942000	0.190000
4	0.984429	0.011776	0.984465	0.000000	0.000000	0.478000	-0.039000
5	0.989449	0.015485	0.989545	0.000000	0.000000	0.076000	0.016000
6	0.970291	0.091959	0.974618	0.858652	0.181441	0.112000	0.075000
7	0.956731	0.093095	0.961253	0.000000	0.000000	0.000000	0.000000
8	0.959532	0.238152	0.988634	0.784791	0.211275	0.000000	0.000000
9	0.940142	0.045919	0.941217	0.000000	0.000000	0.295000	0.166000
10	0.937201	0.048017	0.938358	0.000000	0.000000	0.090000	0.058000
11	0.949617	0.067008	0.951989	0.000000	0.000000	0.035000	0.018000
12	0.954612	0.071489	0.957253	0.000000	0.000000	0.061000	0.016000
13	0.947574	0.067487	0.949981	0.000000	0.000000	0.135000	0.058000
14	0.924090	0.034433	0.924654	0.000000	0.000000	0.149000	0.050000

Branch Results
LineID	From	To	Pik		Pki		Qik		Qki		LossP		LossQ
1	1	2	0.057121	-0.058219	0.075532	-0.179048	-0.001098	-0.103516
2	1	5	-0.056364	0.055299	0.010851	-0.106696	-0.001065	-0.095845
3	2	3	-0.019925	0.018573	0.018935	-0.103065	-0.001352	-0.084130
4	2	4	-0.054817	0.053752	0.022172	-0.087299	-0.001065	-0.065127
5	2	5	-0.083289	0.082338	0.002727	-0.069068	-0.000951	-0.066341
6	3	4	-0.040330	0.038938	-0.024181	0.000017	-0.001392	-0.024165
7	4	5	-0.112274	0.111177	-0.082906	0.083976	-0.001097	0.001070
8	4	7	-0.393696	0.392299	0.128753	-0.092497	-0.001397	0.036256
9	4	9	-0.064029	0.062672	0.080296	-0.074155	-0.001357	0.006141
10	5	6	-0.324118	0.322638	0.075696	-0.049122	-0.001481	0.026575
11	6	11	0.134276	-0.133769	0.048020	-0.043476	0.000507	0.004544
12	6	12	0.083834	-0.084340	0.026248	-0.023926	-0.000506	0.002322
13	6	13	0.206688	-0.204758	0.081261	-0.074191	0.001930	0.007071
14	7	8	-0.787133	0.785647	-0.091882	0.211384	-0.001485	0.119501
15	7	9	0.395556	-0.396922	0.184339	-0.161337	-0.001366	0.023002
16	9	10	-0.012130	0.010772	0.036109	-0.035538	-0.001357	0.000572
17	9	14	0.052052	-0.052833	0.033200	-0.031510	-0.000780	0.001690
18	10	11	-0.100064	0.099548	-0.022689	0.025335	-0.000516	0.002646
19	12	13	0.024119	-0.025473	0.007709	-0.007120	-0.001353	0.000589
20	13	14	0.095951	-0.095498	0.023158	-0.018782	0.000453	0.004376

Summary
Total Pg           : 2.562853
Total Qg           : 0.533674
Total Load P       : 2.590000
Total Load Q       : 0.735000
Total Active Loss  : -0.016729
Total Reactive Loss: -0.202769
Total Load Supplied: 99.597759%

========================================================================================================================
Update time: 2026-06-09 20:26:25
Iteration: 66
rho: 80
alpha: 3.1955294
objective_value: 4.80907107348
feasible: False
max_abs_h: 8.183365482715e-04
l2_norm_h: 5.432811564974e-03
lambda_inf_norm: 1.910651243126e+00
lambda_l2_norm: 1.359497447671e+01
------------------------------------------------------------------------------------------------------------------------
Bus Results
BusID	V_R		V_I		Vmag		Pg		Qg		Pl		Ql
1	1.000818	0.000129	1.000805	0.000000	0.082191	0.000000	0.000000
2	0.992263	-0.000872	0.992238	0.000000	-0.010197	0.217000	0.127000
3	0.981182	0.005479	0.981183	0.915667	0.066165	0.942000	0.190000
4	0.985822	0.012066	0.985874	0.000000	0.000000	0.478000	-0.039000
5	0.990734	0.015779	0.990846	0.000000	0.000000	0.076000	0.016000
6	0.971354	0.092283	0.975714	0.857711	0.176024	0.112000	0.075000
7	0.958260	0.093846	0.962860	0.000000	0.000000	0.000000	0.000000
8	0.960757	0.239495	0.990153	0.789494	0.211383	0.000000	0.000000
9	0.941861	0.046547	0.942985	0.000000	0.000000	0.295000	0.166000
10	0.938915	0.048571	0.940118	0.000000	0.000000	0.090000	0.058000
11	0.951096	0.067424	0.953509	0.000000	0.000000	0.035000	0.018000
12	0.955899	0.071807	0.958575	0.000000	0.000000	0.061000	0.016000
13	0.948920	0.067823	0.951360	0.000000	0.000000	0.135000	0.058000
14	0.925841	0.034922	0.926445	0.000000	0.000000	0.149000	0.050000

Branch Results
LineID	From	To	Pik		Pki		Qik		Qki		LossP		LossQ
1	1	2	0.057392	-0.058425	0.072797	-0.176622	-0.001033	-0.103825
2	1	5	-0.056683	0.055665	0.009464	-0.105655	-0.001019	-0.096191
3	2	3	-0.018342	0.017022	0.016605	-0.101108	-0.001320	-0.084503
4	2	4	-0.055582	0.054543	0.020882	-0.086334	-0.001039	-0.065452
5	2	5	-0.083931	0.083014	0.001960	-0.068584	-0.000918	-0.066624
6	3	4	-0.042546	0.041186	-0.022776	-0.001592	-0.001360	-0.024368
7	4	5	-0.111802	0.110704	-0.080800	0.081650	-0.001098	0.000850
8	4	7	-0.396495	0.395116	0.128026	-0.091713	-0.001378	0.036314
9	4	9	-0.064747	0.063371	0.079666	-0.073904	-0.001376	0.005762
10	5	6	-0.324696	0.323240	0.076576	-0.050156	-0.001456	0.026420
11	6	11	0.133407	-0.132941	0.046348	-0.042257	0.000467	0.004091
12	6	12	0.083686	-0.084194	0.025419	-0.023447	-0.000508	0.001971
13	6	13	0.206142	-0.204254	0.079504	-0.072863	0.001888	0.006641
14	7	8	-0.791756	0.790301	-0.091300	0.211542	-0.001455	0.120241
15	7	9	0.397348	-0.398722	0.183127	-0.160500	-0.001374	0.022627
16	9	10	-0.011439	0.010037	0.035712	-0.035690	-0.001402	0.000022
17	9	14	0.052486	-0.053317	0.032762	-0.031616	-0.000831	0.001145
18	10	11	-0.099305	0.098731	-0.022264	0.024344	-0.000574	0.002080
19	12	13	0.023977	-0.025353	0.007426	-0.007261	-0.001376	0.000165
20	13	14	0.095342	-0.094977	0.022189	-0.018398	0.000366	0.003791

Summary
Total Pg           : 2.562872
Total Qg           : 0.525566
Total Load P       : 2.590000
Total Load Q       : 0.735000
Total Active Loss  : -0.016795
Total Reactive Loss: -0.208843
Total Load Supplied: 99.601056%

========================================================================================================================
Update time: 2026-06-09 20:30:23
Iteration: 67
rho: 80
alpha: 3.2913952
objective_value: 4.81214237922
feasible: False
max_abs_h: 1.480922685229e-03
l2_norm_h: 5.371199889678e-03
lambda_inf_norm: 1.912812517640e+00
lambda_l2_norm: 1.361120038366e+01
------------------------------------------------------------------------------------------------------------------------
Bus Results
BusID	V_R		V_I		Vmag		Pg		Qg		Pl		Ql
1	1.001481	-0.000187	1.001470	0.000000	0.076964	0.000000	0.000000
2	0.993152	-0.001276	0.993130	0.000000	-0.010345	0.217000	0.127000
3	0.982508	0.004683	0.982508	0.912540	0.070461	0.942000	0.190000
4	0.986902	0.011721	0.986953	0.000000	0.000000	0.478000	-0.039000
5	0.991713	0.015454	0.991824	0.000000	0.000000	0.076000	0.016000
6	0.972114	0.092122	0.976460	0.858424	0.172899	0.112000	0.075000
7	0.959477	0.093889	0.964079	0.000000	0.000000	0.000000	0.000000
8	0.962116	0.240119	0.991623	0.793642	0.213430	0.000000	0.000000
9	0.943038	0.046443	0.944164	0.000000	0.000000	0.295000	0.166000
10	0.940034	0.048421	0.941237	0.000000	0.000000	0.090000	0.058000
11	0.952050	0.067238	0.954453	0.000000	0.000000	0.035000	0.018000
12	0.956760	0.071658	0.959430	0.000000	0.000000	0.061000	0.016000
13	0.949807	0.067675	0.952240	0.000000	0.000000	0.135000	0.058000
14	0.926943	0.034794	0.927550	0.000000	0.000000	0.149000	0.050000

Branch Results
LineID	From	To	Pik		Pki		Qik		Qki		LossP		LossQ
1	1	2	0.057695	-0.058706	0.068917	-0.172955	-0.001011	-0.104038
2	1	5	-0.056989	0.055998	0.008118	-0.104527	-0.000990	-0.096409
3	2	3	-0.016926	0.015669	0.014060	-0.098854	-0.001257	-0.084794
4	2	4	-0.056186	0.055225	0.019994	-0.085672	-0.000961	-0.065679
5	2	5	-0.084502	0.083679	0.001592	-0.068409	-0.000823	-0.066817
6	3	4	-0.044354	0.043062	-0.020711	-0.003765	-0.001292	-0.024476
7	4	5	-0.111685	0.110642	-0.078646	0.079369	-0.001043	0.000722
8	4	7	-0.398740	0.397400	0.127562	-0.091087	-0.001340	0.036475
9	4	9	-0.065201	0.063936	0.079527	-0.073865	-0.001265	0.005661
10	5	6	-0.325674	0.324270	0.077624	-0.051163	-0.001404	0.026461
11	6	11	0.133356	-0.132800	0.045448	-0.041488	0.000555	0.003960
12	6	12	0.083617	-0.084123	0.025053	-0.023222	-0.000506	0.001831
13	6	13	0.205936	-0.204073	0.078683	-0.072215	0.001864	0.006468
14	7	8	-0.795852	0.794415	-0.092473	0.213604	-0.001437	0.121131
15	7	9	0.399131	-0.400420	0.183723	-0.161075	-0.001289	0.022648
16	9	10	-0.010692	0.009503	0.036143	-0.036225	-0.001188	-0.000082
17	9	14	0.052801	-0.053516	0.032936	-0.031909	-0.000714	0.001027
18	10	11	-0.098898	0.098513	-0.021684	0.023633	-0.000385	0.001949
19	12	13	0.023923	-0.025343	0.007282	-0.007280	-0.001419	0.000002
20	13	14	0.095167	-0.094808	0.021640	-0.018034	0.000360	0.003606

Summary
Total Pg           : 2.564606
Total Qg           : 0.523408
Total Load P       : 2.590000
Total Load Q       : 0.735000
Total Active Loss  : -0.015546
Total Reactive Loss: -0.210353
Total Load Supplied: 99.619767%

========================================================================================================================
Update time: 2026-06-09 20:34:21
Iteration: 68
rho: 80
alpha: 3.2913952
objective_value: 4.81322948441
feasible: False
max_abs_h: 1.511243965021e-03
l2_norm_h: 5.294432168466e-03
lambda_inf_norm: 1.915051383608e+00
lambda_l2_norm: 1.362757341838e+01
------------------------------------------------------------------------------------------------------------------------
Bus Results
BusID	V_R		V_I		Vmag		Pg		Qg		Pl		Ql
1	1.001511	0.000149	1.001509	0.000000	0.072459	0.000000	0.000000
2	0.993360	-0.001009	0.993347	0.000000	-0.011824	0.217000	0.127000
3	0.983167	0.004558	0.983174	0.909381	0.074780	0.942000	0.190000
4	0.987359	0.012045	0.987422	0.000000	0.000000	0.478000	-0.039000
5	0.992078	0.015778	0.992201	0.000000	0.000000	0.076000	0.016000
6	0.972519	0.092502	0.976904	0.858113	0.172378	0.112000	0.075000
7	0.960095	0.094707	0.964781	0.000000	0.000000	0.000000	0.000000
8	0.962787	0.241598	0.992638	0.797783	0.215850	0.000000	0.000000
9	0.943704	0.047127	0.944869	0.000000	0.000000	0.295000	0.166000
10	0.940692	0.049064	0.941938	0.000000	0.000000	0.090000	0.058000
11	0.952609	0.067754	0.955049	0.000000	0.000000	0.035000	0.018000
12	0.957195	0.072023	0.959895	0.000000	0.000000	0.061000	0.016000
13	0.950279	0.068062	0.952741	0.000000	0.000000	0.135000	0.058000
14	0.927578	0.035342	0.928214	0.000000	0.000000	0.149000	0.050000

Branch Results
LineID	From	To	Pik		Pki		Qik		Qki		LossP		LossQ
1	1	2	0.057867	-0.058801	0.065858	-0.169972	-0.000934	-0.104115
2	1	5	-0.057230	0.056319	0.006660	-0.103134	-0.000911	-0.096474
3	2	3	-0.015571	0.014340	0.011469	-0.096400	-0.001231	-0.084931
4	2	4	-0.056898	0.055964	0.018827	-0.084527	-0.000934	-0.065700
5	2	5	-0.085071	0.084271	0.000883	-0.067696	-0.000800	-0.066813
6	3	4	-0.046208	0.044976	-0.018854	-0.005617	-0.001232	-0.024471
7	4	5	-0.111100	0.110086	-0.076713	0.077446	-0.001015	0.000733
8	4	7	-0.401311	0.400028	0.126703	-0.089873	-0.001283	0.036830
9	4	9	-0.065892	0.064605	0.079169	-0.073540	-0.001286	0.005630
10	5	6	-0.326039	0.324685	0.077404	-0.050904	-0.001354	0.026500
11	6	11	0.132621	-0.132092	0.045069	-0.041219	0.000529	0.003850
12	6	12	0.083688	-0.084112	0.024971	-0.023166	-0.000424	0.001805
13	6	13	0.205830	-0.203883	0.078390	-0.071976	0.001947	0.006414
14	7	8	-0.799886	0.798529	-0.093810	0.216025	-0.001357	0.122215
15	7	9	0.400515	-0.401802	0.183863	-0.161180	-0.001287	0.022683
16	9	10	-0.010354	0.009036	0.036037	-0.036244	-0.001318	-0.000207
17	9	14	0.053207	-0.053964	0.032860	-0.031938	-0.000757	0.000923
18	10	11	-0.098344	0.097835	-0.021592	0.023400	-0.000509	0.001808
19	12	13	0.023855	-0.025162	0.007242	-0.007287	-0.001307	-0.000045
20	13	14	0.094747	-0.094355	0.021426	-0.017946	0.000392	0.003480

Summary
Total Pg           : 2.565277
Total Qg           : 0.523642
Total Load P       : 2.590000
Total Load Q       : 0.735000
Total Active Loss  : -0.015073
Total Reactive Loss: -0.209884
Total Load Supplied: 99.627406%

========================================================================================================================
Update time: 2026-06-09 20:38:18
Iteration: 69
rho: 80
alpha: 3.2913952
objective_value: 4.81517874701
feasible: False
max_abs_h: 1.482506399935e-03
l2_norm_h: 5.138931966546e-03
lambda_inf_norm: 1.917244099980e+00
lambda_l2_norm: 1.364341299694e+01
------------------------------------------------------------------------------------------------------------------------
Bus Results
BusID	V_R		V_I		Vmag		Pg		Qg		Pl		Ql
1	1.001483	0.000166	1.001481	0.000000	0.068055	0.000000	0.000000
2	0.993504	-0.001060	0.993493	0.000000	-0.013211	0.217000	0.127000
3	0.983746	0.004141	0.983753	0.906459	0.078946	0.942000	0.190000
4	0.987741	0.012046	0.987806	0.000000	0.000000	0.478000	-0.039000
5	0.992378	0.015777	0.992502	0.000000	0.000000	0.076000	0.016000
6	0.972907	0.092576	0.977298	0.858024	0.172458	0.112000	0.075000
7	0.960629	0.095188	0.965360	0.000000	0.000000	0.000000	0.000000
8	0.963445	0.242760	0.993561	0.801920	0.218455	0.000000	0.000000
9	0.944241	0.047449	0.945424	0.000000	0.000000	0.295000	0.166000
10	0.941213	0.049338	0.942476	0.000000	0.000000	0.090000	0.058000
11	0.953070	0.067924	0.955521	0.000000	0.000000	0.035000	0.018000
12	0.957598	0.072102	0.960304	0.000000	0.000000	0.061000	0.016000
13	0.950702	0.068161	0.953169	0.000000	0.000000	0.135000	0.058000
14	0.928083	0.035564	0.928731	0.000000	0.000000	0.149000	0.050000

Branch Results
LineID	From	To	Pik		Pki		Qik		Qki		LossP		LossQ
1	1	2	0.058070	-0.058959	0.062867	-0.167033	-0.000889	-0.104166
2	1	5	-0.057463	0.056600	0.005246	-0.101770	-0.000863	-0.096524
3	2	3	-0.014291	0.013101	0.008982	-0.094034	-0.001189	-0.085052
4	2	4	-0.057539	0.056655	0.017709	-0.083451	-0.000884	-0.065742
5	2	5	-0.085580	0.084835	0.000163	-0.066996	-0.000745	-0.066833
6	3	4	-0.047920	0.046751	-0.017054	-0.007417	-0.001170	-0.024471
7	4	5	-0.110563	0.109593	-0.075011	0.075726	-0.000970	0.000715
8	4	7	-0.403751	0.402512	0.125990	-0.088812	-0.001239	0.037178
9	4	9	-0.066479	0.065228	0.078906	-0.073270	-0.001250	0.005636
10	5	6	-0.326418	0.325115	0.077059	-0.050525	-0.001302	0.026533
11	6	11	0.132185	-0.131628	0.044928	-0.041123	0.000556	0.003805
12	6	12	0.083712	-0.084085	0.024938	-0.023147	-0.000373	0.001792
13	6	13	0.205698	-0.203711	0.078267	-0.071882	0.001988	0.006385
14	7	8	-0.803946	0.802636	-0.095265	0.218624	-0.001310	0.123360
15	7	9	0.402072	-0.403329	0.184256	-0.161448	-0.001257	0.022809
16	9	10	-0.009827	0.008531	0.036046	-0.036275	-0.001296	-0.000230
17	9	14	0.053571	-0.054299	0.032858	-0.031945	-0.000727	0.000912
18	10	11	-0.097848	0.097354	-0.021549	0.023312	-0.000494	0.001764
19	12	13	0.023803	-0.025061	0.007233	-0.007302	-0.001257	-0.000068
20	13	14	0.094452	-0.094035	0.021355	-0.017927	0.000417	0.003428

Summary
Total Pg           : 2.566403
Total Qg           : 0.524703
Total Load P       : 2.590000
Total Load Q       : 0.735000
Total Active Loss  : -0.014258
Total Reactive Loss: -0.208770
Total Load Supplied: 99.639438%

========================================================================================================================
Update time: 2026-06-09 20:42:15
Iteration: 70
rho: 80
alpha: 3.2913952
objective_value: 4.81774237885
feasible: False
max_abs_h: 1.470989251988e-03
l2_norm_h: 4.935908365791e-03
lambda_inf_norm: 1.919342027639e+00
lambda_l2_norm: 1.365857908881e+01
------------------------------------------------------------------------------------------------------------------------
Bus Results
BusID	V_R		V_I		Vmag		Pg		Qg		Pl		Ql
1	1.001471	0.000116	1.001469	0.000000	0.063769	0.000000	0.000000
2	0.993666	-0.001175	0.993654	0.000000	-0.014111	0.217000	0.127000
3	0.984301	0.003703	0.984305	0.903931	0.082711	0.942000	0.190000
4	0.988112	0.011978	0.988177	0.000000	0.000000	0.478000	-0.039000
5	0.992673	0.015705	0.992796	0.000000	0.000000	0.076000	0.016000
6	0.973273	0.092543	0.977660	0.857877	0.172602	0.112000	0.075000
7	0.961153	0.095572	0.965918	0.000000	0.000000	0.000000	0.000000
8	0.964132	0.243824	0.994488	0.806040	0.221203	0.000000	0.000000
9	0.944747	0.047664	0.945941	0.000000	0.000000	0.295000	0.166000
10	0.941698	0.049501	0.942970	0.000000	0.000000	0.090000	0.058000
11	0.953495	0.067982	0.955948	0.000000	0.000000	0.035000	0.018000
12	0.957964	0.072076	0.960667	0.000000	0.000000	0.061000	0.016000
13	0.951086	0.068152	0.953552	0.000000	0.000000	0.135000	0.058000
14	0.928541	0.035676	0.929195	0.000000	0.000000	0.149000	0.050000

Branch Results
LineID	From	To	Pik		Pki		Qik		Qki		LossP		LossQ
1	1	2	0.058237	-0.059091	0.059896	-0.164112	-0.000854	-0.104216
2	1	5	-0.057654	0.056838	0.003928	-0.100502	-0.000816	-0.096573
3	2	3	-0.013177	0.012031	0.006749	-0.091906	-0.001147	-0.085157
4	2	4	-0.058114	0.057279	0.016725	-0.082506	-0.000835	-0.065781
5	2	5	-0.086012	0.085323	-0.000446	-0.066407	-0.000689	-0.066853
6	3	4	-0.049410	0.048310	-0.015418	-0.009053	-0.001100	-0.024472
7	4	5	-0.109981	0.109065	-0.073415	0.074117	-0.000916	0.000702
8	4	7	-0.406041	0.404854	0.125304	-0.087790	-0.001186	0.037513
9	4	9	-0.066982	0.065791	0.078686	-0.073028	-0.001191	0.005658
10	5	6	-0.326644	0.325393	0.076810	-0.050254	-0.001250	0.026556
11	6	11	0.131792	-0.131192	0.044828	-0.041045	0.000600	0.003782
12	6	12	0.083747	-0.084069	0.024951	-0.023153	-0.000321	0.001798
13	6	13	0.205603	-0.203569	0.078224	-0.071845	0.002034	0.006379
14	7	8	-0.807977	0.806725	-0.096842	0.221365	-0.001252	0.124523
15	7	9	0.403732	-0.404933	0.184805	-0.161830	-0.001201	0.022974
16	9	10	-0.009227	0.007987	0.036127	-0.036347	-0.001240	-0.000220
17	9	14	0.053983	-0.054646	0.032910	-0.031978	-0.000664	0.000932
18	10	11	-0.097333	0.096887	-0.021481	0.023230	-0.000446	0.001749
19	12	13	0.023759	-0.024958	0.007237	-0.007297	-0.001199	-0.000060
20	13	14	0.094178	-0.093716	0.021307	-0.017897	0.000462	0.003409

Summary
Total Pg           : 2.567848
Total Qg           : 0.526173
Total Load P       : 2.590000
Total Load Q       : 0.735000
Total Active Loss  : -0.013211
Total Reactive Loss: -0.207355
Total Load Supplied: 99.654787%

========================================================================================================================
Update time: 2026-06-09 20:46:13
Iteration: 71
rho: 80
alpha: 3.3901371
objective_value: 4.82014702466
feasible: False
max_abs_h: 1.435825571186e-03
l2_norm_h: 4.739183940359e-03
lambda_inf_norm: 1.921354204493e+00
lambda_l2_norm: 1.367311161524e+01
------------------------------------------------------------------------------------------------------------------------
Bus Results
BusID	V_R		V_I		Vmag		Pg		Qg		Pl		Ql
1	1.001436	0.000150	1.001434	0.000000	0.059635	0.000000	0.000000
2	0.993795	-0.001207	0.993784	0.000000	-0.015151	0.217000	0.127000
3	0.984817	0.003335	0.984821	0.901202	0.086480	0.942000	0.190000
4	0.988450	0.011998	0.988516	0.000000	0.000000	0.478000	-0.039000
5	0.992938	0.015723	0.993061	0.000000	0.000000	0.076000	0.016000
6	0.973606	0.092631	0.978000	0.857924	0.172863	0.112000	0.075000
7	0.961622	0.096048	0.966432	0.000000	0.000000	0.000000	0.000000
8	0.964732	0.244975	0.995353	0.810086	0.223853	0.000000	0.000000
9	0.945206	0.047976	0.946416	0.000000	0.000000	0.295000	0.166000
10	0.942136	0.049765	0.943423	0.000000	0.000000	0.090000	0.058000
11	0.953880	0.068153	0.956344	0.000000	0.000000	0.035000	0.018000
12	0.958300	0.072167	0.961009	0.000000	0.000000	0.061000	0.016000
13	0.951439	0.068260	0.953910	0.000000	0.000000	0.135000	0.058000
14	0.928960	0.035892	0.929623	0.000000	0.000000	0.149000	0.050000

Branch Results
LineID	From	To	Pik		Pki		Qik		Qki		LossP		LossQ
1	1	2	0.058431	-0.059246	0.057051	-0.161318	-0.000816	-0.104268
2	1	5	-0.057873	0.057098	0.002640	-0.099261	-0.000775	-0.096621
3	2	3	-0.011986	0.010879	0.004517	-0.089786	-0.001107	-0.085270
4	2	4	-0.058706	0.057923	0.015748	-0.081570	-0.000782	-0.065823
5	2	5	-0.086483	0.085846	-0.001065	-0.065812	-0.000637	-0.066877
6	3	4	-0.051012	0.049973	-0.013769	-0.010697	-0.001039	-0.024466
7	4	5	-0.109477	0.108605	-0.071878	0.072564	-0.000872	0.000686
8	4	7	-0.408348	0.407217	0.124680	-0.086821	-0.001131	0.037859
9	4	9	-0.067513	0.066372	0.078483	-0.072800	-0.001141	0.005683
10	5	6	-0.326991	0.325797	0.076528	-0.049933	-0.001194	0.026595
11	6	11	0.131440	-0.130797	0.044768	-0.040996	0.000643	0.003772
12	6	12	0.083790	-0.084056	0.024969	-0.023160	-0.000266	0.001810
13	6	13	0.205526	-0.203440	0.078199	-0.071820	0.002086	0.006379
14	7	8	-0.811949	0.810746	-0.098333	0.224010	-0.001203	0.125676
15	7	9	0.405315	-0.406466	0.185320	-0.162187	-0.001151	0.023133
16	9	10	-0.008672	0.007487	0.036204	-0.036409	-0.001185	-0.000205
17	9	14	0.054354	-0.054962	0.032955	-0.031998	-0.000608	0.000957
18	10	11	-0.096862	0.096464	-0.021428	0.023173	-0.000398	0.001745
19	12	13	0.023717	-0.024864	0.007241	-0.007297	-0.001147	-0.000056
20	13	14	0.093930	-0.093427	0.021275	-0.017882	0.000503	0.003393

Summary
Total Pg           : 2.569212
Total Qg           : 0.527678
Total Load P       : 2.590000
Total Load Q       : 0.735000
Total Active Loss  : -0.012219
Total Reactive Loss: -0.205896
Total Load Supplied: 99.669154%

========================================================================================================================
Update time: 2026-06-09 20:50:11
Iteration: 72
rho: 80
alpha: 2.7121097
objective_value: 4.82265316138
feasible: False
max_abs_h: 2.021268926312e-03
l2_norm_h: 5.699742836041e-03
lambda_inf_norm: 1.922987522939e+00
lambda_l2_norm: 1.368748481599e+01
------------------------------------------------------------------------------------------------------------------------
Bus Results
BusID	V_R		V_I		Vmag		Pg		Qg		Pl		Ql
1	1.002021	0.000235	1.001971	0.000000	0.082671	0.000000	0.000000
2	0.993237	-0.000774	0.993264	0.000000	-0.031846	0.217000	0.127000
3	0.983601	0.003488	0.983666	0.896410	0.082734	0.942000	0.190000
4	0.987633	0.012549	0.987752	0.000000	0.000000	0.478000	-0.039000
5	0.992274	0.016286	0.992419	0.000000	0.000000	0.076000	0.016000
6	0.971742	0.093621	0.976216	0.859453	0.168899	0.112000	0.075000
7	0.960278	0.097226	0.965216	0.000000	0.000000	0.000000	0.000000
8	0.963266	0.247156	0.994568	0.814824	0.226275	0.000000	0.000000
9	0.943730	0.048821	0.945095	0.000000	0.000000	0.295000	0.166000
10	0.940535	0.050572	0.941923	0.000000	0.000000	0.090000	0.058000
11	0.952100	0.069122	0.954693	0.000000	0.000000	0.035000	0.018000
12	0.956443	0.073113	0.959229	0.000000	0.000000	0.061000	0.016000
13	0.949584	0.069158	0.952215	0.000000	0.000000	0.135000	0.058000
14	0.927238	0.036649	0.928027	0.000000	0.000000	0.149000	0.050000

Branch Results
LineID	From	To	Pik		Pki		Qik		Qki		LossP		LossQ
1	1	2	0.058636	-0.059872	0.075326	-0.181121	-0.001237	-0.105795
2	1	5	-0.058170	0.057810	0.007607	-0.105236	-0.000360	-0.097629
3	2	3	-0.010293	0.008675	0.006939	-0.092307	-0.001618	-0.085368
4	2	4	-0.059005	0.058040	0.016737	-0.082838	-0.000965	-0.066101
5	2	5	-0.087009	0.086051	-0.001031	-0.066844	-0.000958	-0.067875
6	3	4	-0.053672	0.053103	-0.015092	-0.009271	-0.000569	-0.024364
7	4	5	-0.110200	0.109680	-0.075231	0.075647	-0.000520	0.000416
8	4	7	-0.410697	0.410045	0.126713	-0.087867	-0.000652	0.038846
9	4	9	-0.067756	0.067288	0.079576	-0.073467	-0.000468	0.006109
10	5	6	-0.329040	0.327982	0.080878	-0.054002	-0.001058	0.026876
11	6	11	0.130808	-0.130946	0.044588	-0.040222	-0.000138	0.004367
12	6	12	0.084085	-0.084052	0.025157	-0.023345	0.000034	0.001812
13	6	13	0.205532	-0.203577	0.078059	-0.071344	0.001955	0.006715
14	7	8	-0.815932	0.815367	-0.099190	0.226517	-0.000565	0.127326
15	7	9	0.406884	-0.408603	0.187107	-0.163647	-0.001720	0.023460
16	9	10	-0.007717	0.007203	0.037399	-0.037548	-0.000513	-0.000149
17	9	14	0.054463	-0.055284	0.033759	-0.032570	-0.000821	0.001190
18	10	11	-0.096929	0.096614	-0.020321	0.022251	-0.000315	0.001930
19	12	13	0.023812	-0.025099	0.007410	-0.007199	-0.001287	0.000211
20	13	14	0.094046	-0.093234	0.020840	-0.017416	0.000812	0.003424

Summary
Total Pg           : 2.570687
Total Qg           : 0.528733
Total Load P       : 2.590000
Total Load Q       : 0.735000
Total Active Loss  : -0.010962
Total Reactive Loss: -0.204599
Total Load Supplied: 99.677560%

========================================================================================================================
Update time: 2026-06-09 20:54:07
Iteration: 73
rho: 92
alpha: 2.1696877
objective_value: 4.81219425329
feasible: False
max_abs_h: 9.715403451109e-03
l2_norm_h: 1.178154971348e-02
lambda_inf_norm: 1.925339444231e+00
lambda_l2_norm: 1.370125426224e+01
------------------------------------------------------------------------------------------------------------------------
Bus Results
BusID	V_R		V_I		Vmag		Pg		Qg		Pl		Ql
1	0.990285	-0.000693	0.990465	0.000000	0.093007	0.000000	0.000000
2	0.980933	-0.001571	0.981057	0.000000	-0.042022	0.217000	0.127000
3	0.971469	0.002412	0.971628	0.892158	0.084693	0.942000	0.190000
4	0.976172	0.012018	0.976380	0.000000	0.000000	0.478000	-0.039000
5	0.980850	0.015696	0.981119	0.000000	0.000000	0.076000	0.016000
6	0.962360	0.094357	0.967083	0.854786	0.175318	0.112000	0.075000
7	0.950146	0.098673	0.955408	0.000000	0.000000	0.000000	0.000000
8	0.954171	0.251009	0.986742	0.818259	0.240000	0.000000	0.000000
9	0.933860	0.049890	0.935276	0.000000	0.000000	0.295000	0.166000
10	0.931045	0.051679	0.932591	0.000000	0.000000	0.090000	0.058000
11	0.943007	0.070032	0.945744	0.000000	0.000000	0.035000	0.018000
12	0.947092	0.073848	0.950064	0.000000	0.000000	0.061000	0.016000
13	0.940191	0.069927	0.942921	0.000000	0.000000	0.135000	0.058000
14	0.917591	0.037516	0.918482	0.000000	0.000000	0.149000	0.050000

Branch Results
LineID	From	To	Pik		Pki		Qik		Qki		LossP		LossQ
1	1	2	0.059473	-0.059425	0.085359	-0.186418	0.000048	-0.101059
2	1	5	-0.059274	0.059091	0.008047	-0.102473	-0.000183	-0.094426
3	2	3	-0.008468	0.007674	0.006941	-0.089152	-0.000794	-0.082210
4	2	4	-0.060607	0.060224	0.013996	-0.076972	-0.000383	-0.062977
5	2	5	-0.088174	0.087957	-0.004041	-0.061216	-0.000217	-0.065257
6	3	4	-0.056941	0.056087	-0.016429	-0.006300	-0.000854	-0.022729
7	4	5	-0.108301	0.107619	-0.075140	0.076143	-0.000682	0.001003
8	4	7	-0.415565	0.414304	0.120044	-0.078765	-0.001261	0.041278
9	4	9	-0.069985	0.068742	0.076739	-0.070048	-0.001244	0.006691
10	5	6	-0.330250	0.329063	0.071726	-0.044546	-0.001187	0.027180
11	6	11	0.128370	-0.128573	0.042966	-0.040379	-0.000203	0.002587
12	6	12	0.082832	-0.083273	0.024748	-0.023077	-0.000441	0.001671
13	6	13	0.203208	-0.201436	0.077620	-0.071578	0.001772	0.006042
14	7	8	-0.819918	0.818866	-0.106454	0.239395	-0.001052	0.132942
15	7	9	0.406236	-0.407466	0.184820	-0.160484	-0.001230	0.024336
16	9	10	-0.009817	0.007772	0.032664	-0.033986	-0.002045	-0.001322
17	9	14	0.054320	-0.055370	0.032148	-0.031621	-0.001050	0.000527
18	10	11	-0.096512	0.094842	-0.023079	0.023301	-0.001670	0.000222
19	12	13	0.023188	-0.025133	0.007230	-0.007594	-0.001945	-0.000363
20	13	14	0.092577	-0.092763	0.021357	-0.018105	-0.000186	0.003251

Summary
Total Pg           : 2.565203
Total Qg           : 0.550996
Total Load P       : 2.590000
Total Load Q       : 0.735000
Total Active Loss  : -0.014809
Total Reactive Loss: -0.182614
Total Load Supplied: 99.614356%

========================================================================================================================
Update time: 2026-06-09 20:58:05
Iteration: 74
rho: 92
alpha: 2.1696877
objective_value: 4.82774937234
feasible: False
max_abs_h: 2.663681261007e-03
l2_norm_h: 4.784831640668e-03
lambda_inf_norm: 1.926661806769e+00
lambda_l2_norm: 1.370970429753e+01
------------------------------------------------------------------------------------------------------------------------
Bus Results
BusID	V_R		V_I		Vmag		Pg		Qg		Pl		Ql
1	0.997336	0.000197	0.997261	0.000000	0.097316	0.000000	0.000000
2	0.987866	-0.000673	0.987783	0.000000	-0.042183	0.217000	0.127000
3	0.978283	0.003079	0.978202	0.890145	0.084086	0.942000	0.190000
4	0.982702	0.012927	0.982712	0.000000	0.000000	0.478000	-0.039000
5	0.987252	0.016622	0.987325	0.000000	0.000000	0.076000	0.016000
6	0.966811	0.094743	0.971394	0.859915	0.169416	0.112000	0.075000
7	0.956001	0.099188	0.961090	0.000000	0.000000	0.000000	0.000000
8	0.959939	0.251532	0.992289	0.823530	0.239095	0.000000	0.000000
9	0.939228	0.050206	0.940505	0.000000	0.000000	0.295000	0.166000
10	0.935957	0.051906	0.937335	0.000000	0.000000	0.090000	0.058000
11	0.947351	0.070232	0.949931	0.000000	0.000000	0.035000	0.018000
12	0.951404	0.074134	0.954242	0.000000	0.000000	0.061000	0.016000
13	0.944607	0.070209	0.947180	0.000000	0.000000	0.135000	0.058000
14	0.922472	0.037829	0.923173	0.000000	0.000000	0.149000	0.050000

Branch Results
LineID	From	To	Pik		Pki		Qik		Qki		LossP		LossQ
1	1	2	0.059972	-0.060399	0.087278	-0.189911	-0.000427	-0.102634
2	1	5	-0.059548	0.059038	0.010168	-0.105768	-0.000510	-0.095600
3	2	3	-0.007390	0.006610	0.006706	-0.090825	-0.000780	-0.084119
4	2	4	-0.060571	0.059971	0.015565	-0.080461	-0.000600	-0.064896
5	2	5	-0.088170	0.087810	-0.001528	-0.064375	-0.000359	-0.065904
6	3	4	-0.057949	0.057165	-0.015167	-0.008760	-0.000784	-0.023927
7	4	5	-0.108452	0.107780	-0.073032	0.073847	-0.000672	0.000815
8	4	7	-0.416680	0.415673	0.122841	-0.082866	-0.001007	0.039975
9	4	9	-0.069539	0.068416	0.078368	-0.072305	-0.001123	0.006063
10	5	6	-0.330231	0.329273	0.080299	-0.052651	-0.000957	0.027648
11	6	11	0.130261	-0.129444	0.043770	-0.039861	0.000817	0.003909
12	6	12	0.083800	-0.083889	0.025272	-0.023219	-0.000089	0.002053
13	6	13	0.205107	-0.202780	0.078108	-0.071567	0.002326	0.006541
14	7	8	-0.825145	0.824034	-0.107095	0.239076	-0.001111	0.131982
15	7	9	0.409988	-0.411066	0.189909	-0.165525	-0.001078	0.024384
16	9	10	-0.007165	0.006005	0.037741	-0.037787	-0.001160	-0.000046
17	9	14	0.055419	-0.055949	0.034132	-0.032873	-0.000530	0.001259
18	10	11	-0.095402	0.095033	-0.020095	0.021977	-0.000369	0.001883
19	12	13	0.023470	-0.024548	0.007185	-0.007053	-0.001078	0.000132
20	13	14	0.092921	-0.092442	0.020679	-0.017120	0.000479	0.003559

Summary
Total Pg           : 2.573590
Total Qg           : 0.547730
Total Load P       : 2.590000
Total Load Q       : 0.735000
Total Active Loss  : -0.009013
Total Reactive Loss: -0.186922
Total Load Supplied: 99.714419%

========================================================================================================================
Update time: 2026-06-09 21:02:02
Iteration: 75
rho: 92
alpha: 2.1696877
objective_value: 4.82989447596
feasible: False
max_abs_h: 6.047206102856e-04
l2_norm_h: 3.814382432660e-03
lambda_inf_norm: 1.927728693217e+00
lambda_l2_norm: 1.371775980108e+01
------------------------------------------------------------------------------------------------------------------------
Bus Results
BusID	V_R		V_I		Vmag		Pg		Qg		Pl		Ql
1	0.999592	0.000358	0.999560	0.000000	0.100000	0.000000	0.000000
2	0.990049	-0.000499	0.990016	0.000000	-0.043565	0.217000	0.127000
3	0.980580	0.003166	0.980563	0.889836	0.085339	0.942000	0.190000
4	0.984805	0.013049	0.984857	0.000000	0.000000	0.478000	-0.039000
5	0.989287	0.016776	0.989405	0.000000	0.000000	0.076000	0.016000
6	0.968106	0.094645	0.972708	0.859890	0.164347	0.112000	0.075000
7	0.958182	0.099033	0.963284	0.000000	0.000000	0.000000	0.000000
8	0.962371	0.251298	0.994625	0.825022	0.240000	0.000000	0.000000
9	0.941242	0.050008	0.942542	0.000000	0.000000	0.295000	0.166000
10	0.937854	0.051683	0.939255	0.000000	0.000000	0.090000	0.058000
11	0.948965	0.070033	0.951556	0.000000	0.000000	0.035000	0.018000
12	0.952746	0.074051	0.955601	0.000000	0.000000	0.061000	0.016000
13	0.945983	0.070108	0.948578	0.000000	0.000000	0.135000	0.058000
14	0.924185	0.037663	0.924906	0.000000	0.000000	0.149000	0.050000

Branch Results
LineID	From	To	Pik		Pki		Qik		Qki		LossP		LossQ
1	1	2	0.060139	-0.060788	0.088603	-0.191598	-0.000649	-0.102995
2	1	5	-0.059557	0.058829	0.011320	-0.106899	-0.000728	-0.095579
3	2	3	-0.007191	0.006273	0.006027	-0.090524	-0.000918	-0.084497
4	2	4	-0.060389	0.059707	0.015885	-0.081060	-0.000682	-0.065175
5	2	5	-0.088086	0.087547	-0.000849	-0.065288	-0.000538	-0.066137
6	3	4	-0.057901	0.057103	-0.014175	-0.009832	-0.000798	-0.024007
7	4	5	-0.108973	0.108186	-0.071586	0.072419	-0.000787	0.000833
8	4	7	-0.416243	0.415397	0.122705	-0.083129	-0.000845	0.039575
9	4	9	-0.069093	0.068126	0.078709	-0.072718	-0.000967	0.005991
10	5	6	-0.330037	0.328942	0.083694	-0.055908	-0.001095	0.027785
11	6	11	0.130403	-0.129500	0.042344	-0.038529	0.000903	0.003815
12	6	12	0.083831	-0.083929	0.025195	-0.023090	-0.000098	0.002104
13	6	13	0.205221	-0.202939	0.077763	-0.071071	0.002282	0.006692
14	7	8	-0.826380	0.825501	-0.108441	0.240082	-0.000879	0.131641
15	7	9	0.411377	-0.412169	0.191616	-0.167271	-0.000792	0.024345
16	9	10	-0.006451	0.005560	0.038919	-0.038958	-0.000891	-0.000039
17	9	14	0.055931	-0.056210	0.035135	-0.033775	-0.000279	0.001360
18	10	11	-0.095075	0.094987	-0.018923	0.020677	-0.000088	0.001755
19	12	13	0.023509	-0.024511	0.007065	-0.006889	-0.001001	0.000176
20	13	14	0.092994	-0.092298	0.019931	-0.016271	0.000696	0.003660

Summary
Total Pg           : 2.574748
Total Qg           : 0.546122
Total Load P       : 2.590000
Total Load Q       : 0.735000
Total Active Loss  : -0.008156
Total Reactive Loss: -0.188695
Total Load Supplied: 99.726013%

========================================================================================================================
Update time: 2026-06-09 21:05:59
Iteration: 76
rho: 92
alpha: 2.1696877
objective_value: 4.83590540734
feasible: False
max_abs_h: 7.300935389196e-04
l2_norm_h: 3.393028739311e-03
lambda_inf_norm: 1.928699291588e+00
lambda_l2_norm: 1.372481463244e+01
------------------------------------------------------------------------------------------------------------------------
Bus Results
BusID	V_R		V_I		Vmag		Pg		Qg		Pl		Ql
1	1.000730	0.000242	1.000715	0.000000	0.096243	0.000000	0.000000
2	0.991350	-0.000655	0.991326	0.000000	-0.044137	0.217000	0.127000
3	0.982247	0.002804	0.982232	0.888347	0.088704	0.942000	0.190000
4	0.986222	0.012976	0.986287	0.000000	0.000000	0.478000	-0.039000
5	0.990642	0.016675	0.990768	0.000000	0.000000	0.076000	0.016000
6	0.969322	0.094563	0.973912	0.860624	0.162691	0.112000	0.075000
7	0.959500	0.099354	0.964637	0.000000	0.000000	0.000000	0.000000
8	0.963454	0.252129	0.995891	0.829037	0.240000	0.000000	0.000000
9	0.942620	0.050208	0.943936	0.000000	0.000000	0.295000	0.166000
10	0.939194	0.051841	0.940589	0.000000	0.000000	0.090000	0.058000
11	0.950228	0.070075	0.952819	0.000000	0.000000	0.035000	0.018000
12	0.954011	0.073930	0.956857	0.000000	0.000000	0.061000	0.016000
13	0.947280	0.070018	0.949869	0.000000	0.000000	0.135000	0.058000
14	0.925594	0.037730	0.926324	0.000000	0.000000	0.149000	0.050000

Branch Results
LineID	From	To	Pik		Pki		Qik		Qki		LossP		LossQ
1	1	2	0.060187	-0.060591	0.085948	-0.189378	-0.000404	-0.103430
2	1	5	-0.059748	0.059272	0.010323	-0.106322	-0.000476	-0.095998
3	2	3	-0.006551	0.005752	0.003981	-0.088854	-0.000798	-0.084873
4	2	4	-0.060966	0.060489	0.015383	-0.080845	-0.000477	-0.065463
5	2	5	-0.088460	0.088130	-0.001091	-0.065321	-0.000330	-0.066412
6	3	4	-0.058903	0.058225	-0.012462	-0.011744	-0.000679	-0.024206
7	4	5	-0.108054	0.107450	-0.070542	0.071244	-0.000604	0.000702
8	4	7	-0.418644	0.417811	0.123311	-0.083524	-0.000833	0.039788
9	4	9	-0.069607	0.068759	0.078849	-0.072877	-0.000848	0.005972
10	5	6	-0.330430	0.329536	0.084381	-0.056696	-0.000894	0.027685
11	6	11	0.130047	-0.129066	0.042315	-0.038504	0.000981	0.003811
12	6	12	0.084075	-0.084015	0.024933	-0.022975	0.000060	0.001959
13	6	13	0.205422	-0.202989	0.077221	-0.070704	0.002433	0.006517
14	7	8	-0.830420	0.829530	-0.107851	0.240170	-0.000890	0.132319
15	7	9	0.413014	-0.413823	0.191508	-0.167167	-0.000809	0.024341
16	9	10	-0.005892	0.005052	0.039233	-0.039219	-0.000840	0.000014
17	9	14	0.056382	-0.056599	0.034900	-0.033671	-0.000216	0.001229
18	10	11	-0.094601	0.094541	-0.018724	0.020581	-0.000060	0.001857
19	12	13	0.023498	-0.024292	0.007001	-0.006941	-0.000794	0.000060
20	13	14	0.092747	-0.091954	0.019722	-0.016285	0.000793	0.003437

Summary
Total Pg           : 2.578009
Total Qg           : 0.543500
Total Load P       : 2.590000
Total Load Q       : 0.735000
Total Active Loss  : -0.005686
Total Reactive Loss: -0.190690
Total Load Supplied: 99.756568%

========================================================================================================================
Update time: 2026-06-09 21:09:56
Iteration: 77
rho: 92
alpha: 2.2347784
objective_value: 4.83865810953
feasible: False
max_abs_h: 1.225614613175e-03
l2_norm_h: 3.366770171717e-03
lambda_inf_norm: 1.929636533930e+00
lambda_l2_norm: 1.373138765771e+01
------------------------------------------------------------------------------------------------------------------------
Bus Results
BusID	V_R		V_I		Vmag		Pg		Qg		Pl		Ql
1	1.001226	-0.000043	1.001218	0.000000	0.091874	0.000000	0.000000
2	0.992029	-0.000999	0.992012	0.000000	-0.044677	0.217000	0.127000
3	0.983318	0.002179	0.983309	0.886142	0.092503	0.942000	0.190000
4	0.987071	0.012699	0.987138	0.000000	0.000000	0.478000	-0.039000
5	0.991439	0.016372	0.991567	0.000000	0.000000	0.076000	0.016000
6	0.970294	0.094246	0.974852	0.860195	0.163043	0.112000	0.075000
7	0.960307	0.099522	0.965462	0.000000	0.000000	0.000000	0.000000
8	0.963991	0.252902	0.996611	0.833207	0.240000	0.000000	0.000000
9	0.943553	0.050246	0.944876	0.000000	0.000000	0.295000	0.166000
10	0.940158	0.051817	0.941556	0.000000	0.000000	0.090000	0.058000
11	0.951213	0.069904	0.953795	0.000000	0.000000	0.035000	0.018000
12	0.955010	0.073640	0.957833	0.000000	0.000000	0.061000	0.016000
13	0.948287	0.069756	0.950859	0.000000	0.000000	0.135000	0.058000
14	0.926597	0.037643	0.927328	0.000000	0.000000	0.149000	0.050000

Branch Results
LineID	From	To	Pik		Pki		Qik		Qki		LossP		LossQ
1	1	2	0.060291	-0.060596	0.082865	-0.186459	-0.000305	-0.103594
2	1	5	-0.059918	0.059574	0.009033	-0.105202	-0.000344	-0.096170
3	2	3	-0.005611	0.004869	0.001782	-0.086845	-0.000741	-0.085063
4	2	4	-0.061555	0.061191	0.014651	-0.080223	-0.000365	-0.065571
5	2	5	-0.088864	0.088651	-0.001619	-0.064908	-0.000213	-0.066527
6	3	4	-0.060243	0.059627	-0.010674	-0.013570	-0.000616	-0.024244
7	4	5	-0.107193	0.106684	-0.069630	0.070285	-0.000509	0.000655
8	4	7	-0.421076	0.420300	0.123704	-0.083585	-0.000776	0.040119
9	4	9	-0.070170	0.069397	0.078764	-0.072806	-0.000772	0.005957
10	5	6	-0.330547	0.329735	0.083819	-0.056217	-0.000811	0.027602
11	6	11	0.129586	-0.128587	0.042434	-0.038719	0.000999	0.003715
12	6	12	0.084065	-0.083980	0.024843	-0.022948	0.000085	0.001896
13	6	13	0.205251	-0.202793	0.077092	-0.070677	0.002458	0.006415
14	7	8	-0.834551	0.833693	-0.106932	0.240202	-0.000858	0.133270
15	7	9	0.414626	-0.415396	0.190695	-0.166346	-0.000770	0.024349
16	9	10	-0.005352	0.004545	0.038731	-0.038810	-0.000807	-0.000079
17	9	14	0.056746	-0.056913	0.034547	-0.033401	-0.000167	0.001146
18	10	11	-0.094098	0.094049	-0.019091	0.020845	-0.000049	0.001755
19	12	13	0.023456	-0.024223	0.007005	-0.007024	-0.000768	-0.000019
20	13	14	0.092468	-0.091655	0.019825	-0.016509	0.000814	0.003316

Summary
Total Pg           : 2.579544
Total Qg           : 0.542743
Total Load P       : 2.590000
Total Load Q       : 0.735000
Total Active Loss  : -0.004516
Total Reactive Loss: -0.191073
Total Load Supplied: 99.770672%

========================================================================================================================
Update time: 2026-06-09 21:13:54
Iteration: 78
rho: 92
alpha: 2.2347784
objective_value: 4.8398812876
feasible: False
max_abs_h: 1.606455136422e-03
l2_norm_h: 3.462440917767e-03
lambda_inf_norm: 1.930553216391e+00
lambda_l2_norm: 1.373794340567e+01
------------------------------------------------------------------------------------------------------------------------
Bus Results
BusID	V_R		V_I		Vmag		Pg		Qg		Pl		Ql
1	1.001606	0.000182	1.001600	0.000000	0.100000	0.000000	0.000000
2	0.992062	-0.000679	0.992053	0.000000	-0.050511	0.217000	0.127000
3	0.983461	0.002274	0.983463	0.883943	0.094549	0.942000	0.190000
4	0.987086	0.013103	0.987168	0.000000	0.000000	0.478000	-0.039000
5	0.991460	0.016743	0.991601	0.000000	0.000000	0.076000	0.016000
6	0.970065	0.094567	0.974667	0.859511	0.162438	0.112000	0.075000
7	0.960025	0.100322	0.965276	0.000000	0.000000	0.000000	0.000000
8	0.963308	0.254363	0.996335	0.836806	0.240000	0.000000	0.000000
9	0.943367	0.050852	0.944735	0.000000	0.000000	0.295000	0.166000
10	0.939962	0.052359	0.941403	0.000000	0.000000	0.090000	0.058000
11	0.950997	0.070330	0.953619	0.000000	0.000000	0.035000	0.018000
12	0.954777	0.073951	0.957639	0.000000	0.000000	0.061000	0.016000
13	0.948064	0.070089	0.950671	0.000000	0.000000	0.135000	0.058000
14	0.926405	0.038105	0.927168	0.000000	0.000000	0.149000	0.050000

Branch Results
LineID	From	To	Pik		Pki		Qik		Qki		LossP		LossQ
1	1	2	0.060576	-0.060842	0.088836	-0.192051	-0.000265	-0.103215
2	1	5	-0.060208	0.059860	0.010918	-0.106721	-0.000348	-0.095802
3	2	3	-0.004675	0.003946	0.001043	-0.086071	-0.000729	-0.085028
4	2	4	-0.061979	0.061600	0.014909	-0.080384	-0.000380	-0.065475
5	2	5	-0.089122	0.088902	-0.001443	-0.064932	-0.000220	-0.066374
6	3	4	-0.061536	0.060952	-0.009413	-0.014753	-0.000583	-0.024166
7	4	5	-0.106522	0.106008	-0.069965	0.070744	-0.000515	0.000779
8	4	7	-0.423075	0.422315	0.124973	-0.084385	-0.000760	0.040588
9	4	9	-0.070585	0.069822	0.079134	-0.073082	-0.000763	0.006052
10	5	6	-0.330400	0.329601	0.084820	-0.057104	-0.000799	0.027715
11	6	11	0.129111	-0.128078	0.042594	-0.038876	0.001033	0.003718
12	6	12	0.084103	-0.083963	0.024877	-0.022973	0.000141	0.001905
13	6	13	0.205116	-0.202614	0.077156	-0.070727	0.002502	0.006429
14	7	8	-0.838116	0.837275	-0.105802	0.240218	-0.000842	0.134416
15	7	9	0.416173	-0.416908	0.190345	-0.165847	-0.000735	0.024498
16	9	10	-0.004694	0.003931	0.038629	-0.038687	-0.000763	-0.000058
17	9	14	0.057162	-0.057291	0.034424	-0.033276	-0.000128	0.001148
18	10	11	-0.093518	0.093515	-0.019223	0.020981	-0.000003	0.001757
19	12	13	0.023404	-0.024115	0.007038	-0.007063	-0.000711	-0.000025
20	13	14	0.092151	-0.091299	0.019909	-0.016624	0.000852	0.003285

Summary
Total Pg           : 2.580260
Total Qg           : 0.546477
Total Load P       : 2.590000
Total Load Q       : 0.735000
Total Active Loss  : -0.004015
Total Reactive Loss: -0.187852
Total Load Supplied: 99.778941%

========================================================================================================================
Update time: 2026-06-09 21:17:51
Iteration: 79
rho: 92
alpha: 2.2347784
objective_value: 4.84055675263
feasible: False
max_abs_h: 1.332709070388e-03
l2_norm_h: 3.293152709312e-03
lambda_inf_norm: 1.931434900126e+00
lambda_l2_norm: 1.374435988901e+01
------------------------------------------------------------------------------------------------------------------------
Bus Results
BusID	V_R		V_I		Vmag		Pg		Qg		Pl		Ql
1	1.001333	0.000256	1.001335	0.000000	0.095034	0.000000	0.000000
2	0.991961	-0.000674	0.991953	0.000000	-0.051453	0.217000	0.127000
3	0.983733	0.001967	0.983733	0.881502	0.098237	0.942000	0.190000
4	0.987158	0.013155	0.987241	0.000000	0.000000	0.478000	-0.039000
5	0.991491	0.016782	0.991633	0.000000	0.000000	0.076000	0.016000
6	0.970268	0.094613	0.974869	0.859023	0.163530	0.112000	0.075000
7	0.959999	0.100785	0.965294	0.000000	0.000000	0.000000	0.000000
8	0.962977	0.255410	0.996279	0.840163	0.240000	0.000000	0.000000
9	0.943461	0.051171	0.944842	0.000000	0.000000	0.295000	0.166000
10	0.940085	0.052622	0.941537	0.000000	0.000000	0.090000	0.058000
11	0.951164	0.070480	0.953792	0.000000	0.000000	0.035000	0.018000
12	0.954979	0.074011	0.957840	0.000000	0.000000	0.061000	0.016000
13	0.948262	0.070170	0.950870	0.000000	0.000000	0.135000	0.058000
14	0.926555	0.038312	0.927324	0.000000	0.000000	0.149000	0.050000

Branch Results
LineID	From	To	Pik		Pki		Qik		Qki		LossP		LossQ
1	1	2	0.060741	-0.061024	0.085695	-0.189245	-0.000283	-0.103550
2	1	5	-0.060369	0.060009	0.009358	-0.105523	-0.000360	-0.096165
3	2	3	-0.003607	0.002894	-0.001119	-0.084041	-0.000713	-0.085160
4	2	4	-0.062490	0.062129	0.014058	-0.079637	-0.000361	-0.065579
5	2	5	-0.089505	0.089294	-0.002120	-0.064388	-0.000211	-0.066508
6	3	4	-0.062936	0.062392	-0.007730	-0.016474	-0.000544	-0.024205
7	4	5	-0.105998	0.105491	-0.069244	0.069886	-0.000507	0.000642
8	4	7	-0.425090	0.424347	0.125362	-0.084487	-0.000743	0.040875
9	4	9	-0.071073	0.070332	0.079045	-0.073032	-0.000741	0.006013
10	5	6	-0.330426	0.329636	0.084021	-0.056435	-0.000790	0.027586
11	6	11	0.128763	-0.127711	0.042899	-0.039222	0.001053	0.003677
12	6	12	0.084082	-0.083932	0.024890	-0.023013	0.000150	0.001877
13	6	13	0.204950	-0.202443	0.077285	-0.070884	0.002507	0.006401
14	7	8	-0.841441	0.840614	-0.104915	0.240260	-0.000827	0.135345
15	7	9	0.417459	-0.418180	0.189604	-0.165079	-0.000721	0.024526
16	9	10	-0.004218	0.003486	0.038138	-0.038252	-0.000732	-0.000114
17	9	14	0.057434	-0.057534	0.034123	-0.033009	-0.000100	0.001114
18	10	11	-0.093095	0.093128	-0.019635	0.021340	0.000033	0.001705
19	12	13	0.023369	-0.024070	0.007089	-0.007130	-0.000701	-0.000041
20	13	14	0.091934	-0.091071	0.020137	-0.016880	0.000863	0.003257

Summary
Total Pg           : 2.580688
Total Qg           : 0.545348
Total Load P       : 2.590000
Total Load Q       : 0.735000
Total Active Loss  : -0.003730
Total Reactive Loss: -0.188304
Total Load Supplied: 99.784469%

========================================================================================================================
Update time: 2026-06-09 21:21:49
Iteration: 80
rho: 92
alpha: 1.7878227
objective_value: 4.84092809084
feasible: False
max_abs_h: 2.211235345707e-03
l2_norm_h: 3.717497408094e-03
lambda_inf_norm: 1.932338458705e+00
lambda_l2_norm: 1.375067905833e+01
------------------------------------------------------------------------------------------------------------------------
Bus Results
BusID	V_R		V_I		Vmag		Pg		Qg		Pl		Ql
1	1.002211	0.000478	1.002201	0.000000	0.100000	0.000000	0.000000
2	0.992622	-0.000391	0.992606	0.000000	-0.056469	0.217000	0.127000
3	0.984546	0.002010	0.984541	0.879062	0.100239	0.942000	0.190000
4	0.987875	0.013521	0.987957	0.000000	0.000000	0.478000	-0.039000
5	0.992209	0.017102	0.992349	0.000000	0.000000	0.076000	0.016000
6	0.970973	0.094818	0.975584	0.857806	0.164320	0.112000	0.075000
7	0.960458	0.101584	0.965829	0.000000	0.000000	0.000000	0.000000
8	0.963022	0.256814	0.996679	0.844086	0.240000	0.000000	0.000000
9	0.944064	0.051830	0.945476	0.000000	0.000000	0.295000	0.166000
10	0.940718	0.053213	0.942195	0.000000	0.000000	0.090000	0.058000
11	0.951841	0.070889	0.954494	0.000000	0.000000	0.035000	0.018000
12	0.955676	0.074249	0.958548	0.000000	0.000000	0.061000	0.016000
13	0.948963	0.070446	0.951585	0.000000	0.000000	0.135000	0.058000
14	0.927222	0.038817	0.928010	0.000000	0.000000	0.149000	0.050000

Branch Results
LineID	From	To	Pik		Pki		Qik		Qki		LossP		LossQ
1	1	2	0.060955	-0.061143	0.089510	-0.192903	-0.000188	-0.103393
2	1	5	-0.060632	0.060347	0.010291	-0.106308	-0.000285	-0.096017
3	2	3	-0.002647	0.001933	-0.002113	-0.083155	-0.000713	-0.085268
4	2	4	-0.063027	0.062715	0.013900	-0.079544	-0.000313	-0.065645
5	2	5	-0.089827	0.089665	-0.002362	-0.064140	-0.000162	-0.066502
6	3	4	-0.064428	0.063889	-0.006634	-0.017565	-0.000539	-0.024198
7	4	5	-0.105027	0.104545	-0.069638	0.070324	-0.000481	0.000686
8	4	7	-0.427541	0.426811	0.126513	-0.085156	-0.000730	0.041358
9	4	9	-0.071687	0.070929	0.079280	-0.073172	-0.000758	0.006108
10	5	6	-0.330204	0.329429	0.084080	-0.056508	-0.000776	0.027573
11	6	11	0.128054	-0.127025	0.043363	-0.039729	0.001029	0.003633
12	6	12	0.084055	-0.083880	0.024985	-0.023106	0.000175	0.001879
13	6	13	0.204663	-0.202149	0.077573	-0.071170	0.002514	0.006403
14	7	8	-0.845349	0.844537	-0.103659	0.240189	-0.000812	0.136530
15	7	9	0.418899	-0.419652	0.188955	-0.164243	-0.000753	0.024712
16	9	10	-0.003686	0.002904	0.037687	-0.037748	-0.000782	-0.000061
17	9	14	0.057807	-0.057928	0.033850	-0.032680	-0.000121	0.001169
18	10	11	-0.092477	0.092458	-0.020164	0.021856	-0.000019	0.001692
19	12	13	0.023302	-0.023978	0.007179	-0.007197	-0.000676	-0.000018
20	13	14	0.091528	-0.090667	0.020475	-0.017224	0.000861	0.003250

Summary
Total Pg           : 2.580954
Total Qg           : 0.548090
Total Load P       : 2.590000
Total Load Q       : 0.735000
Total Active Loss  : -0.003530
Total Reactive Loss: -0.186109
Total Load Supplied: 99.787012%

========================================================================================================================
Update time: 2026-06-09 21:25:47
Iteration: 81
rho: 105.8
alpha: 1.4302582
objective_value: 4.83264376878
feasible: False
max_abs_h: 1.395325629613e-03
l2_norm_h: 4.922861002130e-03
lambda_inf_norm: 1.933809470729e+00
lambda_l2_norm: 1.375683941606e+01
------------------------------------------------------------------------------------------------------------------------
Bus Results
BusID	V_R		V_I		Vmag		Pg		Qg		Pl		Ql
1	0.998605	0.001093	0.998619	0.000000	0.100000	0.000000	0.000000
2	0.988794	0.000324	0.988835	0.000000	-0.075188	0.217000	0.127000
3	0.981631	0.002769	0.981654	0.881566	0.102969	0.942000	0.190000
4	0.985177	0.013962	0.985296	0.000000	0.000000	0.478000	-0.039000
5	0.989402	0.017488	0.989594	0.000000	0.000000	0.076000	0.016000
6	0.970184	0.094717	0.974843	0.851432	0.172310	0.112000	0.075000
7	0.958938	0.102279	0.964413	0.000000	0.000000	0.000000	0.000000
8	0.961411	0.257625	0.995335	0.843451	0.240000	0.000000	0.000000
9	0.943046	0.052534	0.944512	0.000000	0.000000	0.295000	0.166000
10	0.939894	0.053790	0.941421	0.000000	0.000000	0.090000	0.058000
11	0.951128	0.071135	0.953821	0.000000	0.000000	0.035000	0.018000
12	0.954876	0.074276	0.957769	0.000000	0.000000	0.061000	0.016000
13	0.948275	0.070500	0.950889	0.000000	0.000000	0.135000	0.058000
14	0.926648	0.039324	0.927498	0.000000	0.000000	0.149000	0.050000

Branch Results
LineID	From	To	Pik		Pki		Qik		Qki		LossP		LossQ
1	1	2	0.060386	-0.060260	0.093164	-0.195865	0.000126	-0.102701
2	1	5	-0.060206	0.059939	0.006737	-0.102156	-0.000267	-0.095418
3	2	3	-0.003759	0.003104	-0.006101	-0.078691	-0.000655	-0.084793
4	2	4	-0.063206	0.062881	0.007710	-0.073275	-0.000325	-0.065566
5	2	5	-0.089449	0.089400	-0.008053	-0.057864	-0.000049	-0.065917
6	3	4	-0.063095	0.062362	-0.008284	-0.015964	-0.000734	-0.024248
7	4	5	-0.103036	0.102294	-0.067452	0.068263	-0.000741	0.000812
8	4	7	-0.427657	0.426786	0.120132	-0.079507	-0.000872	0.040624
9	4	9	-0.072127	0.070933	0.075739	-0.070820	-0.001193	0.004918
10	5	6	-0.327216	0.326449	0.075555	-0.048504	-0.000766	0.027051
11	6	11	0.126487	-0.125430	0.043538	-0.040219	0.001057	0.003319
12	6	12	0.083511	-0.083558	0.025353	-0.023211	-0.000047	0.002143
13	6	13	0.203384	-0.200913	0.077312	-0.071182	0.002471	0.006130
14	7	8	-0.844781	0.843875	-0.104126	0.240320	-0.000907	0.136194
15	7	9	0.418379	-0.419582	0.184145	-0.160868	-0.001203	0.023277
16	9	10	-0.003274	0.002096	0.034606	-0.035888	-0.001178	-0.001282
17	9	14	0.057487	-0.058185	0.031787	-0.031700	-0.000698	0.000087
18	10	11	-0.091445	0.090944	-0.021485	0.022509	-0.000501	0.001024
19	12	13	0.022952	-0.023873	0.007098	-0.007101	-0.000921	-0.000004
20	13	14	0.090248	-0.089992	0.020514	-0.017770	0.000256	0.002744

Summary
Total Pg           : 2.576449
Total Qg           : 0.540091
Total Load P       : 2.590000
Total Load Q       : 0.735000
Total Active Loss  : -0.007146
Total Reactive Loss: -0.191608
Total Load Supplied: 99.752709%

========================================================================================================================
Update time: 2026-06-09 21:29:45
Iteration: 82
rho: 105.8
alpha: 1.1442065
objective_value: 4.92803471461
feasible: False
max_abs_h: 1.213045142314e-02
l2_norm_h: 2.198586165976e-02
lambda_inf_norm: 1.933491268780e+00
lambda_l2_norm: 1.375250782719e+01
------------------------------------------------------------------------------------------------------------------------
Bus Results
BusID	V_R		V_I		Vmag		Pg		Qg		Pl		Ql
1	0.987870	0.001352	0.988019	0.000000	0.100000	0.000000	0.000000
2	0.977691	0.000745	0.977890	0.000000	-0.237671	0.217000	0.127000
3	0.997504	-0.003162	0.997841	0.897530	0.371727	0.942000	0.190000
4	0.977898	0.013861	0.978086	0.000000	0.000000	0.478000	-0.039000
5	0.980462	0.017478	0.980429	0.000000	0.000000	0.076000	0.016000
6	0.957655	0.095146	0.962658	0.870402	0.213922	0.112000	0.075000
7	0.942374	0.102624	0.947868	0.000000	0.000000	0.000000	0.000000
8	0.941271	0.262896	0.977405	0.859174	0.237397	0.000000	0.000000
9	0.924883	0.050935	0.926284	0.000000	0.000000	0.295000	0.166000
10	0.921458	0.052358	0.922771	0.000000	0.000000	0.090000	0.058000
11	0.934586	0.070719	0.937344	0.000000	0.000000	0.035000	0.018000
12	0.939942	0.074055	0.942847	0.000000	0.000000	0.061000	0.016000
13	0.932666	0.070531	0.935601	0.000000	0.000000	0.135000	0.058000
14	0.907221	0.038078	0.908440	0.000000	0.000000	0.149000	0.050000

Branch Results
LineID	From	To	Pik		Pki		Qik		Qki		LossP		LossQ
1	1	2	0.059971	-0.058007	0.098630	-0.198939	0.001964	-0.100309
2	1	5	-0.059592	0.062074	0.000556	-0.092631	0.002482	-0.092074
3	2	3	-0.003788	0.002998	-0.138445	0.057273	-0.000790	-0.081171
4	2	4	-0.065627	0.065520	-0.009995	-0.051340	-0.000107	-0.061335
5	2	5	-0.089084	0.092192	-0.017766	-0.044894	0.003108	-0.062659
6	3	4	-0.047277	0.046420	0.121248	-0.140032	-0.000857	-0.018784
7	4	5	-0.092412	0.092563	-0.029460	0.030115	0.000151	0.000656
8	4	7	-0.427459	0.428171	0.162597	-0.116795	0.000712	0.045802
9	4	9	-0.069351	0.070876	0.095684	-0.083555	0.001525	0.012129
10	5	6	-0.324280	0.325508	0.090457	-0.058070	0.001228	0.032387
11	6	11	0.135082	-0.131992	0.061804	-0.051288	0.003090	0.010516
12	6	12	0.087267	-0.086106	0.034236	-0.028246	0.001162	0.005990
13	6	13	0.210497	-0.206799	0.097449	-0.083695	0.003698	0.013754
14	7	8	-0.856083	0.858910	-0.085831	0.235094	0.002827	0.149263
15	7	9	0.426641	-0.424514	0.200113	-0.167246	0.002127	0.032867
16	9	10	-0.002189	0.005010	0.041072	-0.035997	0.002821	0.005076
17	9	14	0.059366	-0.056297	0.039731	-0.032081	0.003069	0.007651
18	10	11	-0.095996	0.097150	-0.024916	0.031278	0.001154	0.006362
19	12	13	0.024440	-0.023540	0.010408	-0.007373	0.000900	0.003035
20	13	14	0.095284	-0.092925	0.030312	-0.020952	0.002359	0.009360

Summary
Total Pg           : 2.627105
Total Qg           : 0.685375
Total Load P       : 2.590000
Total Load Q       : 0.735000
Total Active Loss  : 0.032622
Total Reactive Loss: -0.081486
Total Load Supplied: 100.173085%

========================================================================================================================
Update time: 2026-06-09 21:33:43
Iteration: 83
rho: 105.8
alpha: 1.1442065
objective_value: 4.8772087432
feasible: False
max_abs_h: 4.099756511632e-03
l2_norm_h: 5.605294933491e-03
lambda_inf_norm: 1.933342373822e+00
lambda_l2_norm: 1.375299372165e+01
------------------------------------------------------------------------------------------------------------------------
Bus Results
BusID	V_R		V_I		Vmag		Pg		Qg		Pl		Ql
1	0.995900	0.000190	0.995822	0.000000	0.100000	0.000000	0.000000
2	0.985608	-0.000469	0.985526	0.000000	-0.240223	0.217000	0.127000
3	1.003400	-0.005194	1.003357	0.883917	0.349032	0.942000	0.190000
4	0.986001	0.012662	0.986003	0.000000	0.000000	0.478000	-0.039000
5	0.988392	0.016429	0.988455	0.000000	0.000000	0.076000	0.016000
6	0.964031	0.093203	0.968468	0.855319	0.165693	0.112000	0.075000
7	0.951840	0.102275	0.957249	0.000000	0.000000	0.000000	0.000000
8	0.948288	0.261329	0.983584	0.861019	0.217271	0.000000	0.000000
9	0.935882	0.051156	0.937174	0.000000	0.000000	0.295000	0.166000
10	0.932344	0.052276	0.933694	0.000000	0.000000	0.090000	0.058000
11	0.943849	0.069584	0.946344	0.000000	0.000000	0.035000	0.018000
12	0.947858	0.072521	0.950556	0.000000	0.000000	0.061000	0.016000
13	0.941061	0.068791	0.943508	0.000000	0.000000	0.135000	0.058000
14	0.918370	0.037470	0.919011	0.000000	0.000000	0.149000	0.050000

Branch Results
LineID	From	To	Pik		Pki		Qik		Qki		LossP		LossQ
1	1	2	0.061096	-0.060802	0.100726	-0.202785	0.000295	-0.102059
2	1	5	-0.060964	0.061136	-0.000635	-0.094715	0.000173	-0.095350
3	2	3	0.002162	-0.002128	-0.131777	0.046996	0.000034	-0.084782
4	2	4	-0.066973	0.067114	-0.013159	-0.051788	0.000141	-0.064947
5	2	5	-0.091278	0.091646	-0.019484	-0.046175	0.000368	-0.065659
6	3	4	-0.055695	0.056634	0.111818	-0.133490	0.000939	-0.021672
7	4	5	-0.095957	0.096040	-0.026464	0.027383	0.000083	0.000919
8	4	7	-0.434126	0.434069	0.159417	-0.113761	-0.000057	0.045656
9	4	9	-0.071631	0.071694	0.091079	-0.082665	0.000063	0.008415
10	5	6	-0.324791	0.324577	0.097281	-0.069075	-0.000214	0.028206
11	6	11	0.127740	-0.126063	0.048304	-0.043288	0.001676	0.005016
12	6	12	0.085092	-0.084339	0.027910	-0.024758	0.000753	0.003152
13	6	13	0.206101	-0.202850	0.083219	-0.075318	0.003251	0.007901
14	7	8	-0.861573	0.861379	-0.072854	0.217182	-0.000195	0.144329
15	7	9	0.427523	-0.427360	0.186195	-0.158897	0.000163	0.027298
16	9	10	0.000041	0.000182	0.039285	-0.037564	0.000222	0.001721
17	9	14	0.060527	-0.059569	0.035561	-0.032441	0.000957	0.003120
18	10	11	-0.090246	0.091107	-0.021231	0.024624	0.000861	0.003393
19	12	13	0.023456	-0.023447	0.008153	-0.006728	0.000009	0.001425
20	13	14	0.091342	-0.089561	0.023419	-0.018404	0.001781	0.005016

Summary
Total Pg           : 2.600254
Total Qg           : 0.591773
Total Load P       : 2.590000
Total Load Q       : 0.735000
Total Active Loss  : 0.011304
Total Reactive Loss: -0.148904
Total Load Supplied: 99.959492%

========================================================================================================================
Update time: 2026-06-09 21:37:39
Iteration: 84
rho: 105.8
alpha: 1.1442065
objective_value: 4.85905604354
feasible: False
max_abs_h: 7.071636101270e-04
l2_norm_h: 1.986517386233e-03
lambda_inf_norm: 1.933518517791e+00
lambda_l2_norm: 1.375487228041e+01
------------------------------------------------------------------------------------------------------------------------
Bus Results
BusID	V_R		V_I		Vmag		Pg		Qg		Pl		Ql
1	0.999293	0.000114	0.999258	0.000000	0.100000	0.000000	0.000000
2	0.989008	-0.000575	0.988966	0.000000	-0.236249	0.217000	0.127000
3	1.005630	-0.005534	1.005621	0.877210	0.338327	0.942000	0.190000
4	0.989373	0.012638	0.989417	0.000000	0.000000	0.478000	-0.039000
5	0.991741	0.016390	0.991847	0.000000	0.000000	0.076000	0.016000
6	0.966839	0.092856	0.971258	0.849465	0.152045	0.112000	0.075000
7	0.955671	0.102539	0.961139	0.000000	0.000000	0.000000	0.000000
8	0.951581	0.261477	0.986826	0.864037	0.213783	0.000000	0.000000
9	0.940121	0.051539	0.941490	0.000000	0.000000	0.295000	0.166000
10	0.936607	0.052557	0.938029	0.000000	0.000000	0.090000	0.058000
11	0.947618	0.069552	0.950149	0.000000	0.000000	0.035000	0.018000
12	0.951237	0.072287	0.953948	0.000000	0.000000	0.061000	0.016000
13	0.944562	0.068599	0.947029	0.000000	0.000000	0.135000	0.058000
14	0.922782	0.037699	0.923488	0.000000	0.000000	0.149000	0.050000

Branch Results
LineID	From	To	Pik		Pki		Qik		Qki		LossP		LossQ
1	1	2	0.061635	-0.061582	0.100661	-0.203513	0.000053	-0.102853
2	1	5	-0.061395	0.061262	-0.000579	-0.095639	-0.000133	-0.096218
3	2	3	0.004493	-0.004670	-0.127156	0.041496	-0.000177	-0.085660
4	2	4	-0.067698	0.067581	-0.013131	-0.052596	-0.000117	-0.065727
5	2	5	-0.091984	0.092029	-0.019369	-0.047030	0.000045	-0.066400
6	3	4	-0.059797	0.060496	0.106729	-0.129061	0.000699	-0.022332
7	4	5	-0.095987	0.095743	-0.026373	0.026850	-0.000244	0.000478
8	4	7	-0.437161	0.436767	0.157508	-0.112389	-0.000394	0.045120
9	4	9	-0.072750	0.072393	0.089522	-0.082089	-0.000357	0.007433
10	5	6	-0.324817	0.324318	0.099793	-0.072238	-0.000499	0.027555
11	6	11	0.125236	-0.123949	0.044434	-0.040554	0.001287	0.003880
12	6	12	0.084219	-0.083741	0.025863	-0.023611	0.000478	0.002252
13	6	13	0.203970	-0.201120	0.078978	-0.072226	0.002850	0.006753
14	7	8	-0.864955	0.864407	-0.070333	0.213851	-0.000548	0.143518
15	7	9	0.428393	-0.428721	0.182705	-0.156700	-0.000329	0.026004
16	9	10	0.000715	-0.001028	0.038283	-0.037830	-0.000312	0.000452
17	9	14	0.060781	-0.060388	0.034403	-0.032602	0.000392	0.001801
18	10	11	-0.088789	0.089175	-0.020332	0.022435	0.000386	0.002103
19	12	13	0.023012	-0.023352	0.007484	-0.007078	-0.000340	0.000405
20	13	14	0.089698	-0.088458	0.021208	-0.017573	0.001240	0.003635

Summary
Total Pg           : 2.590713
Total Qg           : 0.567906
Total Load P       : 2.590000
Total Load Q       : 0.735000
Total Active Loss  : 0.003979
Total Reactive Loss: -0.167800
Total Load Supplied: 99.873888%

========================================================================================================================
Update time: 2026-06-09 21:41:37
Iteration: 85
rho: 105.8
alpha: 0.91536522
objective_value: 4.8531159537
feasible: False
max_abs_h: 5.276435875776e-04
l2_norm_h: 2.181052156348e-03
lambda_inf_norm: 1.933808608993e+00
lambda_l2_norm: 1.375718827889e+01
------------------------------------------------------------------------------------------------------------------------
Bus Results
BusID	V_R		V_I		Vmag		Pg		Qg		Pl		Ql
1	1.000528	0.000064	1.000513	0.000000	0.098729	0.000000	0.000000
2	0.990307	-0.000662	0.990285	0.000000	-0.231473	0.217000	0.127000
3	1.006097	-0.005714	1.006106	0.873164	0.330660	0.942000	0.190000
4	0.990641	0.012638	0.990706	0.000000	0.000000	0.478000	-0.039000
5	0.993020	0.016370	0.993146	0.000000	0.000000	0.076000	0.016000
6	0.968111	0.092783	0.972533	0.847319	0.148566	0.112000	0.075000
7	0.957297	0.102894	0.962810	0.000000	0.000000	0.000000	0.000000
8	0.953235	0.262143	0.988610	0.867157	0.214830	0.000000	0.000000
9	0.941868	0.051859	0.943278	0.000000	0.000000	0.295000	0.166000
10	0.938364	0.052819	0.939822	0.000000	0.000000	0.090000	0.058000
11	0.949209	0.069652	0.951765	0.000000	0.000000	0.035000	0.018000
12	0.952695	0.072276	0.955419	0.000000	0.000000	0.061000	0.016000
13	0.946065	0.068613	0.948548	0.000000	0.000000	0.135000	0.058000
14	0.924591	0.037929	0.925330	0.000000	0.000000	0.149000	0.050000

Branch Results
LineID	From	To	Pik		Pki		Qik		Qki		LossP		LossQ
1	1	2	0.061934	-0.061947	0.099577	-0.202720	-0.000013	-0.103143
2	1	5	-0.061665	0.061458	-0.000778	-0.095723	-0.000207	-0.096501
3	2	3	0.005854	-0.006114	-0.123547	0.037562	-0.000260	-0.085985
4	2	4	-0.068204	0.068010	-0.012895	-0.053071	-0.000193	-0.065966
5	2	5	-0.092444	0.092412	-0.019227	-0.047400	-0.000032	-0.066627
6	3	4	-0.062379	0.062972	0.103027	-0.125602	0.000593	-0.022576
7	4	5	-0.095802	0.095455	-0.026840	0.027199	-0.000346	0.000359
8	4	7	-0.439477	0.438981	0.155900	-0.110776	-0.000496	0.045124
9	4	9	-0.073475	0.072982	0.088678	-0.081548	-0.000493	0.007130
10	5	6	-0.325061	0.324480	0.099946	-0.072569	-0.000581	0.027376
11	6	11	0.124163	-0.123016	0.043282	-0.039755	0.001147	0.003527
12	6	12	0.083879	-0.083504	0.025247	-0.023270	0.000375	0.001977
13	6	13	0.203108	-0.200405	0.077695	-0.071295	0.002703	0.006400
14	7	8	-0.868163	0.867525	-0.071037	0.214940	-0.000638	0.143903
15	7	9	0.429440	-0.429922	0.181917	-0.156243	-0.000482	0.025674
16	9	10	0.001187	-0.001657	0.037880	-0.037831	-0.000470	0.000049
17	9	14	0.061002	-0.060790	0.033996	-0.032602	0.000212	0.001394
18	10	11	-0.088082	0.088308	-0.020131	0.021808	0.000226	0.001677
19	12	13	0.022831	-0.023298	0.007290	-0.007201	-0.000467	0.000089
20	13	14	0.088997	-0.087956	0.020562	-0.017365	0.001040	0.003197

Summary
Total Pg           : 2.587640
Total Qg           : 0.561312
Total Load P       : 2.590000
Total Load Q       : 0.735000
Total Active Loss  : 0.001617
Total Reactive Loss: -0.172923
Total Load Supplied: 99.846442%

========================================================================================================================
Update time: 2026-06-09 21:45:35
Iteration: 86
rho: 120
alpha: 0.73229218
objective_value: 4.85414258093
feasible: False
max_abs_h: 3.766961162261e-03
l2_norm_h: 6.068816195820e-03
lambda_inf_norm: 1.934111575696e+00
lambda_l2_norm: 1.375894719707e+01
------------------------------------------------------------------------------------------------------------------------
Bus Results
BusID	V_R		V_I		Vmag		Pg		Qg		Pl		Ql
1	0.996233	0.001571	0.996259	0.000000	0.000000	0.000000	0.000000
2	0.990213	-0.000491	0.990216	0.000000	-0.183355	0.217000	0.127000
3	1.007034	-0.005696	1.007030	0.874799	0.331614	0.942000	0.190000
4	0.992136	0.012207	0.992192	0.000000	0.000000	0.478000	-0.039000
5	0.993910	0.016299	0.994032	0.000000	0.000000	0.076000	0.016000
6	0.971412	0.093162	0.975822	0.851515	0.151399	0.112000	0.075000
7	0.963112	0.101627	0.968434	0.000000	0.000000	0.000000	0.000000
8	0.964418	0.259510	0.998596	0.861833	0.240000	0.000000	0.000000
9	0.946669	0.051059	0.947995	0.000000	0.000000	0.295000	0.166000
10	0.943033	0.052174	0.944429	0.000000	0.000000	0.090000	0.058000
11	0.953313	0.069470	0.955870	0.000000	0.000000	0.035000	0.018000
12	0.956177	0.072632	0.958882	0.000000	0.000000	0.061000	0.016000
13	0.949700	0.068867	0.952166	0.000000	0.000000	0.135000	0.058000
14	0.929019	0.037741	0.929717	0.000000	0.000000	0.149000	0.050000

Branch Results
LineID	From	To	Pik		Pki		Qik		Qki		LossP		LossQ
1	1	2	0.060762	-0.061402	0.027699	-0.133737	-0.000640	-0.106038
2	1	5	-0.060315	0.059604	-0.025811	-0.073352	-0.000711	-0.099163
3	2	3	0.005370	-0.005627	-0.128765	0.042226	-0.000257	-0.086539
4	2	4	-0.067786	0.067834	-0.022264	-0.044560	0.000048	-0.066823
5	2	5	-0.092883	0.092633	-0.025036	-0.042731	-0.000250	-0.067766
6	3	4	-0.061198	0.062053	0.099345	-0.122347	0.000855	-0.023002
7	4	5	-0.099729	0.099487	-0.011720	0.011433	-0.000242	-0.000287
8	4	7	-0.435631	0.435592	0.135338	-0.092404	-0.000040	0.042934
9	4	9	-0.072503	0.072438	0.082581	-0.076335	-0.000065	0.006246
10	5	6	-0.327271	0.326428	0.089285	-0.062843	-0.000842	0.026442
11	6	11	0.125631	-0.124588	0.039295	-0.036041	0.001043	0.003254
12	6	12	0.083973	-0.083552	0.024720	-0.022694	0.000421	0.002027
13	6	13	0.203848	-0.201020	0.075461	-0.069250	0.002828	0.006211
14	7	8	-0.863001	0.862119	-0.098266	0.239689	-0.000882	0.141423
15	7	9	0.427528	-0.427550	0.190702	-0.164990	-0.000022	0.025712
16	9	10	0.000233	-0.000466	0.039537	-0.039990	-0.000232	-0.000452
17	9	14	0.060042	-0.059953	0.035818	-0.034663	0.000089	0.001155
18	10	11	-0.089425	0.089815	-0.017497	0.018380	0.000390	0.000883
19	12	13	0.022804	-0.023152	0.006690	-0.006782	-0.000348	-0.000092
20	13	14	0.089490	-0.088716	0.018237	-0.015213	0.000773	0.003023

Summary
Total Pg           : 2.588147
Total Qg           : 0.539658
Total Load P       : 2.590000
Total Load Q       : 0.735000
Total Active Loss  : 0.001917
Total Reactive Loss: -0.190855
Total Load Supplied: 99.854433%

========================================================================================================================
Update time: 2026-06-09 21:49:32
Iteration: 87
rho: 120
alpha: 0.58583374
objective_value: 4.84114721716
feasible: False
max_abs_h: 6.084047845048e-03
l2_norm_h: 9.134104500625e-03
lambda_inf_norm: 1.934457471606e+00
lambda_l2_norm: 1.376103751227e+01
------------------------------------------------------------------------------------------------------------------------
Bus Results
BusID	V_R		V_I		Vmag		Pg		Qg		Pl		Ql
1	0.993916	0.004428	0.993981	0.000000	0.000000	0.000000	0.000000
2	0.987832	0.002404	0.987852	0.000000	-0.189497	0.217000	0.127000
3	1.004298	-0.002934	1.004322	0.870140	0.324406	0.942000	0.190000
4	0.990522	0.015101	0.990658	0.000000	0.000000	0.478000	-0.039000
5	0.992361	0.019054	0.992547	0.000000	0.000000	0.076000	0.016000
6	0.972855	0.095561	0.977536	0.847212	0.163696	0.112000	0.075000
7	0.962173	0.105202	0.967945	0.000000	0.000000	0.000000	0.000000
8	0.962582	0.263605	0.997995	0.863960	0.240000	0.000000	0.000000
9	0.946645	0.054610	0.948194	0.000000	0.000000	0.295000	0.166000
10	0.943215	0.055666	0.945102	0.000000	0.000000	0.090000	0.058000
11	0.954013	0.072467	0.956871	0.000000	0.000000	0.035000	0.018000
12	0.958111	0.074938	0.961049	0.000000	0.000000	0.061000	0.016000
13	0.951505	0.071349	0.954286	0.000000	0.000000	0.135000	0.058000
14	0.930331	0.040672	0.931208	0.000000	0.000000	0.149000	0.050000

Branch Results
LineID	From	To	Pik		Pki		Qik		Qki		LossP		LossQ
1	1	2	0.060390	-0.060591	0.029789	-0.133982	-0.000201	-0.104193
2	1	5	-0.060150	0.059869	-0.028683	-0.068937	-0.000280	-0.097621
3	2	3	0.006621	-0.007012	-0.126775	0.041036	-0.000390	-0.085739
4	2	4	-0.069092	0.068436	-0.026144	-0.040206	-0.000657	-0.066350
5	2	5	-0.093505	0.093224	-0.029514	-0.037195	-0.000281	-0.066709
6	3	4	-0.064503	0.064574	0.093438	-0.116544	0.000071	-0.023107
7	4	5	-0.097362	0.096493	-0.014016	0.014094	-0.000869	0.000078
8	4	7	-0.438908	0.438094	0.130748	-0.087212	-0.000814	0.043536
9	4	9	-0.074399	0.073578	0.079333	-0.074140	-0.000821	0.005193
10	5	6	-0.325050	0.324265	0.076042	-0.050217	-0.000786	0.025825
11	6	11	0.124664	-0.123240	0.043583	-0.040272	0.001424	0.003312
12	6	12	0.084016	-0.083425	0.022112	-0.022005	0.000591	0.000107
13	6	13	0.202497	-0.200041	0.073607	-0.068600	0.002456	0.005007
14	7	8	-0.865225	0.864401	-0.096662	0.239550	-0.000824	0.142889
15	7	9	0.427322	-0.427973	0.184068	-0.159482	-0.000651	0.024586
16	9	10	-0.000316	-0.000574	0.037139	-0.037776	-0.000890	-0.000637
17	9	14	0.060024	-0.060210	0.031094	-0.030992	-0.000186	0.000102
18	10	11	-0.088737	0.088397	-0.020067	0.022151	-0.000339	0.002084
19	12	13	0.022645	-0.023338	0.006967	-0.007690	-0.000693	-0.000723
20	13	14	0.088917	-0.088318	0.018851	-0.017997	0.000599	0.000855

Summary
Total Pg           : 2.581312
Total Qg           : 0.538605
Total Load P       : 2.590000
Total Load Q       : 0.735000
Total Active Loss  : -0.003541
Total Reactive Loss: -0.191504
Total Load Supplied: 99.801277%

========================================================================================================================
Update time: 2026-06-09 21:53:30
Iteration: 88
rho: 120
alpha: 0.46866699
objective_value: 4.85937232269
feasible: False
max_abs_h: 8.779618492005e-03
l2_norm_h: 9.977891252453e-03
lambda_inf_norm: 1.934533967678e+00
lambda_l2_norm: 1.376200716050e+01
------------------------------------------------------------------------------------------------------------------------
Bus Results
BusID	V_R		V_I		Vmag		Pg		Qg		Pl		Ql
1	0.991220	-0.002570	0.991245	0.000000	0.100000	0.000000	0.000000
2	0.981300	-0.003301	0.981351	0.000000	-0.195093	0.217000	0.127000
3	0.994743	-0.006140	0.994836	0.891385	0.305679	0.942000	0.190000
4	0.980441	0.009820	0.980568	0.000000	0.000000	0.478000	-0.039000
5	0.982579	0.013449	0.982754	0.000000	0.000000	0.076000	0.016000
6	0.954494	0.087713	0.958657	0.828556	0.125855	0.112000	0.075000
7	0.949221	0.099728	0.954572	0.000000	0.000000	0.000000	0.000000
8	0.949350	0.261239	0.984760	0.870553	0.240000	0.000000	0.000000
9	0.932263	0.047423	0.933596	0.000000	0.000000	0.295000	0.166000
10	0.928056	0.048197	0.929437	0.000000	0.000000	0.090000	0.058000
11	0.937289	0.064780	0.939698	0.000000	0.000000	0.035000	0.018000
12	0.938791	0.067067	0.941322	0.000000	0.000000	0.061000	0.016000
13	0.932508	0.063357	0.934830	0.000000	0.000000	0.135000	0.058000
14	0.913184	0.032813	0.914023	0.000000	0.000000	0.149000	0.050000

Branch Results
LineID	From	To	Pik		Pki		Qik		Qki		LossP		LossQ
1	1	2	0.059892	-0.060889	0.094604	-0.195071	-0.000997	-0.100467
2	1	5	-0.059057	0.058333	0.004762	-0.098381	-0.000724	-0.093619
3	2	3	-0.002221	0.001643	-0.108574	0.024067	-0.000578	-0.084507
4	2	4	-0.065202	0.064108	-0.006701	-0.057747	-0.001095	-0.064448
5	2	5	-0.088165	0.087669	-0.011790	-0.053328	-0.000496	-0.065118
6	3	4	-0.051893	0.052185	0.091420	-0.113892	0.000292	-0.022473
7	4	5	-0.091234	0.090576	-0.021722	0.022364	-0.000658	0.000642
8	4	7	-0.432662	0.432970	0.145219	-0.101156	0.000308	0.044062
9	4	9	-0.069870	0.069604	0.087075	-0.080226	-0.000266	0.006849
10	5	6	-0.312374	0.312146	0.113245	-0.086097	-0.000228	0.027148
11	6	11	0.119148	-0.118229	0.035819	-0.032429	0.000919	0.003390
12	6	12	0.083802	-0.082956	0.025603	-0.022942	0.000846	0.002661
13	6	13	0.201619	-0.198395	0.075507	-0.068099	0.003224	0.007408
14	7	8	-0.869817	0.870837	-0.092350	0.240214	0.001021	0.147864
15	7	9	0.436391	-0.435323	0.193413	-0.166284	0.001067	0.027129
16	9	10	0.005732	-0.005835	0.043463	-0.044044	-0.000103	-0.000581
17	9	14	0.065010	-0.064226	0.037360	-0.036650	0.000784	0.000710
18	10	11	-0.083946	0.083778	-0.013532	0.014567	-0.000168	0.001035
19	12	13	0.022111	-0.022120	0.006606	-0.005651	-0.000009	0.000955
20	13	14	0.085668	-0.084643	0.015403	-0.012771	0.001024	0.002633

Summary
Total Pg           : 2.590494
Total Qg           : 0.576442
Total Load P       : 2.590000
Total Load Q       : 0.735000
Total Active Loss  : 0.004163
Total Reactive Loss: -0.158728
Total Load Supplied: 99.858350%

========================================================================================================================
Update time: 2026-06-09 21:57:28
Iteration: 89
rho: 120
alpha: 0.46866699
objective_value: 4.85968305586
feasible: False
max_abs_h: 1.309348169809e-03
l2_norm_h: 2.232221226893e-03
lambda_inf_norm: 1.934586256360e+00
lambda_l2_norm: 1.376271169288e+01
------------------------------------------------------------------------------------------------------------------------
Bus Results
BusID	V_R		V_I		Vmag		Pg		Qg		Pl		Ql
1	1.000080	-0.001309	1.000010	0.000000	0.098245	0.000000	0.000000
2	0.990253	-0.002012	0.990211	0.000000	-0.190907	0.217000	0.127000
3	1.002799	-0.004466	1.002743	0.891715	0.297575	0.942000	0.190000
4	0.989083	0.011262	0.989069	0.000000	0.000000	0.478000	-0.039000
5	0.991260	0.014776	0.991302	0.000000	0.000000	0.076000	0.016000
6	0.962434	0.088297	0.966411	0.826005	0.119261	0.112000	0.075000
7	0.957630	0.101022	0.962890	0.000000	0.000000	0.000000	0.000000
8	0.957841	0.261695	0.992887	0.872930	0.240000	0.000000	0.000000
9	0.940619	0.048921	0.941820	0.000000	0.000000	0.295000	0.166000
10	0.936308	0.049523	0.937538	0.000000	0.000000	0.090000	0.058000
11	0.945365	0.065696	0.947603	0.000000	0.000000	0.035000	0.018000
12	0.947054	0.067861	0.949417	0.000000	0.000000	0.061000	0.016000
13	0.940762	0.064262	0.942893	0.000000	0.000000	0.135000	0.058000
14	0.921324	0.034310	0.921863	0.000000	0.000000	0.149000	0.050000

Branch Results
LineID	From	To	Pik		Pki		Qik		Qki		LossP		LossQ
1	1	2	0.059704	-0.059875	0.093600	-0.196713	-0.000171	-0.103113
2	1	5	-0.059355	0.059087	0.004662	-0.100932	-0.000268	-0.096270
3	2	3	-0.002936	0.002504	-0.105199	0.019027	-0.000432	-0.086171
4	2	4	-0.065560	0.065340	-0.005162	-0.060619	-0.000221	-0.065782
5	2	5	-0.088322	0.088214	-0.010726	-0.055867	-0.000108	-0.066594
6	3	4	-0.052480	0.052841	0.088499	-0.111710	0.000360	-0.023210
7	4	5	-0.089663	0.089304	-0.023766	0.023982	-0.000359	0.000216
8	4	7	-0.435999	0.435701	0.147098	-0.102845	-0.000298	0.044253
9	4	9	-0.070328	0.069997	0.088083	-0.081155	-0.000331	0.006927
10	5	6	-0.312348	0.311844	0.116866	-0.090577	-0.000504	0.026289
11	6	11	0.118689	-0.117516	0.035759	-0.032645	0.001173	0.003114
12	6	12	0.083263	-0.082704	0.024686	-0.022685	0.000559	0.002001
13	6	13	0.200478	-0.197717	0.074461	-0.068049	0.002762	0.006412
14	7	8	-0.873522	0.873234	-0.093227	0.239967	-0.000288	0.146740
15	7	9	0.437866	-0.437997	0.195999	-0.168524	-0.000131	0.027476
16	9	10	0.007583	-0.007661	0.044703	-0.044632	-0.000079	0.000070
17	9	14	0.065527	-0.064901	0.038968	-0.037033	0.000627	0.001935
18	10	11	-0.082241	0.082678	-0.013317	0.014719	0.000437	0.001402
19	12	13	0.021957	-0.022214	0.006613	-0.006298	-0.000257	0.000316
20	13	14	0.085131	-0.083988	0.016263	-0.013067	0.001143	0.003196

Summary
Total Pg           : 2.590650
Total Qg           : 0.564173
Total Load P       : 2.590000
Total Load Q       : 0.735000
Total Active Loss  : 0.003614
Total Reactive Loss: -0.170793
Total Load Supplied: 99.885570%

========================================================================================================================
Update time: 2026-06-09 22:01:25
Iteration: 90
rho: 120
alpha: 0.46866699
objective_value: 4.85533394112
feasible: False
max_abs_h: 7.213796714802e-04
l2_norm_h: 2.036158429617e-03
lambda_inf_norm: 1.934683302266e+00
lambda_l2_norm: 1.376354811776e+01
------------------------------------------------------------------------------------------------------------------------
Bus Results
BusID	V_R		V_I		Vmag		Pg		Qg		Pl		Ql
1	1.000721	0.000095	1.000713	0.000000	0.096438	0.000000	0.000000
2	0.990975	-0.000655	0.990961	0.000000	-0.186995	0.217000	0.127000
3	1.002909	-0.003194	1.002910	0.888139	0.291969	0.942000	0.190000
4	0.989800	0.012745	0.989873	0.000000	0.000000	0.478000	-0.039000
5	0.991996	0.016227	0.992125	0.000000	0.000000	0.076000	0.016000
6	0.963417	0.089790	0.967580	0.824719	0.119654	0.112000	0.075000
7	0.958468	0.102933	0.963987	0.000000	0.000000	0.000000	0.000000
8	0.958298	0.263929	0.993975	0.875559	0.240000	0.000000	0.000000
9	0.941678	0.050786	0.943035	0.000000	0.000000	0.295000	0.166000
10	0.937391	0.051352	0.938776	0.000000	0.000000	0.090000	0.058000
11	0.946428	0.067381	0.948828	0.000000	0.000000	0.035000	0.018000
12	0.948211	0.069386	0.950736	0.000000	0.000000	0.061000	0.016000
13	0.941933	0.065803	0.944227	0.000000	0.000000	0.135000	0.058000
14	0.922610	0.036044	0.923283	0.000000	0.000000	0.149000	0.050000

Branch Results
LineID	From	To	Pik		Pki		Qik		Qki		LossP		LossQ
1	1	2	0.059941	-0.059984	0.092243	-0.195567	-0.000042	-0.103323
2	1	5	-0.059686	0.059510	0.004231	-0.100550	-0.000176	-0.096319
3	2	3	-0.001689	0.001331	-0.102511	0.016146	-0.000358	-0.086365
4	2	4	-0.066214	0.066047	-0.005078	-0.060822	-0.000168	-0.065900
5	2	5	-0.088864	0.088834	-0.010777	-0.055849	-0.000030	-0.066626
6	3	4	-0.054891	0.055231	0.085778	-0.109028	0.000340	-0.023250
7	4	5	-0.089173	0.088825	-0.024500	0.024812	-0.000348	0.000312
8	4	7	-0.438657	0.438200	0.145977	-0.101571	-0.000457	0.044406
9	4	9	-0.071230	0.070797	0.087434	-0.080592	-0.000433	0.006841
10	5	6	-0.312914	0.312384	0.115601	-0.089217	-0.000530	0.026384
11	6	11	0.117808	-0.116761	0.035915	-0.032861	0.001047	0.003054
12	6	12	0.082978	-0.082536	0.024328	-0.022448	0.000442	0.001879
13	6	13	0.199816	-0.197137	0.073728	-0.067582	0.002680	0.006146
14	7	8	-0.876411	0.875870	-0.093280	0.240170	-0.000541	0.146890
15	7	9	0.438435	-0.438835	0.194983	-0.167901	-0.000400	0.027082
16	9	10	0.007667	-0.008011	0.044404	-0.044340	-0.000345	0.000063
17	9	14	0.065571	-0.065140	0.038186	-0.036560	0.000431	0.001626
18	10	11	-0.081783	0.081999	-0.013595	0.014942	0.000216	0.001348
19	12	13	0.021822	-0.022226	0.006512	-0.006519	-0.000403	-0.000008
20	13	14	0.084617	-0.083652	0.016198	-0.013386	0.000965	0.002812

Summary
Total Pg           : 2.588417
Total Qg           : 0.561066
Total Load P       : 2.590000
Total Load Q       : 0.735000
Total Active Loss  : 0.001890
Total Reactive Loss: -0.172950
Total Load Supplied: 99.865902%

========================================================================================================================
Update time: 2026-06-09 22:05:22
Iteration: 91
rho: 120
alpha: 0.3749336
objective_value: 4.85546288703
feasible: False
max_abs_h: 8.831874893918e-04
l2_norm_h: 2.174685480916e-03
lambda_inf_norm: 1.934783569058e+00
lambda_l2_norm: 1.376437223492e+01
------------------------------------------------------------------------------------------------------------------------
Bus Results
BusID	V_R		V_I		Vmag		Pg		Qg		Pl		Ql
1	1.000883	0.000405	1.000880	0.000000	0.095092	0.000000	0.000000
2	0.991196	-0.000377	0.991185	0.000000	-0.184043	0.217000	0.127000
3	1.002728	-0.003027	1.002730	0.885264	0.288622	0.942000	0.190000
4	0.989993	0.013129	0.990075	0.000000	0.000000	0.478000	-0.039000
5	0.992226	0.016585	0.992366	0.000000	0.000000	0.076000	0.016000
6	0.963852	0.090224	0.968060	0.824654	0.121085	0.112000	0.075000
7	0.958577	0.103710	0.964186	0.000000	0.000000	0.000000	0.000000
8	0.958067	0.265219	0.994100	0.878645	0.240000	0.000000	0.000000
9	0.941935	0.051453	0.943335	0.000000	0.000000	0.295000	0.166000
10	0.937684	0.051972	0.939113	0.000000	0.000000	0.090000	0.058000
11	0.946792	0.067909	0.949233	0.000000	0.000000	0.035000	0.018000
12	0.948672	0.069839	0.951240	0.000000	0.000000	0.061000	0.016000
13	0.942387	0.066270	0.944721	0.000000	0.000000	0.135000	0.058000
14	0.922997	0.036617	0.923701	0.000000	0.000000	0.149000	0.050000

Branch Results
LineID	From	To	Pik		Pki		Qik		Qki		LossP		LossQ
1	1	2	0.060142	-0.060103	0.091195	-0.194613	0.000039	-0.103418
2	1	5	-0.059934	0.059820	0.003943	-0.100366	-0.000114	-0.096424
3	2	3	-0.000669	0.000328	-0.100780	0.014328	-0.000341	-0.086452
4	2	4	-0.066711	0.066555	-0.004818	-0.061163	-0.000156	-0.065981
5	2	5	-0.089289	0.089299	-0.010758	-0.055962	0.000010	-0.066720
6	3	4	-0.056756	0.057072	0.084263	-0.107589	0.000316	-0.023325
7	4	5	-0.088859	0.088500	-0.025567	0.025789	-0.000359	0.000222
8	4	7	-0.440726	0.440266	0.146160	-0.101480	-0.000460	0.044679
9	4	9	-0.071809	0.071371	0.087250	-0.080447	-0.000438	0.006802
10	5	6	-0.313338	0.312807	0.114595	-0.088282	-0.000531	0.026314
11	6	11	0.117571	-0.116518	0.036402	-0.033362	0.001053	0.003041
12	6	12	0.082913	-0.082496	0.024295	-0.022462	0.000418	0.001833
13	6	13	0.199630	-0.196971	0.073787	-0.067711	0.002659	0.006076
14	7	8	-0.879524	0.878957	-0.092487	0.240219	-0.000567	0.147732
15	7	9	0.439476	-0.439866	0.194142	-0.167073	-0.000390	0.027069
16	9	10	0.007992	-0.008310	0.043913	-0.043857	-0.000319	0.000056
17	9	14	0.065691	-0.065262	0.037730	-0.036173	0.000429	0.001556
18	10	11	-0.081505	0.081746	-0.014084	0.015441	0.000241	0.001357
19	12	13	0.021794	-0.022227	0.006546	-0.006620	-0.000433	-0.000074
20	13	14	0.084463	-0.083524	0.016456	-0.013733	0.000939	0.002723

Summary
Total Pg           : 2.588563
Total Qg           : 0.560754
Total Load P       : 2.590000
Total Load Q       : 0.735000
Total Active Loss  : 0.001996
Total Reactive Loss: -0.172933
Total Load Supplied: 99.867444%

========================================================================================================================
Update time: 2026-06-09 22:09:20
Iteration: 92
rho: 120
alpha: 0.29994688
objective_value: 4.99424987265
feasible: False
max_abs_h: 2.250924297230e-02
l2_norm_h: 4.012114047031e-02
lambda_inf_norm: 1.934914347153e+00
lambda_l2_norm: 1.376153882941e+01
------------------------------------------------------------------------------------------------------------------------
Bus Results
BusID	V_R		V_I		Vmag		Pg		Qg		Pl		Ql
1	0.977491	-0.000474	0.978051	0.000000	0.100000	0.000000	0.000000
2	0.967840	-0.000540	0.968392	0.000000	-0.149208	0.217000	0.127000
3	0.979792	0.006870	0.980364	0.999987	0.275527	0.942000	0.190000
4	0.963541	0.012523	0.964188	0.000000	0.000000	0.478000	-0.039000
5	0.967071	0.014381	0.967725	0.000000	0.000000	0.076000	0.016000
6	0.946698	0.079930	0.950209	0.784783	0.240000	0.112000	0.075000
7	0.925357	0.101667	0.931377	0.000000	0.000000	0.000000	0.000000
8	0.921851	0.267919	0.960598	0.874926	0.240000	0.000000	0.000000
9	0.908520	0.046612	0.900344	0.000000	0.000000	0.295000	0.166000
10	0.904607	0.046173	0.900265	0.000000	0.000000	0.090000	0.058000
11	0.919841	0.060256	0.921950	0.000000	0.000000	0.035000	0.018000
12	0.928336	0.060588	0.930610	0.000000	0.000000	0.061000	0.016000
13	0.921004	0.057201	0.922920	0.000000	0.000000	0.135000	0.058000
14	0.893684	0.029634	0.900000	0.000000	0.000000	0.149000	0.050000

Branch Results
LineID	From	To	Pik		Pki		Qik		Qki		LossP		LossQ
1	1	2	0.049309	-0.046132	0.091704	-0.192374	0.003178	-0.100670
2	1	5	-0.050214	0.053037	0.009682	-0.101799	0.002823	-0.092116
3	2	3	-0.045185	0.049994	-0.088886	0.006126	0.004809	-0.082760
4	2	4	-0.055726	0.059953	0.010156	-0.072473	0.004227	-0.062317
5	2	5	-0.071788	0.075915	-0.004507	-0.058953	0.004127	-0.063460
6	3	4	0.005249	-0.000042	0.079532	-0.101707	0.005207	-0.022175
7	4	5	-0.058869	0.063104	-0.060852	0.063040	0.004235	0.002188
8	4	7	-0.420671	0.423922	0.175009	-0.124886	0.003251	0.050123
9	4	9	-0.060350	0.064388	0.098216	-0.084222	0.004037	0.013994
10	5	6	-0.269824	0.271479	0.080845	-0.056955	0.001655	0.023890
11	6	11	0.119865	-0.117337	0.080572	-0.069170	0.002527	0.011402
12	6	12	0.081705	-0.082162	0.036873	-0.029682	-0.000457	0.007191
13	6	13	0.199962	-0.196221	0.101748	-0.089678	0.003741	0.012070
14	7	8	-0.874557	0.875118	-0.074495	0.237328	0.000562	0.162833
15	7	9	0.449365	-0.445946	0.195942	-0.156818	0.003419	0.039123
16	9	10	0.017664	-0.013600	0.041742	-0.029844	0.004063	0.011897
17	9	14	0.066832	-0.064599	0.027808	-0.020215	0.002233	0.007592
18	10	11	-0.078313	0.081713	-0.034403	0.046873	0.003400	0.012470
19	12	13	0.022401	-0.023916	0.011223	-0.006921	-0.001515	0.004301
20	13	14	0.085392	-0.084052	0.036593	-0.030413	0.001340	0.006180

Summary
Total Pg           : 2.659696
Total Qg           : 0.706319
Total Load P       : 2.590000
Total Load Q       : 0.735000
Total Active Loss  : 0.056863
Total Reactive Loss: -0.058242
Total Load Supplied: 100.495466%

========================================================================================================================
Update time: 2026-06-09 22:13:17
Iteration: 93
rho: 120
alpha: 0.29994688
objective_value: 4.89610761648
feasible: False
max_abs_h: 7.397652374881e-03
l2_norm_h: 9.037106354055e-03
lambda_inf_norm: 1.934834581020e+00
lambda_l2_norm: 1.376127114493e+01
------------------------------------------------------------------------------------------------------------------------
Bus Results
BusID	V_R		V_I		Vmag		Pg		Qg		Pl		Ql
1	0.992602	0.000346	0.992477	0.000000	0.100000	0.000000	0.000000
2	0.983106	0.000095	0.982976	0.000000	-0.141774	0.217000	0.127000
3	0.992632	0.005076	0.992540	0.962596	0.258746	0.942000	0.190000
4	0.979025	0.013063	0.978985	0.000000	0.000000	0.478000	-0.039000
5	0.982152	0.015046	0.982150	0.000000	0.000000	0.076000	0.016000
6	0.958144	0.078268	0.961240	0.767389	0.174387	0.112000	0.075000
7	0.942698	0.101701	0.948046	0.000000	0.000000	0.000000	0.000000
8	0.935147	0.265051	0.971893	0.878183	0.206414	0.000000	0.000000
9	0.928164	0.047474	0.929168	0.000000	0.000000	0.295000	0.166000
10	0.924790	0.046624	0.925761	0.000000	0.000000	0.090000	0.058000
11	0.937025	0.059427	0.938782	0.000000	0.000000	0.035000	0.018000
12	0.941265	0.058426	0.942975	0.000000	0.000000	0.061000	0.016000
13	0.934506	0.055568	0.936056	0.000000	0.000000	0.135000	0.058000
14	0.910727	0.029587	0.911080	0.000000	0.000000	0.149000	0.050000

Branch Results
LineID	From	To	Pik		Pki		Qik		Qki		LossP		LossQ
1	1	2	0.050970	-0.050254	0.090305	-0.192366	0.000716	-0.102061
2	1	5	-0.051076	0.051728	0.010049	-0.104777	0.000652	-0.094727
3	2	3	-0.033988	0.034300	-0.081715	-0.003145	0.000312	-0.084860
4	2	4	-0.058309	0.059046	0.009061	-0.073374	0.000737	-0.064313
5	2	5	-0.074600	0.075352	-0.003666	-0.061895	0.000752	-0.065560
6	3	4	-0.013669	0.014435	0.071756	-0.094942	0.000766	-0.023187
7	4	5	-0.061875	0.062452	-0.053398	0.054148	0.000576	0.000750
8	4	7	-0.426365	0.426798	0.168563	-0.122730	0.000433	0.045833
9	4	9	-0.063486	0.064059	0.091884	-0.083555	0.000573	0.008330
10	5	6	-0.265734	0.265822	0.096363	-0.076267	0.000088	0.020096
11	6	11	0.109548	-0.107959	0.057460	-0.052701	0.001589	0.004759
12	6	12	0.083094	-0.082270	0.029798	-0.026449	0.000824	0.003349
13	6	13	0.197049	-0.193837	0.087960	-0.080178	0.003211	0.007782
14	7	8	-0.878459	0.878488	-0.053436	0.206232	0.000029	0.152796
15	7	9	0.451487	-0.450902	0.175530	-0.145120	0.000584	0.030409
16	9	10	0.019210	-0.018538	0.031550	-0.029106	0.000672	0.002444
17	9	14	0.072321	-0.070837	0.030121	-0.026167	0.001484	0.003954
18	10	11	-0.071762	0.072825	-0.030090	0.033722	0.001064	0.003632
19	12	13	0.021351	-0.021288	0.009717	-0.008079	0.000063	0.001638
20	13	14	0.080113	-0.078429	0.029520	-0.024848	0.001684	0.004672

Summary
Total Pg           : 2.608168
Total Qg           : 0.597773
Total Load P       : 2.590000
Total Load Q       : 0.735000
Total Active Loss  : 0.016810
Total Reactive Loss: -0.144266
Total Load Supplied: 100.052444%

========================================================================================================================
Update time: 2026-06-09 22:17:14
Iteration: 94
rho: 120
alpha: 0.29994688
objective_value: 4.86669431484
feasible: False
max_abs_h: 1.773995270698e-03
l2_norm_h: 2.376451558593e-03
lambda_inf_norm: 1.934848988341e+00
lambda_l2_norm: 1.376159784728e+01
------------------------------------------------------------------------------------------------------------------------
Bus Results
BusID	V_R		V_I		Vmag		Pg		Qg		Pl		Ql
1	0.998226	0.000126	0.998175	0.000000	0.100000	0.000000	0.000000
2	0.988772	-0.000215	0.988715	0.000000	-0.137755	0.217000	0.127000
3	0.997235	0.003869	0.997200	0.949351	0.251105	0.942000	0.190000
4	0.984674	0.012880	0.984706	0.000000	0.000000	0.478000	-0.039000
5	0.987712	0.014928	0.987779	0.000000	0.000000	0.076000	0.016000
6	0.962568	0.078089	0.965691	0.762537	0.154750	0.112000	0.075000
7	0.948802	0.101730	0.954204	0.000000	0.000000	0.000000	0.000000
8	0.940452	0.264470	0.976894	0.880890	0.199778	0.000000	0.000000
9	0.934764	0.047830	0.935958	0.000000	0.000000	0.295000	0.166000
10	0.931421	0.046921	0.932553	0.000000	0.000000	0.090000	0.058000
11	0.942892	0.059478	0.944731	0.000000	0.000000	0.035000	0.018000
12	0.946392	0.058348	0.948147	0.000000	0.000000	0.061000	0.016000
13	0.939815	0.055521	0.941418	0.000000	0.000000	0.135000	0.058000
14	0.917370	0.029907	0.917766	0.000000	0.000000	0.149000	0.050000

Branch Results
LineID	From	To	Pik		Pki		Qik		Qki		LossP		LossQ
1	1	2	0.052179	-0.052082	0.089654	-0.192642	0.000097	-0.102988
2	1	5	-0.052001	0.052002	0.010457	-0.106170	0.000001	-0.095714
3	2	3	-0.029022	0.028751	-0.078342	-0.007596	-0.000272	-0.085938
4	2	4	-0.059575	0.059601	0.009252	-0.074536	0.000026	-0.065284
5	2	5	-0.076156	0.076218	-0.002963	-0.063459	0.000063	-0.066422
6	3	4	-0.021166	0.021300	0.068640	-0.092464	0.000133	-0.023824
7	4	5	-0.063446	0.063272	-0.051563	0.051920	-0.000174	0.000357
8	4	7	-0.430154	0.429896	0.167152	-0.122144	-0.000258	0.045008
9	4	9	-0.065174	0.064985	0.090390	-0.083293	-0.000189	0.007097
10	5	6	-0.267336	0.266954	0.101684	-0.081942	-0.000381	0.019742
11	6	11	0.106715	-0.105628	0.051577	-0.048320	0.001087	0.003257
12	6	12	0.082233	-0.081660	0.027354	-0.025044	0.000574	0.002310
13	6	13	0.194859	-0.192063	0.082708	-0.076201	0.002796	0.006507
14	7	8	-0.881587	0.881198	-0.048978	0.199821	-0.000390	0.150844
15	7	9	0.451817	-0.451957	0.171054	-0.142576	-0.000140	0.028478
16	9	10	0.019463	-0.019546	0.030349	-0.029786	-0.000083	0.000563
17	9	14	0.072563	-0.071762	0.029354	-0.027011	0.000800	0.002343
18	10	11	-0.070388	0.070760	-0.028439	0.030137	0.000371	0.001698
19	12	13	0.020863	-0.021086	0.008861	-0.008360	-0.000222	0.000500
20	13	14	0.078303	-0.077190	0.026402	-0.023247	0.001113	0.003155

Summary
Total Pg           : 2.592778
Total Qg           : 0.567878
Total Load P       : 2.590000
Total Load Q       : 0.735000
Total Active Loss  : 0.004953
Total Reactive Loss: -0.168312
Total Load Supplied: 99.916041%

========================================================================================================================
Update time: 2026-06-09 22:21:13
Iteration: 95
rho: 120
alpha: 0.29994688
objective_value: 4.85760587073
feasible: False
max_abs_h: 3.070687229676e-04
l2_norm_h: 1.773702788303e-03
lambda_inf_norm: 1.934902428166e+00
lambda_l2_norm: 1.376210283598e+01
------------------------------------------------------------------------------------------------------------------------
Bus Results
BusID	V_R		V_I		Vmag		Pg		Qg		Pl		Ql
1	1.000267	0.000020	1.000247	0.000000	0.098730	0.000000	0.000000
2	0.990872	-0.000385	0.990845	0.000000	-0.135077	0.217000	0.127000
3	0.998737	0.003191	0.998725	0.941694	0.246621	0.942000	0.190000
4	0.986832	0.012829	0.986893	0.000000	0.000000	0.478000	-0.039000
5	0.989845	0.014924	0.989941	0.000000	0.000000	0.076000	0.016000
6	0.964448	0.078473	0.967617	0.762831	0.149019	0.112000	0.075000
7	0.951325	0.102056	0.956777	0.000000	0.000000	0.000000	0.000000
8	0.943042	0.264879	0.979517	0.883597	0.200328	0.000000	0.000000
9	0.937375	0.048259	0.938622	0.000000	0.000000	0.295000	0.166000
10	0.934022	0.047360	0.935207	0.000000	0.000000	0.090000	0.058000
11	0.945229	0.059892	0.947120	0.000000	0.000000	0.035000	0.018000
12	0.948531	0.058780	0.950333	0.000000	0.000000	0.061000	0.016000
13	0.942014	0.055950	0.943665	0.000000	0.000000	0.135000	0.058000
14	0.920023	0.030398	0.920467	0.000000	0.000000	0.149000	0.050000

Branch Results
LineID	From	To	Pik		Pki		Qik		Qki		LossP		LossQ
1	1	2	0.052922	-0.052959	0.088585	-0.191946	-0.000037	-0.103361
2	1	5	-0.052686	0.052535	0.010180	-0.106268	-0.000151	-0.096088
3	2	3	-0.026056	0.025654	-0.076311	-0.010027	-0.000402	-0.086338
4	2	4	-0.060462	0.060330	0.009132	-0.074756	-0.000132	-0.065623
5	2	5	-0.077289	0.077198	-0.002903	-0.063819	-0.000091	-0.066722
6	3	4	-0.025681	0.025667	0.066614	-0.090655	-0.000015	-0.024041
7	4	5	-0.064520	0.064159	-0.050909	0.051153	-0.000361	0.000244
8	4	7	-0.432984	0.432539	0.165698	-0.120721	-0.000444	0.044976
9	4	9	-0.066274	0.065874	0.089674	-0.082907	-0.000400	0.006766
10	5	6	-0.269647	0.269128	0.102949	-0.083104	-0.000519	0.019845
11	6	11	0.106011	-0.105098	0.049725	-0.046883	0.000913	0.002842
12	6	12	0.081871	-0.081430	0.026532	-0.024558	0.000441	0.001974
13	6	13	0.194087	-0.191477	0.080928	-0.074840	0.002610	0.006088
14	7	8	-0.884429	0.883904	-0.049679	0.200430	-0.000525	0.150751
15	7	9	0.452102	-0.452460	0.170487	-0.142533	-0.000357	0.027954
16	9	10	0.019336	-0.019652	0.030332	-0.030260	-0.000315	0.000072
17	9	14	0.072418	-0.071872	0.029173	-0.027334	0.000546	0.001839
18	10	11	-0.070170	0.070321	-0.027716	0.028912	0.000151	0.001196
19	12	13	0.020707	-0.021094	0.008557	-0.008441	-0.000387	0.000116
20	13	14	0.077815	-0.076950	0.025316	-0.022671	0.000865	0.002645

Summary
Total Pg           : 2.588123
Total Qg           : 0.559621
Total Load P       : 2.590000
Total Load Q       : 0.735000
Total Active Loss  : 0.001389
Total Reactive Loss: -0.174865
Total Load Supplied: 99.873884%

========================================================================================================================
Update time: 2026-06-09 22:25:10
Iteration: 96
rho: 120
alpha: 0.2399575
objective_value: 4.85508839584
feasible: False
max_abs_h: 9.640526601089e-04
l2_norm_h: 2.204050969495e-03
lambda_inf_norm: 1.934971600110e+00
lambda_l2_norm: 1.376265197091e+01
------------------------------------------------------------------------------------------------------------------------
Bus Results
BusID	V_R		V_I		Vmag		Pg		Qg		Pl		Ql
1	1.000964	0.000309	1.000955	0.000000	0.096789	0.000000	0.000000
2	0.991647	-0.000162	0.991631	0.000000	-0.132260	0.217000	0.127000
3	0.999049	0.003007	0.999047	0.935493	0.243213	0.942000	0.190000
4	0.987667	0.013182	0.987741	0.000000	0.000000	0.478000	-0.039000
5	0.990673	0.015327	0.990782	0.000000	0.000000	0.076000	0.016000
6	0.965220	0.079464	0.968477	0.765269	0.147286	0.112000	0.075000
7	0.952448	0.102852	0.957991	0.000000	0.000000	0.000000	0.000000
8	0.944400	0.265987	0.981133	0.886186	0.202975	0.000000	0.000000
9	0.938486	0.049084	0.939786	0.000000	0.000000	0.295000	0.166000
10	0.935114	0.048220	0.936353	0.000000	0.000000	0.090000	0.058000
11	0.946192	0.060820	0.948150	0.000000	0.000000	0.035000	0.018000
12	0.949419	0.059769	0.951292	0.000000	0.000000	0.061000	0.016000
13	0.942924	0.056922	0.944643	0.000000	0.000000	0.135000	0.058000
14	0.921146	0.031301	0.921633	0.000000	0.000000	0.149000	0.050000

Branch Results
LineID	From	To	Pik		Pki		Qik		Qki		LossP		LossQ
1	1	2	0.053552	-0.053551	0.087103	-0.190644	0.000001	-0.103541
2	1	5	-0.053338	0.053189	0.009710	-0.105944	-0.000149	-0.096234
3	2	3	-0.023607	0.023204	-0.074666	-0.011830	-0.000404	-0.086496
4	2	4	-0.061264	0.061157	0.009012	-0.074748	-0.000107	-0.065737
5	2	5	-0.078359	0.078267	-0.002914	-0.063898	-0.000092	-0.066812
6	3	4	-0.029431	0.029398	0.065021	-0.089124	-0.000033	-0.024103
7	4	5	-0.065591	0.065212	-0.050500	0.050728	-0.000379	0.000228
8	4	7	-0.435533	0.435073	0.164254	-0.119054	-0.000460	0.045200
9	4	9	-0.067216	0.066761	0.089191	-0.082508	-0.000455	0.006683
10	5	6	-0.272409	0.271851	0.103135	-0.083000	-0.000559	0.020135
11	6	11	0.106000	-0.105158	0.048947	-0.046210	0.000842	0.002738
12	6	12	0.081766	-0.081372	0.026199	-0.024366	0.000393	0.001834
13	6	13	0.193938	-0.191390	0.080244	-0.074293	0.002549	0.005952
14	7	8	-0.887100	0.886496	-0.051848	0.203091	-0.000604	0.151243
15	7	9	0.452263	-0.452699	0.171034	-0.143231	-0.000436	0.027803
16	9	10	0.018981	-0.019406	0.030633	-0.030682	-0.000425	-0.000049
17	9	14	0.072182	-0.071763	0.029244	-0.027588	0.000419	0.001656
18	10	11	-0.070361	0.070416	-0.027226	0.028292	0.000055	0.001066
19	12	13	0.020684	-0.021127	0.008430	-0.008431	-0.000443	-0.000001
20	13	14	0.077788	-0.077006	0.024814	-0.022329	0.000782	0.002486

Summary
Total Pg           : 2.586947
Total Qg           : 0.558004
Total Load P       : 2.590000
Total Load Q       : 0.735000
Total Active Loss  : 0.000495
Total Reactive Loss: -0.175951
Total Load Supplied: 99.863009%

========================================================================================================================
Update time: 2026-06-09 22:29:08
Iteration: 97
rho: 120
alpha: 0.191966
objective_value: 4.84320850769
feasible: False
max_abs_h: 2.562645332487e-03
l2_norm_h: 4.408277773155e-03
lambda_inf_norm: 1.935124813130e+00
lambda_l2_norm: 1.376328765388e+01
------------------------------------------------------------------------------------------------------------------------
Bus Results
BusID	V_R		V_I		Vmag		Pg		Qg		Pl		Ql
1	1.002563	-0.001443	1.002545	0.000000	0.100000	0.000000	0.000000
2	0.993021	-0.001798	0.992961	0.000000	-0.142889	0.217000	0.127000
3	1.000318	0.001535	1.000321	0.936638	0.237389	0.942000	0.190000
4	0.989773	0.011286	0.989818	0.000000	0.000000	0.478000	-0.039000
5	0.992636	0.013375	0.992711	0.000000	0.000000	0.076000	0.016000
6	0.967895	0.076803	0.970893	0.758179	0.147946	0.112000	0.075000
7	0.956455	0.100898	0.961754	0.000000	0.000000	0.000000	0.000000
8	0.950569	0.263534	0.986407	0.885729	0.211134	0.000000	0.000000
9	0.942087	0.047281	0.943254	0.000000	0.000000	0.295000	0.166000
10	0.938583	0.046320	0.939698	0.000000	0.000000	0.090000	0.058000
11	0.949240	0.058546	0.951033	0.000000	0.000000	0.035000	0.018000
12	0.952168	0.057390	0.953884	0.000000	0.000000	0.061000	0.016000
13	0.945802	0.054622	0.947392	0.000000	0.000000	0.135000	0.058000
14	0.924544	0.029594	0.924974	0.000000	0.000000	0.149000	0.050000

Branch Results
LineID	From	To	Pik		Pki		Qik		Qki		LossP		LossQ
1	1	2	0.053175	-0.053238	0.091361	-0.194623	-0.000063	-0.103262
2	1	5	-0.052898	0.052810	0.008319	-0.104542	-0.000088	-0.096223
3	2	3	-0.024397	0.023886	-0.073896	-0.012611	-0.000511	-0.086507
4	2	4	-0.061248	0.060911	0.004979	-0.071112	-0.000337	-0.066133
5	2	5	-0.077817	0.077795	-0.006368	-0.060639	-0.000022	-0.067008
6	3	4	-0.028912	0.028598	0.060042	-0.084516	-0.000313	-0.024474
7	4	5	-0.063731	0.063288	-0.047845	0.047797	-0.000443	-0.000048
8	4	7	-0.435997	0.435009	0.156248	-0.112034	-0.000989	0.044214
9	4	9	-0.067515	0.066559	0.086552	-0.080622	-0.000956	0.005930
10	5	6	-0.269707	0.269262	0.101172	-0.081106	-0.000445	0.020066
11	6	11	0.104266	-0.103346	0.048076	-0.045032	0.000920	0.003044
12	6	12	0.081034	-0.080835	0.026316	-0.024256	0.000200	0.002059
13	6	13	0.191892	-0.189562	0.079596	-0.073658	0.002330	0.005938
14	7	8	-0.887113	0.886033	-0.061417	0.211368	-0.001080	0.149951
15	7	9	0.452462	-0.453540	0.173768	-0.146401	-0.001078	0.027367
16	9	10	0.020372	-0.021176	0.031431	-0.031846	-0.000804	-0.000414
17	9	14	0.072189	-0.072454	0.029755	-0.028245	-0.000265	0.001510
18	10	11	-0.068513	0.068557	-0.026040	0.026944	0.000044	0.000904
19	12	13	0.020265	-0.021053	0.008247	-0.008357	-0.000788	-0.000110
20	13	14	0.076032	-0.075908	0.024051	-0.021680	0.000125	0.002371

Summary
Total Pg           : 2.580546
Total Qg           : 0.553579
Total Load P       : 2.590000
Total Load Q       : 0.735000
Total Active Loss  : -0.004564
Total Reactive Loss: -0.180822
Total Load Supplied: 99.811181%

========================================================================================================================
Update time: 2026-06-09 22:33:06
Iteration: 98
rho: 120
alpha: 0.191966
objective_value: 4.85043794938
feasible: False
max_abs_h: 1.848131368952e-03
l2_norm_h: 2.955568804724e-03
lambda_inf_norm: 1.935180368798e+00
lambda_l2_norm: 1.376369422363e+01
------------------------------------------------------------------------------------------------------------------------
Bus Results
BusID	V_R		V_I		Vmag		Pg		Qg		Pl		Ql
1	1.001848	-0.000074	1.001853	0.000000	0.094981	0.000000	0.000000
2	0.992459	-0.000519	0.992458	0.000000	-0.141349	0.217000	0.127000
3	0.999530	0.002533	0.999538	0.932714	0.235417	0.942000	0.190000
4	0.989348	0.012595	0.989430	0.000000	0.000000	0.478000	-0.039000
5	0.992249	0.014753	0.992367	0.000000	0.000000	0.076000	0.016000
6	0.967963	0.078744	0.971157	0.762954	0.149338	0.112000	0.075000
7	0.956260	0.102472	0.961751	0.000000	0.000000	0.000000	0.000000
8	0.950638	0.265714	0.987073	0.888862	0.215617	0.000000	0.000000
9	0.941914	0.048728	0.943202	0.000000	0.000000	0.295000	0.166000
10	0.938473	0.047826	0.939698	0.000000	0.000000	0.090000	0.058000
11	0.949282	0.060274	0.951207	0.000000	0.000000	0.035000	0.018000
12	0.952273	0.059168	0.954108	0.000000	0.000000	0.061000	0.016000
13	0.945853	0.056340	0.947537	0.000000	0.000000	0.135000	0.058000
14	0.924453	0.030947	0.924936	0.000000	0.000000	0.149000	0.050000

Branch Results
LineID	From	To	Pik		Pki		Qik		Qki		LossP		LossQ
1	1	2	0.053582	-0.053688	0.088385	-0.192042	-0.000106	-0.103656
2	1	5	-0.053315	0.053068	0.006597	-0.103142	-0.000248	-0.096545
3	2	3	-0.022750	0.022264	-0.073298	-0.013337	-0.000486	-0.086635
4	2	4	-0.061648	0.061403	0.004235	-0.070214	-0.000246	-0.065979
5	2	5	-0.078642	0.078462	-0.007208	-0.059813	-0.000179	-0.067021
6	3	4	-0.031244	0.031081	0.058741	-0.083076	-0.000162	-0.024334
7	4	5	-0.065365	0.064893	-0.048251	0.048428	-0.000472	0.000177
8	4	7	-0.437119	0.436539	0.154470	-0.109861	-0.000580	0.044610
9	4	9	-0.067725	0.067165	0.086155	-0.079826	-0.000560	0.006329
10	5	6	-0.272131	0.271528	0.098558	-0.078780	-0.000602	0.019778
11	6	11	0.105051	-0.104287	0.047792	-0.045213	0.000764	0.002580
12	6	12	0.081479	-0.081158	0.025987	-0.024196	0.000321	0.001791
13	6	13	0.193198	-0.190765	0.079458	-0.073647	0.002433	0.005810
14	7	8	-0.889808	0.889172	-0.064579	0.215754	-0.000637	0.151175
15	7	9	0.453553	-0.454090	0.174614	-0.146834	-0.000537	0.027780
16	9	10	0.019633	-0.020134	0.031231	-0.031413	-0.000501	-0.000182
17	9	14	0.072556	-0.072223	0.029622	-0.028050	0.000333	0.001572
18	10	11	-0.069599	0.069575	-0.026435	0.027347	-0.000024	0.000912
19	12	13	0.020500	-0.021034	0.008285	-0.008362	-0.000534	-0.000078
20	13	14	0.077120	-0.076487	0.024142	-0.021816	0.000633	0.002327

Summary
Total Pg           : 2.584530
Total Qg           : 0.554005
Total Load P       : 2.590000
Total Load Q       : 0.735000
Total Active Loss  : -0.001391
Total Reactive Loss: -0.179591
Total Load Supplied: 99.842530%

========================================================================================================================
Update time: 2026-06-09 22:37:03
Iteration: 99
rho: 120
alpha: 0.191966
objective_value: 4.85228544171
feasible: False
max_abs_h: 1.362469113398e-03
l2_norm_h: 2.545493429316e-03
lambda_inf_norm: 1.935228667222e+00
lambda_l2_norm: 1.376407256489e+01
------------------------------------------------------------------------------------------------------------------------
Bus Results
BusID	V_R		V_I		Vmag		Pg		Qg		Pl		Ql
1	1.001362	0.000070	1.001363	0.000000	0.091466	0.000000	0.000000
2	0.992102	-0.000449	0.992096	0.000000	-0.139064	0.217000	0.127000
3	0.998866	0.002289	0.998869	0.928017	0.232802	0.942000	0.190000
4	0.989142	0.012746	0.989222	0.000000	0.000000	0.478000	-0.039000
5	0.992044	0.014940	0.992159	0.000000	0.000000	0.076000	0.016000
6	0.968125	0.079452	0.971376	0.765943	0.151240	0.112000	0.075000
7	0.956430	0.103086	0.961983	0.000000	0.000000	0.000000	0.000000
8	0.951219	0.266856	0.987939	0.891692	0.219699	0.000000	0.000000
9	0.942034	0.049272	0.943348	0.000000	0.000000	0.295000	0.166000
10	0.938600	0.048388	0.939851	0.000000	0.000000	0.090000	0.058000
11	0.949426	0.060900	0.951390	0.000000	0.000000	0.035000	0.018000
12	0.952443	0.059836	0.954320	0.000000	0.000000	0.061000	0.016000
13	0.946014	0.056997	0.947737	0.000000	0.000000	0.135000	0.058000
14	0.924591	0.031517	0.925091	0.000000	0.000000	0.149000	0.050000

Branch Results
LineID	From	To	Pik		Pki		Qik		Qki		LossP		LossQ
1	1	2	0.054013	-0.054109	0.086035	-0.189656	-0.000096	-0.103620
2	1	5	-0.053761	0.053536	0.005444	-0.101941	-0.000225	-0.096498
3	2	3	-0.020892	0.020415	-0.072167	-0.014404	-0.000476	-0.086571
4	2	4	-0.062276	0.062062	0.003598	-0.069516	-0.000214	-0.065918
5	2	5	-0.079464	0.079314	-0.007795	-0.059162	-0.000150	-0.066957
6	3	4	-0.034098	0.033961	0.057185	-0.081476	-0.000137	-0.024290
7	4	5	-0.066120	0.065683	-0.048016	0.048233	-0.000437	0.000218
8	4	7	-0.439232	0.438700	0.152535	-0.107605	-0.000533	0.044931
9	4	9	-0.068414	0.067911	0.085538	-0.079178	-0.000503	0.006360
10	5	6	-0.274251	0.273674	0.096894	-0.076908	-0.000577	0.019986
11	6	11	0.105427	-0.104623	0.047818	-0.045240	0.000804	0.002578
12	6	12	0.081611	-0.081252	0.025967	-0.024189	0.000359	0.001779
13	6	13	0.193518	-0.191036	0.079488	-0.073667	0.002482	0.005821
14	7	8	-0.892586	0.891998	-0.067677	0.219829	-0.000588	0.152153
15	7	9	0.454141	-0.454614	0.175441	-0.147553	-0.000473	0.027888
16	9	10	0.019448	-0.019889	0.031248	-0.031408	-0.000440	-0.000160
17	9	14	0.072488	-0.072084	0.029659	-0.028063	0.000404	0.001596
18	10	11	-0.069869	0.069890	-0.026446	0.027376	0.000021	0.000930
19	12	13	0.020570	-0.021049	0.008286	-0.008373	-0.000479	-0.000087
20	13	14	0.077375	-0.076664	0.024173	-0.021818	0.000710	0.002355

Summary
Total Pg           : 2.585651
Total Qg           : 0.556142
Total Load P       : 2.590000
Total Load Q       : 0.735000
Total Active Loss  : -0.000549
Total Reactive Loss: -0.177507
Total Load Supplied: 99.853287%

========================================================================================================================
Update time: 2026-06-09 22:41:01
Iteration: 100
rho: 120
alpha: 0.191966
objective_value: 4.85304052324
feasible: False
max_abs_h: 1.340481699584e-03
l2_norm_h: 2.461566861067e-03
lambda_inf_norm: 1.935273502431e+00
lambda_l2_norm: 1.376443688988e+01
------------------------------------------------------------------------------------------------------------------------
Bus Results
BusID	V_R		V_I		Vmag		Pg		Qg		Pl		Ql
1	1.001340	-0.000000	1.001337	0.000000	0.088168	0.000000	0.000000
2	0.992208	-0.000590	0.992199	0.000000	-0.136621	0.217000	0.127000
3	0.998688	0.001811	0.998688	0.923219	0.230620	0.942000	0.190000
4	0.989365	0.012692	0.989440	0.000000	0.000000	0.478000	-0.039000
5	0.992262	0.014925	0.992375	0.000000	0.000000	0.076000	0.016000
6	0.968549	0.079944	0.971837	0.768682	0.152259	0.112000	0.075000
7	0.956971	0.103448	0.962557	0.000000	0.000000	0.000000	0.000000
8	0.952153	0.267643	0.989049	0.894288	0.223191	0.000000	0.000000
9	0.942505	0.049601	0.943832	0.000000	0.000000	0.295000	0.166000
10	0.939061	0.048742	0.940329	0.000000	0.000000	0.090000	0.058000
11	0.949866	0.061319	0.951854	0.000000	0.000000	0.035000	0.018000
12	0.952878	0.060317	0.954781	0.000000	0.000000	0.061000	0.016000
13	0.946453	0.057463	0.948201	0.000000	0.000000	0.135000	0.058000
14	0.925057	0.031902	0.925568	0.000000	0.000000	0.149000	0.050000

Branch Results
LineID	From	To	Pik		Pki		Qik		Qki		LossP		LossQ
1	1	2	0.054477	-0.054572	0.083702	-0.187371	-0.000095	-0.103669
2	1	5	-0.054227	0.054012	0.004484	-0.101024	-0.000215	-0.096540
3	2	3	-0.018975	0.018504	-0.071210	-0.015388	-0.000471	-0.086598
4	2	4	-0.062905	0.062716	0.003158	-0.069094	-0.000188	-0.065936
5	2	5	-0.080297	0.080170	-0.008151	-0.058817	-0.000127	-0.066968
6	3	4	-0.036989	0.036871	0.055992	-0.080285	-0.000118	-0.024294
7	4	5	-0.066932	0.066520	-0.047663	0.047867	-0.000412	0.000204
8	4	7	-0.441303	0.440805	0.151024	-0.105820	-0.000498	0.045204
9	4	9	-0.069109	0.068636	0.085090	-0.078711	-0.000473	0.006379
10	5	6	-0.276432	0.275869	0.096007	-0.075782	-0.000562	0.020225
11	6	11	0.105732	-0.104912	0.047718	-0.045109	0.000820	0.002609
12	6	12	0.081661	-0.081293	0.025978	-0.024182	0.000368	0.001796
13	6	13	0.193705	-0.191208	0.079463	-0.073627	0.002497	0.005836
14	7	8	-0.895163	0.894594	-0.070376	0.223316	-0.000569	0.152941
15	7	9	0.454600	-0.455039	0.176345	-0.148374	-0.000439	0.027971
16	9	10	0.019241	-0.019651	0.031455	-0.031586	-0.000410	-0.000131
17	9	14	0.072377	-0.071940	0.029792	-0.028177	0.000438	0.001615
18	10	11	-0.070122	0.070171	-0.026282	0.027235	0.000049	0.000952
19	12	13	0.020606	-0.021074	0.008268	-0.008336	-0.000468	-0.000068
20	13	14	0.077566	-0.076827	0.024089	-0.021714	0.000739	0.002375

Summary
Total Pg           : 2.586189
Total Qg           : 0.557617
Total Load P       : 2.590000
Total Load Q       : 0.735000
Total Active Loss  : -0.000135
Total Reactive Loss: -0.176098
Total Load Supplied: 99.858074%

========================================================================================================================
Update time: 2026-06-09 22:44:58
Iteration: 101
rho: 120
alpha: 0.1535728
objective_value: 4.85256535994
feasible: False
max_abs_h: 1.443402641013e-03
l2_norm_h: 2.575487186404e-03
lambda_inf_norm: 1.935315129347e+00
lambda_l2_norm: 1.376480388752e+01
------------------------------------------------------------------------------------------------------------------------
Bus Results
BusID	V_R		V_I		Vmag		Pg		Qg		Pl		Ql
1	1.001443	0.000449	1.001440	0.000000	0.085260	0.000000	0.000000
2	0.992424	-0.000212	0.992413	0.000000	-0.134317	0.217000	0.127000
3	0.998600	0.001844	0.998599	0.918210	0.228350	0.942000	0.190000
4	0.989682	0.013161	0.989763	0.000000	0.000000	0.478000	-0.039000
5	0.992571	0.015433	0.992691	0.000000	0.000000	0.076000	0.016000
6	0.968985	0.080927	0.972352	0.771141	0.152780	0.112000	0.075000
7	0.957544	0.104313	0.963219	0.000000	0.000000	0.000000	0.000000
8	0.952999	0.268884	0.990200	0.896722	0.226389	0.000000	0.000000
9	0.943048	0.050436	0.944419	0.000000	0.000000	0.295000	0.166000
10	0.939595	0.049601	0.940905	0.000000	0.000000	0.090000	0.058000
11	0.950355	0.062238	0.952401	0.000000	0.000000	0.035000	0.018000
12	0.953352	0.061284	0.955316	0.000000	0.000000	0.061000	0.016000
13	0.946934	0.058410	0.948740	0.000000	0.000000	0.135000	0.058000
14	0.925607	0.032772	0.926147	0.000000	0.000000	0.149000	0.050000

Branch Results
LineID	From	To	Pik		Pki		Qik		Qki		LossP		LossQ
1	1	2	0.054949	-0.055049	0.081642	-0.185389	-0.000101	-0.103747
2	1	5	-0.054709	0.054498	0.003641	-0.100233	-0.000211	-0.096591
3	2	3	-0.016984	0.016504	-0.070187	-0.016454	-0.000480	-0.086641
4	2	4	-0.063563	0.063371	0.002761	-0.068754	-0.000192	-0.065993
5	2	5	-0.081152	0.081029	-0.008454	-0.058539	-0.000124	-0.066993
6	3	4	-0.040000	0.039882	0.054795	-0.079098	-0.000118	-0.024303
7	4	5	-0.067725	0.067308	-0.047293	0.047481	-0.000417	0.000188
8	4	7	-0.443434	0.442895	0.149594	-0.104119	-0.000539	0.045474
9	4	9	-0.069842	0.069362	0.084639	-0.078272	-0.000480	0.006367
10	5	6	-0.278566	0.277998	0.095327	-0.074869	-0.000569	0.020458
11	6	11	0.105921	-0.105105	0.047522	-0.044912	0.000816	0.002610
12	6	12	0.081677	-0.081319	0.025929	-0.024137	0.000358	0.001792
13	6	13	0.193833	-0.191332	0.079317	-0.073492	0.002501	0.005825
14	7	8	-0.897610	0.897028	-0.072869	0.226512	-0.000582	0.153643
15	7	9	0.454984	-0.455450	0.177128	-0.149114	-0.000467	0.028014
16	9	10	0.019011	-0.019431	0.031660	-0.031792	-0.000420	-0.000132
17	9	14	0.072293	-0.071842	0.029894	-0.028296	0.000451	0.001597
18	10	11	-0.070332	0.070369	-0.026078	0.027037	0.000037	0.000958
19	12	13	0.020636	-0.021101	0.008227	-0.008311	-0.000465	-0.000084
20	13	14	0.077710	-0.076942	0.023941	-0.021585	0.000769	0.002356

Summary
Total Pg           : 2.586074
Total Qg           : 0.558462
Total Load P       : 2.590000
Total Load Q       : 0.735000
Total Active Loss  : -0.000233
Total Reactive Loss: -0.175202
Total Load Supplied: 99.857411%

========================================================================================================================
Update time: 2026-06-09 22:48:56
Iteration: 102
rho: 120
alpha: 0.12285824
objective_value: 4.86690218862
feasible: False
max_abs_h: 1.389095278763e-02
l2_norm_h: 1.637378568909e-02
lambda_inf_norm: 1.935370813336e+00
lambda_l2_norm: 1.376497376707e+01
------------------------------------------------------------------------------------------------------------------------
Bus Results
BusID	V_R		V_I		Vmag		Pg		Qg		Pl		Ql
1	0.986109	-0.003079	0.986208	0.000000	0.100000	0.000000	0.000000
2	0.976356	-0.003659	0.976339	0.000000	-0.115660	0.217000	0.127000
3	0.979390	-0.001970	0.979457	0.903682	0.207273	0.942000	0.190000
4	0.972517	0.010606	0.972662	0.000000	0.000000	0.478000	-0.039000
5	0.976306	0.012723	0.976482	0.000000	0.000000	0.076000	0.016000
6	0.956219	0.080986	0.959643	0.786269	0.189871	0.112000	0.075000
7	0.938140	0.105128	0.944163	0.000000	0.000000	0.000000	0.000000
8	0.933071	0.274517	0.972774	0.904207	0.240000	0.000000	0.000000
9	0.923617	0.050219	0.924684	0.000000	0.000000	0.295000	0.166000
10	0.920697	0.049426	0.922007	0.000000	0.000000	0.090000	0.058000
11	0.934259	0.062211	0.936671	0.000000	0.000000	0.035000	0.018000
12	0.939933	0.060820	0.942047	0.000000	0.000000	0.061000	0.016000
13	0.932852	0.058100	0.934706	0.000000	0.000000	0.135000	0.058000
14	0.907995	0.032285	0.910028	0.000000	0.000000	0.149000	0.050000

Branch Results
LineID	From	To	Pik		Pki		Qik		Qki		LossP		LossQ
1	1	2	0.056888	-0.057129	0.092036	-0.192829	-0.000241	-0.100793
2	1	5	-0.056411	0.056210	0.008623	-0.102757	-0.000201	-0.094134
3	2	3	-0.011634	0.011169	-0.054013	-0.029293	-0.000465	-0.083306
4	2	4	-0.065023	0.065222	0.010252	-0.073377	0.000200	-0.063125
5	2	5	-0.083143	0.083364	-0.005661	-0.059470	0.000221	-0.065131
6	3	4	-0.049118	0.049290	0.046537	-0.069109	0.000172	-0.022572
7	4	5	-0.068902	0.069024	-0.066130	0.066614	0.000122	0.000484
8	4	7	-0.451122	0.451149	0.159134	-0.107548	0.000026	0.051585
9	4	9	-0.072425	0.072541	0.088033	-0.077711	0.000116	0.010322
10	5	6	-0.284771	0.284566	0.079756	-0.058322	-0.000205	0.021434
11	6	11	0.109868	-0.108846	0.060195	-0.056772	0.001022	0.003422
12	6	12	0.083155	-0.082532	0.026825	-0.025457	0.000623	0.001368
13	6	13	0.196883	-0.193647	0.086099	-0.079173	0.003236	0.006926
14	7	8	-0.905337	0.904557	-0.072530	0.238595	-0.000780	0.166065
15	7	9	0.454314	-0.454284	0.178438	-0.144871	0.000030	0.033568
16	9	10	0.016882	-0.016630	0.028154	-0.024111	0.000252	0.004042
17	9	14	0.069750	-0.069231	0.026038	-0.022025	0.000520	0.004013
18	10	11	-0.073484	0.073963	-0.035521	0.038733	0.000478	0.003212
19	12	13	0.021625	-0.021739	0.009909	-0.009866	-0.000115	0.000043
20	13	14	0.080445	-0.079407	0.031445	-0.028146	0.001038	0.003298

Summary
Total Pg           : 2.594159
Total Qg           : 0.621484
Total Load P       : 2.590000
Total Load Q       : 0.735000
Total Active Loss  : 0.006050
Total Reactive Loss: -0.119278
Total Load Supplied: 99.926982%

========================================================================================================================
Update time: 2026-06-09 22:52:54
Iteration: 103
rho: 120
alpha: 0.098286592
objective_value: 4.8617741846
feasible: False
max_abs_h: 1.804559314994e-02
l2_norm_h: 2.075179034569e-02
lambda_inf_norm: 1.935342232240e+00
lambda_l2_norm: 1.376516541689e+01
------------------------------------------------------------------------------------------------------------------------
Bus Results
BusID	V_R		V_I		Vmag		Pg		Qg		Pl		Ql
1	0.981954	0.000332	0.981963	0.000000	0.000000	0.000000	0.000000
2	0.977066	-0.001537	0.977075	0.000000	0.032956	0.217000	0.127000
3	0.970128	0.006429	0.970353	0.940294	0.102176	0.942000	0.190000
4	0.970621	0.012212	0.970699	0.000000	0.000000	0.478000	-0.039000
5	0.975040	0.013549	0.975136	0.000000	0.000000	0.076000	0.016000
6	0.960966	0.073913	0.963769	0.746455	0.240000	0.112000	0.075000
7	0.938879	0.104542	0.944688	0.000000	0.000000	0.000000	0.000000
8	0.934173	0.273688	0.973422	0.903619	0.240000	0.000000	0.000000
9	0.925326	0.048685	0.926565	0.000000	0.000000	0.295000	0.166000
10	0.922827	0.046886	0.924102	0.000000	0.000000	0.090000	0.058000
11	0.937290	0.057486	0.939016	0.000000	0.000000	0.035000	0.018000
12	0.943176	0.054428	0.944681	0.000000	0.000000	0.061000	0.016000
13	0.936200	0.052073	0.937643	0.000000	0.000000	0.135000	0.058000
14	0.909630	0.028786	0.909913	0.000000	0.000000	0.149000	0.050000

Branch Results
LineID	From	To	Pik		Pki		Qik		Qki		LossP		LossQ
1	1	2	0.050657	-0.052735	0.010981	-0.115453	-0.002078	-0.104472
2	1	5	-0.049410	0.047826	-0.008134	-0.088387	-0.001585	-0.096521
3	2	3	-0.030029	0.029000	-0.001950	-0.082752	-0.001030	-0.084702
4	2	4	-0.058996	0.057733	0.022422	-0.084622	-0.001264	-0.062200
5	2	5	-0.074247	0.072835	0.002268	-0.067278	-0.001412	-0.065011
6	3	4	-0.030025	0.029263	-0.003814	-0.020593	-0.000761	-0.024407
7	4	5	-0.057001	0.056232	-0.084164	0.084912	-0.000769	0.000748
8	4	7	-0.440818	0.440279	0.146029	-0.097224	-0.000539	0.048805
9	4	9	-0.067176	0.067123	0.081896	-0.073215	-0.000053	0.008681
10	5	6	-0.252097	0.251793	0.054798	-0.037651	-0.000304	0.017147
11	6	11	0.104205	-0.102457	0.071731	-0.065895	0.001748	0.005836
12	6	12	0.083224	-0.082346	0.033461	-0.028969	0.000878	0.004492
13	6	13	0.195348	-0.192388	0.096530	-0.088010	0.002960	0.008520
14	7	8	-0.904240	0.903951	-0.074062	0.238936	-0.000289	0.164874
15	7	9	0.463919	-0.463583	0.170175	-0.137550	0.000337	0.032625
16	9	10	0.025336	-0.024845	0.020088	-0.017308	0.000491	0.002780
17	9	14	0.075678	-0.074121	0.023196	-0.018471	0.001557	0.004725
18	10	11	-0.065635	0.067018	-0.042253	0.046463	0.001382	0.004210
19	12	13	0.021053	-0.020152	0.011669	-0.009214	0.000901	0.002455
20	13	14	0.077223	-0.075112	0.038297	-0.032874	0.002111	0.005423

Summary
Total Pg           : 2.590368
Total Qg           : 0.615132
Total Load P       : 2.590000
Total Load Q       : 0.735000
Total Active Loss  : 0.002280
Total Reactive Loss: -0.125991
Total Load Supplied: 99.926160%

========================================================================================================================
Update time: 2026-06-09 22:56:51
Iteration: 104
rho: 120
alpha: 0.098286592
objective_value: 4.85987026902
feasible: False
max_abs_h: 5.069353566279e-03
l2_norm_h: 5.744646700612e-03
lambda_inf_norm: 1.935342935673e+00
lambda_l2_norm: 1.376531124589e+01
------------------------------------------------------------------------------------------------------------------------
Bus Results
BusID	V_R		V_I		Vmag		Pg		Qg		Pl		Ql
1	0.994931	0.000061	0.994821	0.000000	0.015959	0.000000	0.000000
2	0.989733	-0.001639	0.989622	0.000000	0.037469	0.217000	0.127000
3	0.982156	0.006078	0.982073	0.935499	0.100149	0.942000	0.190000
4	0.982911	0.012548	0.982886	0.000000	0.000000	0.478000	-0.039000
5	0.987121	0.013933	0.987122	0.000000	0.000000	0.076000	0.016000
6	0.969933	0.075146	0.972763	0.745589	0.205315	0.112000	0.075000
7	0.950841	0.104888	0.956525	0.000000	0.000000	0.000000	0.000000
8	0.944264	0.272550	0.982739	0.908389	0.224398	0.000000	0.000000
9	0.937814	0.049782	0.939060	0.000000	0.000000	0.295000	0.166000
10	0.935239	0.048103	0.936380	0.000000	0.000000	0.090000	0.058000
11	0.948435	0.058729	0.950173	0.000000	0.000000	0.035000	0.018000
12	0.953305	0.055904	0.954859	0.000000	0.000000	0.061000	0.016000
13	0.946536	0.053509	0.947971	0.000000	0.000000	0.135000	0.058000
14	0.922012	0.030283	0.922369	0.000000	0.000000	0.149000	0.050000

Branch Results
LineID	From	To	Pik		Pki		Qik		Qki		LossP		LossQ
1	1	2	0.051265	-0.051844	0.018004	-0.121736	-0.000579	-0.103732
2	1	5	-0.050874	0.050459	-0.001871	-0.093810	-0.000415	-0.095681
3	2	3	-0.028263	0.027802	0.001574	-0.086208	-0.000461	-0.084635
4	2	4	-0.060671	0.060554	0.024911	-0.089751	-0.000117	-0.064840
5	2	5	-0.075906	0.075726	0.005782	-0.072078	-0.000180	-0.066295
6	3	4	-0.034007	0.033601	-0.003659	-0.020712	-0.000407	-0.024371
7	4	5	-0.056878	0.056548	-0.080646	0.081263	-0.000329	0.000617
8	4	7	-0.445915	0.445526	0.148535	-0.101464	-0.000389	0.047071
9	4	9	-0.069156	0.068877	0.081479	-0.074649	-0.000279	0.006829
10	5	6	-0.258469	0.257951	0.068548	-0.051102	-0.000518	0.017446
11	6	11	0.101521	-0.100449	0.062706	-0.059141	0.001072	0.003564
12	6	12	0.081883	-0.081320	0.029455	-0.026837	0.000563	0.002618
13	6	13	0.192485	-0.189731	0.089080	-0.082323	0.002754	0.006757
14	7	8	-0.909122	0.908713	-0.064186	0.224367	-0.000409	0.160182
15	7	9	0.463764	-0.463957	0.165425	-0.135641	-0.000193	0.029784
16	9	10	0.024691	-0.024778	0.020649	-0.019721	-0.000087	0.000928
17	9	14	0.075450	-0.074608	0.023279	-0.020485	0.000842	0.002794
18	10	11	-0.065171	0.065568	-0.038700	0.040773	0.000397	0.002073
19	12	13	0.020504	-0.020677	0.010462	-0.009575	-0.000173	0.000887
20	13	14	0.075542	-0.074385	0.033546	-0.030007	0.001157	0.003539

Summary
Total Pg           : 2.589477
Total Qg           : 0.583289
Total Load P       : 2.590000
Total Load Q       : 0.735000
Total Active Loss  : 0.002248
Total Reactive Loss: -0.154464
Total Load Supplied: 99.893040%

========================================================================================================================
Update time: 2026-06-09 23:00:49
Iteration: 105
rho: 120
alpha: 0.098286592
objective_value: 4.85656632466
feasible: False
max_abs_h: 7.914783367937e-04
l2_norm_h: 1.901439569214e-03
lambda_inf_norm: 1.935356555470e+00
lambda_l2_norm: 1.376547211858e+01
------------------------------------------------------------------------------------------------------------------------
Bus Results
BusID	V_R		V_I		Vmag		Pg		Qg		Pl		Ql
1	0.999209	0.000061	0.999169	0.000000	0.017461	0.000000	0.000000
2	0.993967	-0.001648	0.993924	0.000000	0.036923	0.217000	0.127000
3	0.986309	0.005527	0.986285	0.929229	0.100611	0.942000	0.190000
4	0.987141	0.012691	0.987182	0.000000	0.000000	0.478000	-0.039000
5	0.991262	0.014141	0.991330	0.000000	0.000000	0.076000	0.016000
6	0.972973	0.075882	0.975899	0.747262	0.192675	0.112000	0.075000
7	0.955108	0.105194	0.960862	0.000000	0.000000	0.000000	0.000000
8	0.948180	0.272619	0.986566	0.911390	0.221735	0.000000	0.000000
9	0.942210	0.050297	0.943542	0.000000	0.000000	0.295000	0.166000
10	0.939565	0.048661	0.940795	0.000000	0.000000	0.090000	0.058000
11	0.952259	0.059359	0.954089	0.000000	0.000000	0.035000	0.018000
12	0.956758	0.056667	0.958406	0.000000	0.000000	0.061000	0.016000
13	0.950090	0.054242	0.951616	0.000000	0.000000	0.135000	0.058000
14	0.926369	0.030958	0.926813	0.000000	0.000000	0.149000	0.050000

Branch Results
LineID	From	To	Pik		Pki		Qik		Qki		LossP		LossQ
1	1	2	0.051971	-0.052342	0.018647	-0.123091	-0.000371	-0.104444
2	1	5	-0.051708	0.051457	-0.001131	-0.095258	-0.000252	-0.096389
3	2	3	-0.025654	0.025271	0.001240	-0.086606	-0.000383	-0.085366
4	2	4	-0.061631	0.061593	0.025215	-0.090669	-0.000038	-0.065455
5	2	5	-0.077126	0.077055	0.006577	-0.073425	-0.000071	-0.066847
6	3	4	-0.037759	0.037382	-0.002777	-0.021869	-0.000378	-0.024646
7	4	5	-0.057930	0.057612	-0.078757	0.079218	-0.000318	0.000461
8	4	7	-0.448680	0.448259	0.148876	-0.102016	-0.000421	0.046860
9	4	9	-0.070153	0.069787	0.081417	-0.075021	-0.000366	0.006396
10	5	6	-0.261876	0.261352	0.073440	-0.055783	-0.000524	0.017657
11	6	11	0.100963	-0.100059	0.059311	-0.056388	0.000904	0.002922
12	6	12	0.081498	-0.081064	0.028095	-0.026004	0.000434	0.002090
13	6	13	0.191719	-0.189152	0.086058	-0.079938	0.002566	0.006119
14	7	8	-0.912193	0.911699	-0.062451	0.221811	-0.000494	0.159360
15	7	9	0.464132	-0.464444	0.164489	-0.135563	-0.000313	0.028926
16	9	10	0.024503	-0.024771	0.021218	-0.021021	-0.000269	0.000197
17	9	14	0.075296	-0.074676	0.023357	-0.021334	0.000619	0.002022
18	10	11	-0.065078	0.065263	-0.037028	0.038344	0.000185	0.001315
19	12	13	0.020331	-0.020692	0.009918	-0.009630	-0.000361	0.000288
20	13	14	0.075071	-0.074185	0.031517	-0.028764	0.000885	0.002752

Summary
Total Pg           : 2.587881
Total Qg           : 0.569406
Total Load P       : 2.590000
Total Load Q       : 0.735000
Total Active Loss  : 0.001037
Total Reactive Loss: -0.165781
Total Load Supplied: 99.878164%

========================================================================================================================
Update time: 2026-06-09 23:04:47
Iteration: 106
rho: 120
alpha: 0.098286592
objective_value: 4.85484832142
feasible: False
max_abs_h: 6.297996875184e-04
l2_norm_h: 1.956116321383e-03
lambda_inf_norm: 1.935374695924e+00
lambda_l2_norm: 1.376564101804e+01
------------------------------------------------------------------------------------------------------------------------
Bus Results
BusID	V_R		V_I		Vmag		Pg		Qg		Pl		Ql
1	1.000630	0.000366	1.000613	0.000000	0.016393	0.000000	0.000000
2	0.995412	-0.001384	0.995390	0.000000	0.034308	0.217000	0.127000
3	0.987940	0.005232	0.987935	0.923564	0.102986	0.942000	0.190000
4	0.988786	0.013030	0.988854	0.000000	0.000000	0.478000	-0.039000
5	0.992832	0.014557	0.992928	0.000000	0.000000	0.076000	0.016000
6	0.974178	0.076913	0.977198	0.750117	0.188096	0.112000	0.075000
7	0.956984	0.105799	0.962814	0.000000	0.000000	0.000000	0.000000
8	0.950243	0.273290	0.988748	0.913438	0.223286	0.000000	0.000000
9	0.944053	0.050991	0.945444	0.000000	0.000000	0.295000	0.166000
10	0.941361	0.049411	0.942650	0.000000	0.000000	0.090000	0.058000
11	0.953812	0.060239	0.955712	0.000000	0.000000	0.035000	0.018000
12	0.958139	0.057696	0.959863	0.000000	0.000000	0.061000	0.016000
13	0.951513	0.055234	0.953111	0.000000	0.000000	0.135000	0.058000
14	0.928161	0.031798	0.928655	0.000000	0.000000	0.149000	0.050000

Branch Results
LineID	From	To	Pik		Pki		Qik		Qki		LossP		LossQ
1	1	2	0.052583	-0.052881	0.018098	-0.122805	-0.000297	-0.104707
2	1	5	-0.052370	0.052167	-0.001689	-0.094987	-0.000202	-0.096676
3	2	3	-0.023233	0.022865	-0.000329	-0.085356	-0.000368	-0.085685
4	2	4	-0.062432	0.062416	0.024309	-0.089995	-0.000017	-0.065686
5	2	5	-0.078226	0.078182	0.006146	-0.073191	-0.000044	-0.067045
6	3	4	-0.041021	0.040662	-0.001646	-0.023084	-0.000359	-0.024729
7	4	5	-0.059172	0.058848	-0.076830	0.077214	-0.000324	0.000384
8	4	7	-0.450753	0.450315	0.147815	-0.100919	-0.000438	0.046896
9	4	9	-0.070942	0.070554	0.081114	-0.074869	-0.000388	0.006245
10	5	6	-0.264948	0.264408	0.074956	-0.057001	-0.000540	0.017955
11	6	11	0.101093	-0.100256	0.057738	-0.055025	0.000837	0.002713
12	6	12	0.081352	-0.080985	0.027578	-0.025667	0.000367	0.001911
13	6	13	0.191550	-0.189075	0.084844	-0.078929	0.002475	0.005915
14	7	8	-0.914286	0.913748	-0.064074	0.223402	-0.000538	0.159328
15	7	9	0.464181	-0.464533	0.165102	-0.136477	-0.000353	0.028625
16	9	10	0.024102	-0.024428	0.021807	-0.021874	-0.000326	-0.000067
17	9	14	0.075043	-0.074495	0.023656	-0.021908	0.000549	0.001748
18	10	11	-0.065387	0.065495	-0.036042	0.037092	0.000108	0.001050
19	12	13	0.020296	-0.020752	0.009675	-0.009581	-0.000456	0.000094
20	13	14	0.075100	-0.074321	0.030556	-0.028058	0.000779	0.002498

Summary
Total Pg           : 2.587119
Total Qg           : 0.565069
Total Load P       : 2.590000
Total Load Q       : 0.735000
Total Active Loss  : 0.000464
Total Reactive Loss: -0.169234
Total Load Supplied: 99.870836%

========================================================================================================================
Update time: 2026-06-09 23:08:45
Iteration: 107
rho: 120
alpha: 0.078629274
objective_value: 4.85385791532
feasible: False
max_abs_h: 1.024284321923e-03
l2_norm_h: 2.151418982678e-03
lambda_inf_norm: 1.935394818055e+00
lambda_l2_norm: 1.376581446869e+01
------------------------------------------------------------------------------------------------------------------------
Bus Results
BusID	V_R		V_I		Vmag		Pg		Qg		Pl		Ql
1	1.001024	-0.000023	1.001018	0.000000	0.014036	0.000000	0.000000
2	0.995887	-0.001836	0.995876	0.000000	0.033051	0.217000	0.127000
3	0.988612	0.004241	0.988611	0.918075	0.105677	0.942000	0.190000
4	0.989442	0.012660	0.989514	0.000000	0.000000	0.478000	-0.039000
5	0.993430	0.014247	0.993529	0.000000	0.000000	0.076000	0.016000
6	0.974631	0.077158	0.977674	0.752919	0.185988	0.112000	0.075000
7	0.957855	0.105811	0.963690	0.000000	0.000000	0.000000	0.000000
8	0.951441	0.273610	0.989995	0.915746	0.225766	0.000000	0.000000
9	0.944830	0.051014	0.946228	0.000000	0.000000	0.295000	0.166000
10	0.942097	0.049476	0.943396	0.000000	0.000000	0.090000	0.058000
11	0.954421	0.060388	0.956339	0.000000	0.000000	0.035000	0.018000
12	0.958659	0.057918	0.960404	0.000000	0.000000	0.061000	0.016000
13	0.952055	0.055440	0.953672	0.000000	0.000000	0.135000	0.058000
14	0.928876	0.031915	0.929382	0.000000	0.000000	0.149000	0.050000

Branch Results
LineID	From	To	Pik		Pki		Qik		Qki		LossP		LossQ
1	1	2	0.053171	-0.053497	0.016529	-0.121348	-0.000326	-0.104819
2	1	5	-0.052939	0.052718	-0.002471	-0.094325	-0.000221	-0.096796
3	2	3	-0.020893	0.020496	-0.001898	-0.083953	-0.000396	-0.085851
4	2	4	-0.063173	0.063136	0.023542	-0.089334	-0.000037	-0.065792
5	2	5	-0.079201	0.079155	0.005771	-0.072899	-0.000046	-0.067128
6	3	4	-0.044137	0.043786	-0.000344	-0.024389	-0.000352	-0.024734
7	4	5	-0.060151	0.059820	-0.075217	0.075577	-0.000332	0.000360
8	4	7	-0.452857	0.452400	0.147024	-0.099866	-0.000456	0.047158
9	4	9	-0.071691	0.071270	0.080960	-0.074716	-0.000421	0.006244
10	5	6	-0.267443	0.266908	0.075662	-0.057436	-0.000535	0.018226
11	6	11	0.101278	-0.100452	0.056956	-0.054313	0.000827	0.002643
12	6	12	0.081375	-0.081005	0.027334	-0.025498	0.000370	0.001836
13	6	13	0.191640	-0.189164	0.084229	-0.078413	0.002477	0.005817
14	7	8	-0.916590	0.916050	-0.066017	0.225887	-0.000540	0.159870
15	7	9	0.464402	-0.464792	0.166006	-0.137415	-0.000390	0.028591
16	9	10	0.023826	-0.024188	0.022342	-0.022459	-0.000362	-0.000118
17	9	14	0.074881	-0.074379	0.023933	-0.022262	0.000502	0.001672
18	10	11	-0.065611	0.065698	-0.035428	0.036411	0.000088	0.000983
19	12	13	0.020301	-0.020742	0.009552	-0.009553	-0.000441	-0.000001
20	13	14	0.075176	-0.074417	0.030057	-0.027661	0.000760	0.002396

Summary
Total Pg           : 2.586741
Total Qg           : 0.564518
Total Load P       : 2.590000
Total Load Q       : 0.735000
Total Active Loss  : 0.000167
Total Reactive Loss: -0.169444
Total Load Supplied: 99.867703%

========================================================================================================================
Update time: 2026-06-09 23:12:43
Iteration: 108
rho: 120
alpha: 0.062903419
objective_value: 4.85341795132
feasible: False
max_abs_h: 1.413235654088e-03
l2_norm_h: 2.399763931724e-03
lambda_inf_norm: 1.935411672618e+00
lambda_l2_norm: 1.376595376976e+01
------------------------------------------------------------------------------------------------------------------------
Bus Results
BusID	V_R		V_I		Vmag		Pg		Qg		Pl		Ql
1	1.001413	0.000225	1.001418	0.000000	0.011337	0.000000	0.000000
2	0.996367	-0.001653	0.996367	0.000000	0.031581	0.217000	0.127000
3	0.989274	0.003897	0.989281	0.912664	0.108012	0.942000	0.190000
4	0.990139	0.012913	0.990224	0.000000	0.000000	0.478000	-0.039000
5	0.994069	0.014568	0.994180	0.000000	0.000000	0.076000	0.016000
6	0.975217	0.078066	0.978335	0.756056	0.185015	0.112000	0.075000
7	0.958806	0.106420	0.964706	0.000000	0.000000	0.000000	0.000000
8	0.952728	0.274491	0.991478	0.917936	0.228790	0.000000	0.000000
9	0.945701	0.051639	0.947133	0.000000	0.000000	0.295000	0.166000
10	0.942931	0.050148	0.944268	0.000000	0.000000	0.090000	0.058000
11	0.955142	0.061173	0.957111	0.000000	0.000000	0.035000	0.018000
12	0.959303	0.058812	0.961104	0.000000	0.000000	0.061000	0.016000
13	0.952718	0.056306	0.954390	0.000000	0.000000	0.135000	0.058000
14	0.929699	0.032650	0.930231	0.000000	0.000000	0.149000	0.050000

Branch Results
LineID	From	To	Pik		Pki		Qik		Qki		LossP		LossQ
1	1	2	0.053727	-0.054028	0.014820	-0.119722	-0.000302	-0.104902
2	1	5	-0.053515	0.053311	-0.003473	-0.093420	-0.000204	-0.096893
3	2	3	-0.018597	0.018190	-0.003391	-0.082608	-0.000407	-0.086000
4	2	4	-0.063931	0.063900	0.022548	-0.088412	-0.000031	-0.065864
5	2	5	-0.080218	0.080185	0.005159	-0.072346	-0.000033	-0.067187
6	3	4	-0.047236	0.046898	0.000650	-0.025369	-0.000338	-0.024719
7	4	5	-0.061231	0.060890	-0.073610	0.073969	-0.000340	0.000359
8	4	7	-0.454906	0.454446	0.145762	-0.098376	-0.000460	0.047385
9	4	9	-0.072438	0.072015	0.080677	-0.074425	-0.000423	0.006252
10	5	6	-0.270136	0.269596	0.075811	-0.057264	-0.000539	0.018547
11	6	11	0.101593	-0.100772	0.056311	-0.053702	0.000821	0.002610
12	6	12	0.081383	-0.081016	0.027209	-0.025396	0.000366	0.001813
13	6	13	0.191767	-0.189294	0.083864	-0.078073	0.002472	0.005791
14	7	8	-0.918806	0.918252	-0.068572	0.228916	-0.000554	0.160344
15	7	9	0.464581	-0.464970	0.167089	-0.138528	-0.000389	0.028561
16	9	10	0.023475	-0.023842	0.022865	-0.023017	-0.000367	-0.000151
17	9	14	0.074669	-0.074187	0.024249	-0.022627	0.000482	0.001622
18	10	11	-0.065954	0.066022	-0.034859	0.035814	0.000069	0.000955
19	12	13	0.020326	-0.020776	0.009459	-0.009479	-0.000451	-0.000020
20	13	14	0.075344	-0.074599	0.029648	-0.027278	0.000746	0.002370

Summary
Total Pg           : 2.586656
Total Qg           : 0.564735
Total Load P       : 2.590000
Total Load Q       : 0.735000
Total Active Loss  : 0.000119
Total Reactive Loss: -0.169128
Total Load Supplied: 99.866296%

========================================================================================================================
Update time: 2026-06-09 23:16:39
Iteration: 109
rho: 120
alpha: 0.062903419
objective_value: 4.85283873975
feasible: False
max_abs_h: 1.277471851789e-03
l2_norm_h: 2.411560586157e-03
lambda_inf_norm: 1.935424938272e+00
lambda_l2_norm: 1.376606667419e+01
------------------------------------------------------------------------------------------------------------------------
Bus Results
BusID	V_R		V_I		Vmag		Pg		Qg		Pl		Ql
1	1.001277	0.000606	1.001275	0.000000	0.008043	0.000000	0.000000
2	0.996341	-0.001344	0.996334	0.000000	0.029466	0.217000	0.127000
3	0.989532	0.003661	0.989534	0.907406	0.111133	0.942000	0.190000
4	0.990385	0.013280	0.990468	0.000000	0.000000	0.478000	-0.039000
5	0.994238	0.015009	0.994352	0.000000	0.000000	0.076000	0.016000
6	0.975305	0.079123	0.978504	0.759042	0.184115	0.112000	0.075000
7	0.959358	0.107167	0.965335	0.000000	0.000000	0.000000	0.000000
8	0.953745	0.275568	0.992751	0.920043	0.232827	0.000000	0.000000
9	0.946122	0.052383	0.947593	0.000000	0.000000	0.295000	0.166000
10	0.943300	0.050948	0.944683	0.000000	0.000000	0.090000	0.058000
11	0.955377	0.062097	0.957403	0.000000	0.000000	0.035000	0.018000
12	0.959430	0.059851	0.961289	0.000000	0.000000	0.061000	0.016000
13	0.952872	0.057309	0.954601	0.000000	0.000000	0.135000	0.058000
14	0.930034	0.033492	0.930599	0.000000	0.000000	0.149000	0.050000

Branch Results
LineID	From	To	Pik		Pki		Qik		Qki		LossP		LossQ
1	1	2	0.054273	-0.054530	0.012785	-0.117711	-0.000258	-0.104926
2	1	5	-0.054075	0.053885	-0.004712	-0.092212	-0.000190	-0.096923
3	2	3	-0.016325	0.015937	-0.005375	-0.080711	-0.000389	-0.086086
4	2	4	-0.064692	0.064680	0.021227	-0.087172	-0.000012	-0.065945
5	2	5	-0.081242	0.081219	0.004346	-0.071548	-0.000023	-0.067202
6	3	4	-0.050242	0.049938	0.001878	-0.026595	-0.000304	-0.024716
7	4	5	-0.062320	0.061978	-0.071541	0.071812	-0.000342	0.000271
8	4	7	-0.456901	0.456432	0.144093	-0.096505	-0.000469	0.047588
9	4	9	-0.073169	0.072747	0.080297	-0.074049	-0.000422	0.006248
10	5	6	-0.272836	0.272283	0.075999	-0.057123	-0.000553	0.018876
11	6	11	0.101849	-0.101072	0.055615	-0.053009	0.000777	0.002606
12	6	12	0.081345	-0.081013	0.027176	-0.025324	0.000332	0.001853
13	6	13	0.191856	-0.189420	0.083538	-0.077739	0.002437	0.005799
14	7	8	-0.920850	0.920338	-0.071989	0.232943	-0.000511	0.160955
15	7	9	0.464650	-0.465081	0.168649	-0.140089	-0.000431	0.028560
16	9	10	0.023057	-0.023458	0.023601	-0.023729	-0.000400	-0.000128
17	9	14	0.074485	-0.074013	0.024693	-0.023066	0.000472	0.001626
18	10	11	-0.066298	0.066328	-0.034156	0.035117	0.000029	0.000961
19	12	13	0.020334	-0.020806	0.009355	-0.009337	-0.000472	0.000018
20	13	14	0.075516	-0.074776	0.029172	-0.026821	0.000740	0.002352

Summary
Total Pg           : 2.586491
Total Qg           : 0.565584
Total Load P       : 2.590000
Total Load Q       : 0.735000
Total Active Loss  : 0.000011
Total Reactive Loss: -0.168215
Total Load Supplied: 99.864093%

========================================================================================================================
Update time: 2026-06-09 23:20:38
Iteration: 110
rho: 120
alpha: 0.050322735
objective_value: 4.87262974825
feasible: False
max_abs_h: 1.007032640427e-02
l2_norm_h: 1.977567632979e-02
lambda_inf_norm: 1.935323134032e+00
lambda_l2_norm: 1.376610986918e+01
------------------------------------------------------------------------------------------------------------------------
Bus Results
BusID	V_R		V_I		Vmag		Pg		Qg		Pl		Ql
1	0.990659	0.000306	0.990745	0.000000	0.100000	0.000000	0.000000
2	0.981802	-0.000538	0.981914	0.000000	0.009027	0.217000	0.127000
3	0.971733	0.004819	0.971887	0.901490	0.096400	0.942000	0.190000
4	0.973278	0.015115	0.973535	0.000000	0.000000	0.478000	-0.039000
5	0.978215	0.016529	0.978489	0.000000	0.000000	0.076000	0.016000
6	0.958798	0.081966	0.962428	0.769438	0.240000	0.112000	0.075000
7	0.937112	0.111569	0.943927	0.000000	0.000000	0.000000	0.000000
8	0.929109	0.284891	0.971986	0.926330	0.240000	0.000000	0.000000
9	0.923210	0.055185	0.925075	0.000000	0.000000	0.295000	0.166000
10	0.920669	0.053806	0.922427	0.000000	0.000000	0.090000	0.058000
11	0.935045	0.065153	0.937495	0.000000	0.000000	0.035000	0.018000
12	0.940208	0.062768	0.942458	0.000000	0.000000	0.061000	0.016000
13	0.932901	0.060192	0.935016	0.000000	0.000000	0.135000	0.058000
14	0.904865	0.035906	0.900000	0.000000	0.000000	0.149000	0.050000

Branch Results
LineID	From	To	Pik		Pki		Qik		Qki		LossP		LossQ
1	1	2	0.056187	-0.056439	0.078205	-0.178708	-0.000252	-0.100504
2	1	5	-0.055808	0.055692	0.020992	-0.112952	-0.000117	-0.091960
3	2	3	-0.014193	0.013796	0.011034	-0.093757	-0.000397	-0.082723
4	2	4	-0.064772	0.064940	0.035988	-0.098752	0.000169	-0.062763
5	2	5	-0.081310	0.081375	0.013558	-0.077466	0.000065	-0.063908
6	3	4	-0.054022	0.053878	0.000042	-0.023124	-0.000144	-0.023082
7	4	5	-0.061183	0.061123	-0.094545	0.096458	-0.000060	0.001913
8	4	7	-0.461693	0.461443	0.165252	-0.111792	-0.000249	0.053460
9	4	9	-0.073857	0.073704	0.089693	-0.079762	-0.000153	0.009931
10	5	6	-0.274042	0.273525	0.077089	-0.054341	-0.000517	0.022749
11	6	11	0.104868	-0.103779	0.073133	-0.065779	0.001089	0.007354
12	6	12	0.082866	-0.082377	0.037872	-0.031327	0.000489	0.006545
13	6	13	0.196525	-0.193296	0.106228	-0.094693	0.003229	0.011535
14	7	8	-0.927269	0.926673	-0.066088	0.239024	-0.000597	0.172935
15	7	9	0.466012	-0.466256	0.176719	-0.143063	-0.000244	0.033656
16	9	10	0.021178	-0.021280	0.022570	-0.018844	-0.000102	0.003725
17	9	14	0.076423	-0.073869	0.032402	-0.023347	0.002554	0.009055
18	10	11	-0.068656	0.069009	-0.040940	0.045966	0.000352	0.005026
19	12	13	0.021643	-0.021703	0.013116	-0.008298	-0.000060	0.004818
20	13	14	0.079951	-0.076750	0.042508	-0.031757	0.003201	0.010751

Summary
Total Pg           : 2.597258
Total Qg           : 0.685427
Total Load P       : 2.590000
Total Load Q       : 0.735000
Total Active Loss  : 0.008258
Total Reactive Loss: -0.071486
Total Load Supplied: 99.961399%

========================================================================================================================
Update time: 2026-06-09 23:24:36
Iteration: 111
rho: 120
alpha: 0.050322735
objective_value: 4.86336481628
feasible: False
max_abs_h: 2.863362157644e-03
l2_norm_h: 4.217517332306e-03
lambda_inf_norm: 1.935320661785e+00
lambda_l2_norm: 1.376616971531e+01
------------------------------------------------------------------------------------------------------------------------
Bus Results
BusID	V_R		V_I		Vmag		Pg		Qg		Pl		Ql
1	0.997137	-0.000068	0.997081	0.000000	0.099426	0.000000	0.000000
2	0.988176	-0.000888	0.988115	0.000000	0.002952	0.217000	0.127000
3	0.977702	0.003956	0.977657	0.894206	0.090893	0.942000	0.190000
4	0.980064	0.014783	0.980115	0.000000	0.000000	0.478000	-0.039000
5	0.984839	0.016271	0.984921	0.000000	0.000000	0.076000	0.016000
6	0.963860	0.082021	0.967302	0.767262	0.194229	0.112000	0.075000
7	0.944654	0.111225	0.951135	0.000000	0.000000	0.000000	0.000000
8	0.934654	0.283760	0.976744	0.931021	0.225105	0.000000	0.000000
9	0.931984	0.055287	0.933581	0.000000	0.000000	0.295000	0.166000
10	0.929314	0.053776	0.930803	0.000000	0.000000	0.090000	0.058000
11	0.942399	0.064966	0.944592	0.000000	0.000000	0.035000	0.018000
12	0.947170	0.062516	0.949178	0.000000	0.000000	0.061000	0.016000
13	0.940369	0.059976	0.942229	0.000000	0.000000	0.135000	0.058000
14	0.915918	0.035966	0.916454	0.000000	0.000000	0.149000	0.050000

Branch Results
LineID	From	To	Pik		Pki		Qik		Qki		LossP		LossQ
1	1	2	0.056906	-0.056964	0.079763	-0.182540	-0.000058	-0.102778
2	1	5	-0.056662	0.056645	0.019699	-0.114444	-0.000017	-0.094744
3	2	3	-0.011321	0.011009	0.012174	-0.096092	-0.000313	-0.083917
4	2	4	-0.065862	0.066029	0.034002	-0.098093	0.000167	-0.064091
5	2	5	-0.082636	0.082741	0.012293	-0.077878	0.000105	-0.065585
6	3	4	-0.058527	0.058358	-0.003059	-0.020624	-0.000169	-0.023684
7	4	5	-0.062253	0.062103	-0.091819	0.092688	-0.000150	0.000869
8	4	7	-0.464859	0.464523	0.162888	-0.110847	-0.000336	0.052041
9	4	9	-0.075123	0.074913	0.086496	-0.078502	-0.000210	0.007994
10	5	6	-0.277295	0.276854	0.083487	-0.062788	-0.000440	0.020699
11	6	11	0.103041	-0.101960	0.062078	-0.058242	0.001081	0.003836
12	6	12	0.082117	-0.081528	0.029913	-0.026998	0.000589	0.002915
13	6	13	0.193488	-0.190619	0.089752	-0.082556	0.002868	0.007196
14	7	8	-0.931772	0.931358	-0.055139	0.225076	-0.000414	0.169938
15	7	9	0.467419	-0.467593	0.165735	-0.135030	-0.000175	0.030705
16	9	10	0.023051	-0.023154	0.022277	-0.021086	-0.000103	0.001191
17	9	14	0.074677	-0.073762	0.024769	-0.021586	0.000915	0.003184
18	10	11	-0.066769	0.067109	-0.037449	0.039777	0.000340	0.002329
19	12	13	0.020713	-0.020860	0.010469	-0.009214	-0.000147	0.001255
20	13	14	0.076581	-0.075287	0.033226	-0.029141	0.001294	0.004086

Summary
Total Pg           : 2.592488
Total Qg           : 0.612605
Total Load P       : 2.590000
Total Load Q       : 0.735000
Total Active Loss  : 0.004828
Total Reactive Loss: -0.126562
Total Load Supplied: 99.909662%

========================================================================================================================
Update time: 2026-06-09 23:28:35
Iteration: 112
rho: 120
alpha: 0.050322735
objective_value: 4.85375887748
feasible: False
max_abs_h: 8.693814403233e-04
l2_norm_h: 2.245394615743e-03
lambda_inf_norm: 1.935325663378e+00
lambda_l2_norm: 1.376625991537e+01
------------------------------------------------------------------------------------------------------------------------
Bus Results
BusID	V_R		V_I		Vmag		Pg		Qg		Pl		Ql
1	1.000869	-0.000506	1.000832	0.000000	0.095560	0.000000	0.000000
2	0.992102	-0.001427	0.992063	0.000000	0.004418	0.217000	0.127000
3	0.981699	0.002765	0.981663	0.887239	0.092365	0.942000	0.190000
4	0.984106	0.014272	0.984172	0.000000	0.000000	0.478000	-0.039000
5	0.988715	0.015852	0.988811	0.000000	0.000000	0.076000	0.016000
6	0.966640	0.081797	0.970057	0.766759	0.176977	0.112000	0.075000
7	0.949163	0.110702	0.955579	0.000000	0.000000	0.000000	0.000000
8	0.939069	0.282847	0.980719	0.933533	0.222409	0.000000	0.000000
9	0.936618	0.054979	0.938219	0.000000	0.000000	0.295000	0.166000
10	0.933849	0.053473	0.935344	0.000000	0.000000	0.090000	0.058000
11	0.946260	0.064670	0.948474	0.000000	0.000000	0.035000	0.018000
12	0.950554	0.062248	0.952550	0.000000	0.000000	0.061000	0.016000
13	0.943878	0.059718	0.945732	0.000000	0.000000	0.135000	0.058000
14	0.920514	0.035733	0.921140	0.000000	0.000000	0.149000	0.050000

Branch Results
LineID	From	To	Pik		Pki		Qik		Qki		LossP		LossQ
1	1	2	0.057589	-0.058005	0.076565	-0.180076	-0.000416	-0.103511
2	1	5	-0.057200	0.056961	0.019045	-0.114614	-0.000240	-0.095568
3	2	3	-0.008443	0.007888	0.011042	-0.095690	-0.000555	-0.084648
4	2	4	-0.066585	0.066379	0.033532	-0.098269	-0.000205	-0.064737
5	2	5	-0.083630	0.083475	0.012801	-0.078843	-0.000155	-0.066042
6	3	4	-0.062338	0.062006	-0.001984	-0.021904	-0.000332	-0.023888
7	4	5	-0.063527	0.063184	-0.088112	0.088802	-0.000344	0.000690
8	4	7	-0.466723	0.466304	0.161502	-0.110103	-0.000419	0.051399
9	4	9	-0.075867	0.075392	0.085730	-0.078385	-0.000475	0.007345
10	5	6	-0.279316	0.278796	0.088565	-0.067860	-0.000520	0.020705
11	6	11	0.101983	-0.101085	0.057298	-0.054465	0.000898	0.002833
12	6	12	0.081792	-0.081247	0.027591	-0.025649	0.000546	0.001942
13	6	13	0.192443	-0.189786	0.084917	-0.078773	0.002657	0.006144
14	7	8	-0.934117	0.933801	-0.053980	0.222522	-0.000317	0.168542
15	7	9	0.468008	-0.468319	0.164186	-0.134765	-0.000311	0.029421
16	9	10	0.023300	-0.023642	0.022774	-0.022742	-0.000343	0.000032
17	9	14	0.074771	-0.074106	0.024407	-0.022484	0.000665	0.001923
18	10	11	-0.066189	0.066342	-0.035278	0.036521	0.000153	0.001243
19	12	13	0.020451	-0.020761	0.009661	-0.009570	-0.000310	0.000090
20	13	14	0.075712	-0.074795	0.030353	-0.027598	0.000917	0.002755

Summary
Total Pg           : 2.587530
Total Qg           : 0.591730
Total Load P       : 2.590000
Total Load Q       : 0.735000
Total Active Loss  : 0.000895
Total Reactive Loss: -0.143331
Total Load Supplied: 99.870103%

========================================================================================================================
Update time: 2026-06-09 23:32:31
Iteration: 113
rho: 120
alpha: 0.050322735
objective_value: 4.85450158181
feasible: False
max_abs_h: 1.096110336581e-03
l2_norm_h: 2.147653154457e-03
lambda_inf_norm: 1.935335311779e+00
lambda_l2_norm: 1.376634618583e+01
------------------------------------------------------------------------------------------------------------------------
Bus Results
BusID	V_R		V_I		Vmag		Pg		Qg		Pl		Ql
1	1.001096	-0.000003	1.001091	0.000000	0.091001	0.000000	0.000000
2	0.992499	-0.000992	0.992487	0.000000	0.002297	0.217000	0.127000
3	0.982456	0.002830	0.982450	0.884046	0.095313	0.942000	0.190000
4	0.984797	0.014759	0.984898	0.000000	0.000000	0.478000	-0.039000
5	0.989319	0.016389	0.989451	0.000000	0.000000	0.076000	0.016000
6	0.967144	0.082815	0.970676	0.768419	0.174475	0.112000	0.075000
7	0.950090	0.111522	0.956619	0.000000	0.000000	0.000000	0.000000
8	0.940228	0.283918	0.982152	0.935549	0.225001	0.000000	0.000000
9	0.937539	0.055800	0.939218	0.000000	0.000000	0.295000	0.166000
10	0.934739	0.054315	0.936315	0.000000	0.000000	0.090000	0.058000
11	0.946983	0.065579	0.949259	0.000000	0.000000	0.035000	0.018000
12	0.951184	0.063295	0.953281	0.000000	0.000000	0.061000	0.016000
13	0.944554	0.060717	0.946506	0.000000	0.000000	0.135000	0.058000
14	0.921454	0.036639	0.922141	0.000000	0.000000	0.149000	0.050000

Branch Results
LineID	From	To	Pik		Pki		Qik		Qki		LossP		LossQ
1	1	2	0.057897	-0.058017	0.073541	-0.177297	-0.000120	-0.103755
2	1	5	-0.057656	0.057575	0.017463	-0.113227	-0.000080	-0.095764
3	2	3	-0.007027	0.006640	0.008835	-0.093728	-0.000386	-0.084893
4	2	4	-0.067276	0.067338	0.032027	-0.096984	0.000062	-0.064957
5	2	5	-0.084441	0.084471	0.011739	-0.078095	0.000030	-0.066356
6	3	4	-0.064295	0.064091	-0.000934	-0.023140	-0.000204	-0.024074
7	4	5	-0.064050	0.063759	-0.086136	0.086596	-0.000291	0.000461
8	4	7	-0.468663	0.468233	0.160113	-0.108594	-0.000430	0.051519
9	4	9	-0.076505	0.076111	0.085192	-0.078097	-0.000394	0.007095
10	5	6	-0.281557	0.281029	0.088739	-0.067979	-0.000528	0.020760
11	6	11	0.102039	-0.101163	0.056267	-0.053569	0.000876	0.002699
12	6	12	0.081510	-0.081097	0.027282	-0.025403	0.000413	0.001879
13	6	13	0.192113	-0.189559	0.083995	-0.078063	0.002554	0.005932
14	7	8	-0.936372	0.935852	-0.056058	0.225122	-0.000521	0.169064
15	7	9	0.468345	-0.468699	0.164779	-0.135370	-0.000353	0.029409
16	9	10	0.023213	-0.023544	0.023130	-0.023244	-0.000330	-0.000113
17	9	14	0.074543	-0.074003	0.024478	-0.022784	0.000540	0.001694
18	10	11	-0.066271	0.066395	-0.034648	0.035665	0.000123	0.001017
19	12	13	0.020387	-0.020802	0.009451	-0.009441	-0.000414	0.000010
20	13	14	0.075617	-0.074805	0.029591	-0.027139	0.000812	0.002452

Summary
Total Pg           : 2.588014
Total Qg           : 0.588087
Total Load P       : 2.590000
Total Load Q       : 0.735000
Total Active Loss  : 0.001359
Total Reactive Loss: -0.145920
Total Load Supplied: 99.870874%

========================================================================================================================
Update time: 2026-06-09 23:36:30
Iteration: 114
rho: 120
alpha: 0.040258188
objective_value: 4.85432450818
feasible: False
max_abs_h: 1.353378974866e-03
l2_norm_h: 2.316211448177e-03
lambda_inf_norm: 1.935345483314e+00
lambda_l2_norm: 1.376643194607e+01
------------------------------------------------------------------------------------------------------------------------
Bus Results
BusID	V_R		V_I		Vmag		Pg		Qg		Pl		Ql
1	1.001353	0.000082	1.001346	0.000000	0.086405	0.000000	0.000000
2	0.992930	-0.000985	0.992917	0.000000	0.000824	0.217000	0.127000
3	0.983238	0.002418	0.983230	0.880348	0.098574	0.942000	0.190000
4	0.985503	0.014791	0.985605	0.000000	0.000000	0.478000	-0.039000
5	0.989942	0.016470	0.990077	0.000000	0.000000	0.076000	0.016000
6	0.967818	0.083258	0.971385	0.770062	0.173708	0.112000	0.075000
7	0.951146	0.111841	0.957705	0.000000	0.000000	0.000000	0.000000
8	0.941705	0.284474	0.983727	0.937609	0.228095	0.000000	0.000000
9	0.938512	0.056124	0.940208	0.000000	0.000000	0.295000	0.166000
10	0.935678	0.054661	0.937274	0.000000	0.000000	0.090000	0.058000
11	0.947804	0.065970	0.950103	0.000000	0.000000	0.035000	0.018000
12	0.951916	0.063748	0.954042	0.000000	0.000000	0.061000	0.016000
13	0.945309	0.061155	0.947288	0.000000	0.000000	0.135000	0.058000
14	0.922379	0.037027	0.923080	0.000000	0.000000	0.149000	0.050000

Branch Results
LineID	From	To	Pik		Pki		Qik		Qki		LossP		LossQ
1	1	2	0.058232	-0.058323	0.070511	-0.174381	-0.000091	-0.103869
2	1	5	-0.058014	0.057958	0.015899	-0.111785	-0.000056	-0.095885
3	2	3	-0.005419	0.005042	0.006683	-0.091727	-0.000377	-0.085044
4	2	4	-0.067873	0.067965	0.030669	-0.095723	0.000092	-0.065054
5	2	5	-0.085161	0.085222	0.010863	-0.077287	0.000061	-0.066424
6	3	4	-0.066403	0.066237	0.000324	-0.024380	-0.000165	-0.024056
7	4	5	-0.064576	0.064318	-0.084114	0.084555	-0.000258	0.000442
8	4	7	-0.470356	0.469929	0.158513	-0.106858	-0.000427	0.051655
9	4	9	-0.077076	0.076690	0.084754	-0.077702	-0.000386	0.007052
10	5	6	-0.283264	0.282751	0.088536	-0.067592	-0.000513	0.020944
11	6	11	0.102075	-0.101215	0.055652	-0.052998	0.000859	0.002653
12	6	12	0.081457	-0.081063	0.027151	-0.025302	0.000394	0.001849
13	6	13	0.192046	-0.189526	0.083600	-0.077723	0.002520	0.005876
14	7	8	-0.938437	0.937915	-0.058748	0.228219	-0.000522	0.169471
15	7	9	0.468715	-0.469090	0.165746	-0.136369	-0.000375	0.029377
16	9	10	0.023105	-0.023457	0.023538	-0.023706	-0.000352	-0.000168
17	9	14	0.074474	-0.073964	0.024707	-0.023084	0.000510	0.001624
18	10	11	-0.066349	0.066447	-0.034160	0.035119	0.000098	0.000959
19	12	13	0.020371	-0.020813	0.009363	-0.009379	-0.000443	-0.000015
20	13	14	0.075608	-0.074833	0.029204	-0.026810	0.000775	0.002394

Summary
Total Pg           : 2.588019
Total Qg           : 0.587605
Total Load P       : 2.590000
Total Load Q       : 0.735000
Total Active Loss  : 0.001344
Total Reactive Loss: -0.146222
Total Load Supplied: 99.871651%

========================================================================================================================
Update time: 2026-06-09 23:40:29
Iteration: 115
rho: 120
alpha: 0.040258188
objective_value: 4.85497357205
feasible: False
max_abs_h: 1.235253002018e-03
l2_norm_h: 2.253185326691e-03
lambda_inf_norm: 1.935353631048e+00
lambda_l2_norm: 1.376649768265e+01
------------------------------------------------------------------------------------------------------------------------
Bus Results
BusID	V_R		V_I		Vmag		Pg		Qg		Pl		Ql
1	1.001235	-0.000103	1.001247	0.000000	0.081356	0.000000	0.000000
2	0.992979	-0.001246	0.992978	0.000000	-0.001625	0.217000	0.127000
3	0.983491	0.001789	0.983484	0.876769	0.099202	0.942000	0.190000
4	0.986021	0.014479	0.986126	0.000000	0.000000	0.478000	-0.039000
5	0.990304	0.016246	0.990453	0.000000	0.000000	0.076000	0.016000
6	0.968019	0.083490	0.971597	0.771999	0.170703	0.112000	0.075000
7	0.952799	0.111809	0.959343	0.000000	0.000000	0.000000	0.000000
8	0.945044	0.284718	0.986976	0.939696	0.237550	0.000000	0.000000
9	0.939675	0.056061	0.941360	0.000000	0.000000	0.295000	0.166000
10	0.936649	0.054651	0.938212	0.000000	0.000000	0.090000	0.058000
11	0.948374	0.066070	0.950683	0.000000	0.000000	0.035000	0.018000
12	0.952183	0.063984	0.954332	0.000000	0.000000	0.061000	0.016000
13	0.945639	0.061349	0.947643	0.000000	0.000000	0.135000	0.058000
14	0.923189	0.037090	0.923898	0.000000	0.000000	0.149000	0.050000

Branch Results
LineID	From	To	Pik		Pki		Qik		Qki		LossP		LossQ
1	1	2	0.058582	-0.058693	0.067544	-0.171480	-0.000111	-0.103935
2	1	5	-0.058362	0.058278	0.013820	-0.109881	-0.000084	-0.096062
3	2	3	-0.003888	0.003525	0.005331	-0.090372	-0.000363	-0.085041
4	2	4	-0.068391	0.068504	0.028228	-0.093482	0.000113	-0.065254
5	2	5	-0.085850	0.085958	0.009317	-0.075867	0.000108	-0.066550
6	3	4	-0.068495	0.068420	-0.000379	-0.023788	-0.000074	-0.024166
7	4	5	-0.065495	0.065264	-0.080329	0.080594	-0.000231	0.000265
8	4	7	-0.471775	0.471432	0.153170	-0.101819	-0.000343	0.051351
9	4	9	-0.077497	0.077118	0.083551	-0.076644	-0.000379	0.006907
10	5	6	-0.285250	0.284750	0.089232	-0.068024	-0.000500	0.021208
11	6	11	0.102098	-0.101202	0.054012	-0.051272	0.000896	0.002740
12	6	12	0.081376	-0.081005	0.026961	-0.025139	0.000371	0.001822
13	6	13	0.192026	-0.189461	0.082845	-0.076867	0.002566	0.005978
14	7	8	-0.940538	0.939938	-0.068004	0.237675	-0.000600	0.169671
15	7	9	0.469313	-0.469696	0.170080	-0.140704	-0.000383	0.029376
16	9	10	0.023166	-0.023540	0.025615	-0.025703	-0.000374	-0.000088
17	9	14	0.074598	-0.074065	0.025905	-0.024248	0.000532	0.001658
18	10	11	-0.066268	0.066401	-0.032263	0.033326	0.000132	0.001063
19	12	13	0.020299	-0.020773	0.009188	-0.009110	-0.000474	0.000077
20	13	14	0.075503	-0.074732	0.028044	-0.025649	0.000770	0.002395

Summary
Total Pg           : 2.588464
Total Qg           : 0.587186
Total Load P       : 2.590000
Total Load Q       : 0.735000
Total Active Loss  : 0.001573
Total Reactive Loss: -0.146584
Total Load Supplied: 99.879963%

========================================================================================================================
Update time: 2026-06-09 23:44:25
Iteration: 116
rho: 120
alpha: 0.032206551
objective_value: 4.85772807318
feasible: False
max_abs_h: 1.625498190291e-03
l2_norm_h: 3.088974532215e-03
lambda_inf_norm: 1.935373446093e+00
lambda_l2_norm: 1.376655765040e+01
------------------------------------------------------------------------------------------------------------------------
Bus Results
BusID	V_R		V_I		Vmag		Pg		Qg		Pl		Ql
1	0.998375	-0.000275	0.998400	0.000000	0.070227	0.000000	0.000000
2	0.990293	-0.001439	0.990326	0.000000	-0.009099	0.217000	0.127000
3	0.979817	0.002039	0.979862	0.877858	0.082182	0.942000	0.190000
4	0.984604	0.013950	0.984707	0.000000	0.000000	0.478000	-0.039000
5	0.989237	0.015650	0.989416	0.000000	0.000000	0.076000	0.016000
6	0.973148	0.083482	0.976676	0.776916	0.213329	0.112000	0.075000
7	0.953349	0.111402	0.959838	0.000000	0.000000	0.000000	0.000000
8	0.946520	0.283457	0.988051	0.935143	0.240000	0.000000	0.000000
9	0.940790	0.056345	0.942493	0.000000	0.000000	0.295000	0.166000
10	0.938420	0.055009	0.940025	0.000000	0.000000	0.090000	0.058000
11	0.951707	0.066383	0.953991	0.000000	0.000000	0.035000	0.018000
12	0.956847	0.064117	0.958955	0.000000	0.000000	0.061000	0.016000
13	0.950114	0.061615	0.952091	0.000000	0.000000	0.135000	0.058000
14	0.925775	0.037654	0.926526	0.000000	0.000000	0.149000	0.050000

Branch Results
LineID	From	To	Pik		Pki		Qik		Qki		LossP		LossQ
1	1	2	0.057896	-0.057742	0.064599	-0.168250	0.000154	-0.103651
2	1	5	-0.057918	0.058138	0.005839	-0.101631	0.000220	-0.095791
3	2	3	-0.004719	0.004695	0.010429	-0.094979	-0.000024	-0.084550
4	2	4	-0.068425	0.068860	0.021226	-0.086146	0.000436	-0.064921
5	2	5	-0.086154	0.086618	0.000463	-0.066552	0.000465	-0.066090
6	3	4	-0.068587	0.068839	-0.012866	-0.010675	0.000252	-0.023541
7	4	5	-0.066176	0.066248	-0.087804	0.088543	0.000072	0.000739
8	4	7	-0.471151	0.471133	0.144056	-0.092715	-0.000018	0.051341
9	4	9	-0.078488	0.078078	0.079378	-0.072081	-0.000410	0.007297
10	5	6	-0.286931	0.286508	0.063519	-0.042298	-0.000423	0.021222
11	6	11	0.103900	-0.103176	0.062622	-0.058859	0.000723	0.003762
12	6	12	0.081978	-0.081527	0.029331	-0.026520	0.000451	0.002811
13	6	13	0.192883	-0.190539	0.088297	-0.081459	0.002344	0.006838
14	7	8	-0.935613	0.935441	-0.071845	0.240100	-0.000173	0.168255
15	7	9	0.464541	-0.464550	0.164566	-0.135707	-0.000010	0.028860
16	9	10	0.020319	-0.021025	0.019605	-0.019319	-0.000706	0.000285
17	9	14	0.071516	-0.072071	0.022161	-0.020293	-0.000555	0.001868
18	10	11	-0.068596	0.068567	-0.038759	0.040496	-0.000029	0.001737
19	12	13	0.020705	-0.021016	0.010304	-0.009712	-0.000311	0.000592
20	13	14	0.076868	-0.076437	0.032969	-0.029871	0.000432	0.003098

Summary
Total Pg           : 2.589918
Total Qg           : 0.596640
Total Load P       : 2.590000
Total Load Q       : 0.735000
Total Active Loss  : 0.002891
Total Reactive Loss: -0.139837
Total Load Supplied: 99.885216%

========================================================================================================================
Update time: 2026-06-09 23:48:25
Iteration: 117
rho: 120
alpha: 0.02576524
objective_value: 4.8584773077
feasible: False
max_abs_h: 1.717719227116e-03
l2_norm_h: 3.581628753123e-03
lambda_inf_norm: 1.935373004756e+00
lambda_l2_norm: 1.376660228065e+01
------------------------------------------------------------------------------------------------------------------------
Bus Results
BusID	V_R		V_I		Vmag		Pg		Qg		Pl		Ql
1	0.998282	-0.000268	0.998279	0.000000	0.000000	0.000000	0.000000
2	0.993103	-0.002380	0.993078	0.000000	0.017509	0.217000	0.127000
3	0.983690	0.000336	0.983642	0.872390	0.086173	0.942000	0.190000
4	0.988754	0.012610	0.988795	0.000000	0.000000	0.478000	-0.039000
5	0.993235	0.014388	0.993309	0.000000	0.000000	0.076000	0.016000
6	0.981698	0.081925	0.985034	0.781648	0.240000	0.112000	0.075000
7	0.958937	0.109842	0.965178	0.000000	0.000000	0.000000	0.000000
8	0.952712	0.281227	0.993307	0.936431	0.240000	0.000000	0.000000
9	0.946787	0.055040	0.948357	0.000000	0.000000	0.295000	0.166000
10	0.944841	0.053669	0.946305	0.000000	0.000000	0.090000	0.058000
11	0.959165	0.064924	0.961314	0.000000	0.000000	0.035000	0.018000
12	0.965169	0.062691	0.967135	0.000000	0.000000	0.061000	0.016000
13	0.958249	0.060213	0.960086	0.000000	0.000000	0.135000	0.058000
14	0.932594	0.036277	0.933171	0.000000	0.000000	0.149000	0.050000

Branch Results
LineID	From	To	Pik		Pki		Qik		Qki		LossP		LossQ
1	1	2	0.057642	-0.058222	0.014975	-0.120722	-0.000580	-0.105746
2	1	5	-0.057248	0.056779	-0.013732	-0.084244	-0.000468	-0.097976
3	2	3	-0.002465	0.002034	0.004361	-0.089890	-0.000431	-0.085528
4	2	4	-0.069068	0.069081	0.013603	-0.079562	0.000013	-0.065959
5	2	5	-0.086922	0.086865	-0.006476	-0.060818	-0.000057	-0.067294
6	3	4	-0.071388	0.071321	-0.013814	-0.010480	-0.000067	-0.024294
7	4	5	-0.067280	0.067097	-0.084644	0.084749	-0.000182	0.000106
8	4	7	-0.472070	0.471706	0.138039	-0.087646	-0.000364	0.050392
9	4	9	-0.078936	0.078826	0.075853	-0.069343	-0.000110	0.006509
10	5	6	-0.286548	0.286059	0.044549	-0.024477	-0.000489	0.020073
11	6	11	0.106443	-0.105291	0.067477	-0.063678	0.001152	0.003799
12	6	12	0.082547	-0.082066	0.030107	-0.027315	0.000481	0.002792
13	6	13	0.194847	-0.192242	0.091548	-0.084625	0.002605	0.006923
14	7	8	-0.937110	0.936706	-0.072958	0.239970	-0.000404	0.167012
15	7	9	0.465530	-0.465664	0.160603	-0.131904	-0.000134	0.028700
16	9	10	0.019806	-0.019912	0.015432	-0.014936	-0.000106	0.000496
17	9	14	0.072066	-0.071311	0.019751	-0.017673	0.000755	0.002077
18	10	11	-0.070033	0.070453	-0.043389	0.045431	0.000420	0.002042
19	12	13	0.021247	-0.021422	0.010913	-0.009998	-0.000175	0.000914
20	13	14	0.078855	-0.077703	0.036313	-0.032700	0.001152	0.003613

Summary
Total Pg           : 2.590469
Total Qg           : 0.583683
Total Load P       : 2.590000
Total Load Q       : 0.735000
Total Active Loss  : 0.003010
Total Reactive Loss: -0.151351
Total Load Supplied: 99.901894%

========================================================================================================================
Update time: 2026-06-09 23:52:22
Iteration: 118
rho: 120
alpha: 0.02576524
objective_value: 4.85484807238
feasible: False
max_abs_h: 4.237230341080e-04
l2_norm_h: 1.769801579490e-03
lambda_inf_norm: 1.935377099221e+00
lambda_l2_norm: 1.376664340163e+01
------------------------------------------------------------------------------------------------------------------------
Bus Results
BusID	V_R		V_I		Vmag		Pg		Qg		Pl		Ql
1	1.000424	0.000330	1.000402	0.000000	0.001775	0.000000	0.000000
2	0.995304	-0.001806	0.995278	0.000000	0.018342	0.217000	0.127000
3	0.986089	0.000493	0.986066	0.867974	0.089302	0.942000	0.190000
4	0.991017	0.013316	0.991083	0.000000	0.000000	0.478000	-0.039000
5	0.995389	0.015129	0.995488	0.000000	0.000000	0.076000	0.016000
6	0.983311	0.082976	0.986789	0.782073	0.230509	0.112000	0.075000
7	0.961388	0.110765	0.967742	0.000000	0.000000	0.000000	0.000000
8	0.955081	0.282111	0.995856	0.938596	0.240000	0.000000	0.000000
9	0.949357	0.056075	0.951018	0.000000	0.000000	0.295000	0.166000
10	0.947395	0.054705	0.948956	0.000000	0.000000	0.090000	0.058000
11	0.961375	0.065944	0.963628	0.000000	0.000000	0.035000	0.018000
12	0.967186	0.063712	0.969264	0.000000	0.000000	0.061000	0.016000
13	0.960305	0.061229	0.962244	0.000000	0.000000	0.135000	0.058000
14	0.935222	0.037345	0.935910	0.000000	0.000000	0.149000	0.050000

Branch Results
LineID	From	To	Pik		Pki		Qik		Qki		LossP		LossQ
1	1	2	0.057989	-0.058285	0.014635	-0.119371	-0.000296	-0.104736
2	1	5	-0.057772	0.057572	-0.012807	-0.084227	-0.000200	-0.097035
3	2	3	-0.000679	0.000293	0.003048	-0.088648	-0.000386	-0.085600
4	2	4	-0.069953	0.069951	0.013606	-0.079476	-0.000003	-0.065870
5	2	5	-0.087869	0.087909	-0.005917	-0.061194	0.000040	-0.067111
6	3	4	-0.074026	0.073929	-0.012021	-0.012078	-0.000098	-0.024099
7	4	5	-0.067514	0.067257	-0.082165	0.082640	-0.000256	0.000475
8	4	7	-0.474315	0.473930	0.137211	-0.086599	-0.000385	0.050612
9	4	9	-0.079861	0.079493	0.075527	-0.069031	-0.000368	0.006496
10	5	6	-0.288512	0.288003	0.046784	-0.026615	-0.000509	0.020169
11	6	11	0.105768	-0.104751	0.064899	-0.061798	0.001017	0.003102
12	6	12	0.082282	-0.081847	0.028554	-0.026531	0.000436	0.002023
13	6	13	0.194286	-0.191683	0.088710	-0.082602	0.002603	0.006109
14	7	8	-0.939411	0.938905	-0.073420	0.240130	-0.000506	0.166710
15	7	9	0.465674	-0.466014	0.160130	-0.131796	-0.000340	0.028333
16	9	10	0.019760	-0.020081	0.015386	-0.015451	-0.000322	-0.000065
17	9	14	0.071923	-0.071448	0.019543	-0.017959	0.000475	0.001584
18	10	11	-0.069737	0.069969	-0.042490	0.043828	0.000231	0.001339
19	12	13	0.021111	-0.021463	0.010485	-0.010283	-0.000352	0.000202
20	13	14	0.078369	-0.077393	0.034883	-0.032046	0.000976	0.002837

Summary
Total Pg           : 2.588643
Total Qg           : 0.579927
Total Load P       : 2.590000
Total Load Q       : 0.735000
Total Active Loss  : 0.001759
Total Reactive Loss: -0.154525
Total Load Supplied: 99.879694%

========================================================================================================================
Update time: 2026-06-09 23:56:21
Iteration: 119
rho: 120
alpha: 0.020612192
objective_value: 4.86370227463
feasible: False
max_abs_h: 3.253699583686e-03
l2_norm_h: 4.632245291024e-03
lambda_inf_norm: 1.935374716848e+00
lambda_l2_norm: 1.376666991638e+01
------------------------------------------------------------------------------------------------------------------------
Bus Results
BusID	V_R		V_I		Vmag		Pg		Qg		Pl		Ql
1	0.996746	0.000991	0.996763	0.000000	0.000000	0.000000	0.000000
2	0.991779	-0.001271	0.991786	0.000000	0.028003	0.217000	0.127000
3	0.982516	0.000486	0.982523	0.862436	0.094575	0.942000	0.190000
4	0.986910	0.014232	0.987030	0.000000	0.000000	0.478000	-0.039000
5	0.991435	0.016190	0.991604	0.000000	0.000000	0.076000	0.016000
6	0.979028	0.085952	0.982818	0.794344	0.240000	0.112000	0.075000
7	0.955675	0.112167	0.962305	0.000000	0.000000	0.000000	0.000000
8	0.948542	0.284121	0.990203	0.936765	0.240000	0.000000	0.000000
9	0.943553	0.057392	0.945372	0.000000	0.000000	0.295000	0.166000
10	0.941613	0.056222	0.943334	0.000000	0.000000	0.090000	0.058000
11	0.956108	0.068174	0.958554	0.000000	0.000000	0.035000	0.018000
12	0.962598	0.066657	0.964965	0.000000	0.000000	0.061000	0.016000
13	0.955539	0.063992	0.957736	0.000000	0.000000	0.135000	0.058000
14	0.929504	0.039127	0.930268	0.000000	0.000000	0.149000	0.050000

Branch Results
LineID	From	To	Pik		Pki		Qik		Qki		LossP		LossQ
1	1	2	0.058983	-0.059041	0.011650	-0.116000	-0.000058	-0.104350
2	1	5	-0.058851	0.058841	-0.011327	-0.084943	-0.000010	-0.096270
3	2	3	0.002194	-0.002180	0.002769	-0.087757	0.000014	-0.084988
4	2	4	-0.070598	0.070982	0.017184	-0.082537	0.000384	-0.065353
5	2	5	-0.089503	0.089677	-0.002808	-0.063584	0.000174	-0.066391
6	3	4	-0.077174	0.077239	-0.007542	-0.016321	0.000064	-0.023862
7	4	5	-0.071105	0.071087	-0.084393	0.084763	-0.000018	0.000371
8	4	7	-0.474871	0.474597	0.143829	-0.091693	-0.000274	0.052136
9	4	9	-0.080157	0.080266	0.078359	-0.070825	0.000109	0.007534
10	5	6	-0.295433	0.295014	0.047742	-0.025764	-0.000419	0.021978
11	6	11	0.109757	-0.108490	0.068422	-0.063979	0.001268	0.004443
12	6	12	0.082174	-0.082067	0.030024	-0.027264	0.000107	0.002761
13	6	13	0.195710	-0.193134	0.091866	-0.084793	0.002576	0.007073
14	7	8	-0.937756	0.937021	-0.070292	0.239462	-0.000735	0.169170
15	7	9	0.463335	-0.463594	0.161590	-0.132078	-0.000258	0.029511
16	9	10	0.017919	-0.017532	0.016110	-0.015411	0.000387	0.000699
17	9	14	0.070302	-0.069330	0.020433	-0.017858	0.000971	0.002575
18	10	11	-0.072691	0.073441	-0.043002	0.045448	0.000750	0.002446
19	12	13	0.021648	-0.022383	0.010883	-0.009917	-0.000735	0.000966
20	13	14	0.080843	-0.079762	0.036377	-0.032675	0.001081	0.003703

Summary
Total Pg           : 2.593545
Total Qg           : 0.602579
Total Load P       : 2.590000
Total Load Q       : 0.735000
Total Active Loss  : 0.005377
Total Reactive Loss: -0.135847
Total Load Supplied: 99.929250%

========================================================================================================================
Update time: 2026-06-10 00:00:18
Iteration: 120
rho: 120
alpha: 0.020612192
objective_value: 4.85766136788
feasible: False
max_abs_h: 3.079163756221e-04
l2_norm_h: 1.522057551343e-03
lambda_inf_norm: 1.935377270364e+00
lambda_l2_norm: 1.376669871543e+01
------------------------------------------------------------------------------------------------------------------------
Bus Results
BusID	V_R		V_I		Vmag		Pg		Qg		Pl		Ql
1	0.999800	0.000167	0.999771	0.000000	0.000733	0.000000	0.000000
2	0.994819	-0.002111	0.994788	0.000000	0.026815	0.217000	0.127000
3	0.985583	-0.000799	0.985554	0.857241	0.095616	0.942000	0.190000
4	0.990050	0.013425	0.990111	0.000000	0.000000	0.478000	-0.039000
5	0.994468	0.015406	0.994565	0.000000	0.000000	0.076000	0.016000
6	0.981246	0.085141	0.984913	0.793809	0.227020	0.112000	0.075000
7	0.959246	0.111484	0.965689	0.000000	0.000000	0.000000	0.000000
8	0.952022	0.283247	0.993243	0.939396	0.237063	0.000000	0.000000
9	0.947190	0.056878	0.948895	0.000000	0.000000	0.295000	0.166000
10	0.945191	0.055717	0.946810	0.000000	0.000000	0.090000	0.058000
11	0.959198	0.067505	0.961560	0.000000	0.000000	0.035000	0.018000
12	0.965102	0.065725	0.967318	0.000000	0.000000	0.061000	0.016000
13	0.958178	0.063133	0.960244	0.000000	0.000000	0.135000	0.058000
14	0.933004	0.038553	0.933739	0.000000	0.000000	0.149000	0.050000

Branch Results
LineID	From	To	Pik		Pki		Qik		Qki		LossP		LossQ
1	1	2	0.059451	-0.059684	0.011819	-0.116414	-0.000233	-0.104595
2	1	5	-0.059263	0.059148	-0.011039	-0.085713	-0.000114	-0.096753
3	2	3	0.004084	-0.004424	0.002049	-0.087538	-0.000340	-0.085489
4	2	4	-0.071162	0.071273	0.016806	-0.082442	0.000112	-0.065636
5	2	5	-0.090053	0.090190	-0.002612	-0.064243	0.000137	-0.066854
6	3	4	-0.080058	0.080090	-0.006836	-0.016999	0.000032	-0.023835
7	4	5	-0.071306	0.071145	-0.081955	0.082524	-0.000161	0.000569
8	4	7	-0.476869	0.476544	0.142712	-0.091044	-0.000325	0.051668
9	4	9	-0.081043	0.080768	0.077671	-0.070738	-0.000274	0.006934
10	5	6	-0.296297	0.295845	0.051399	-0.029930	-0.000452	0.021469
11	6	11	0.108142	-0.107025	0.064589	-0.061274	0.001117	0.003315
12	6	12	0.082577	-0.082128	0.028598	-0.026491	0.000449	0.002107
13	6	13	0.195503	-0.192846	0.088767	-0.082497	0.002657	0.006270
14	7	8	-0.940173	0.939704	-0.069396	0.237138	-0.000469	0.167741
15	7	9	0.463795	-0.464057	0.160465	-0.132038	-0.000261	0.028427
16	9	10	0.017759	-0.017995	0.016489	-0.016366	-0.000236	0.000123
17	9	14	0.070647	-0.070112	0.020293	-0.018563	0.000535	0.001730
18	10	11	-0.071876	0.072213	-0.041671	0.043234	0.000336	0.001562
19	12	13	0.021397	-0.021749	0.010409	-0.010119	-0.000352	0.000290
20	13	14	0.079818	-0.078764	0.034567	-0.031523	0.001054	0.003044

Summary
Total Pg           : 2.590446
Total Qg           : 0.587248
Total Load P       : 2.590000
Total Load Q       : 0.735000
Total Active Loss  : 0.003211
Total Reactive Loss: -0.147913
Total Load Supplied: 99.893249%

========================================================================================================================
Update time: 2026-06-10 00:04:15
Iteration: 121
rho: 120
alpha: 0.016489754
objective_value: 4.8473717515
feasible: False
max_abs_h: 1.447061003189e-03
l2_norm_h: 3.166827654536e-03
lambda_inf_norm: 1.935382234751e+00
lambda_l2_norm: 1.376674285528e+01
------------------------------------------------------------------------------------------------------------------------
Bus Results
BusID	V_R		V_I		Vmag		Pg		Qg		Pl		Ql
1	0.998553	0.000931	0.998547	0.000000	0.005684	0.000000	0.000000
2	0.993395	-0.001367	0.993496	0.000000	0.027187	0.217000	0.127000
3	0.984208	-0.000675	0.984229	0.850580	0.099802	0.942000	0.190000
4	0.988369	0.014384	0.988487	0.000000	0.000000	0.478000	-0.039000
5	0.992751	0.016416	0.992918	0.000000	0.000000	0.076000	0.016000
6	0.978522	0.086503	0.982293	0.793570	0.218074	0.112000	0.075000
7	0.956995	0.112936	0.963701	0.000000	0.000000	0.000000	0.000000
8	0.949099	0.285325	0.991083	0.940962	0.236545	0.000000	0.000000
9	0.945075	0.058119	0.946886	0.000000	0.000000	0.295000	0.166000
10	0.943028	0.056920	0.944777	0.000000	0.000000	0.090000	0.058000
11	0.956831	0.068741	0.959394	0.000000	0.000000	0.035000	0.018000
12	0.962666	0.066932	0.965014	0.000000	0.000000	0.061000	0.016000
13	0.955784	0.064372	0.958001	0.000000	0.000000	0.135000	0.058000
14	0.930944	0.039699	0.931772	0.000000	0.000000	0.149000	0.050000

Branch Results
LineID	From	To	Pik		Pki		Qik		Qki		LossP		LossQ
1	1	2	0.060335	-0.060921	0.014577	-0.118807	-0.000586	-0.104229
2	1	5	-0.059959	0.059542	-0.008858	-0.087481	-0.000416	-0.096339
3	2	3	0.006961	-0.007443	0.001200	-0.086424	-0.000482	-0.085225
4	2	4	-0.071879	0.071673	0.018453	-0.083699	-0.000206	-0.065246
5	2	5	-0.090830	0.090855	-0.000637	-0.065673	0.000025	-0.066310
6	3	4	-0.083626	0.083383	-0.003742	-0.019974	-0.000243	-0.023716
7	4	5	-0.072123	0.071635	-0.080580	0.081448	-0.000488	0.000867
8	4	7	-0.478784	0.477934	0.144749	-0.092362	-0.000850	0.052387
9	4	9	-0.081772	0.081158	0.078341	-0.071269	-0.000614	0.007071
10	5	6	-0.297650	0.296807	0.055509	-0.033490	-0.000843	0.022019
11	6	11	0.107518	-0.106564	0.062791	-0.059929	0.000954	0.002863
12	6	12	0.082828	-0.081890	0.027514	-0.025760	0.000938	0.001754
13	6	13	0.194669	-0.192254	0.086271	-0.080519	0.002416	0.005752
14	7	8	-0.941949	0.941299	-0.067612	0.236641	-0.000649	0.169029
15	7	9	0.464374	-0.464901	0.160035	-0.131419	-0.000528	0.028616
16	9	10	0.018324	-0.018437	0.016768	-0.016893	-0.000113	-0.000125
17	9	14	0.070631	-0.070168	0.019967	-0.018608	0.000463	0.001359
18	10	11	-0.071414	0.071724	-0.040972	0.042107	0.000310	0.001134
19	12	13	0.021158	-0.021748	0.010054	-0.010490	-0.000590	-0.000436
20	13	14	0.079373	-0.078591	0.033322	-0.031141	0.000782	0.002181

Summary
Total Pg           : 2.585112
Total Qg           : 0.587293
Total Load P       : 2.590000
Total Load Q       : 0.735000
Total Active Loss  : -0.000722
Total Reactive Loss: -0.146594
Total Load Supplied: 99.839126%

========================================================================================================================
Update time: 2026-06-10 00:08:14
Iteration: 122
rho: 120
alpha: 0.013191803
objective_value: 4.86086660659
feasible: False
max_abs_h: 5.251652680982e-03
l2_norm_h: 5.750558195306e-03
lambda_inf_norm: 1.935384199153e+00
lambda_l2_norm: 1.376676307426e+01
------------------------------------------------------------------------------------------------------------------------
Bus Results
BusID	V_R		V_I		Vmag		Pg		Qg		Pl		Ql
1	0.994748	0.000966	0.994781	0.000000	0.007773	0.000000	0.000000
2	0.989551	-0.001254	0.989580	0.000000	0.030273	0.217000	0.127000
3	0.980274	0.000059	0.980293	0.856846	0.099128	0.942000	0.190000
4	0.984299	0.014643	0.984422	0.000000	0.000000	0.478000	-0.039000
5	0.988713	0.016574	0.988889	0.000000	0.000000	0.076000	0.016000
6	0.974118	0.086763	0.978004	0.790927	0.217932	0.112000	0.075000
7	0.952497	0.113789	0.959334	0.000000	0.000000	0.000000	0.000000
8	0.944268	0.287520	0.987092	0.944393	0.239131	0.000000	0.000000
9	0.940507	0.058562	0.942407	0.000000	0.000000	0.295000	0.166000
10	0.938404	0.057355	0.940178	0.000000	0.000000	0.090000	0.058000
11	0.952278	0.069118	0.954806	0.000000	0.000000	0.035000	0.018000
12	0.958218	0.067246	0.960583	0.000000	0.000000	0.061000	0.016000
13	0.951196	0.064633	0.953443	0.000000	0.000000	0.135000	0.058000
14	0.926128	0.039942	0.926885	0.000000	0.000000	0.149000	0.050000

Branch Results
LineID	From	To	Pik		Pki		Qik		Qki		LossP		LossQ
1	1	2	0.059530	-0.059314	0.015357	-0.119435	0.000216	-0.104078
2	1	5	-0.059565	0.059953	-0.007493	-0.088186	0.000387	-0.095679
3	2	3	0.004240	-0.004391	0.002204	-0.086937	-0.000151	-0.084733
4	2	4	-0.071742	0.072068	0.019928	-0.084609	0.000326	-0.064681
5	2	5	-0.090178	0.090770	0.000544	-0.066538	0.000591	-0.065994
6	3	4	-0.080511	0.080715	-0.003935	-0.019434	0.000204	-0.023368
7	4	5	-0.069588	0.069659	-0.081828	0.082373	0.000071	0.000545
8	4	7	-0.479694	0.479314	0.146050	-0.093033	-0.000380	0.053017
9	4	9	-0.081553	0.081291	0.078773	-0.071766	-0.000262	0.007008
10	5	6	-0.296381	0.296281	0.056384	-0.034818	-0.000100	0.021566
11	6	11	0.106954	-0.105988	0.063267	-0.060449	0.000965	0.002818
12	6	12	0.081850	-0.081751	0.027464	-0.025909	0.000099	0.001554
13	6	13	0.194270	-0.191853	0.087201	-0.081292	0.002417	0.005909
14	7	8	-0.944859	0.944697	-0.067709	0.239371	-0.000163	0.171662
15	7	9	0.465776	-0.465734	0.160832	-0.131934	0.000041	0.028898
16	9	10	0.018401	-0.018650	0.017369	-0.017114	-0.000249	0.000255
17	9	14	0.071206	-0.070623	0.020423	-0.018810	0.000583	0.001613
18	10	11	-0.071134	0.071212	-0.041012	0.042498	0.000078	0.001486
19	12	13	0.021216	-0.021999	0.010112	-0.010487	-0.000782	-0.000375
20	13	14	0.079296	-0.078258	0.034050	-0.031207	0.001038	0.002843

Summary
Total Pg           : 2.592166
Total Qg           : 0.594237
Total Load P       : 2.590000
Total Load Q       : 0.735000
Total Active Loss  : 0.004929
Total Reactive Loss: -0.139734
Total Load Supplied: 99.893341%

========================================================================================================================
Update time: 2026-06-10 00:12:14
Iteration: 123
rho: 120
alpha: 0.013191803
objective_value: 4.85852079972
feasible: False
max_abs_h: 1.488636660176e-03
l2_norm_h: 4.737248978770e-03
lambda_inf_norm: 1.935387656092e+00
lambda_l2_norm: 1.376678175244e+01
------------------------------------------------------------------------------------------------------------------------
Bus Results
BusID	V_R		V_I		Vmag		Pg		Qg		Pl		Ql
1	1.000027	0.000199	0.999973	0.000000	0.100000	0.000000	0.000000
2	0.990663	-0.000746	0.990633	0.000000	-0.019461	0.217000	0.127000
3	0.978485	0.000740	0.978482	0.849610	0.074879	0.942000	0.190000
4	0.984837	0.015369	0.984961	0.000000	0.000000	0.478000	-0.039000
5	0.989930	0.017049	0.990064	0.000000	0.000000	0.076000	0.016000
6	0.975791	0.087217	0.979717	0.792278	0.232722	0.112000	0.075000
7	0.952115	0.115265	0.959062	0.000000	0.000000	0.000000	0.000000
8	0.943118	0.289912	0.986689	0.949211	0.240000	0.000000	0.000000
9	0.940334	0.059854	0.942232	0.000000	0.000000	0.295000	0.166000
10	0.938407	0.058573	0.940242	0.000000	0.000000	0.090000	0.058000
11	0.952976	0.070063	0.955498	0.000000	0.000000	0.035000	0.018000
12	0.959151	0.067855	0.961480	0.000000	0.000000	0.061000	0.016000
13	0.952178	0.065309	0.954364	0.000000	0.000000	0.135000	0.058000
14	0.926203	0.041135	0.927108	0.000000	0.000000	0.149000	0.050000

Branch Results
LineID	From	To	Pik		Pki		Qik		Qki		LossP		LossQ
1	1	2	0.061096	-0.060870	0.086384	-0.187545	0.000226	-0.101161
2	1	5	-0.061051	0.061319	0.012127	-0.105689	0.000268	-0.093562
3	2	3	0.006468	-0.006829	0.016596	-0.100075	-0.000361	-0.083480
4	2	4	-0.072083	0.072170	0.023496	-0.087386	0.000087	-0.063890
5	2	5	-0.090397	0.090844	0.000427	-0.065351	0.000447	-0.064924
6	3	4	-0.085310	0.085109	-0.015276	-0.007643	-0.000201	-0.022918
7	4	5	-0.068534	0.068594	-0.097363	0.099238	0.000060	0.001875
8	4	7	-0.483854	0.483132	0.150549	-0.095515	-0.000722	0.055034
9	4	9	-0.082638	0.082553	0.080377	-0.072089	-0.000085	0.008287
10	5	6	-0.296634	0.296455	0.055009	-0.033144	-0.000179	0.021865
11	6	11	0.106511	-0.105720	0.068252	-0.065014	0.000791	0.003238
12	6	12	0.082488	-0.082050	0.030158	-0.028001	0.000438	0.002158
13	6	13	0.195128	-0.192296	0.092469	-0.086312	0.002832	0.006157
14	7	8	-0.950051	0.949542	-0.065283	0.239679	-0.000508	0.174396
15	7	9	0.467116	-0.467263	0.160376	-0.130533	-0.000147	0.029843
16	9	10	0.018517	-0.018813	0.015731	-0.014681	-0.000296	0.001050
17	9	14	0.071211	-0.070569	0.020333	-0.017489	0.000642	0.002844
18	10	11	-0.070943	0.071075	-0.043807	0.046447	0.000132	0.002640
19	12	13	0.021309	-0.021500	0.011264	-0.009524	-0.000191	0.001740
20	13	14	0.078977	-0.078169	0.037245	-0.033072	0.000808	0.004173

Summary
Total Pg           : 2.591100
Total Qg           : 0.628140
Total Load P       : 2.590000
Total Load Q       : 0.735000
Total Active Loss  : 0.004042
Total Reactive Loss: -0.114634
Total Load Supplied: 99.886395%

========================================================================================================================
Update time: 2026-06-10 00:16:11
Iteration: 124
rho: 120
alpha: 0.013191803
objective_value: 4.85593877034
feasible: False
max_abs_h: 9.789906757571e-04
l2_norm_h: 1.908513820603e-03
lambda_inf_norm: 1.935389950241e+00
lambda_l2_norm: 1.376680226326e+01
------------------------------------------------------------------------------------------------------------------------
Bus Results
BusID	V_R		V_I		Vmag		Pg		Qg		Pl		Ql
1	1.000979	0.000042	1.000968	0.000000	0.090899	0.000000	0.000000
2	0.991793	-0.000993	0.991775	0.000000	-0.025557	0.217000	0.127000
3	0.979902	0.000054	0.979887	0.845804	0.075446	0.942000	0.190000
4	0.986440	0.015018	0.986537	0.000000	0.000000	0.478000	-0.039000
5	0.991413	0.016786	0.991544	0.000000	0.000000	0.076000	0.016000
6	0.976681	0.087147	0.980551	0.792625	0.222267	0.112000	0.075000
7	0.954208	0.115002	0.961112	0.000000	0.000000	0.000000	0.000000
8	0.945046	0.289628	0.988414	0.951388	0.237817	0.000000	0.000000
9	0.942587	0.059631	0.944479	0.000000	0.000000	0.295000	0.166000
10	0.940609	0.058302	0.942403	0.000000	0.000000	0.090000	0.058000
11	0.954641	0.069797	0.957187	0.000000	0.000000	0.035000	0.018000
12	0.960526	0.067678	0.962895	0.000000	0.000000	0.061000	0.016000
13	0.953598	0.065126	0.955816	0.000000	0.000000	0.135000	0.058000
14	0.928420	0.040835	0.929268	0.000000	0.000000	0.149000	0.050000

Branch Results
LineID	From	To	Pik		Pki		Qik		Qki		LossP		LossQ
1	1	2	0.061569	-0.061557	0.082326	-0.185778	0.000012	-0.103451
2	1	5	-0.061368	0.061360	0.008521	-0.104508	-0.000009	-0.095986
3	2	3	0.008282	-0.008579	0.014507	-0.098925	-0.000297	-0.084418
4	2	4	-0.072428	0.072548	0.020608	-0.085604	0.000121	-0.064996
5	2	5	-0.091107	0.091264	-0.001927	-0.064386	0.000157	-0.066313
6	3	4	-0.087325	0.087415	-0.015634	-0.007696	0.000090	-0.023330
7	4	5	-0.069936	0.069786	-0.094974	0.095689	-0.000150	0.000715
8	4	7	-0.484825	0.484417	0.148176	-0.094212	-0.000407	0.053964
9	4	9	-0.083041	0.082716	0.079070	-0.071785	-0.000325	0.007284
10	5	6	-0.298218	0.297761	0.057162	-0.035165	-0.000457	0.021997
11	6	11	0.106279	-0.105250	0.064942	-0.061740	0.001029	0.003202
12	6	12	0.082315	-0.081882	0.028617	-0.026549	0.000433	0.002068
13	6	13	0.194536	-0.191889	0.088886	-0.082642	0.002647	0.006243
14	7	8	-0.952210	0.951679	-0.064411	0.237917	-0.000531	0.173506
15	7	9	0.467963	-0.468310	0.158661	-0.129649	-0.000348	0.029012
16	9	10	0.019190	-0.019534	0.015703	-0.015691	-0.000343	0.000012
17	9	14	0.071568	-0.071092	0.019777	-0.018094	0.000476	0.001683
18	10	11	-0.070268	0.070482	-0.042297	0.043733	0.000213	0.001436
19	12	13	0.021160	-0.021567	0.010487	-0.010231	-0.000407	0.000257
20	13	14	0.078693	-0.077734	0.034857	-0.031931	0.000959	0.002926

Summary
Total Pg           : 2.589817
Total Qg           : 0.600872
Total Load P       : 2.590000
Total Load Q       : 0.735000
Total Active Loss  : 0.002864
Total Reactive Loss: -0.134189
Total Load Supplied: 99.882352%

========================================================================================================================
Update time: 2026-06-10 00:20:08
Iteration: 125
rho: 120
alpha: 0.010553442
objective_value: 4.85518520192
feasible: False
max_abs_h: 1.191717460842e-03
l2_norm_h: 2.096077979650e-03
lambda_inf_norm: 1.935392376166e+00
lambda_l2_norm: 1.376682319225e+01
------------------------------------------------------------------------------------------------------------------------
Bus Results
BusID	V_R		V_I		Vmag		Pg		Qg		Pl		Ql
1	1.001192	0.000072	1.001186	0.000000	0.086345	0.000000	0.000000
2	0.992184	-0.001035	0.992173	0.000000	-0.027057	0.217000	0.127000
3	0.980721	-0.000341	0.980710	0.843126	0.079259	0.942000	0.190000
4	0.987065	0.014975	0.987169	0.000000	0.000000	0.478000	-0.039000
5	0.991931	0.016789	0.992070	0.000000	0.000000	0.076000	0.016000
6	0.976967	0.087323	0.980857	0.793098	0.218486	0.112000	0.075000
7	0.955110	0.115146	0.962033	0.000000	0.000000	0.000000	0.000000
8	0.946247	0.289985	0.989677	0.953259	0.240000	0.000000	0.000000
9	0.943416	0.059739	0.945326	0.000000	0.000000	0.295000	0.166000
10	0.941378	0.058408	0.943189	0.000000	0.000000	0.090000	0.058000
11	0.955205	0.069920	0.957770	0.000000	0.000000	0.035000	0.018000
12	0.960932	0.067834	0.963321	0.000000	0.000000	0.061000	0.016000
13	0.954042	0.065274	0.956278	0.000000	0.000000	0.135000	0.058000
14	0.929148	0.040958	0.930011	0.000000	0.000000	0.149000	0.050000

Branch Results
LineID	From	To	Pik		Pki		Qik		Qki		LossP		LossQ
1	1	2	0.061781	-0.061782	0.079232	-0.182857	-0.000002	-0.103625
2	1	5	-0.061584	0.061544	0.007118	-0.103315	-0.000040	-0.096197
3	2	3	0.009462	-0.009791	0.012044	-0.096694	-0.000329	-0.084650
4	2	4	-0.072865	0.072958	0.019353	-0.084562	0.000092	-0.065209
5	2	5	-0.091610	0.091725	-0.002586	-0.063893	0.000115	-0.066479
6	3	4	-0.088786	0.088874	-0.014014	-0.009429	0.000087	-0.023443
7	4	5	-0.070278	0.070087	-0.092519	0.093082	-0.000191	0.000562
8	4	7	-0.485993	0.485615	0.146877	-0.092957	-0.000379	0.053920
9	4	9	-0.083383	0.083028	0.078669	-0.071581	-0.000355	0.007087
10	5	6	-0.299146	0.298662	0.058129	-0.036092	-0.000484	0.022037
11	6	11	0.106095	-0.105065	0.063674	-0.060659	0.001030	0.003015
12	6	12	0.082257	-0.081830	0.028167	-0.026261	0.000427	0.001906
13	6	13	0.194350	-0.191744	0.087820	-0.081784	0.002606	0.006036
14	7	8	-0.954070	0.953563	-0.066334	0.240118	-0.000507	0.173783
15	7	9	0.468646	-0.468981	0.159414	-0.130506	-0.000335	0.028908
16	9	10	0.019412	-0.019750	0.016211	-0.016368	-0.000338	-0.000157
17	9	14	0.071703	-0.071252	0.020020	-0.018527	0.000452	0.001493
18	10	11	-0.070069	0.070291	-0.041523	0.042750	0.000222	0.001227
19	12	13	0.021115	-0.021509	0.010295	-0.010247	-0.000393	0.000048
20	13	14	0.078502	-0.077564	0.034103	-0.031404	0.000938	0.002700

Summary
Total Pg           : 2.589483
Total Qg           : 0.597033
Total Load P       : 2.590000
Total Load Q       : 0.735000
Total Active Loss  : 0.002617
Total Reactive Loss: -0.137038
Total Load Supplied: 99.878978%

========================================================================================================================
Update time: 2026-06-10 00:24:06
Iteration: 126
rho: 120
alpha: 0.01
objective_value: 4.85490953776
feasible: False
max_abs_h: 1.415415808685e-03
l2_norm_h: 2.325957270073e-03
lambda_inf_norm: 1.935394331811e+00
lambda_l2_norm: 1.376683996550e+01
------------------------------------------------------------------------------------------------------------------------
Bus Results
BusID	V_R		V_I		Vmag		Pg		Qg		Pl		Ql
1	1.001415	0.000061	1.001410	0.000000	0.082055	0.000000	0.000000
2	0.992592	-0.001118	0.992581	0.000000	-0.027611	0.217000	0.127000
3	0.981593	-0.000752	0.981582	0.840849	0.083949	0.942000	0.190000
4	0.987619	0.014917	0.987723	0.000000	0.000000	0.478000	-0.039000
5	0.992410	0.016758	0.992549	0.000000	0.000000	0.076000	0.016000
6	0.977318	0.087430	0.981216	0.793612	0.216919	0.112000	0.075000
7	0.955668	0.115271	0.962605	0.000000	0.000000	0.000000	0.000000
8	0.946732	0.290302	0.990240	0.954933	0.240000	0.000000	0.000000
9	0.943990	0.059839	0.945908	0.000000	0.000000	0.295000	0.166000
10	0.941934	0.058505	0.943751	0.000000	0.000000	0.090000	0.058000
11	0.955675	0.070017	0.958246	0.000000	0.000000	0.035000	0.018000
12	0.961330	0.067942	0.963725	0.000000	0.000000	0.061000	0.016000
13	0.954459	0.065377	0.956701	0.000000	0.000000	0.135000	0.058000
14	0.929693	0.041060	0.930562	0.000000	0.000000	0.149000	0.050000

Branch Results
LineID	From	To	Pik		Pki		Qik		Qki		LossP		LossQ
1	1	2	0.061975	-0.061995	0.076057	-0.179805	-0.000020	-0.103748
2	1	5	-0.061776	0.061725	0.006003	-0.102311	-0.000051	-0.096307
3	2	3	0.010503	-0.010848	0.009449	-0.094276	-0.000345	-0.084827
4	2	4	-0.073264	0.073353	0.018645	-0.083956	0.000089	-0.065312
5	2	5	-0.092037	0.092148	-0.002880	-0.063677	0.000111	-0.066557
6	3	4	-0.090005	0.090103	-0.011735	-0.011739	0.000098	-0.023474
7	4	5	-0.070427	0.070227	-0.090811	0.091320	-0.000201	0.000509
8	4	7	-0.487138	0.486762	0.146918	-0.092918	-0.000376	0.054000
9	4	9	-0.083714	0.083361	0.078649	-0.071625	-0.000352	0.007024
10	5	6	-0.299886	0.299399	0.058687	-0.036585	-0.000488	0.022102
11	6	11	0.105982	-0.104964	0.063170	-0.060233	0.001019	0.002937
12	6	12	0.082226	-0.081803	0.028012	-0.026156	0.000423	0.001856
13	6	13	0.194273	-0.191677	0.087420	-0.081453	0.002596	0.005967
14	7	8	-0.955731	0.955236	-0.066252	0.240237	-0.000495	0.173985
15	7	9	0.469155	-0.469484	0.159364	-0.130568	-0.000328	0.028796
16	9	10	0.019505	-0.019841	0.016336	-0.016606	-0.000336	-0.000270
17	9	14	0.071779	-0.071326	0.020061	-0.018683	0.000453	0.001378
18	10	11	-0.069977	0.070191	-0.041234	0.042361	0.000214	0.001128
19	12	13	0.021089	-0.021486	0.010217	-0.010232	-0.000397	-0.000015
20	13	14	0.078415	-0.077489	0.033792	-0.031194	0.000926	0.002598

Summary
Total Pg           : 2.589394
Total Qg           : 0.595311
Total Load P       : 2.590000
Total Load Q       : 0.735000
Total Active Loss  : 0.002539
Total Reactive Loss: -0.138231
Total Load Supplied: 99.878605%

========================================================================================================================
Update time: 2026-06-10 00:28:06
Iteration: 127
rho: 120
alpha: 0.01
objective_value: 4.85471751648
feasible: False
max_abs_h: 1.667818708711e-03
l2_norm_h: 2.928955649120e-03
lambda_inf_norm: 1.935397047294e+00
lambda_l2_norm: 1.376685598683e+01
------------------------------------------------------------------------------------------------------------------------
Bus Results
BusID	V_R		V_I		Vmag		Pg		Qg		Pl		Ql
1	1.001668	0.000436	1.001667	0.000000	0.100000	0.000000	0.000000
2	0.991994	-0.000489	0.991987	0.000000	-0.044968	0.217000	0.127000
3	0.981163	-0.000409	0.981163	0.838060	0.085395	0.942000	0.190000
4	0.987281	0.015582	0.987405	0.000000	0.000000	0.478000	-0.039000
5	0.992100	0.017389	0.992244	0.000000	0.000000	0.076000	0.016000
6	0.977131	0.088226	0.981115	0.793120	0.216837	0.112000	0.075000
7	0.955305	0.116468	0.962399	0.000000	0.000000	0.000000	0.000000
8	0.945894	0.292102	0.989978	0.958181	0.240000	0.000000	0.000000
9	0.943854	0.060907	0.945844	0.000000	0.000000	0.295000	0.166000
10	0.941841	0.059515	0.943730	0.000000	0.000000	0.090000	0.058000
11	0.955570	0.070909	0.958209	0.000000	0.000000	0.035000	0.018000
12	0.961226	0.068743	0.963680	0.000000	0.000000	0.061000	0.016000
13	0.954374	0.066187	0.956677	0.000000	0.000000	0.135000	0.058000
14	0.929690	0.042000	0.930612	0.000000	0.000000	0.149000	0.050000

Branch Results
LineID	From	To	Pik		Pki		Qik		Qki		LossP		LossQ
1	1	2	0.062404	-0.062212	0.090667	-0.193633	0.000192	-0.102967
2	1	5	-0.062263	0.062327	0.008965	-0.104632	0.000064	-0.095667
3	2	3	0.011655	-0.011940	0.008447	-0.093073	-0.000285	-0.084625
4	2	4	-0.073828	0.074028	0.017420	-0.082550	0.000200	-0.065130
5	2	5	-0.092464	0.092648	-0.004295	-0.061908	0.000184	-0.066203
6	3	4	-0.091722	0.091903	-0.011532	-0.011787	0.000181	-0.023320
7	4	5	-0.069784	0.069639	-0.091516	0.092274	-0.000145	0.000758
8	4	7	-0.489584	0.489185	0.146661	-0.092171	-0.000400	0.054490
9	4	9	-0.084416	0.084026	0.078224	-0.071302	-0.000390	0.006923
10	5	6	-0.300451	0.300043	0.058116	-0.035797	-0.000408	0.022318
11	6	11	0.105376	-0.104404	0.063055	-0.060206	0.000972	0.002849
12	6	12	0.082093	-0.081682	0.027786	-0.026042	0.000411	0.001744
13	6	13	0.193872	-0.191288	0.086930	-0.081119	0.002584	0.005811
14	7	8	-0.959053	0.958507	-0.065458	0.240348	-0.000546	0.174890
15	7	9	0.470124	-0.470597	0.157998	-0.129369	-0.000473	0.028628
16	9	10	0.019862	-0.020297	0.015603	-0.016153	-0.000435	-0.000549
17	9	14	0.071926	-0.071585	0.019435	-0.018395	0.000341	0.001040
18	10	11	-0.069454	0.069596	-0.041559	0.042427	0.000142	0.000868
19	12	13	0.020999	-0.021442	0.010141	-0.010317	-0.000443	-0.000176
20	13	14	0.077985	-0.077143	0.033651	-0.031346	0.000842	0.002305

Summary
Total Pg           : 2.589362
Total Qg           : 0.597264
Total Load P       : 2.590000
Total Load Q       : 0.735000
Total Active Loss  : 0.002587
Total Reactive Loss: -0.136013
Total Load Supplied: 99.875480%

