QHD ACOPF / ALM Iteration Log
Created at: 2026-06-10 15:05:21
Number of buses: 9
Number of lines: 9
Number of generators: 3
Solver used: QHD with simbi solver
========================================================================================================================

========================================================================================================================
Update time: 2026-06-10 15:07:05
Iteration: 0
rho: 80
alpha: 5
objective_value: 2.50669619366
feasible: False
max_abs_h: 7.607160496600e-02
l2_norm_h: 2.697703767860e-01
lambda_inf_norm: 3.803580248300e-01
lambda_l2_norm: 1.348851883930e+00
------------------------------------------------------------------------------------------------------------------------
Bus Results
BusID	V_R		V_I		Vmag		Pg		Qg		Pl		Ql
1	0.923928	0.002064	0.924907	0.668444	-0.058158	0.000000	0.000000
2	0.919222	0.040714	0.921150	0.693169	-0.164562	0.000000	0.000000
3	0.924271	0.045721	0.926357	0.639318	-0.248119	0.000000	0.000000
4	0.928385	-0.042219	0.930248	0.000000	0.000000	0.000000	0.000000
5	0.924903	-0.074313	0.928806	0.000000	0.000000	0.900000	0.300000
6	0.943476	0.003631	0.944200	0.000000	0.000000	0.000000	0.000000
7	0.927084	-0.040217	0.928878	0.000000	0.000000	1.000000	0.350000
8	0.933879	-0.008409	0.934760	0.000000	0.000000	0.000000	0.000000
9	0.904720	-0.092309	0.910589	0.000000	0.000000	1.250000	0.500000

Branch Results
LineID	From	To	Pik		Pki		Qik		Qki		LossP		LossQ
1	1	4	0.681262	-0.738951	-0.063268	0.115807	-0.057689	0.052539
2	4	5	0.266475	-0.368351	-0.157962	-0.066172	-0.101876	-0.224134
3	5	6	-0.473761	0.380700	-0.253261	-0.285616	-0.093060	-0.538877
4	3	6	0.651085	-0.705396	-0.255955	0.320429	-0.054312	0.064474
5	6	7	0.370506	-0.471293	-0.057388	-0.240482	-0.100787	-0.297870
6	7	8	-0.467968	0.363206	-0.128060	-0.075340	-0.104761	-0.203399
7	8	2	-0.759203	0.703642	0.237231	-0.171879	-0.055561	0.065352
8	8	9	0.444524	-0.550238	-0.180177	-0.253960	-0.105714	-0.434137
9	9	4	-0.629420	0.520403	-0.257689	0.027587	-0.109017	-0.230102

Summary
Total Pg           : 2.000930
Total Qg           : -0.470840
Total Load P       : 3.150000
Total Load Q       : 1.150000
Total Active Loss  : -0.782778
Total Reactive Loss: -1.746154
Total Load Supplied: 88.371699%

========================================================================================================================
Update time: 2026-06-10 15:09:00
Iteration: 1
rho: 80
alpha: 4.25
objective_value: 3.06702388017
feasible: False
max_abs_h: 5.500825984788e-02
l2_norm_h: 1.624769829055e-01
lambda_inf_norm: 6.553993240694e-01
lambda_l2_norm: 2.147864149413e+00
------------------------------------------------------------------------------------------------------------------------
Bus Results
BusID	V_R		V_I		Vmag		Pg		Qg		Pl		Ql
1	0.944992	0.000526	0.944688	0.821513	-0.095964	0.000000	0.000000
2	0.924554	0.042695	0.925422	0.828364	-0.292090	0.000000	0.000000
3	0.931847	0.047849	0.932934	0.771559	-0.375981	0.000000	0.000000
4	0.950945	-0.052159	0.952050	0.000000	0.000000	0.000000	0.000000
5	0.947124	-0.086677	0.950754	0.000000	0.000000	0.900000	0.300000
6	0.958422	-0.001926	0.958206	0.000000	0.000000	0.000000	0.000000
7	0.942469	-0.049232	0.943516	0.000000	0.000000	1.000000	0.350000
8	0.947343	-0.015059	0.947255	0.000000	0.000000	0.000000	0.000000
9	0.925218	-0.105371	0.930876	0.000000	0.000000	1.250000	0.500000

Branch Results
LineID	From	To	Pik		Pki		Qik		Qki		LossP		LossQ
1	1	4	0.839858	-0.888663	-0.096118	0.150267	-0.048805	0.054149
2	4	5	0.319299	-0.379420	-0.182358	-0.077197	-0.060121	-0.259555
3	5	6	-0.489601	0.436293	-0.230882	-0.363106	-0.053308	-0.593988
4	3	6	0.789267	-0.836624	-0.377089	0.440810	-0.047357	0.063721
5	6	7	0.430423	-0.489283	-0.086482	-0.248586	-0.058860	-0.335068
6	7	8	-0.480069	0.419557	-0.110931	-0.121291	-0.060512	-0.232222
7	8	2	-0.893437	0.845849	0.363500	-0.293226	-0.047588	0.070274
8	8	9	0.504496	-0.558834	-0.250282	-0.222199	-0.054338	-0.472480
9	9	4	-0.659188	0.599998	-0.285138	0.026608	-0.059191	-0.258531

Summary
Total Pg           : 2.421437
Total Qg           : -0.764035
Total Load P       : 3.150000
Total Load Q       : 1.150000
Total Active Loss  : -0.490080
Total Reactive Loss: -1.963700
Total Load Supplied: 92.429119%

========================================================================================================================
Update time: 2026-06-10 15:10:56
Iteration: 2
rho: 80
alpha: 4.25
objective_value: 3.35551979707
feasible: False
max_abs_h: 3.387826777570e-02
l2_norm_h: 1.127330237096e-01
lambda_inf_norm: 7.993819621161e-01
lambda_l2_norm: 2.616188879291e+00
------------------------------------------------------------------------------------------------------------------------
Bus Results
BusID	V_R		V_I		Vmag		Pg		Qg		Pl		Ql
1	0.966122	-0.000031	0.965821	0.900150	-0.109027	0.000000	0.000000
2	0.935609	0.043192	0.936413	0.895686	-0.365245	0.000000	0.000000
3	0.943959	0.048233	0.944991	0.838471	-0.444919	0.000000	0.000000
4	0.972623	-0.055848	0.973921	0.000000	0.000000	0.000000	0.000000
5	0.968330	-0.091128	0.972307	0.000000	0.000000	0.900000	0.300000
6	0.974434	-0.004407	0.974216	0.000000	0.000000	0.000000	0.000000
7	0.959218	-0.052519	0.960404	0.000000	0.000000	1.000000	0.350000
8	0.962998	-0.017672	0.962928	0.000000	0.000000	0.000000	0.000000
9	0.946477	-0.109516	0.952475	0.000000	0.000000	1.250000	0.500000

Branch Results
LineID	From	To	Pik		Pki		Qik		Qki		LossP		LossQ
1	1	4	0.916812	-0.955484	-0.108861	0.166018	-0.038673	0.057157
2	4	5	0.345660	-0.386670	-0.191261	-0.088235	-0.041010	-0.279495
3	5	6	-0.491875	0.457875	-0.215706	-0.412069	-0.034000	-0.627775
4	3	6	0.854280	-0.891500	-0.445223	0.512849	-0.037220	0.067626
5	6	7	0.454852	-0.494509	-0.105122	-0.251974	-0.039657	-0.357096
6	7	8	-0.484703	0.444040	-0.102991	-0.146615	-0.040663	-0.249606
7	8	2	-0.948439	0.911348	0.441323	-0.365631	-0.037091	0.075691
8	8	9	0.525633	-0.558828	-0.298952	-0.202383	-0.033195	-0.501335
9	9	4	-0.670006	0.631416	-0.301558	0.022659	-0.038591	-0.278899

Summary
Total Pg           : 2.634307
Total Qg           : -0.919191
Total Load P       : 3.150000
Total Load Q       : 1.150000
Total Active Loss  : -0.340100
Total Reactive Loss: -2.093730
Total Load Supplied: 94.425608%

========================================================================================================================
Update time: 2026-06-10 15:12:53
Iteration: 3
rho: 80
alpha: 4.25
objective_value: 3.50867528578
feasible: False
max_abs_h: 1.893224610572e-02
l2_norm_h: 8.655793480693e-02
lambda_inf_norm: 8.798440080654e-01
lambda_l2_norm: 2.970253902639e+00
------------------------------------------------------------------------------------------------------------------------
Bus Results
BusID	V_R		V_I		Vmag		Pg		Qg		Pl		Ql
1	0.981068	-0.000135	0.980859	0.942258	-0.118496	0.000000	0.000000
2	0.944294	0.043581	0.945146	0.930838	-0.413339	0.000000	0.000000
3	0.953221	0.048462	0.954299	0.873211	-0.490144	0.000000	0.000000
4	0.988004	-0.057332	0.989457	0.000000	0.000000	0.000000	0.000000
5	0.983494	-0.092911	0.987664	0.000000	0.000000	0.900000	0.300000
6	0.986156	-0.005407	0.986008	0.000000	0.000000	0.000000	0.000000
7	0.971532	-0.053726	0.972835	0.000000	0.000000	1.000000	0.350000
8	0.974599	-0.018622	0.974607	0.000000	0.000000	0.000000	0.000000
9	0.961816	-0.111001	0.967976	0.000000	0.000000	1.250000	0.500000

Branch Results
LineID	From	To	Pik		Pki		Qik		Qki		LossP		LossQ
1	1	4	0.957789	-0.990504	-0.118293	0.176898	-0.032715	0.058605
2	4	5	0.360071	-0.391151	-0.197004	-0.095411	-0.031080	-0.292415
3	5	6	-0.492330	0.468543	-0.206449	-0.444416	-0.023788	-0.650865
4	3	6	0.887791	-0.919063	-0.490137	0.560142	-0.031272	0.070005
5	6	7	0.467001	-0.496714	-0.117728	-0.254127	-0.029713	-0.371855
6	7	8	-0.487463	0.456923	-0.098338	-0.162780	-0.030540	-0.261118
7	8	2	-0.976388	0.945326	0.492072	-0.413392	-0.031063	0.078680
8	8	9	0.535830	-0.558484	-0.331372	-0.190227	-0.022654	-0.521599
9	9	4	-0.675573	0.647256	-0.311823	0.018948	-0.028317	-0.292876

Summary
Total Pg           : 2.746307
Total Qg           : -1.021978
Total Load P       : 3.150000
Total Load Q       : 1.150000
Total Active Loss  : -0.261142
Total Reactive Loss: -2.183437
Total Load Supplied: 95.474578%

========================================================================================================================
Update time: 2026-06-10 15:14:49
Iteration: 4
rho: 80
alpha: 4.25
objective_value: 3.59985965391
feasible: False
max_abs_h: 1.460764538005e-02
l2_norm_h: 7.181006134844e-02
lambda_inf_norm: 9.173945040171e-01
lambda_l2_norm: 3.256921792876e+00
------------------------------------------------------------------------------------------------------------------------
Bus Results
BusID	V_R		V_I		Vmag		Pg		Qg		Pl		Ql
1	0.991165	-0.000175	0.991026	0.966771	-0.126534	0.000000	0.000000
2	0.950597	0.043926	0.951495	0.952026	-0.445151	0.000000	0.000000
3	0.959833	0.048667	0.960952	0.893908	-0.520433	0.000000	0.000000
4	0.998488	-0.058049	1.000035	0.000000	0.000000	0.000000	0.000000
5	0.993921	-0.093743	0.998193	0.000000	0.000000	0.900000	0.300000
6	0.994373	-0.005831	0.994278	0.000000	0.000000	0.000000	0.000000
7	0.980192	-0.054191	0.981562	0.000000	0.000000	1.000000	0.350000
8	0.982783	-0.018974	0.982847	0.000000	0.000000	0.000000	0.000000
9	0.972389	-0.111617	0.978621	0.000000	0.000000	1.250000	0.500000

Branch Results
LineID	From	To	Pik		Pki		Qik		Qki		LossP		LossQ
1	1	4	0.981379	-1.010308	-0.126325	0.185565	-0.028930	0.059240
2	4	5	0.368332	-0.393640	-0.201409	-0.099695	-0.025308	-0.301104
3	5	6	-0.492709	0.474916	-0.200903	-0.465773	-0.017793	-0.666675
4	3	6	0.907546	-0.935074	-0.520238	0.591702	-0.027528	0.071464
5	6	7	0.473839	-0.497806	-0.126491	-0.255472	-0.023967	-0.381963
6	7	8	-0.489216	0.464495	-0.095431	-0.173525	-0.024721	-0.268956
7	8	2	-0.992927	0.965608	0.525465	-0.444996	-0.027319	0.080469
8	8	9	0.541958	-0.558566	-0.352657	-0.182862	-0.016607	-0.535519
9	9	4	-0.678454	0.655999	-0.318012	0.015536	-0.022455	-0.302476

Summary
Total Pg           : 2.812705
Total Qg           : -1.092118
Total Load P       : 3.150000
Total Load Q       : 1.150000
Total Active Loss  : -0.214627
Total Reactive Loss: -2.245521
Total Load Supplied: 96.105793%

========================================================================================================================
Update time: 2026-06-10 15:16:46
Iteration: 5
rho: 80
alpha: 4.3775
objective_value: 3.6603875825
feasible: False
max_abs_h: 1.378819349633e-02
l2_norm_h: 6.285447503200e-02
lambda_inf_norm: 9.264026310018e-01
lambda_l2_norm: 3.500971812238e+00
------------------------------------------------------------------------------------------------------------------------
Bus Results
BusID	V_R		V_I		Vmag		Pg		Qg		Pl		Ql
1	0.997880	-0.000181	0.997791	0.981836	-0.133653	0.000000	0.000000
2	0.955177	0.044352	0.956117	0.966777	-0.465744	0.000000	0.000000
3	0.964571	0.048975	0.965730	0.908129	-0.540344	0.000000	0.000000
4	1.005561	-0.058409	1.007168	0.000000	0.000000	0.000000	0.000000
5	1.001041	-0.094135	1.005367	0.000000	0.000000	0.900000	0.300000
6	1.000151	-0.005926	1.000093	0.000000	0.000000	0.000000	0.000000
7	0.986293	-0.054282	0.987699	0.000000	0.000000	1.000000	0.350000
8	0.988564	-0.019003	0.988664	0.000000	0.000000	0.000000	0.000000
9	0.979618	-0.111856	0.985881	0.000000	0.000000	1.250000	0.500000

Branch Results
LineID	From	To	Pik		Pki		Qik		Qki		LossP		LossQ
1	1	4	0.995624	-1.021858	-0.133444	0.192977	-0.026234	0.059532
2	4	5	0.373131	-0.394724	-0.205068	-0.101903	-0.021592	-0.306970
3	5	6	-0.493471	0.479580	-0.197897	-0.479562	-0.013890	-0.677459
4	3	6	0.920967	-0.945862	-0.540029	0.612498	-0.024896	0.072469
5	6	7	0.478135	-0.498404	-0.132586	-0.256336	-0.020269	-0.388922
6	7	8	-0.490433	0.469447	-0.093573	-0.180740	-0.020986	-0.274314
7	8	2	-1.004288	0.979582	0.547155	-0.465458	-0.024706	0.081697
8	8	9	0.546530	-0.559241	-0.366258	-0.178734	-0.012711	-0.544992
9	9	4	-0.679657	0.660928	-0.321385	0.012320	-0.018729	-0.309065

Summary
Total Pg           : 2.856742
Total Qg           : -1.139741
Total Load P       : 3.150000
Total Load Q       : 1.150000
Total Active Loss  : -0.184013
Total Reactive Loss: -2.288025
Total Load Supplied: 96.531907%

========================================================================================================================
Update time: 2026-06-10 15:18:43
Iteration: 6
rho: 80
alpha: 4.3775
objective_value: 3.70410699675
feasible: False
max_abs_h: 1.303527236387e-02
l2_norm_h: 5.691686878690e-02
lambda_inf_norm: 9.162486969423e-01
lambda_l2_norm: 3.722968011210e+00
------------------------------------------------------------------------------------------------------------------------
Bus Results
BusID	V_R		V_I		Vmag		Pg		Qg		Pl		Ql
1	1.002320	-0.000131	1.002263	0.991363	-0.140017	0.000000	0.000000
2	0.958546	0.044905	0.959529	0.978161	-0.478838	0.000000	0.000000
3	0.968043	0.049436	0.969241	0.919073	-0.553066	0.000000	0.000000
4	1.010332	-0.058545	1.011972	0.000000	0.000000	0.000000	0.000000
5	1.005924	-0.094257	1.010275	0.000000	0.000000	0.900000	0.300000
6	1.004282	-0.005774	1.004250	0.000000	0.000000	0.000000	0.000000
7	0.990654	-0.054123	0.992070	0.000000	0.000000	1.000000	0.350000
8	0.992698	-0.018802	0.992818	0.000000	0.000000	0.000000	0.000000
9	0.984578	-0.111871	0.990844	0.000000	0.000000	1.250000	0.500000

Branch Results
LineID	From	To	Pik		Pki		Qik		Qki		LossP		LossQ
1	1	4	1.004399	-1.028568	-0.139807	0.199478	-0.024169	0.059671
2	4	5	0.375846	-0.394829	-0.208239	-0.102691	-0.018982	-0.310930
3	5	6	-0.494660	0.483523	-0.196605	-0.488219	-0.011137	-0.684824
4	3	6	0.931191	-0.954075	-0.552678	0.625909	-0.022885	0.073231
5	6	7	0.481109	-0.498787	-0.136758	-0.256994	-0.017679	-0.393752
6	7	8	-0.491313	0.472929	-0.092283	-0.185711	-0.018384	-0.277995
7	8	2	-1.012975	0.990264	0.561116	-0.478475	-0.022711	0.082641
8	8	9	0.550439	-0.560420	-0.374697	-0.176713	-0.009981	-0.551410
9	9	4	-0.679774	0.663631	-0.322923	0.009326	-0.016143	-0.313596

Summary
Total Pg           : 2.888597
Total Qg           : -1.171921
Total Load P       : 3.150000
Total Load Q       : 1.150000
Total Active Loss  : -0.162071
Total Reactive Loss: -2.316965
Total Load Supplied: 96.846587%

========================================================================================================================
Update time: 2026-06-10 15:20:40
Iteration: 7
rho: 80
alpha: 4.3775
objective_value: 3.73846160966
feasible: False
max_abs_h: 1.231203619239e-02
l2_norm_h: 5.249854602465e-02
lambda_inf_norm: 8.936142552701e-01
lambda_l2_norm: 3.923890971365e+00
------------------------------------------------------------------------------------------------------------------------
Bus Results
BusID	V_R		V_I		Vmag		Pg		Qg		Pl		Ql
1	1.005171	-0.000159	1.005138	0.997640	-0.145643	0.000000	0.000000
2	0.961052	0.045457	0.962073	0.987843	-0.486640	0.000000	0.000000
3	0.970579	0.049896	0.971812	0.928210	-0.560907	0.000000	0.000000
4	1.013480	-0.058676	1.015146	0.000000	0.000000	0.000000	0.000000
5	1.009214	-0.094353	1.013581	0.000000	0.000000	0.900000	0.300000
6	1.007223	-0.005591	1.007205	0.000000	0.000000	0.000000	0.000000
7	0.993762	-0.053937	0.995182	0.000000	0.000000	1.000000	0.350000
8	0.995658	-0.018575	0.995791	0.000000	0.000000	0.000000	0.000000
9	0.987924	-0.111888	0.994195	0.000000	0.000000	1.250000	0.500000

Branch Results
LineID	From	To	Pik		Pki		Qik		Qki		LossP		LossQ
1	1	4	1.009952	-1.032386	-0.145438	0.205207	-0.022434	0.059769
2	4	5	0.377320	-0.394322	-0.210980	-0.102588	-0.017002	-0.313567
3	5	6	-0.496149	0.487122	-0.196391	-0.493367	-0.009027	-0.689758
4	3	6	0.939647	-0.960850	-0.560477	0.634351	-0.021204	0.073874
5	6	7	0.483291	-0.499002	-0.139696	-0.257392	-0.015711	-0.397088
6	7	8	-0.492056	0.475656	-0.091488	-0.189025	-0.016400	-0.280513
7	8	2	-1.020336	0.999280	0.569652	-0.486229	-0.021056	0.083423
8	8	9	0.554080	-0.561989	-0.379568	-0.176114	-0.007909	-0.555682
9	9	4	-0.679174	0.664983	-0.323214	0.006545	-0.014191	-0.316669

Summary
Total Pg           : 2.913694
Total Qg           : -1.193189
Total Load P       : 3.150000
Total Load Q       : 1.150000
Total Active Loss  : -0.144933
Total Reactive Loss: -2.336211
Total Load Supplied: 97.099286%

========================================================================================================================
Update time: 2026-06-10 15:22:37
Iteration: 8
rho: 80
alpha: 4.3775
objective_value: 3.76678909184
feasible: False
max_abs_h: 1.163208236931e-02
l2_norm_h: 4.891802312684e-02
lambda_inf_norm: 8.885831851902e-01
lambda_l2_norm: 4.108805701192e+00
------------------------------------------------------------------------------------------------------------------------
Bus Results
BusID	V_R		V_I		Vmag		Pg		Qg		Pl		Ql
1	1.006916	-0.000159	1.006899	1.001770	-0.150615	0.000000	0.000000
2	0.962912	0.046095	0.963972	0.996393	-0.490806	0.000000	0.000000
3	0.972434	0.050459	0.973705	0.936291	-0.565302	0.000000	0.000000
4	1.015494	-0.058729	1.017176	0.000000	0.000000	0.000000	0.000000
5	1.011384	-0.094355	1.015758	0.000000	0.000000	0.900000	0.300000
6	1.009311	-0.005293	1.009304	0.000000	0.000000	0.000000	0.000000
7	0.995973	-0.053647	0.997388	0.000000	0.000000	1.000000	0.350000
8	0.997770	-0.018246	0.997910	0.000000	0.000000	0.000000	0.000000
9	0.990138	-0.111835	0.996406	0.000000	0.000000	1.250000	0.500000

Branch Results
LineID	From	To	Pik		Pki		Qik		Qki		LossP		LossQ
1	1	4	1.013402	-1.034326	-0.150414	0.210247	-0.020924	0.059833
2	4	5	0.377973	-0.393366	-0.213340	-0.101941	-0.015393	-0.315280
3	5	6	-0.497903	0.490589	-0.196850	-0.496098	-0.007314	-0.692948
4	3	6	0.947091	-0.966851	-0.564855	0.639307	-0.019760	0.074452
5	6	7	0.485021	-0.499152	-0.141715	-0.257634	-0.014131	-0.399349
6	7	8	-0.492667	0.477846	-0.091005	-0.191207	-0.014821	-0.282212
7	8	2	-1.026840	1.007205	0.574489	-0.490373	-0.019635	0.084116
8	8	9	0.557603	-0.563843	-0.382013	-0.176406	-0.006240	-0.558420
9	9	4	-0.678091	0.665463	-0.322726	0.003992	-0.012628	-0.318734

Summary
Total Pg           : 2.934455
Total Qg           : -1.206724
Total Load P       : 3.150000
Total Load Q       : 1.150000
Total Active Loss  : -0.130847
Total Reactive Loss: -2.348543
Total Load Supplied: 97.311155%

========================================================================================================================
Update time: 2026-06-10 15:24:35
Iteration: 9
rho: 80
alpha: 4.508825
objective_value: 3.79084264514
feasible: False
max_abs_h: 1.099068462014e-02
l2_norm_h: 4.585713661524e-02
lambda_inf_norm: 9.211157888135e-01
lambda_l2_norm: 4.280931927853e+00
------------------------------------------------------------------------------------------------------------------------
Bus Results
BusID	V_R		V_I		Vmag		Pg		Qg		Pl		Ql
1	1.007987	-0.000172	1.007980	1.004439	-0.155373	0.000000	0.000000
2	0.964434	0.046741	0.965530	1.004138	-0.492629	0.000000	0.000000
3	0.973930	0.051036	0.975236	0.943561	-0.567486	0.000000	0.000000
4	1.016829	-0.058757	1.018519	0.000000	0.000000	0.000000	0.000000
5	1.012895	-0.094325	1.017269	0.000000	0.000000	0.900000	0.300000
6	1.010924	-0.004965	1.010923	0.000000	0.000000	0.000000	0.000000
7	0.997679	-0.053330	0.999083	0.000000	0.000000	1.000000	0.350000
8	0.999407	-0.017892	0.999548	0.000000	0.000000	0.000000	0.000000
9	0.991682	-0.111761	0.997941	0.000000	0.000000	1.250000	0.500000

Branch Results
LineID	From	To	Pik		Pki		Qik		Qki		LossP		LossQ
1	1	4	1.015430	-1.035019	-0.155180	0.215067	-0.019589	0.059887
2	4	5	0.378076	-0.392136	-0.215587	-0.100821	-0.014060	-0.316408
3	5	6	-0.499796	0.493909	-0.197874	-0.497244	-0.005887	-0.695118
4	3	6	0.953763	-0.972251	-0.567035	0.642005	-0.018487	0.074970
5	6	7	0.486433	-0.499252	-0.143162	-0.257813	-0.012819	-0.400975
6	7	8	-0.493201	0.479688	-0.090701	-0.192700	-0.013513	-0.283401
7	8	2	-1.032744	1.014362	0.576928	-0.492189	-0.018382	0.084739
8	8	9	0.561006	-0.565858	-0.382849	-0.177389	-0.004852	-0.560238
9	9	4	-0.676710	0.665375	-0.321639	0.001480	-0.011335	-0.320159

Summary
Total Pg           : 2.952139
Total Qg           : -1.215488
Total Load P       : 3.150000
Total Load Q       : 1.150000
Total Active Loss  : -0.118925
Total Reactive Loss: -2.356703
Total Load Supplied: 97.494073%

========================================================================================================================
Update time: 2026-06-10 15:26:32
Iteration: 10
rho: 80
alpha: 4.508825
objective_value: 3.81186697728
feasible: False
max_abs_h: 1.038350956434e-02
l2_norm_h: 4.312458307937e-02
lambda_inf_norm: 9.521883624653e-01
lambda_l2_norm: 4.447220482075e+00
------------------------------------------------------------------------------------------------------------------------
Bus Results
BusID	V_R		V_I		Vmag		Pg		Qg		Pl		Ql
1	1.008537	-0.000132	1.008536	1.006056	-0.160004	0.000000	0.000000
2	0.965656	0.047450	0.966791	1.011241	-0.492904	0.000000	0.000000
3	0.975133	0.051696	0.976477	0.950347	-0.568056	0.000000	0.000000
4	1.017641	-0.058709	1.019334	0.000000	0.000000	0.000000	0.000000
5	1.013903	-0.094210	1.018269	0.000000	0.000000	0.900000	0.300000
6	1.012165	-0.004548	1.012167	0.000000	0.000000	0.000000	0.000000
7	0.998991	-0.052933	1.000378	0.000000	0.000000	1.000000	0.350000
8	1.000663	-0.017461	1.000802	0.000000	0.000000	0.000000	0.000000
9	0.992712	-0.111619	0.998957	0.000000	0.000000	1.250000	0.500000

Branch Results
LineID	From	To	Pik		Pki		Qik		Qki		LossP		LossQ
1	1	4	1.016440	-1.034819	-0.159819	0.219747	-0.018379	0.059928
2	4	5	0.377760	-0.390674	-0.217774	-0.099348	-0.012914	-0.317122
3	5	6	-0.501824	0.497163	-0.199300	-0.497234	-0.004660	-0.696534
4	3	6	0.959987	-0.977330	-0.567610	0.643046	-0.017343	0.075436
5	6	7	0.487685	-0.499377	-0.144161	-0.257986	-0.011693	-0.402147
6	7	8	-0.493618	0.481228	-0.090461	-0.193786	-0.012390	-0.284247
7	8	2	-1.038163	1.020910	0.577765	-0.492469	-0.017253	0.085296
8	8	9	0.564317	-0.567973	-0.382545	-0.178837	-0.003656	-0.561381
9	9	4	-0.675135	0.664907	-0.320134	-0.000986	-0.010228	-0.321121

Summary
Total Pg           : 2.967645
Total Qg           : -1.220964
Total Load P       : 3.150000
Total Load Q       : 1.150000
Total Active Loss  : -0.108516
Total Reactive Loss: -2.361893
Total Load Supplied: 97.655901%

========================================================================================================================
Update time: 2026-06-10 15:28:30
Iteration: 11
rho: 80
alpha: 4.508825
objective_value: 3.83097287335
feasible: False
max_abs_h: 9.793950612290e-03
l2_norm_h: 4.056647084961e-02
lambda_inf_norm: 9.810982570864e-01
lambda_l2_norm: 4.603759220121e+00
------------------------------------------------------------------------------------------------------------------------
Bus Results
BusID	V_R		V_I		Vmag		Pg		Qg		Pl		Ql
1	1.008747	-0.000124	1.008750	1.006913	-0.164595	0.000000	0.000000
2	0.966727	0.048161	0.967899	1.018042	-0.491924	0.000000	0.000000
3	0.976161	0.052359	0.977543	0.956825	-0.567533	0.000000	0.000000
4	1.018112	-0.058671	1.019807	0.000000	0.000000	0.000000	0.000000
5	1.014580	-0.094100	1.018937	0.000000	0.000000	0.900000	0.300000
6	1.013175	-0.004126	1.013178	0.000000	0.000000	0.000000	0.000000
7	1.000059	-0.052531	1.001428	0.000000	0.000000	1.000000	0.350000
8	1.001694	-0.017026	1.001829	0.000000	0.000000	0.000000	0.000000
9	0.993410	-0.111485	0.999640	0.000000	0.000000	1.250000	0.500000

Branch Results
LineID	From	To	Pik		Pki		Qik		Qki		LossP		LossQ
1	1	4	1.016706	-1.033957	-0.164419	0.224383	-0.017251	0.059964
2	4	5	0.377164	-0.389039	-0.219916	-0.097635	-0.011875	-0.317551
3	5	6	-0.503976	0.500429	-0.201013	-0.496412	-0.003546	-0.697425
4	3	6	0.965920	-0.982194	-0.567097	0.642978	-0.016274	0.075881
5	6	7	0.488769	-0.499461	-0.144918	-0.258089	-0.010692	-0.403007
6	7	8	-0.494013	0.482616	-0.090346	-0.194499	-0.011397	-0.284845
7	8	2	-1.043387	1.027174	0.577331	-0.491498	-0.016213	0.085833
8	8	9	0.567651	-0.570240	-0.381394	-0.180661	-0.002589	-0.562055
9	9	4	-0.673349	0.664111	-0.318297	-0.003483	-0.009238	-0.321780

Summary
Total Pg           : 2.981779
Total Qg           : -1.224052
Total Load P       : 3.150000
Total Load Q       : 1.150000
Total Active Loss  : -0.099075
Total Reactive Loss: -2.364986
Total Load Supplied: 97.804891%

========================================================================================================================
Update time: 2026-06-10 15:30:28
Iteration: 12
rho: 80
alpha: 4.508825
objective_value: 3.84832480083
feasible: False
max_abs_h: 9.237175746427e-03
l2_norm_h: 3.818559233806e-02
lambda_inf_norm: 1.008074401792e+00
lambda_l2_norm: 4.751492806322e+00
------------------------------------------------------------------------------------------------------------------------
Bus Results
BusID	V_R		V_I		Vmag		Pg		Qg		Pl		Ql
1	1.008733	-0.000085	1.008739	1.007279	-0.169041	0.000000	0.000000
2	0.967651	0.048888	0.968862	1.024419	-0.490269	0.000000	0.000000
3	0.977040	0.053052	0.978461	0.962946	-0.566306	0.000000	0.000000
4	1.018356	-0.058592	1.020048	0.000000	0.000000	0.000000	0.000000
5	1.015034	-0.093946	1.019378	0.000000	0.000000	0.900000	0.300000
6	1.014002	-0.003666	1.014006	0.000000	0.000000	0.000000	0.000000
7	1.000936	-0.052096	1.002284	0.000000	0.000000	1.000000	0.350000
8	1.002542	-0.016562	1.002672	0.000000	0.000000	0.000000	0.000000
9	0.993879	-0.111316	1.000090	0.000000	0.000000	1.250000	0.500000

Branch Results
LineID	From	To	Pik		Pki		Qik		Qki		LossP		LossQ
1	1	4	1.016516	-1.032721	-0.168874	0.228859	-0.016206	0.059985
2	4	5	0.376382	-0.387339	-0.221978	-0.095821	-0.010957	-0.317799
3	5	6	-0.506130	0.503573	-0.202845	-0.495127	-0.002557	-0.697971
4	3	6	0.971527	-0.986817	-0.565887	0.642205	-0.015290	0.076318
5	6	7	0.489786	-0.499567	-0.145466	-0.258164	-0.009781	-0.403630
6	7	8	-0.494346	0.483850	-0.090296	-0.194977	-0.010496	-0.285273
7	8	2	-1.048281	1.033042	0.576185	-0.489859	-0.015240	0.086326
8	8	9	0.570857	-0.572484	-0.379790	-0.182646	-0.001627	-0.562435
9	9	4	-0.671533	0.663182	-0.316316	-0.005912	-0.008351	-0.322228

Summary
Total Pg           : 2.994643
Total Qg           : -1.225617
Total Load P       : 3.150000
Total Load Q       : 1.150000
Total Active Loss  : -0.090504
Total Reactive Loss: -2.366709
Total Load Supplied: 97.941184%

========================================================================================================================
Update time: 2026-06-10 15:32:27
Iteration: 13
rho: 80
alpha: 4.6440898
objective_value: 3.86423019846
feasible: False
max_abs_h: 8.711732855289e-03
l2_norm_h: 3.595499065641e-02
lambda_inf_norm: 1.033306725067e+00
lambda_l2_norm: 4.891122101059e+00
------------------------------------------------------------------------------------------------------------------------
Bus Results
BusID	V_R		V_I		Vmag		Pg		Qg		Pl		Ql
1	1.008546	-0.000131	1.008554	1.007252	-0.173241	0.000000	0.000000
2	0.968435	0.049534	0.969681	1.030443	-0.488164	0.000000	0.000000
3	0.977778	0.053669	0.979234	0.968764	-0.564656	0.000000	0.000000
4	1.018408	-0.058590	1.020102	0.000000	0.000000	0.000000	0.000000
5	1.015288	-0.093867	1.019625	0.000000	0.000000	0.900000	0.300000
6	1.014664	-0.003279	1.014669	0.000000	0.000000	0.000000	0.000000
7	1.001635	-0.051736	1.002966	0.000000	0.000000	1.000000	0.350000
8	1.003221	-0.016173	1.003347	0.000000	0.000000	0.000000	0.000000
9	0.994144	-0.111225	1.000346	0.000000	0.000000	1.250000	0.500000

Branch Results
LineID	From	To	Pik		Pki		Qik		Qki		LossP		LossQ
1	1	4	1.015963	-1.031203	-0.173080	0.233074	-0.015239	0.059994
2	4	5	0.375481	-0.385597	-0.223913	-0.093996	-0.010116	-0.317909
3	5	6	-0.508290	0.506645	-0.204699	-0.493536	-0.001645	-0.698235
4	3	6	0.976859	-0.991233	-0.564254	0.640975	-0.014374	0.076721
5	6	7	0.490711	-0.499675	-0.145869	-0.258223	-0.008964	-0.404092
6	7	8	-0.494630	0.484945	-0.090272	-0.195301	-0.009685	-0.285573
7	8	2	-1.052914	1.038587	0.574569	-0.487772	-0.014327	0.086797
8	8	9	0.573982	-0.574725	-0.377885	-0.184674	-0.000743	-0.562558
9	9	4	-0.669679	0.662132	-0.314302	-0.008215	-0.007547	-0.322517

Summary
Total Pg           : 3.006459
Total Qg           : -1.226061
Total Load P       : 3.150000
Total Load Q       : 1.150000
Total Active Loss  : -0.082640
Total Reactive Loss: -2.367372
Total Load Supplied: 98.066638%

========================================================================================================================
Update time: 2026-06-10 15:34:27
Iteration: 14
rho: 80
alpha: 4.6440898
objective_value: 3.87880355922
feasible: False
max_abs_h: 8.355409884908e-03
l2_norm_h: 3.388150485841e-02
lambda_inf_norm: 1.057641775215e+00
lambda_l2_norm: 5.027197810251e+00
------------------------------------------------------------------------------------------------------------------------
Bus Results
BusID	V_R		V_I		Vmag		Pg		Qg		Pl		Ql
1	1.008355	0.000045	1.008363	1.006795	-0.177704	0.000000	0.000000
2	0.969280	0.050395	0.970570	1.036165	-0.485852	0.000000	0.000000
3	0.978567	0.054514	0.980068	0.974355	-0.562849	0.000000	0.000000
4	1.018486	-0.058342	1.020165	0.000000	0.000000	0.000000	0.000000
5	1.015591	-0.093532	1.019896	0.000000	0.000000	0.900000	0.300000
6	1.015379	-0.002643	1.015382	0.000000	0.000000	0.000000	0.000000
7	1.002402	-0.051126	1.003700	0.000000	0.000000	1.000000	0.350000
8	1.003961	-0.015543	1.004076	0.000000	0.000000	0.000000	0.000000
9	0.994463	-0.110885	1.000626	0.000000	0.000000	1.250000	0.500000

Branch Results
LineID	From	To	Pik		Pki		Qik		Qki		LossP		LossQ
1	1	4	1.015007	-1.029336	-0.177555	0.237538	-0.014328	0.059984
2	4	5	0.374415	-0.383759	-0.225957	-0.092039	-0.009344	-0.317996
3	5	6	-0.510509	0.509696	-0.206708	-0.491801	-0.000813	-0.698509
4	3	6	0.981993	-0.995521	-0.562469	0.639583	-0.013528	0.077114
5	6	7	0.491571	-0.499793	-0.146278	-0.258271	-0.008221	-0.404549
6	7	8	-0.494868	0.485914	-0.090285	-0.195583	-0.008954	-0.285868
7	8	2	-1.057350	1.043856	0.572716	-0.485479	-0.013494	0.087237
8	8	9	0.577078	-0.577017	-0.375807	-0.186880	0.000061	-0.562686
9	9	4	-0.667743	0.660930	-0.312133	-0.010671	-0.006812	-0.322804

Summary
Total Pg           : 3.017315
Total Qg           : -1.226405
Total Load P       : 3.150000
Total Load Q       : 1.150000
Total Active Loss  : -0.075435
Total Reactive Loss: -2.368079
Total Load Supplied: 98.182534%

========================================================================================================================
Update time: 2026-06-10 15:36:26
Iteration: 15
rho: 80
alpha: 4.6440898
objective_value: 3.89260973437
feasible: False
max_abs_h: 8.012718630384e-03
l2_norm_h: 3.187939302037e-02
lambda_inf_norm: 1.080473744360e+00
lambda_l2_norm: 5.155859910854e+00
------------------------------------------------------------------------------------------------------------------------
Bus Results
BusID	V_R		V_I		Vmag		Pg		Qg		Pl		Ql
1	1.008013	-0.000086	1.008022	1.006204	-0.181894	0.000000	0.000000
2	0.969980	0.050948	0.971300	1.041685	-0.483344	0.000000	0.000000
3	0.979227	0.055040	0.980760	0.979718	-0.560711	0.000000	0.000000
4	1.018380	-0.058409	1.020064	0.000000	0.000000	0.000000	0.000000
5	1.015692	-0.093518	1.019997	0.000000	0.000000	0.900000	0.300000
6	1.015934	-0.002334	1.015938	0.000000	0.000000	0.000000	0.000000
7	1.002982	-0.050839	1.004267	0.000000	0.000000	1.000000	0.350000
8	1.004527	-0.015231	1.004640	0.000000	0.000000	0.000000	0.000000
9	0.994569	-0.110860	1.000730	0.000000	0.000000	1.250000	0.500000

Branch Results
LineID	From	To	Pik		Pki		Qik		Qki		LossP		LossQ
1	1	4	1.013936	-1.027401	-0.181750	0.241728	-0.013465	0.059978
2	4	5	0.373341	-0.381966	-0.227894	-0.090087	-0.008625	-0.317980
3	5	6	-0.512661	0.512640	-0.208706	-0.489847	-0.000021	-0.698553
4	3	6	0.986912	-0.999623	-0.560350	0.637834	-0.012711	0.077485
5	6	7	0.492362	-0.499880	-0.146544	-0.258339	-0.007517	-0.404883
6	7	8	-0.495115	0.486854	-0.090269	-0.195807	-0.008261	-0.286076
7	8	2	-1.061629	1.048936	0.570643	-0.482989	-0.012693	0.087655
8	8	9	0.580065	-0.579250	-0.373557	-0.189063	0.000815	-0.562620
9	9	4	-0.665833	0.659698	-0.309983	-0.012962	-0.006135	-0.322945

Summary
Total Pg           : 3.027608
Total Qg           : -1.225949
Total Load P       : 3.150000
Total Load Q       : 1.150000
Total Active Loss  : -0.068614
Total Reactive Loss: -2.367939
Total Load Supplied: 98.292753%

========================================================================================================================
Update time: 2026-06-10 15:38:26
Iteration: 16
rho: 80
alpha: 4.6440898
objective_value: 3.90556248465
feasible: False
max_abs_h: 7.626407301893e-03
l2_norm_h: 2.997542663286e-02
lambda_inf_norm: 1.101873353799e+00
lambda_l2_norm: 5.277450050158e+00
------------------------------------------------------------------------------------------------------------------------
Bus Results
BusID	V_R		V_I		Vmag		Pg		Qg		Pl		Ql
1	1.007626	-0.000129	1.007636	1.005446	-0.186039	0.000000	0.000000
2	0.970662	0.051571	0.972015	1.046965	-0.480588	0.000000	0.000000
3	0.979841	0.055649	0.981408	0.984866	-0.558544	0.000000	0.000000
4	1.018233	-0.058382	1.019916	0.000000	0.000000	0.000000	0.000000
5	1.015753	-0.093409	1.020047	0.000000	0.000000	0.900000	0.300000
6	1.016446	-0.001933	1.016449	0.000000	0.000000	0.000000	0.000000
7	1.003530	-0.050463	1.004796	0.000000	0.000000	1.000000	0.350000
8	1.005065	-0.014836	1.005173	0.000000	0.000000	0.000000	0.000000
9	0.994641	-0.110745	1.000789	0.000000	0.000000	1.250000	0.500000

Branch Results
LineID	From	To	Pik		Pki		Qik		Qki		LossP		LossQ
1	1	4	1.012722	-1.025371	-0.185903	0.245870	-0.012648	0.059967
2	4	5	0.372219	-0.380163	-0.229766	-0.088146	-0.007945	-0.317912
3	5	6	-0.514800	0.515520	-0.210705	-0.487811	0.000719	-0.698516
4	3	6	0.991642	-1.003593	-0.558202	0.636041	-0.011951	0.077839
5	6	7	0.493119	-0.499988	-0.146853	-0.258322	-0.006869	-0.405174
6	7	8	-0.495318	0.487708	-0.090344	-0.195905	-0.007610	-0.286249
7	8	2	-1.065739	1.053802	0.568309	-0.480253	-0.011938	0.088056
8	8	9	0.582990	-0.581462	-0.371182	-0.191308	0.001528	-0.562490
9	9	4	-0.663930	0.658438	-0.307776	-0.015271	-0.005492	-0.323048

Summary
Total Pg           : 3.037277
Total Qg           : -1.225171
Total Load P       : 3.150000
Total Load Q       : 1.150000
Total Active Loss  : -0.062205
Total Reactive Loss: -2.367527
Total Load Supplied: 98.396239%

========================================================================================================================
Update time: 2026-06-10 15:40:26
Iteration: 17
rho: 80
alpha: 4.7834124
objective_value: 3.91754311535
feasible: False
max_abs_h: 7.296015319732e-03
l2_norm_h: 2.820750523002e-02
lambda_inf_norm: 1.121961368706e+00
lambda_l2_norm: 5.392371784395e+00
------------------------------------------------------------------------------------------------------------------------
Bus Results
BusID	V_R		V_I		Vmag		Pg		Qg		Pl		Ql
1	1.007296	-0.000057	1.007304	1.004495	-0.190190	0.000000	0.000000
2	0.971363	0.052288	0.972754	1.051945	-0.478015	0.000000	0.000000
3	0.980494	0.056358	0.982100	0.989797	-0.556420	0.000000	0.000000
4	1.018149	-0.058228	1.019822	0.000000	0.000000	0.000000	0.000000
5	1.015883	-0.093169	1.020154	0.000000	0.000000	0.900000	0.300000
6	1.017004	-0.001415	1.017006	0.000000	0.000000	0.000000	0.000000
7	1.004124	-0.049968	1.005365	0.000000	0.000000	1.000000	0.350000
8	1.005640	-0.014325	1.005740	0.000000	0.000000	0.000000	0.000000
9	0.994780	-0.110501	1.000900	0.000000	0.000000	1.250000	0.500000

Branch Results
LineID	From	To	Pik		Pki		Qik		Qki		LossP		LossQ
1	1	4	1.011342	-1.023231	-0.190063	0.250004	-0.011889	0.059941
2	4	5	0.371043	-0.378370	-0.231673	-0.086209	-0.007327	-0.317882
3	5	6	-0.516902	0.518299	-0.212699	-0.485863	0.001397	-0.698562
4	3	6	0.996178	-1.007411	-0.556098	0.634280	-0.011233	0.078182
5	6	7	0.493845	-0.500101	-0.147110	-0.258374	-0.006256	-0.405484
6	7	8	-0.495498	0.488482	-0.090365	-0.196065	-0.007016	-0.286430
7	8	2	-1.069624	1.058389	0.566132	-0.477700	-0.011234	0.088432
8	8	9	0.585799	-0.583620	-0.368910	-0.193502	0.002179	-0.562412
9	9	4	-0.662054	0.657149	-0.305633	-0.017542	-0.004905	-0.323175

Summary
Total Pg           : 3.046236
Total Qg           : -1.224624
Total Load P       : 3.150000
Total Load Q       : 1.150000
Total Active Loss  : -0.056282
Total Reactive Loss: -2.367390
Total Load Supplied: 98.492649%

========================================================================================================================
Update time: 2026-06-10 15:42:27
Iteration: 18
rho: 80
alpha: 4.7834124
objective_value: 3.92878211352
feasible: False
max_abs_h: 6.934241542291e-03
l2_norm_h: 2.653901558237e-02
lambda_inf_norm: 1.141401229905e+00
lambda_l2_norm: 5.504206447713e+00
------------------------------------------------------------------------------------------------------------------------
Bus Results
BusID	V_R		V_I		Vmag		Pg		Qg		Pl		Ql
1	1.006934	-0.000108	1.006943	1.003465	-0.194172	0.000000	0.000000
2	0.972000	0.052866	0.973423	1.056674	-0.475518	0.000000	0.000000
3	0.981091	0.056931	0.982732	0.994509	-0.554281	0.000000	0.000000
4	1.018017	-0.058198	1.019689	0.000000	0.000000	0.000000	0.000000
5	1.015951	-0.093055	1.020212	0.000000	0.000000	0.900000	0.300000
6	1.017499	-0.001030	1.017501	0.000000	0.000000	0.000000	0.000000
7	1.004647	-0.049607	1.005869	0.000000	0.000000	1.000000	0.350000
8	1.006148	-0.013949	1.006243	0.000000	0.000000	0.000000	0.000000
9	0.994855	-0.110384	1.000962	0.000000	0.000000	1.250000	0.500000

Branch Results
LineID	From	To	Pik		Pki		Qik		Qki		LossP		LossQ
1	1	4	1.009909	-1.021088	-0.194050	0.253952	-0.011180	0.059902
2	4	5	0.369872	-0.376628	-0.233477	-0.084350	-0.006755	-0.317827
3	5	6	-0.518931	0.520973	-0.214613	-0.483924	0.002042	-0.698537
4	3	6	1.000519	-1.011076	-0.553978	0.632482	-0.010557	0.078504
5	6	7	0.494541	-0.500223	-0.147319	-0.258429	-0.005682	-0.405747
6	7	8	-0.495651	0.489201	-0.090374	-0.196217	-0.006450	-0.286591
7	8	2	-1.073323	1.062750	0.564011	-0.475221	-0.010573	0.088790
8	8	9	0.588494	-0.585695	-0.366694	-0.195604	0.002799	-0.562299
9	9	4	-0.660241	0.655878	-0.303564	-0.019723	-0.004363	-0.323287

Summary
Total Pg           : 3.054648
Total Qg           : -1.223971
Total Load P       : 3.150000
Total Load Q       : 1.150000
Total Active Loss  : -0.050719
Total Reactive Loss: -2.367092
Total Load Supplied: 98.583090%

========================================================================================================================
Update time: 2026-06-10 15:44:27
Iteration: 19
rho: 80
alpha: 4.7834124
objective_value: 3.93948482662
feasible: False
max_abs_h: 6.555291860572e-03
l2_norm_h: 2.493666575526e-02
lambda_inf_norm: 1.159634473429e+00
lambda_l2_norm: 5.609734321779e+00
------------------------------------------------------------------------------------------------------------------------
Bus Results
BusID	V_R		V_I		Vmag		Pg		Qg		Pl		Ql
1	1.006555	-0.000163	1.006563	1.002385	-0.198178	0.000000	0.000000
2	0.972631	0.053424	0.974085	1.061258	-0.472953	0.000000	0.000000
3	0.981679	0.057478	0.983351	0.999020	-0.552142	0.000000	0.000000
4	1.017869	-0.058172	1.019539	0.000000	0.000000	0.000000	0.000000
5	1.016007	-0.092948	1.020256	0.000000	0.000000	0.900000	0.300000
6	1.017984	-0.000663	1.017986	0.000000	0.000000	0.000000	0.000000
7	1.005158	-0.049259	1.006363	0.000000	0.000000	1.000000	0.350000
8	1.006646	-0.013587	1.006736	0.000000	0.000000	0.000000	0.000000
9	0.994914	-0.110273	1.001009	0.000000	0.000000	1.250000	0.500000

Branch Results
LineID	From	To	Pik		Pki		Qik		Qki		LossP		LossQ
1	1	4	1.008438	-1.018940	-0.198063	0.257933	-0.010501	0.059870
2	4	5	0.368707	-0.374912	-0.235313	-0.082458	-0.006206	-0.317771
3	5	6	-0.520919	0.523569	-0.216555	-0.481960	0.002650	-0.698514
4	3	6	1.004670	-1.014586	-0.551857	0.630668	-0.009916	0.078811
5	6	7	0.495181	-0.500329	-0.147532	-0.258478	-0.005147	-0.406011
6	7	8	-0.495803	0.489884	-0.090389	-0.196351	-0.005919	-0.286740
7	8	2	-1.076911	1.066976	0.561817	-0.472675	-0.009935	0.089142
8	8	9	0.591126	-0.587733	-0.364428	-0.197737	0.003393	-0.562164
9	9	4	-0.658455	0.654611	-0.301472	-0.021903	-0.003844	-0.323375

Summary
Total Pg           : 3.062663
Total Qg           : -1.223273
Total Load P       : 3.150000
Total Load Q       : 1.150000
Total Active Loss  : -0.045426
Total Reactive Loss: -2.366753
Total Load Supplied: 98.669505%

========================================================================================================================
Update time: 2026-06-10 15:46:27
Iteration: 20
rho: 80
alpha: 4.7834124
objective_value: 3.94961544746
feasible: False
max_abs_h: 6.217422374248e-03
l2_norm_h: 2.341316418154e-02
lambda_inf_norm: 1.176705675731e+00
lambda_l2_norm: 5.709193648615e+00
------------------------------------------------------------------------------------------------------------------------
Bus Results
BusID	V_R		V_I		Vmag		Pg		Qg		Pl		Ql
1	1.006217	0.000012	1.006224	1.001150	-0.202290	0.000000	0.000000
2	0.973315	0.054199	0.974810	1.065665	-0.470416	0.000000	0.000000
3	0.982301	0.058263	0.984018	1.003448	-0.550074	0.000000	0.000000
4	1.017782	-0.057904	1.019435	0.000000	0.000000	0.000000	0.000000
5	1.016133	-0.092591	1.020349	0.000000	0.000000	0.900000	0.300000
6	1.018519	-0.000044	1.018520	0.000000	0.000000	0.000000	0.000000
7	1.005741	-0.048664	1.006915	0.000000	0.000000	1.000000	0.350000
8	1.007209	-0.012987	1.007290	0.000000	0.000000	0.000000	0.000000
9	0.995056	-0.109920	1.001110	0.000000	0.000000	1.250000	0.500000

Branch Results
LineID	From	To	Pik		Pki		Qik		Qki		LossP		LossQ
1	1	4	1.006833	-1.016672	-0.202182	0.262015	-0.009839	0.059832
2	4	5	0.367470	-0.373144	-0.237161	-0.080559	-0.005673	-0.317720
3	5	6	-0.522951	0.526174	-0.218520	-0.480003	0.003223	-0.698523
4	3	6	1.008761	-1.018083	-0.549808	0.628931	-0.009322	0.079123
5	6	7	0.495824	-0.500480	-0.147832	-0.258467	-0.004657	-0.406299
6	7	8	-0.495889	0.490470	-0.090471	-0.196464	-0.005419	-0.286934
7	8	2	-1.080378	1.071047	0.559605	-0.470154	-0.009331	0.089451
8	8	9	0.593750	-0.589790	-0.362159	-0.199944	0.003960	-0.562103
9	9	4	-0.656641	0.653299	-0.299311	-0.024182	-0.003342	-0.323493

Summary
Total Pg           : 3.070263
Total Qg           : -1.222780
Total Load P       : 3.150000
Total Load Q       : 1.150000
Total Active Loss  : -0.040401
Total Reactive Loss: -2.366666
Total Load Supplied: 98.751217%

========================================================================================================================
Update time: 2026-06-10 15:48:26
Iteration: 21
rho: 80
alpha: 4.9269148
objective_value: 3.95922248886
feasible: False
max_abs_h: 5.838680718866e-03
l2_norm_h: 2.196680479715e-02
lambda_inf_norm: 1.192720196906e+00
lambda_l2_norm: 5.802818798970e+00
------------------------------------------------------------------------------------------------------------------------
Bus Results
BusID	V_R		V_I		Vmag		Pg		Qg		Pl		Ql
1	1.005839	-0.000071	1.005845	0.999865	-0.206297	0.000000	0.000000
2	0.973922	0.054706	0.975447	1.069866	-0.468040	0.000000	0.000000
3	0.982883	0.058774	0.984630	1.007745	-0.547975	0.000000	0.000000
4	1.017633	-0.057899	1.019286	0.000000	0.000000	0.000000	0.000000
5	1.016187	-0.092503	1.020395	0.000000	0.000000	0.900000	0.300000
6	1.018998	0.000295	1.019000	0.000000	0.000000	0.000000	0.000000
7	1.006240	-0.048346	1.007400	0.000000	0.000000	1.000000	0.350000
8	1.007690	-0.012659	1.007769	0.000000	0.000000	0.000000	0.000000
9	0.995111	-0.109829	1.001155	0.000000	0.000000	1.250000	0.500000

Branch Results
LineID	From	To	Pik		Pki		Qik		Qki		LossP		LossQ
1	1	4	1.005200	-1.014433	-0.206195	0.265979	-0.009233	0.059784
2	4	5	0.366265	-0.371444	-0.239005	-0.078667	-0.005179	-0.317672
3	5	6	-0.524897	0.528685	-0.220454	-0.478072	0.003788	-0.698526
4	3	6	1.012740	-1.021486	-0.547723	0.627129	-0.008746	0.079405
5	6	7	0.496459	-0.500614	-0.148014	-0.258563	-0.004155	-0.406577
6	7	8	-0.495993	0.491051	-0.090430	-0.196671	-0.004943	-0.287101
7	8	2	-1.083695	1.074931	0.557555	-0.467794	-0.008764	0.089761
8	8	9	0.596244	-0.591759	-0.359955	-0.202035	0.004485	-0.561990
9	9	4	-0.654893	0.652010	-0.297252	-0.026337	-0.002883	-0.323589

Summary
Total Pg           : 3.077476
Total Qg           : -1.222312
Total Load P       : 3.150000
Total Load Q       : 1.150000
Total Active Loss  : -0.035630
Total Reactive Loss: -2.366504
Total Load Supplied: 98.828738%

========================================================================================================================
Update time: 2026-06-10 15:50:27
Iteration: 22
rho: 80
alpha: 4.9269148
objective_value: 3.9681288159
feasible: False
max_abs_h: 5.539234146052e-03
l2_norm_h: 2.062742589707e-02
lambda_inf_norm: 1.208198081314e+00
lambda_l2_norm: 5.893615961601e+00
------------------------------------------------------------------------------------------------------------------------
Bus Results
BusID	V_R		V_I		Vmag		Pg		Qg		Pl		Ql
1	1.005539	-0.000124	1.005544	0.998509	-0.210347	0.000000	0.000000
2	0.974600	0.055219	0.976153	1.073866	-0.465754	0.000000	0.000000
3	0.983512	0.059293	0.985290	1.011798	-0.546112	0.000000	0.000000
4	1.017567	-0.057857	1.019217	0.000000	0.000000	0.000000	0.000000
5	1.016323	-0.092377	1.020518	0.000000	0.000000	0.900000	0.300000
6	1.019537	0.000657	1.019538	0.000000	0.000000	0.000000	0.000000
7	1.006812	-0.047999	1.007953	0.000000	0.000000	1.000000	0.350000
8	1.008246	-0.012308	1.008320	0.000000	0.000000	0.000000	0.000000
9	0.995254	-0.109699	1.001282	0.000000	0.000000	1.250000	0.500000

Branch Results
LineID	From	To	Pik		Pki		Qik		Qki		LossP		LossQ
1	1	4	1.003518	-1.012179	-0.210253	0.269982	-0.008661	0.059730
2	4	5	0.365058	-0.369783	-0.240844	-0.076819	-0.004725	-0.317663
3	5	6	-0.526788	0.531090	-0.222354	-0.476264	0.004302	-0.698618
4	3	6	1.016493	-1.024698	-0.545879	0.625557	-0.008205	0.079678
5	6	7	0.497035	-0.500742	-0.148310	-0.258594	-0.003708	-0.406905
6	7	8	-0.496077	0.491577	-0.090457	-0.196855	-0.004500	-0.287312
7	8	2	-1.086864	1.078632	0.555575	-0.465526	-0.008232	0.090050
8	8	9	0.598661	-0.593678	-0.357845	-0.204132	0.004983	-0.561977
9	9	4	-0.653180	0.650724	-0.295198	-0.028537	-0.002457	-0.323735

Summary
Total Pg           : 3.084172
Total Qg           : -1.222213
Total Load P       : 3.150000
Total Load Q       : 1.150000
Total Active Loss  : -0.031202
Total Reactive Loss: -2.366751
Total Load Supplied: 98.900774%

========================================================================================================================
Update time: 2026-06-10 15:52:28
Iteration: 23
rho: 80
alpha: 4.9269148
objective_value: 3.97667143282
feasible: False
max_abs_h: 5.190311129741e-03
l2_norm_h: 1.932904687214e-02
lambda_inf_norm: 1.222679878567e+00
lambda_l2_norm: 5.978964933533e+00
------------------------------------------------------------------------------------------------------------------------
Bus Results
BusID	V_R		V_I		Vmag		Pg		Qg		Pl		Ql
1	1.005190	-0.000075	1.005196	0.997109	-0.214294	0.000000	0.000000
2	0.975209	0.055827	0.976796	1.077742	-0.463465	0.000000	0.000000
3	0.984084	0.059909	0.985898	1.015749	-0.544157	0.000000	0.000000
4	1.017452	-0.057713	1.019094	0.000000	0.000000	0.000000	0.000000
5	1.016411	-0.092150	1.020585	0.000000	0.000000	0.900000	0.300000
6	1.020020	0.001121	1.020022	0.000000	0.000000	0.000000	0.000000
7	1.007328	-0.047553	1.008448	0.000000	0.000000	1.000000	0.350000
8	1.008741	-0.011857	1.008810	0.000000	0.000000	0.000000	0.000000
9	0.995348	-0.109474	1.001351	0.000000	0.000000	1.250000	0.500000

Branch Results
LineID	From	To	Pik		Pki		Qik		Qki		LossP		LossQ
1	1	4	1.001802	-1.009911	-0.214204	0.273875	-0.008109	0.059671
2	4	5	0.363841	-0.368124	-0.242637	-0.074988	-0.004283	-0.317626
3	5	6	-0.528668	0.533469	-0.224231	-0.474409	0.004801	-0.698640
4	3	6	1.020156	-1.027850	-0.543937	0.623880	-0.007694	0.079943
5	6	7	0.497589	-0.500874	-0.148545	-0.258648	-0.003285	-0.407193
6	7	8	-0.496149	0.492068	-0.090457	-0.197039	-0.004081	-0.287495
7	8	2	-1.089941	1.082220	0.553573	-0.463250	-0.007721	0.090323
8	8	9	0.601034	-0.595574	-0.355708	-0.206190	0.005460	-0.561898
9	9	4	-0.651487	0.649442	-0.293176	-0.030668	-0.002045	-0.323844

Summary
Total Pg           : 3.090600
Total Qg           : -1.221915
Total Load P       : 3.150000
Total Load Q       : 1.150000
Total Active Loss  : -0.026957
Total Reactive Loss: -2.366759
Total Load Supplied: 98.970056%

========================================================================================================================
Update time: 2026-06-10 15:54:30
Iteration: 24
rho: 80
alpha: 4.9269148
objective_value: 3.98470902674
feasible: False
max_abs_h: 4.902013920490e-03
l2_norm_h: 1.810918989631e-02
lambda_inf_norm: 1.236223474833e+00
lambda_l2_norm: 6.059126291780e+00
------------------------------------------------------------------------------------------------------------------------
Bus Results
BusID	V_R		V_I		Vmag		Pg		Qg		Pl		Ql
1	1.004902	-0.000062	1.004906	0.995639	-0.218369	0.000000	0.000000
2	0.975892	0.056383	0.977509	1.081482	-0.461230	0.000000	0.000000
3	0.984716	0.060469	0.986564	1.019536	-0.542360	0.000000	0.000000
4	1.017402	-0.057600	1.019037	0.000000	0.000000	0.000000	0.000000
5	1.016567	-0.091954	1.020721	0.000000	0.000000	0.900000	0.300000
6	1.020568	0.001540	1.020569	0.000000	0.000000	0.000000	0.000000
7	1.007912	-0.047145	1.009013	0.000000	0.000000	1.000000	0.350000
8	1.009307	-0.011448	1.009371	0.000000	0.000000	0.000000	0.000000
9	0.995512	-0.109275	1.001492	0.000000	0.000000	1.250000	0.500000

Branch Results
LineID	From	To	Pik		Pki		Qik		Qki		LossP		LossQ
1	1	4	1.000034	-1.007624	-0.218285	0.277902	-0.007590	0.059617
2	4	5	0.362629	-0.366497	-0.244492	-0.073129	-0.003868	-0.317621
3	5	6	-0.530503	0.535773	-0.226140	-0.472625	0.005270	-0.698764
4	3	6	1.023670	-1.030874	-0.542155	0.622343	-0.007204	0.080188
5	6	7	0.498101	-0.500982	-0.148852	-0.258680	-0.002881	-0.407533
6	7	8	-0.496234	0.492548	-0.090484	-0.197227	-0.003686	-0.287711
7	8	2	-1.092940	1.085689	0.551612	-0.461030	-0.007251	0.090582
8	8	9	0.603353	-0.597444	-0.353615	-0.208293	0.005909	-0.561908
9	9	4	-0.649808	0.648149	-0.291116	-0.032878	-0.001658	-0.323994

Summary
Total Pg           : 3.096656
Total Qg           : -1.221959
Total Load P       : 3.150000
Total Load Q       : 1.150000
Total Active Loss  : -0.022959
Total Reactive Loss: -2.367145
Total Load Supplied: 99.035405%

========================================================================================================================
Update time: 2026-06-10 15:56:31
Iteration: 25
rho: 80
alpha: 5.0747223
objective_value: 3.9922828028
feasible: False
max_abs_h: 4.545488819631e-03
l2_norm_h: 1.694939696076e-02
lambda_inf_norm: 1.248905354889e+00
lambda_l2_norm: 6.134369720065e+00
------------------------------------------------------------------------------------------------------------------------
Bus Results
BusID	V_R		V_I		Vmag		Pg		Qg		Pl		Ql
1	1.004545	-0.000080	1.004550	0.994141	-0.222173	0.000000	0.000000
2	0.976452	0.056897	0.978101	1.085039	-0.459067	0.000000	0.000000
3	0.985238	0.060995	0.987119	1.023189	-0.540522	0.000000	0.000000
4	1.017267	-0.057523	1.018899	0.000000	0.000000	0.000000	0.000000
5	1.016623	-0.091795	1.020764	0.000000	0.000000	0.900000	0.300000
6	1.021004	0.001922	1.021008	0.000000	0.000000	0.000000	0.000000
7	1.008379	-0.046781	1.009463	0.000000	0.000000	1.000000	0.350000
8	1.009757	-0.011081	1.009817	0.000000	0.000000	0.000000	0.000000
9	0.995574	-0.109118	1.001538	0.000000	0.000000	1.250000	0.500000

Branch Results
LineID	From	To	Pik		Pki		Qik		Qki		LossP		LossQ
1	1	4	0.998258	-1.005363	-0.222091	0.281637	-0.007106	0.059547
2	4	5	0.361424	-0.364908	-0.246199	-0.071388	-0.003484	-0.317587
3	5	6	-0.532284	0.537998	-0.227918	-0.470847	0.005713	-0.698765
4	3	6	1.027067	-1.033815	-0.540331	0.620764	-0.006747	0.080433
5	6	7	0.498623	-0.501121	-0.149098	-0.258708	-0.002498	-0.407806
6	7	8	-0.496280	0.492972	-0.090496	-0.197401	-0.003308	-0.287897
7	8	2	-1.095779	1.088992	0.549708	-0.458879	-0.006788	0.090828
8	8	9	0.605573	-0.599235	-0.351572	-0.210260	0.006338	-0.561832
9	9	4	-0.648191	0.646892	-0.289172	-0.034929	-0.001299	-0.324101

Summary
Total Pg           : 3.102369
Total Qg           : -1.221763
Total Load P       : 3.150000
Total Load Q       : 1.150000
Total Active Loss  : -0.019178
Total Reactive Loss: -2.367180
Total Load Supplied: 99.096724%

========================================================================================================================
Update time: 2026-06-10 15:58:33
Iteration: 26
rho: 80
alpha: 5.0747223
objective_value: 3.99929874223
feasible: False
max_abs_h: 4.272686125464e-03
l2_norm_h: 1.587931900793e-02
lambda_inf_norm: 1.261131977039e+00
lambda_l2_norm: 6.207134051982e+00
------------------------------------------------------------------------------------------------------------------------
Bus Results
BusID	V_R		V_I		Vmag		Pg		Qg		Pl		Ql
1	1.004273	-0.000022	1.004276	0.992610	-0.226002	0.000000	0.000000
2	0.977072	0.057465	0.978752	1.088427	-0.457073	0.000000	0.000000
3	0.985822	0.061570	0.987737	1.026632	-0.538865	0.000000	0.000000
4	1.017222	-0.057364	1.018843	0.000000	0.000000	0.000000	0.000000
5	1.016774	-0.091555	1.020891	0.000000	0.000000	0.900000	0.300000
6	1.021514	0.002370	1.021517	0.000000	0.000000	0.000000	0.000000
7	1.008923	-0.046344	1.009986	0.000000	0.000000	1.000000	0.350000
8	1.010278	-0.010645	1.010333	0.000000	0.000000	0.000000	0.000000
9	0.995730	-0.108879	1.001665	0.000000	0.000000	1.250000	0.500000

Branch Results
LineID	From	To	Pik		Pki		Qik		Qki		LossP		LossQ
1	1	4	0.996465	-1.003118	-0.225927	0.285407	-0.006653	0.059480
2	4	5	0.360230	-0.363359	-0.247950	-0.069644	-0.003128	-0.317594
3	5	6	-0.534011	0.540130	-0.229702	-0.469191	0.006119	-0.698893
4	3	6	1.030271	-1.036589	-0.538686	0.619336	-0.006319	0.080650
5	6	7	0.499085	-0.501236	-0.149372	-0.258772	-0.002151	-0.408144
6	7	8	-0.496330	0.493368	-0.090479	-0.197636	-0.002962	-0.288115
7	8	2	-1.098496	1.092139	0.547963	-0.456899	-0.006357	0.091064
8	8	9	0.607716	-0.600978	-0.349639	-0.212201	0.006738	-0.561840
9	9	4	-0.646612	0.645650	-0.287267	-0.036980	-0.000962	-0.324247

Summary
Total Pg           : 3.107669
Total Qg           : -1.221940
Total Load P       : 3.150000
Total Load Q       : 1.150000
Total Active Loss  : -0.015675
Total Reactive Loss: -2.367640
Total Load Supplied: 99.153774%

========================================================================================================================
Update time: 2026-06-10 16:00:35
Iteration: 27
rho: 80
alpha: 5.0747223
objective_value: 4.00604596254
feasible: False
max_abs_h: 4.013679133186e-03
l2_norm_h: 1.484707601283e-02
lambda_inf_norm: 1.272543083599e+00
lambda_l2_norm: 6.275308946238e+00
------------------------------------------------------------------------------------------------------------------------
Bus Results
BusID	V_R		V_I		Vmag		Pg		Qg		Pl		Ql
1	1.004014	-0.000045	1.004017	0.991010	-0.229833	0.000000	0.000000
2	0.977703	0.057951	0.979411	1.091690	-0.455131	0.000000	0.000000
3	0.986426	0.062076	0.988371	1.030073	-0.537178	0.000000	0.000000
4	1.017186	-0.057284	1.018802	0.000000	0.000000	0.000000	0.000000
5	1.016931	-0.091390	1.021032	0.000000	0.000000	0.900000	0.300000
6	1.022036	0.002747	1.022040	0.000000	0.000000	0.000000	0.000000
7	1.009474	-0.045980	1.010519	0.000000	0.000000	1.000000	0.350000
8	1.010807	-0.010285	1.010858	0.000000	0.000000	0.000000	0.000000
9	0.995891	-0.108714	1.001807	0.000000	0.000000	1.250000	0.500000

Branch Results
LineID	From	To	Pik		Pki		Qik		Qki		LossP		LossQ
1	1	4	0.994613	-1.000821	-0.229763	0.289174	-0.006209	0.059412
2	4	5	0.359008	-0.361785	-0.249698	-0.067911	-0.002777	-0.317608
3	5	6	-0.535761	0.542285	-0.231480	-0.467546	0.006524	-0.699026
4	3	6	1.033482	-1.039402	-0.537010	0.617887	-0.005920	0.080876
5	6	7	0.499572	-0.501389	-0.149623	-0.258850	-0.001816	-0.408473
6	7	8	-0.496339	0.493707	-0.090454	-0.197880	-0.002632	-0.288334
7	8	2	-1.101131	1.095171	0.546256	-0.454970	-0.005960	0.091286
8	8	9	0.609844	-0.602720	-0.347735	-0.214130	0.007124	-0.561866
9	9	4	-0.645031	0.644392	-0.285373	-0.039033	-0.000639	-0.324405

Summary
Total Pg           : 3.112773
Total Qg           : -1.222143
Total Load P       : 3.150000
Total Load Q       : 1.150000
Total Active Loss  : -0.012307
Total Reactive Loss: -2.368138
Total Load Supplied: 99.208883%

========================================================================================================================
Update time: 2026-06-10 16:02:37
Iteration: 28
rho: 80
alpha: 5.0747223
objective_value: 4.01231649906
feasible: False
max_abs_h: 3.800733822655e-03
l2_norm_h: 1.389298891519e-02
lambda_inf_norm: 1.283209859421e+00
lambda_l2_norm: 6.339182163301e+00
------------------------------------------------------------------------------------------------------------------------
Bus Results
BusID	V_R		V_I		Vmag		Pg		Qg		Pl		Ql
1	1.003801	-0.000057	1.003803	0.989400	-0.233767	0.000000	0.000000
2	0.978367	0.058422	0.980103	1.094804	-0.453343	0.000000	0.000000
3	0.987064	0.062561	0.989038	1.033320	-0.535644	0.000000	0.000000
4	1.017201	-0.057191	1.018811	0.000000	0.000000	0.000000	0.000000
5	1.017141	-0.091214	1.021226	0.000000	0.000000	0.900000	0.300000
6	1.022599	0.003114	1.022604	0.000000	0.000000	0.000000	0.000000
7	1.010068	-0.045619	1.011096	0.000000	0.000000	1.000000	0.350000
8	1.011377	-0.009930	1.011425	0.000000	0.000000	0.000000	0.000000
9	0.996107	-0.108538	1.002002	0.000000	0.000000	1.250000	0.500000

Branch Results
LineID	From	To	Pik		Pki		Qik		Qki		LossP		LossQ
1	1	4	0.992766	-0.998565	-0.233702	0.293039	-0.005799	0.059338
2	4	5	0.357814	-0.360270	-0.251492	-0.066168	-0.002457	-0.317660
3	5	6	-0.537437	0.544328	-0.233264	-0.465989	0.006891	-0.699253
4	3	6	1.036511	-1.042048	-0.535489	0.616571	-0.005537	0.081081
5	6	7	0.500013	-0.501518	-0.149913	-0.258939	-0.001505	-0.408852
6	7	8	-0.496359	0.494033	-0.090416	-0.198170	-0.002326	-0.288586
7	8	2	-1.103647	1.098067	0.544690	-0.453194	-0.005580	0.091496
8	8	9	0.611878	-0.604394	-0.345923	-0.216053	0.007484	-0.561976
9	9	4	-0.643504	0.643161	-0.283481	-0.041130	-0.000344	-0.324611

Summary
Total Pg           : 3.117523
Total Qg           : -1.222754
Total Load P       : 3.150000
Total Load Q       : 1.150000
Total Active Loss  : -0.009173
Total Reactive Loss: -2.369022
Total Load Supplied: 99.260210%

========================================================================================================================
Update time: 2026-06-10 16:04:38
Iteration: 29
rho: 80
alpha: 5.2269639
objective_value: 4.01823719343
feasible: False
max_abs_h: 3.574046748319e-03
l2_norm_h: 1.299031051117e-02
lambda_inf_norm: 1.293171495563e+00
lambda_l2_norm: 6.398967657502e+00
------------------------------------------------------------------------------------------------------------------------
Bus Results
BusID	V_R		V_I		Vmag		Pg		Qg		Pl		Ql
1	1.003574	0.000045	1.003577	0.987746	-0.237659	0.000000	0.000000
2	0.979004	0.059000	0.980774	1.097796	-0.451597	0.000000	0.000000
3	0.987664	0.063158	0.989676	1.036474	-0.534191	0.000000	0.000000
4	1.017207	-0.056981	1.018806	0.000000	0.000000	0.000000	0.000000
5	1.017343	-0.090923	1.021401	0.000000	0.000000	0.900000	0.300000
6	1.023136	0.003601	1.023143	0.000000	0.000000	0.000000	0.000000
7	1.010647	-0.045143	1.011654	0.000000	0.000000	1.000000	0.350000
8	1.011930	-0.009460	1.011973	0.000000	0.000000	0.000000	0.000000
9	0.996319	-0.108249	1.002182	0.000000	0.000000	1.250000	0.500000

Branch Results
LineID	From	To	Pik		Pki		Qik		Qki		LossP		LossQ
1	1	4	0.990888	-0.996293	-0.237597	0.296856	-0.005405	0.059259
2	4	5	0.356616	-0.358762	-0.253246	-0.064460	-0.002145	-0.317706
3	5	6	-0.539101	0.546346	-0.235008	-0.464450	0.007245	-0.699459
4	3	6	1.039463	-1.044639	-0.534047	0.615327	-0.005176	0.081280
5	6	7	0.500438	-0.501655	-0.150250	-0.258986	-0.001218	-0.409236
6	7	8	-0.496362	0.494323	-0.090405	-0.198449	-0.002039	-0.288853
7	8	2	-1.106085	1.100856	0.543136	-0.451456	-0.005228	0.091680
8	8	9	0.613878	-0.606059	-0.344122	-0.217963	0.007819	-0.562085
9	9	4	-0.641978	0.641920	-0.281595	-0.043217	-0.000058	-0.324813

Summary
Total Pg           : 3.122016
Total Qg           : -1.223447
Total Load P       : 3.150000
Total Load Q       : 1.150000
Total Active Loss  : -0.006205
Total Reactive Loss: -2.369933
Total Load Supplied: 99.308594%

========================================================================================================================
Update time: 2026-06-10 16:06:41
Iteration: 30
rho: 80
alpha: 5.2269639
objective_value: 4.0238242682
feasible: False
max_abs_h: 3.336482101822e-03
l2_norm_h: 1.213639860820e-02
lambda_inf_norm: 1.302743612799e+00
lambda_l2_norm: 6.456555089323e+00
------------------------------------------------------------------------------------------------------------------------
Bus Results
BusID	V_R		V_I		Vmag		Pg		Qg		Pl		Ql
1	1.003336	-0.000041	1.003339	0.986069	-0.241423	0.000000	0.000000
2	0.979607	0.059383	0.981399	1.100678	-0.449913	0.000000	0.000000
3	0.988242	0.063558	0.990280	1.039514	-0.532759	0.000000	0.000000
4	1.017185	-0.056963	1.018781	0.000000	0.000000	0.000000	0.000000
5	1.017507	-0.090825	1.021555	0.000000	0.000000	0.900000	0.300000
6	1.023642	0.003886	1.023651	0.000000	0.000000	0.000000	0.000000
7	1.011180	-0.044866	1.012174	0.000000	0.000000	1.000000	0.350000
8	1.012440	-0.009189	1.012481	0.000000	0.000000	0.000000	0.000000
9	0.996482	-0.108150	1.002334	0.000000	0.000000	1.250000	0.500000

Branch Results
LineID	From	To	Pik		Pki		Qik		Qki		LossP		LossQ
1	1	4	0.989003	-0.994049	-0.241363	0.300544	-0.005045	0.059180
2	4	5	0.355430	-0.357294	-0.254973	-0.062783	-0.001863	-0.317756
3	5	6	-0.540711	0.548294	-0.236707	-0.462959	0.007584	-0.699666
4	3	6	1.042313	-1.047156	-0.532625	0.614089	-0.004842	0.081464
5	6	7	0.500859	-0.501787	-0.150534	-0.259068	-0.000929	-0.409602
6	7	8	-0.496363	0.494600	-0.090354	-0.198747	-0.001762	-0.289102
7	8	2	-1.108434	1.103548	0.541649	-0.449783	-0.004885	0.091866
8	8	9	0.615807	-0.607661	-0.342369	-0.219793	0.008146	-0.562162
9	9	4	-0.640508	0.640714	-0.279789	-0.045201	0.000206	-0.324990

Summary
Total Pg           : 3.126261
Total Qg           : -1.224095
Total Load P       : 3.150000
Total Load Q       : 1.150000
Total Active Loss  : -0.003391
Total Reactive Loss: -2.370767
Total Load Supplied: 99.354049%

========================================================================================================================
Update time: 2026-06-10 16:08:43
Iteration: 31
rho: 80
alpha: 5.2269639
objective_value: 4.02914825971
feasible: False
max_abs_h: 3.120242610423e-03
l2_norm_h: 1.131939767101e-02
lambda_inf_norm: 1.311666546948e+00
lambda_l2_norm: 6.510322219707e+00
------------------------------------------------------------------------------------------------------------------------
Bus Results
BusID	V_R		V_I		Vmag		Pg		Qg		Pl		Ql
1	1.003120	-0.000128	1.003122	0.984398	-0.245209	0.000000	0.000000
2	0.980233	0.059744	0.982047	1.103444	-0.448258	0.000000	0.000000
3	0.988841	0.063939	0.990901	1.042468	-0.531356	0.000000	0.000000
4	1.017184	-0.056947	1.018780	0.000000	0.000000	0.000000	0.000000
5	1.017691	-0.090730	1.021730	0.000000	0.000000	0.900000	0.300000
6	1.024168	0.004158	1.024177	0.000000	0.000000	0.000000	0.000000
7	1.011733	-0.044600	1.012715	0.000000	0.000000	1.000000	0.350000
8	1.012973	-0.008932	1.013012	0.000000	0.000000	0.000000	0.000000
9	0.996670	-0.108054	1.002510	0.000000	0.000000	1.250000	0.500000

Branch Results
LineID	From	To	Pik		Pki		Qik		Qki		LossP		LossQ
1	1	4	0.987133	-0.991836	-0.245154	0.304259	-0.004703	0.059105
2	4	5	0.354264	-0.355860	-0.256697	-0.061113	-0.001596	-0.317810
3	5	6	-0.542283	0.550191	-0.238409	-0.461472	0.007909	-0.699881
4	3	6	1.045084	-1.049598	-0.531231	0.612871	-0.004514	0.081640
5	6	7	0.501265	-0.501931	-0.150842	-0.259139	-0.000666	-0.409981
6	7	8	-0.496348	0.494849	-0.090319	-0.199040	-0.001498	-0.289360
7	8	2	-1.110689	1.106130	0.540173	-0.448137	-0.004559	0.092036
8	8	9	0.617679	-0.609220	-0.340634	-0.221638	0.008459	-0.562272
9	9	4	-0.639073	0.639524	-0.277970	-0.047214	0.000451	-0.325184

Summary
Total Pg           : 3.130310
Total Qg           : -1.224823
Total Load P       : 3.150000
Total Load Q       : 1.150000
Total Active Loss  : -0.000717
Total Reactive Loss: -2.371706
Total Load Supplied: 99.397678%

========================================================================================================================
Update time: 2026-06-10 16:10:46
Iteration: 32
rho: 80
alpha: 5.2269639
objective_value: 4.03411184127
feasible: False
max_abs_h: 2.890441275392e-03
l2_norm_h: 1.054832749913e-02
lambda_inf_norm: 1.319933838583e+00
lambda_l2_norm: 6.560510124553e+00
------------------------------------------------------------------------------------------------------------------------
Bus Results
BusID	V_R		V_I		Vmag		Pg		Qg		Pl		Ql
1	1.002890	-0.000011	1.002892	0.982613	-0.248891	0.000000	0.000000
2	0.980813	0.060321	0.982661	1.106153	-0.446612	0.000000	0.000000
3	0.989390	0.064537	0.991490	1.045331	-0.529957	0.000000	0.000000
4	1.017176	-0.056718	1.018758	0.000000	0.000000	0.000000	0.000000
5	1.017870	-0.090418	1.021880	0.000000	0.000000	0.900000	0.300000
6	1.024660	0.004656	1.024671	0.000000	0.000000	0.000000	0.000000
7	1.012264	-0.044112	1.013224	0.000000	0.000000	1.000000	0.350000
8	1.013477	-0.008452	1.013512	0.000000	0.000000	0.000000	0.000000
9	0.996856	-0.107749	1.002662	0.000000	0.000000	1.250000	0.500000

Branch Results
LineID	From	To	Pik		Pki		Qik		Qki		LossP		LossQ
1	1	4	0.985160	-0.989537	-0.248838	0.307847	-0.004376	0.059009
2	4	5	0.353043	-0.354387	-0.258349	-0.059505	-0.001344	-0.317854
3	5	6	-0.543880	0.552087	-0.240049	-0.460002	0.008206	-0.700052
4	3	6	1.047778	-1.051998	-0.529839	0.611659	-0.004219	0.081819
5	6	7	0.501646	-0.502069	-0.151136	-0.259190	-0.000423	-0.410326
6	7	8	-0.496329	0.495071	-0.090304	-0.199305	-0.001258	-0.289609
7	8	2	-1.112927	1.108667	0.538697	-0.446498	-0.004260	0.092199
8	8	9	0.619568	-0.610806	-0.338921	-0.223428	0.008762	-0.562349
9	9	4	-0.637612	0.638309	-0.276200	-0.049168	0.000696	-0.325369

Summary
Total Pg           : 3.134098
Total Qg           : -1.225460
Total Load P       : 3.150000
Total Load Q       : 1.150000
Total Active Loss  : 0.001784
Total Reactive Loss: -2.372530
Total Load Supplied: 99.438528%

========================================================================================================================
Update time: 2026-06-10 16:12:50
Iteration: 33
rho: 80
alpha: 5.3837728
objective_value: 4.03878093889
feasible: False
max_abs_h: 2.737620482921e-03
l2_norm_h: 9.835166448723e-03
lambda_inf_norm: 1.327650377542e+00
lambda_l2_norm: 6.607307473463e+00
------------------------------------------------------------------------------------------------------------------------
Bus Results
BusID	V_R		V_I		Vmag		Pg		Qg		Pl		Ql
1	1.002738	-0.000025	1.002740	0.980871	-0.252557	0.000000	0.000000
2	0.981449	0.060744	0.983323	1.108705	-0.445130	0.000000	0.000000
3	0.989994	0.064981	0.992121	1.048087	-0.528753	0.000000	0.000000
4	1.017236	-0.056622	1.018814	0.000000	0.000000	0.000000	0.000000
5	1.018109	-0.090242	1.022103	0.000000	0.000000	0.900000	0.300000
6	1.025206	0.005004	1.025219	0.000000	0.000000	0.000000	0.000000
7	1.012845	-0.043768	1.013790	0.000000	0.000000	1.000000	0.350000
8	1.014034	-0.008118	1.014067	0.000000	0.000000	0.000000	0.000000
9	0.997103	-0.107571	1.002889	0.000000	0.000000	1.250000	0.500000

Branch Results
LineID	From	To	Pik		Pki		Qik		Qki		LossP		LossQ
1	1	4	0.983240	-0.987309	-0.252509	0.311431	-0.004069	0.058922
2	4	5	0.351889	-0.352988	-0.260003	-0.057936	-0.001099	-0.317938
3	5	6	-0.545406	0.553903	-0.241650	-0.458678	0.008498	-0.700329
4	3	6	1.050369	-1.054295	-0.528648	0.610640	-0.003926	0.081992
5	6	7	0.502004	-0.502193	-0.151480	-0.259246	-0.000189	-0.410726
6	7	8	-0.496315	0.495283	-0.090285	-0.199599	-0.001032	-0.289884
7	8	2	-1.115042	1.111059	0.537386	-0.445026	-0.003983	0.092360
8	8	9	0.621357	-0.612326	-0.337348	-0.225173	0.009030	-0.562521
9	9	4	-0.636198	0.637108	-0.274479	-0.051122	0.000910	-0.325601

Summary
Total Pg           : 3.137664
Total Qg           : -1.226440
Total Load P       : 3.150000
Total Load Q       : 1.150000
Total Active Loss  : 0.004140
Total Reactive Loss: -2.373724
Total Load Supplied: 99.476943%

========================================================================================================================
Update time: 2026-06-10 16:14:53
Iteration: 34
rho: 80
alpha: 5.3837728
objective_value: 4.04300459888
feasible: False
max_abs_h: 2.588145149181e-03
l2_norm_h: 9.188086645924e-03
lambda_inf_norm: 1.335093876639e+00
lambda_l2_norm: 6.652333014552e+00
------------------------------------------------------------------------------------------------------------------------
Bus Results
BusID	V_R		V_I		Vmag		Pg		Qg		Pl		Ql
1	1.002588	-0.000033	1.002589	0.979077	-0.256271	0.000000	0.000000
2	0.982084	0.061160	0.983982	1.111158	-0.443729	0.000000	0.000000
3	0.990600	0.065412	0.992753	1.050667	-0.527626	0.000000	0.000000
4	1.017302	-0.056518	1.018872	0.000000	0.000000	0.000000	0.000000
5	1.018357	-0.090060	1.022333	0.000000	0.000000	0.900000	0.300000
6	1.025757	0.005346	1.025771	0.000000	0.000000	0.000000	0.000000
7	1.013431	-0.043427	1.014360	0.000000	0.000000	1.000000	0.350000
8	1.014595	-0.007787	1.014624	0.000000	0.000000	0.000000	0.000000
9	0.997356	-0.107387	1.003120	0.000000	0.000000	1.250000	0.500000

Branch Results
LineID	From	To	Pik		Pki		Qik		Qki		LossP		LossQ
1	1	4	0.981284	-0.985080	-0.256225	0.315063	-0.003796	0.058838
2	4	5	0.350742	-0.351627	-0.261701	-0.056338	-0.000885	-0.318038
3	5	6	-0.546877	0.555645	-0.243271	-0.457382	0.008768	-0.700654
4	3	6	1.052803	-1.056474	-0.527527	0.609674	-0.003672	0.082148
5	6	7	0.502329	-0.502299	-0.151838	-0.259317	0.000029	-0.411155
6	7	8	-0.496313	0.495490	-0.090241	-0.199935	-0.000823	-0.290176
7	8	2	-1.117079	1.113360	0.536129	-0.443631	-0.003719	0.092498
8	8	9	0.623078	-0.613802	-0.335787	-0.226920	0.009277	-0.562707
9	9	4	-0.634816	0.635913	-0.272757	-0.053076	0.001097	-0.325833

Summary
Total Pg           : 3.140902
Total Qg           : -1.227625
Total Load P       : 3.150000
Total Load Q       : 1.150000
Total Active Loss  : 0.006278
Total Reactive Loss: -2.375079
Total Load Supplied: 99.511875%

========================================================================================================================
Update time: 2026-06-10 16:16:56
Iteration: 35
rho: 80
alpha: 5.3837728
objective_value: 4.0472233115
feasible: False
max_abs_h: 2.400648972620e-03
l2_norm_h: 8.539216360462e-03
lambda_inf_norm: 1.341977879436e+00
lambda_l2_norm: 6.694185326178e+00
------------------------------------------------------------------------------------------------------------------------
Bus Results
BusID	V_R		V_I		Vmag		Pg		Qg		Pl		Ql
1	1.002401	-0.000059	1.002402	0.977358	-0.259740	0.000000	0.000000
2	0.982645	0.061552	0.984567	1.113550	-0.442307	0.000000	0.000000
3	0.991132	0.065823	0.993312	1.053222	-0.526476	0.000000	0.000000
4	1.017315	-0.056440	1.018881	0.000000	0.000000	0.000000	0.000000
5	1.018541	-0.089905	1.022503	0.000000	0.000000	0.900000	0.300000
6	1.026234	0.005665	1.026251	0.000000	0.000000	0.000000	0.000000
7	1.013940	-0.043112	1.014856	0.000000	0.000000	1.000000	0.350000
8	1.015082	-0.007482	1.015110	0.000000	0.000000	0.000000	0.000000
9	0.997544	-0.107234	1.003291	0.000000	0.000000	1.250000	0.500000

Branch Results
LineID	From	To	Pik		Pki		Qik		Qki		LossP		LossQ
1	1	4	0.979408	-0.982926	-0.259696	0.318446	-0.003518	0.058749
2	4	5	0.349608	-0.350281	-0.263264	-0.054844	-0.000672	-0.318108
3	5	6	-0.548329	0.557351	-0.244787	-0.456090	0.009021	-0.700877
4	3	6	1.055215	-1.058619	-0.526383	0.608673	-0.003404	0.082290
5	6	7	0.502662	-0.502427	-0.152153	-0.259367	0.000235	-0.411520
6	7	8	-0.496285	0.495675	-0.090215	-0.200219	-0.000611	-0.290434
7	8	2	-1.119076	1.115607	0.534864	-0.442217	-0.003469	0.092646
8	8	9	0.624781	-0.615242	-0.334259	-0.228570	0.009538	-0.562829
9	9	4	-0.633479	0.634778	-0.271121	-0.054910	0.001299	-0.326031

Summary
Total Pg           : 3.144130
Total Qg           : -1.228523
Total Load P       : 3.150000
Total Load Q       : 1.150000
Total Active Loss  : 0.008419
Total Reactive Loss: -2.376115
Total Load Supplied: 99.546368%

========================================================================================================================
Update time: 2026-06-10 16:18:58
Iteration: 36
rho: 80
alpha: 5.3837728
objective_value: 4.05113901645
feasible: False
max_abs_h: 2.202647815602e-03
l2_norm_h: 7.920619867472e-03
lambda_inf_norm: 1.348342996369e+00
lambda_l2_norm: 6.733082537584e+00
------------------------------------------------------------------------------------------------------------------------
Bus Results
BusID	V_R		V_I		Vmag		Pg		Qg		Pl		Ql
1	1.002203	-0.000119	1.002204	0.975574	-0.263360	0.000000	0.000000
2	0.983243	0.061890	0.985185	1.115788	-0.440812	0.000000	0.000000
3	0.991702	0.066199	0.993906	1.055775	-0.525208	0.000000	0.000000
4	1.017326	-0.056393	1.018889	0.000000	0.000000	0.000000	0.000000
5	1.018729	-0.089781	1.022679	0.000000	0.000000	0.900000	0.300000
6	1.026739	0.005949	1.026757	0.000000	0.000000	0.000000	0.000000
7	1.014474	-0.042837	1.015378	0.000000	0.000000	1.000000	0.350000
8	1.015595	-0.007223	1.015620	0.000000	0.000000	0.000000	0.000000
9	0.997736	-0.107113	1.003469	0.000000	0.000000	1.250000	0.500000

Branch Results
LineID	From	To	Pik		Pki		Qik		Qki		LossP		LossQ
1	1	4	0.977476	-0.980738	-0.263319	0.321995	-0.003261	0.058676
2	4	5	0.348448	-0.348916	-0.264910	-0.053249	-0.000468	-0.318159
3	5	6	-0.549798	0.559070	-0.246411	-0.454698	0.009272	-0.701109
4	3	6	1.057633	-1.060812	-0.525121	0.607561	-0.003179	0.082440
5	6	7	0.503036	-0.502608	-0.152466	-0.259423	0.000428	-0.411889
6	7	8	-0.496198	0.495776	-0.090192	-0.200507	-0.000422	-0.290699
7	8	2	-1.120935	1.117710	0.533489	-0.440729	-0.003226	0.092760
8	8	9	0.626440	-0.616661	-0.332623	-0.230339	0.009779	-0.562962
9	9	4	-0.632157	0.633641	-0.269378	-0.056836	0.001484	-0.326214

Summary
Total Pg           : 3.147137
Total Qg           : -1.229381
Total Load P       : 3.150000
Total Load Q       : 1.150000
Total Active Loss  : 0.010407
Total Reactive Loss: -2.377157
Total Load Supplied: 99.578721%

========================================================================================================================
Update time: 2026-06-10 16:21:01
Iteration: 37
rho: 80
alpha: 5.545286
objective_value: 4.05475303375
feasible: False
max_abs_h: 2.083828982373e-03
l2_norm_h: 7.364624315424e-03
lambda_inf_norm: 1.354256604548e+00
lambda_l2_norm: 6.769229460705e+00
------------------------------------------------------------------------------------------------------------------------
Bus Results
BusID	V_R		V_I		Vmag		Pg		Qg		Pl		Ql
1	1.002084	-0.000022	1.002084	0.973778	-0.267074	0.000000	0.000000
2	0.983854	0.062367	0.985825	1.117905	-0.439703	0.000000	0.000000
3	0.992334	0.066711	0.994570	1.058237	-0.524003	0.000000	0.000000
4	1.017428	-0.056184	1.018979	0.000000	0.000000	0.000000	0.000000
5	1.019020	-0.089495	1.022942	0.000000	0.000000	0.900000	0.300000
6	1.027315	0.006382	1.027335	0.000000	0.000000	0.000000	0.000000
7	1.015074	-0.042408	1.015958	0.000000	0.000000	1.000000	0.350000
8	1.016154	-0.006809	1.016176	0.000000	0.000000	0.000000	0.000000
9	0.998023	-0.106832	1.003723	0.000000	0.000000	1.250000	0.500000

Branch Results
LineID	From	To	Pik		Pki		Qik		Qki		LossP		LossQ
1	1	4	0.975544	-0.978573	-0.267037	0.325625	-0.003029	0.058588
2	4	5	0.347298	-0.347587	-0.266655	-0.051634	-0.000289	-0.318289
3	5	6	-0.551219	0.560720	-0.248046	-0.453445	0.009501	-0.701490
4	3	6	1.059971	-1.062921	-0.523922	0.606491	-0.002951	0.082569
5	6	7	0.503398	-0.502785	-0.152676	-0.259644	0.000614	-0.412320
6	7	8	-0.496109	0.495863	-0.090003	-0.200992	-0.000246	-0.290995
7	8	2	-1.122689	1.119699	0.532516	-0.439631	-0.002990	0.092885
8	8	9	0.628013	-0.618017	-0.331196	-0.231998	0.009996	-0.563194
9	9	4	-0.630885	0.632531	-0.267738	-0.058733	0.001647	-0.326471

Summary
Total Pg           : 3.149921
Total Qg           : -1.230780
Total Load P       : 3.150000
Total Load Q       : 1.150000
Total Active Loss  : 0.012253
Total Reactive Loss: -2.378716
Total Load Supplied: 99.608501%

========================================================================================================================
Update time: 2026-06-10 16:23:04
Iteration: 38
rho: 80
alpha: 5.545286
objective_value: 4.05801043709
feasible: False
max_abs_h: 1.968624882655e-03
l2_norm_h: 6.864480512468e-03
lambda_inf_norm: 1.359916286731e+00
lambda_l2_norm: 6.803895084258e+00
------------------------------------------------------------------------------------------------------------------------
Bus Results
BusID	V_R		V_I		Vmag		Pg		Qg		Pl		Ql
1	1.001969	-0.000066	1.001969	0.971974	-0.270688	0.000000	0.000000
2	0.984478	0.062697	0.986469	1.119918	-0.438526	0.000000	0.000000
3	0.992926	0.067077	0.995186	1.060548	-0.523056	0.000000	0.000000
4	1.017520	-0.056117	1.019067	0.000000	0.000000	0.000000	0.000000
5	1.019284	-0.089352	1.023193	0.000000	0.000000	0.900000	0.300000
6	1.027860	0.006670	1.027882	0.000000	0.000000	0.000000	0.000000
7	1.015654	-0.042124	1.016526	0.000000	0.000000	1.000000	0.350000
8	1.016712	-0.006543	1.016732	0.000000	0.000000	0.000000	0.000000
9	0.998295	-0.106691	1.003979	0.000000	0.000000	1.250000	0.500000

Branch Results
LineID	From	To	Pik		Pki		Qik		Qki		LossP		LossQ
1	1	4	0.973613	-0.976420	-0.270652	0.329149	-0.002807	0.058497
2	4	5	0.346167	-0.346291	-0.268274	-0.050132	-0.000124	-0.318406
3	5	6	-0.552598	0.562304	-0.249570	-0.452269	0.009705	-0.701840
4	3	6	1.062165	-1.064913	-0.522983	0.605687	-0.002748	0.082704
5	6	7	0.503725	-0.502950	-0.153074	-0.259679	0.000775	-0.412754
6	7	8	-0.496023	0.495942	-0.089987	-0.201330	-0.000081	-0.291317
7	8	2	-1.124391	1.121593	0.531433	-0.438457	-0.002799	0.092976
8	8	9	0.629553	-0.619354	-0.329788	-0.233666	0.010199	-0.563455
9	9	4	-0.629625	0.631420	-0.266080	-0.060651	0.001795	-0.326731

Summary
Total Pg           : 3.152440
Total Qg           : -1.232271
Total Load P       : 3.150000
Total Load Q       : 1.150000
Total Active Loss  : 0.013915
Total Reactive Loss: -2.380325
Total Load Supplied: 99.635705%

========================================================================================================================
Update time: 2026-06-10 16:25:08
Iteration: 39
rho: 80
alpha: 5.545286
objective_value: 4.06120319185
feasible: False
max_abs_h: 1.826813770966e-03
l2_norm_h: 6.367615471058e-03
lambda_inf_norm: 1.365161321892e+00
lambda_l2_norm: 6.836045446110e+00
------------------------------------------------------------------------------------------------------------------------
Bus Results
BusID	V_R		V_I		Vmag		Pg		Qg		Pl		Ql
1	1.001827	-0.000022	1.001826	0.970183	-0.274176	0.000000	0.000000
2	0.985044	0.063109	0.987060	1.121875	-0.437381	0.000000	0.000000
3	0.993487	0.067526	0.995778	1.062851	-0.521992	0.000000	0.000000
4	1.017584	-0.055964	1.019121	0.000000	0.000000	0.000000	0.000000
5	1.019521	-0.089124	1.023410	0.000000	0.000000	0.900000	0.300000
6	1.028372	0.007043	1.028397	0.000000	0.000000	0.000000	0.000000
7	1.016195	-0.041757	1.017051	0.000000	0.000000	1.000000	0.350000
8	1.017221	-0.006192	1.017239	0.000000	0.000000	0.000000	0.000000
9	0.998534	-0.106467	1.004191	0.000000	0.000000	1.250000	0.500000

Branch Results
LineID	From	To	Pik		Pki		Qik		Qki		LossP		LossQ
1	1	4	0.971700	-0.974298	-0.274143	0.332555	-0.002597	0.058412
2	4	5	0.345047	-0.345007	-0.269879	-0.048629	0.000040	-0.318508
3	5	6	-0.553966	0.563878	-0.251089	-0.451067	0.009912	-0.702156
4	3	6	1.064353	-1.066904	-0.521923	0.604746	-0.002551	0.082824
5	6	7	0.504058	-0.503123	-0.153355	-0.259804	0.000935	-0.413160
6	7	8	-0.495928	0.496004	-0.089882	-0.201721	0.000076	-0.291603
7	8	2	-1.126041	1.123439	0.530398	-0.437319	-0.002602	0.093079
8	8	9	0.631059	-0.620663	-0.328386	-0.235266	0.010396	-0.563652
9	9	4	-0.628391	0.630330	-0.264494	-0.062466	0.001939	-0.326960

Summary
Total Pg           : 3.154909
Total Qg           : -1.233550
Total Load P       : 3.150000
Total Load Q       : 1.150000
Total Active Loss  : 0.015547
Total Reactive Loss: -2.381724
Total Load Supplied: 99.662272%

========================================================================================================================
Update time: 2026-06-10 16:27:13
Iteration: 40
rho: 80
alpha: 5.545286
objective_value: 4.06416707692
feasible: False
max_abs_h: 1.724449270954e-03
l2_norm_h: 5.911150842539e-03
lambda_inf_norm: 1.370008029585e+00
lambda_l2_norm: 6.865851966633e+00
------------------------------------------------------------------------------------------------------------------------
Bus Results
BusID	V_R		V_I		Vmag		Pg		Qg		Pl		Ql
1	1.001724	-0.000003	1.001724	0.968441	-0.277537	0.000000	0.000000
2	0.985626	0.063494	0.987666	1.123824	-0.436237	0.000000	0.000000
3	0.994035	0.067927	0.996352	1.064939	-0.521139	0.000000	0.000000
4	1.017677	-0.055838	1.019209	0.000000	0.000000	0.000000	0.000000
5	1.019777	-0.088926	1.023648	0.000000	0.000000	0.900000	0.300000
6	1.028881	0.007376	1.028908	0.000000	0.000000	0.000000	0.000000
7	1.016740	-0.041421	1.017583	0.000000	0.000000	1.000000	0.350000
8	1.017743	-0.005870	1.017760	0.000000	0.000000	0.000000	0.000000
9	0.998796	-0.106269	1.004433	0.000000	0.000000	1.250000	0.500000

Branch Results
LineID	From	To	Pik		Pki		Qik		Qki		LossP		LossQ
1	1	4	0.969843	-0.972242	-0.277503	0.335826	-0.002399	0.058323
2	4	5	0.343986	-0.343795	-0.271399	-0.047229	0.000191	-0.318628
3	5	6	-0.555255	0.565359	-0.252504	-0.449988	0.010104	-0.702492
4	3	6	1.066337	-1.068703	-0.521076	0.604017	-0.002366	0.082941
5	6	7	0.504298	-0.503216	-0.153725	-0.259845	0.001082	-0.413570
6	7	8	-0.495902	0.496118	-0.089864	-0.202024	0.000217	-0.291888
7	8	2	-1.127704	1.125280	0.529355	-0.436177	-0.002424	0.093178
8	8	9	0.632535	-0.621953	-0.327061	-0.236806	0.010582	-0.563867
9	9	4	-0.627173	0.629252	-0.262972	-0.064229	0.002080	-0.327201

Summary
Total Pg           : 3.157204
Total Qg           : -1.234913
Total Load P       : 3.150000
Total Load Q       : 1.150000
Total Active Loss  : 0.017067
Total Reactive Loss: -2.383203
Total Load Supplied: 99.686904%

========================================================================================================================
Update time: 2026-06-10 16:29:17
Iteration: 41
rho: 80
alpha: 5.7116446
objective_value: 4.06691781314
feasible: False
max_abs_h: 1.589813558442e-03
l2_norm_h: 5.477579384797e-03
lambda_inf_norm: 1.374496934223e+00
lambda_l2_norm: 6.893477063939e+00
------------------------------------------------------------------------------------------------------------------------
Bus Results
BusID	V_R		V_I		Vmag		Pg		Qg		Pl		Ql
1	1.001590	-0.000017	1.001590	0.966655	-0.280878	0.000000	0.000000
2	0.986180	0.063830	0.988242	1.125639	-0.435113	0.000000	0.000000
3	0.994566	0.068299	0.996907	1.067050	-0.520186	0.000000	0.000000
4	1.017737	-0.055746	1.019263	0.000000	0.000000	0.000000	0.000000
5	1.019999	-0.088761	1.023854	0.000000	0.000000	0.900000	0.300000
6	1.029366	0.007677	1.029395	0.000000	0.000000	0.000000	0.000000
7	1.017257	-0.041125	1.018088	0.000000	0.000000	1.000000	0.350000
8	1.018236	-0.005590	1.018251	0.000000	0.000000	0.000000	0.000000
9	0.999023	-0.106108	1.004642	0.000000	0.000000	1.250000	0.500000

Branch Results
LineID	From	To	Pik		Pki		Qik		Qki		LossP		LossQ
1	1	4	0.967950	-0.970171	-0.280847	0.339086	-0.002220	0.058239
2	4	5	0.342903	-0.342576	-0.272902	-0.045818	0.000328	-0.318720
3	5	6	-0.556546	0.566835	-0.253935	-0.448846	0.010289	-0.702781
4	3	6	1.068353	-1.070550	-0.520127	0.603186	-0.002197	0.083059
5	6	7	0.504597	-0.503374	-0.154058	-0.259894	0.001224	-0.413952
6	7	8	-0.495814	0.496168	-0.089831	-0.202345	0.000354	-0.292176
7	8	2	-1.129250	1.126997	0.528315	-0.435057	-0.002254	0.093258
8	8	9	0.633960	-0.623200	-0.325713	-0.238363	0.010759	-0.564076
9	9	4	-0.625990	0.628190	-0.261424	-0.065999	0.002200	-0.327422

Summary
Total Pg           : 3.159344
Total Qg           : -1.236177
Total Load P       : 3.150000
Total Load Q       : 1.150000
Total Active Loss  : 0.018482
Total Reactive Loss: -2.384572
Total Load Supplied: 99.709879%

========================================================================================================================
Update time: 2026-06-10 16:31:21
Iteration: 42
rho: 80
alpha: 5.7116446
objective_value: 4.06944842681
feasible: False
max_abs_h: 1.498707012180e-03
l2_norm_h: 5.082854484361e-03
lambda_inf_norm: 1.378773402792e+00
lambda_l2_norm: 6.919851549960e+00
------------------------------------------------------------------------------------------------------------------------
Bus Results
BusID	V_R		V_I		Vmag		Pg		Qg		Pl		Ql
1	1.001499	-0.000005	1.001499	0.964854	-0.284253	0.000000	0.000000
2	0.986770	0.064188	0.988854	1.127412	-0.434027	0.000000	0.000000
3	0.995122	0.068686	0.997488	1.069054	-0.519383	0.000000	0.000000
4	1.017842	-0.055625	1.019361	0.000000	0.000000	0.000000	0.000000
5	1.020267	-0.088567	1.024104	0.000000	0.000000	0.900000	0.300000
6	1.029883	0.008001	1.029914	0.000000	0.000000	0.000000	0.000000
7	1.017812	-0.040802	1.018629	0.000000	0.000000	1.000000	0.350000
8	1.018768	-0.005284	1.018781	0.000000	0.000000	0.000000	0.000000
9	0.999298	-0.105915	1.004895	0.000000	0.000000	1.250000	0.500000

Branch Results
LineID	From	To	Pik		Pki		Qik		Qki		LossP		LossQ
1	1	4	0.966051	-0.968104	-0.284222	0.342375	-0.002052	0.058153
2	4	5	0.341832	-0.341375	-0.274422	-0.044421	0.000457	-0.318843
3	5	6	-0.557812	0.568268	-0.255349	-0.447788	0.010456	-0.703137
4	3	6	1.070265	-1.072305	-0.519330	0.602500	-0.002040	0.083170
5	6	7	0.504855	-0.503508	-0.154451	-0.259923	0.001347	-0.414374
6	7	8	-0.495741	0.496220	-0.089821	-0.202659	0.000479	-0.292480
7	8	2	-1.130770	1.128679	0.527311	-0.433975	-0.002091	0.093335
8	8	9	0.635362	-0.624440	-0.324414	-0.239912	0.010922	-0.564326
9	9	4	-0.624811	0.627124	-0.259891	-0.067781	0.002313	-0.327671

Summary
Total Pg           : 3.161320
Total Qg           : -1.237662
Total Load P       : 3.150000
Total Load Q       : 1.150000
Total Active Loss  : 0.019790
Total Reactive Loss: -2.386174
Total Load Supplied: 99.731104%

========================================================================================================================
Update time: 2026-06-10 16:33:26
Iteration: 43
rho: 80
alpha: 5.7116446
objective_value: 4.07187736908
feasible: False
max_abs_h: 1.441123913037e-03
l2_norm_h: 4.711623150354e-03
lambda_inf_norm: 1.382710841028e+00
lambda_l2_norm: 6.944218878397e+00
------------------------------------------------------------------------------------------------------------------------
Bus Results
BusID	V_R		V_I		Vmag		Pg		Qg		Pl		Ql
1	1.001441	0.000077	1.001441	0.963021	-0.287791	0.000000	0.000000
2	0.987410	0.064615	0.989519	1.129179	-0.432977	0.000000	0.000000
3	0.995718	0.069137	0.998114	1.071023	-0.518667	0.000000	0.000000
4	1.017994	-0.055429	1.019502	0.000000	0.000000	0.000000	0.000000
5	1.020589	-0.088298	1.024401	0.000000	0.000000	0.900000	0.300000
6	1.030450	0.008395	1.030484	0.000000	0.000000	0.000000	0.000000
7	1.018424	-0.040403	1.019224	0.000000	0.000000	1.000000	0.350000
8	1.019354	-0.004904	1.019365	0.000000	0.000000	0.000000	0.000000
9	0.999632	-0.105648	1.005198	0.000000	0.000000	1.250000	0.500000

Branch Results
LineID	From	To	Pik		Pki		Qik		Qki		LossP		LossQ
1	1	4	0.964122	-0.966007	-0.287766	0.345835	-0.001885	0.058069
2	4	5	0.340756	-0.340171	-0.276013	-0.042979	0.000585	-0.318992
3	5	6	-0.559082	0.569704	-0.256809	-0.446755	0.010622	-0.703564
4	3	6	1.072148	-1.074033	-0.518620	0.601895	-0.001884	0.083276
5	6	7	0.505083	-0.503618	-0.154902	-0.259937	0.001466	-0.414839
6	7	8	-0.495687	0.496279	-0.089830	-0.202987	0.000592	-0.292817
7	8	2	-1.132306	1.130357	0.526334	-0.432929	-0.001948	0.093405
8	8	9	0.636780	-0.625699	-0.323126	-0.241520	0.011081	-0.564646
9	9	4	-0.623612	0.626036	-0.258297	-0.069664	0.002424	-0.327961

Summary
Total Pg           : 3.163222
Total Qg           : -1.239435
Total Load P       : 3.150000
Total Load Q       : 1.150000
Total Active Loss  : 0.021052
Total Reactive Loss: -2.388068
Total Load Supplied: 99.751428%

========================================================================================================================
Update time: 2026-06-10 16:35:29
Iteration: 44
rho: 80
alpha: 5.7116446
objective_value: 4.0741353932
feasible: False
max_abs_h: 1.343821475499e-03
l2_norm_h: 4.359106627752e-03
lambda_inf_norm: 1.386338874534e+00
lambda_l2_norm: 6.966719643441e+00
------------------------------------------------------------------------------------------------------------------------
Bus Results
BusID	V_R		V_I		Vmag		Pg		Qg		Pl		Ql
1	1.001344	0.000014	1.001345	0.961233	-0.291149	0.000000	0.000000
2	0.987984	0.064881	0.990111	1.130842	-0.431964	0.000000	0.000000
3	0.996263	0.069433	0.998680	1.072918	-0.517911	0.000000	0.000000
4	1.018088	-0.055386	1.019596	0.000000	0.000000	0.000000	0.000000
5	1.020842	-0.088185	1.024645	0.000000	0.000000	0.900000	0.300000
6	1.030954	0.008629	1.030991	0.000000	0.000000	0.000000	0.000000
7	1.018960	-0.040169	1.019753	0.000000	0.000000	1.000000	0.350000
8	1.019868	-0.004688	1.019880	0.000000	0.000000	0.000000	0.000000
9	0.999890	-0.105536	1.005445	0.000000	0.000000	1.250000	0.500000

Branch Results
LineID	From	To	Pik		Pki		Qik		Qki		LossP		LossQ
1	1	4	0.962248	-0.963986	-0.291125	0.349109	-0.001738	0.057984
2	4	5	0.339705	-0.339010	-0.277531	-0.041589	0.000695	-0.319120
3	5	6	-0.560301	0.571073	-0.258211	-0.445725	0.010772	-0.703936
4	3	6	1.073963	-1.075711	-0.517867	0.601236	-0.001748	0.083370
5	6	7	0.505334	-0.503753	-0.155283	-0.259981	0.001581	-0.415264
6	7	8	-0.495608	0.496314	-0.089798	-0.203322	0.000706	-0.293121
7	8	2	-1.133737	1.131938	0.525394	-0.431922	-0.001799	0.093471
8	8	9	0.638116	-0.626884	-0.321864	-0.243042	0.011232	-0.564906
9	9	4	-0.622481	0.625004	-0.256785	-0.071427	0.002523	-0.328212

Summary
Total Pg           : 3.164994
Total Qg           : -1.241025
Total Load P       : 3.150000
Total Load Q       : 1.150000
Total Active Loss  : 0.022224
Total Reactive Loss: -2.389733
Total Load Supplied: 99.770489%

========================================================================================================================
Update time: 2026-06-10 16:37:35
Iteration: 45
rho: 80
alpha: 5.882994
objective_value: 4.07635476303
feasible: False
max_abs_h: 1.200307688371e-03
l2_norm_h: 4.008342112958e-03
lambda_inf_norm: 1.389674221646e+00
lambda_l2_norm: 6.987392295951e+00
------------------------------------------------------------------------------------------------------------------------
Bus Results
BusID	V_R		V_I		Vmag		Pg		Qg		Pl		Ql
1	1.001200	-0.000117	1.001200	0.959550	-0.294251	0.000000	0.000000
2	0.988481	0.065066	0.990620	1.132443	-0.430917	0.000000	0.000000
3	0.996730	0.069643	0.999160	1.074737	-0.517115	0.000000	0.000000
4	1.018118	-0.055423	1.019626	0.000000	0.000000	0.000000	0.000000
5	1.021015	-0.088158	1.024816	0.000000	0.000000	0.900000	0.300000
6	1.031376	0.008774	1.031414	0.000000	0.000000	0.000000	0.000000
7	1.019408	-0.040026	1.020195	0.000000	0.000000	1.000000	0.350000
8	1.020301	-0.004559	1.020312	0.000000	0.000000	0.000000	0.000000
9	1.000067	-0.105508	1.005618	0.000000	0.000000	1.250000	0.500000

Branch Results
LineID	From	To	Pik		Pki		Qik		Qki		LossP		LossQ
1	1	4	0.960485	-0.962082	-0.294224	0.352125	-0.001597	0.057902
2	4	5	0.338720	-0.337920	-0.278919	-0.040293	0.000800	-0.319212
3	5	6	-0.561447	0.572370	-0.259511	-0.444690	0.010924	-0.704201
4	3	6	1.075708	-1.077313	-0.517073	0.600533	-0.001606	0.083460
5	6	7	0.505576	-0.503877	-0.155624	-0.259998	0.001699	-0.415622
6	7	8	-0.495543	0.496369	-0.089788	-0.203597	0.000825	-0.293385
7	8	2	-1.135120	1.133462	0.524412	-0.430876	-0.001658	0.093536
8	8	9	0.639382	-0.628004	-0.320615	-0.244472	0.011379	-0.565087
9	9	4	-0.621413	0.624026	-0.255356	-0.073058	0.002614	-0.328414

Summary
Total Pg           : 3.166730
Total Qg           : -1.242283
Total Load P       : 3.150000
Total Load Q       : 1.150000
Total Active Loss  : 0.023380
Total Reactive Loss: -2.391023
Total Load Supplied: 99.788879%

========================================================================================================================
Update time: 2026-06-10 16:39:38
Iteration: 46
rho: 80
alpha: 5.882994
objective_value: 4.07833844373
feasible: False
max_abs_h: 1.097266195752e-03
l2_norm_h: 3.690323246597e-03
lambda_inf_norm: 1.392816822358e+00
lambda_l2_norm: 7.006989946883e+00
------------------------------------------------------------------------------------------------------------------------
Bus Results
BusID	V_R		V_I		Vmag		Pg		Qg		Pl		Ql
1	1.001097	0.000042	1.001097	0.957801	-0.297291	0.000000	0.000000
2	0.988984	0.065548	0.991153	1.133969	-0.429921	0.000000	0.000000
3	0.997200	0.070159	0.999664	1.076525	-0.516368	0.000000	0.000000
4	1.018201	-0.055157	1.019694	0.000000	0.000000	0.000000	0.000000
5	1.021250	-0.087823	1.025020	0.000000	0.000000	0.900000	0.300000
6	1.031821	0.009236	1.031863	0.000000	0.000000	0.000000	0.000000
7	1.019895	-0.039567	1.020663	0.000000	0.000000	1.000000	0.350000
8	1.020761	-0.004117	1.020769	0.000000	0.000000	0.000000	0.000000
9	1.000310	-0.105179	1.005825	0.000000	0.000000	1.250000	0.500000

Branch Results
LineID	From	To	Pik		Pki		Qik		Qki		LossP		LossQ
1	1	4	0.958659	-0.960124	-0.297266	0.355084	-0.001465	0.057818
2	4	5	0.337707	-0.336794	-0.280283	-0.039041	0.000913	-0.319324
3	5	6	-0.562630	0.573698	-0.260771	-0.443720	0.011068	-0.704491
4	3	6	1.077427	-1.078917	-0.516329	0.599892	-0.001490	0.083563
5	6	7	0.505804	-0.504010	-0.155971	-0.260016	0.001793	-0.415988
6	7	8	-0.495453	0.496370	-0.089785	-0.203869	0.000917	-0.293654
7	8	2	-1.136454	1.134917	0.523478	-0.429882	-0.001537	0.093596
8	8	9	0.640667	-0.629154	-0.319424	-0.245861	0.011514	-0.565285
9	9	4	-0.620312	0.623022	-0.253976	-0.074658	0.002710	-0.328634

Summary
Total Pg           : 3.168295
Total Qg           : -1.243580
Total Load P       : 3.150000
Total Load Q       : 1.150000
Total Active Loss  : 0.024422
Total Reactive Loss: -2.392400
Total Load Supplied: 99.805490%

========================================================================================================================
Update time: 2026-06-10 16:41:41
Iteration: 47
rho: 80
alpha: 5.882994
objective_value: 4.0799678295
feasible: False
max_abs_h: 1.051498205736e-03
l2_norm_h: 3.427491821028e-03
lambda_inf_norm: 1.395744507538e+00
lambda_l2_norm: 7.025175691479e+00
------------------------------------------------------------------------------------------------------------------------
Bus Results
BusID	V_R		V_I		Vmag		Pg		Qg		Pl		Ql
1	1.001051	0.000062	1.001051	0.955982	-0.300534	0.000000	0.000000
2	0.989566	0.065875	0.991755	1.135414	-0.429049	0.000000	0.000000
3	0.997756	0.070514	1.000244	1.078204	-0.515704	0.000000	0.000000
4	1.018344	-0.055027	1.019829	0.000000	0.000000	0.000000	0.000000
5	1.021548	-0.087623	1.025299	0.000000	0.000000	0.900000	0.300000
6	1.032345	0.009544	1.032389	0.000000	0.000000	0.000000	0.000000
7	1.020455	-0.039255	1.021209	0.000000	0.000000	1.000000	0.350000
8	1.021296	-0.003824	1.021302	0.000000	0.000000	0.000000	0.000000
9	1.000616	-0.104981	1.006107	0.000000	0.000000	1.250000	0.500000

Branch Results
LineID	From	To	Pik		Pki		Qik		Qki		LossP		LossQ
1	1	4	0.956768	-0.958116	-0.300512	0.358246	-0.001347	0.057734
2	4	5	0.336675	-0.335687	-0.281744	-0.037716	0.000988	-0.319460
3	5	6	-0.563778	0.574957	-0.262117	-0.442777	0.011180	-0.704895
4	3	6	1.079038	-1.080414	-0.515669	0.599313	-0.001376	0.083644
5	6	7	0.506000	-0.504129	-0.156354	-0.260067	0.001871	-0.416421
6	7	8	-0.495373	0.496365	-0.089753	-0.204214	0.000993	-0.293967
7	8	2	-1.137720	1.136295	0.522661	-0.429016	-0.001425	0.093645
8	8	9	0.641897	-0.630274	-0.318276	-0.247317	0.011623	-0.565593
9	9	4	-0.619228	0.622003	-0.252532	-0.076371	0.002774	-0.328904

Summary
Total Pg           : 3.169601
Total Qg           : -1.245287
Total Load P       : 3.150000
Total Load Q       : 1.150000
Total Active Loss  : 0.025281
Total Reactive Loss: -2.394215
Total Load Supplied: 99.819661%

========================================================================================================================
Update time: 2026-06-10 16:43:44
Iteration: 48
rho: 80
alpha: 5.882994
objective_value: 4.08159480796
feasible: False
max_abs_h: 1.020535428430e-03
l2_norm_h: 3.175258169673e-03
lambda_inf_norm: 1.398682933168e+00
lambda_l2_norm: 7.041950291175e+00
------------------------------------------------------------------------------------------------------------------------
Bus Results
BusID	V_R		V_I		Vmag		Pg		Qg		Pl		Ql
1	1.001021	0.000100	1.001020	0.954197	-0.303725	0.000000	0.000000
2	0.990148	0.066216	0.992358	1.136829	-0.428226	0.000000	0.000000
3	0.998314	0.070884	1.000827	1.079876	-0.515097	0.000000	0.000000
4	1.018500	-0.054881	1.019977	0.000000	0.000000	0.000000	0.000000
5	1.021858	-0.087408	1.025589	0.000000	0.000000	0.900000	0.300000
6	1.032875	0.009868	1.032922	0.000000	0.000000	0.000000	0.000000
7	1.021021	-0.038927	1.021762	0.000000	0.000000	1.000000	0.350000
8	1.021835	-0.003517	1.021840	0.000000	0.000000	0.000000	0.000000
9	1.000932	-0.104768	1.006399	0.000000	0.000000	1.250000	0.500000

Branch Results
LineID	From	To	Pik		Pki		Qik		Qki		LossP		LossQ
1	1	4	0.954916	-0.956145	-0.303706	0.361360	-0.001229	0.057654
2	4	5	0.335658	-0.334587	-0.283200	-0.036404	0.001071	-0.319604
3	5	6	-0.564921	0.576220	-0.263447	-0.441876	0.011299	-0.705322
4	3	6	1.080649	-1.081924	-0.515065	0.598787	-0.001275	0.083722
5	6	7	0.506204	-0.504254	-0.156741	-0.260129	0.001951	-0.416870
6	7	8	-0.495286	0.496354	-0.089705	-0.204582	0.001067	-0.294287
7	8	2	-1.138972	1.137647	0.521891	-0.428196	-0.001325	0.093695
8	8	9	0.643121	-0.631385	-0.317154	-0.248745	0.011736	-0.565900
9	9	4	-0.618158	0.621002	-0.251123	-0.078044	0.002844	-0.329167

Summary
Total Pg           : 3.170902
Total Qg           : -1.247048
Total Load P       : 3.150000
Total Load Q       : 1.150000
Total Active Loss  : 0.026141
Total Reactive Loss: -2.396080
Total Load Supplied: 99.833681%

========================================================================================================================
Update time: 2026-06-10 16:45:47
Iteration: 49
rho: 80
alpha: 6.0594838
objective_value: 4.08315741325
feasible: False
max_abs_h: 9.566886235806e-04
l2_norm_h: 2.927838257140e-03
lambda_inf_norm: 1.401381225261e+00
lambda_l2_norm: 7.057369015942e+00
------------------------------------------------------------------------------------------------------------------------
Bus Results
BusID	V_R		V_I		Vmag		Pg		Qg		Pl		Ql
1	1.000957	0.000020	1.000956	0.952451	-0.306920	0.000000	0.000000
2	0.990708	0.066426	0.992931	1.138193	-0.427369	0.000000	0.000000
3	0.998845	0.071127	1.001374	1.081508	-0.514474	0.000000	0.000000
4	1.018616	-0.054859	1.020092	0.000000	0.000000	0.000000	0.000000
5	1.022124	-0.087320	1.025847	0.000000	0.000000	0.900000	0.300000
6	1.033370	0.010060	1.033419	0.000000	0.000000	0.000000	0.000000
7	1.021547	-0.038734	1.022281	0.000000	0.000000	1.000000	0.350000
8	1.022340	-0.003343	1.022345	0.000000	0.000000	0.000000	0.000000
9	1.001203	-0.104681	1.006659	0.000000	0.000000	1.250000	0.500000

Branch Results
LineID	From	To	Pik		Pki		Qik		Qki		LossP		LossQ
1	1	4	0.953109	-0.954238	-0.306902	0.364479	-0.001128	0.057577
2	4	5	0.334670	-0.333521	-0.284648	-0.035100	0.001148	-0.319747
3	5	6	-0.566028	0.577443	-0.264757	-0.440962	0.011415	-0.705719
4	3	6	1.082225	-1.083406	-0.514445	0.598249	-0.001181	0.083804
5	6	7	0.506422	-0.504393	-0.157128	-0.260164	0.002029	-0.417292
6	7	8	-0.495187	0.496334	-0.089681	-0.204913	0.001147	-0.294594
7	8	2	-1.140175	1.138952	0.521077	-0.427341	-0.001224	0.093736
8	8	9	0.644301	-0.632449	-0.316020	-0.250172	0.011852	-0.566191
9	9	4	-0.617132	0.620041	-0.249703	-0.079721	0.002909	-0.329424

Summary
Total Pg           : 3.172152
Total Qg           : -1.248764
Total Load P       : 3.150000
Total Load Q       : 1.150000
Total Active Loss  : 0.026968
Total Reactive Loss: -2.397852
Total Load Supplied: 99.847118%

========================================================================================================================
Update time: 2026-06-10 16:47:51
Iteration: 50
rho: 80
alpha: 6.0594838
objective_value: 4.0846334056
feasible: False
max_abs_h: 8.760740132825e-04
l2_norm_h: 2.691822966160e-03
lambda_inf_norm: 1.403932358005e+00
lambda_l2_norm: 7.071931815688e+00
------------------------------------------------------------------------------------------------------------------------
Bus Results
BusID	V_R		V_I		Vmag		Pg		Qg		Pl		Ql
1	1.000876	-0.000043	1.000876	0.950780	-0.309963	0.000000	0.000000
2	0.991227	0.066635	0.993464	1.139466	-0.426524	0.000000	0.000000
3	0.999335	0.071372	1.001881	1.083088	-0.513859	0.000000	0.000000
4	1.018709	-0.054825	1.020184	0.000000	0.000000	0.000000	0.000000
5	1.022358	-0.087225	1.026073	0.000000	0.000000	0.900000	0.300000
6	1.033826	0.010254	1.033877	0.000000	0.000000	0.000000	0.000000
7	1.022033	-0.038540	1.022760	0.000000	0.000000	1.000000	0.350000
8	1.022807	-0.003168	1.022812	0.000000	0.000000	0.000000	0.000000
9	1.001442	-0.104588	1.006889	0.000000	0.000000	1.250000	0.500000

Branch Results
LineID	From	To	Pik		Pki		Qik		Qki		LossP		LossQ
1	1	4	0.951382	-0.952416	-0.309943	0.367447	-0.001035	0.057504
2	4	5	0.333726	-0.332506	-0.286020	-0.033847	0.001220	-0.319867
3	5	6	-0.567081	0.578607	-0.266016	-0.440056	0.011526	-0.706072
4	3	6	1.083752	-1.084835	-0.513831	0.597707	-0.001083	0.083876
5	6	7	0.506645	-0.504534	-0.157500	-0.260184	0.002110	-0.417684
6	7	8	-0.495084	0.496308	-0.089668	-0.205220	0.001224	-0.294889
7	8	2	-1.141300	1.140171	0.520261	-0.426497	-0.001129	0.093764
8	8	9	0.645412	-0.633456	-0.314903	-0.251552	0.011956	-0.566455
9	9	4	-0.616160	0.619125	-0.248328	-0.081323	0.002966	-0.329652

Summary
Total Pg           : 3.173334
Total Qg           : -1.250345
Total Load P       : 3.150000
Total Load Q       : 1.150000
Total Active Loss  : 0.027756
Total Reactive Loss: -2.399474
Total Load Supplied: 99.859597%

========================================================================================================================
Update time: 2026-06-10 16:49:55
Iteration: 51
rho: 80
alpha: 6.0594838
objective_value: 4.08593476079
feasible: False
max_abs_h: 8.725500201430e-04
l2_norm_h: 2.491326878989e-03
lambda_inf_norm: 1.406259640247e+00
lambda_l2_norm: 7.085317070696e+00
------------------------------------------------------------------------------------------------------------------------
Bus Results
BusID	V_R		V_I		Vmag		Pg		Qg		Pl		Ql
1	1.000873	-0.000054	1.000871	0.949088	-0.313243	0.000000	0.000000
2	0.991846	0.066885	0.994096	1.140702	-0.425762	0.000000	0.000000
3	0.999925	0.071654	1.002487	1.084596	-0.513331	0.000000	0.000000
4	1.018894	-0.054733	1.020363	0.000000	0.000000	0.000000	0.000000
5	1.022698	-0.087071	1.026396	0.000000	0.000000	0.900000	0.300000
6	1.034385	0.010497	1.034437	0.000000	0.000000	0.000000	0.000000
7	1.022627	-0.038291	1.023342	0.000000	0.000000	1.000000	0.350000
8	1.023377	-0.002943	1.023381	0.000000	0.000000	0.000000	0.000000
9	1.001788	-0.104434	1.007216	0.000000	0.000000	1.250000	0.500000

Branch Results
LineID	From	To	Pik		Pki		Qik		Qki		LossP		LossQ
1	1	4	0.949637	-0.950580	-0.313227	0.370670	-0.000943	0.057443
2	4	5	0.332777	-0.331492	-0.287522	-0.032507	0.001285	-0.320030
3	5	6	-0.568131	0.579754	-0.267373	-0.439190	0.011623	-0.706563
4	3	6	1.085209	-1.086209	-0.513307	0.597247	-0.001000	0.083940
5	6	7	0.506839	-0.504665	-0.157922	-0.260230	0.002175	-0.418152
6	7	8	-0.494985	0.496268	-0.089642	-0.205585	0.001283	-0.295227
7	8	2	-1.142399	1.141355	0.519524	-0.425739	-0.001044	0.093785
8	8	9	0.646516	-0.634464	-0.313816	-0.253018	0.012052	-0.566834
9	9	4	-0.615183	0.618200	-0.246880	-0.083058	0.003017	-0.329938

Summary
Total Pg           : 3.174386
Total Qg           : -1.252335
Total Load P       : 3.150000
Total Load Q       : 1.150000
Total Active Loss  : 0.028448
Total Reactive Loss: -2.401575
Total Load Supplied: 99.871052%

========================================================================================================================
Update time: 2026-06-10 16:52:00
Iteration: 52
rho: 80
alpha: 6.0594838
objective_value: 4.08722012119
feasible: False
max_abs_h: 7.800513439324e-04
l2_norm_h: 2.283473888697e-03
lambda_inf_norm: 1.408372767876e+00
lambda_l2_norm: 7.097545092329e+00
------------------------------------------------------------------------------------------------------------------------
Bus Results
BusID	V_R		V_I		Vmag		Pg		Qg		Pl		Ql
1	1.000780	-0.000043	1.000780	0.947442	-0.316337	0.000000	0.000000
2	0.992349	0.067154	0.994618	1.141903	-0.424954	0.000000	0.000000
3	1.000401	0.071959	1.002986	1.086078	-0.512735	0.000000	0.000000
4	1.018982	-0.054627	1.020446	0.000000	0.000000	0.000000	0.000000
5	1.022931	-0.086906	1.026616	0.000000	0.000000	0.900000	0.300000
6	1.034832	0.010757	1.034888	0.000000	0.000000	0.000000	0.000000
7	1.023107	-0.038032	1.023814	0.000000	0.000000	1.000000	0.350000
8	1.023835	-0.002702	1.023839	0.000000	0.000000	0.000000	0.000000
9	1.002028	-0.104272	1.007439	0.000000	0.000000	1.250000	0.500000

Branch Results
LineID	From	To	Pik		Pki		Qik		Qki		LossP		LossQ
1	1	4	0.947942	-0.948802	-0.316320	0.373694	-0.000860	0.057374
2	4	5	0.331848	-0.330500	-0.288917	-0.031240	0.001348	-0.320156
3	5	6	-0.569155	0.580873	-0.268640	-0.438282	0.011718	-0.706922
4	3	6	1.086645	-1.087568	-0.512712	0.596715	-0.000923	0.084002
5	6	7	0.507047	-0.504808	-0.158300	-0.260255	0.002238	-0.418554
6	7	8	-0.494873	0.496225	-0.089616	-0.205913	0.001352	-0.295529
7	8	2	-1.143465	1.142508	0.518739	-0.424932	-0.000956	0.093807
8	8	9	0.647589	-0.635437	-0.312705	-0.254403	0.012151	-0.567108
9	9	4	-0.614243	0.617316	-0.245490	-0.084686	0.003073	-0.330176

Summary
Total Pg           : 3.175424
Total Qg           : -1.254026
Total Load P       : 3.150000
Total Load Q       : 1.150000
Total Active Loss  : 0.029141
Total Reactive Loss: -2.403262
Total Load Supplied: 99.881977%

========================================================================================================================
Update time: 2026-06-10 16:54:04
Iteration: 53
rho: 80
alpha: 6.2412683
objective_value: 4.08840973729
feasible: False
max_abs_h: 7.254748981564e-04
l2_norm_h: 2.091625202276e-03
lambda_inf_norm: 1.410280259867e+00
lambda_l2_norm: 7.108697657055e+00
------------------------------------------------------------------------------------------------------------------------
Bus Results
BusID	V_R		V_I		Vmag		Pg		Qg		Pl		Ql
1	1.000725	-0.000076	1.000725	0.945806	-0.319327	0.000000	0.000000
2	0.992875	0.067373	0.995158	1.143035	-0.424166	0.000000	0.000000
3	1.000899	0.072220	1.003501	1.087548	-0.512180	0.000000	0.000000
4	1.019099	-0.054565	1.020558	0.000000	0.000000	0.000000	0.000000
5	1.023189	-0.086782	1.026863	0.000000	0.000000	0.900000	0.300000
6	1.035299	0.010973	1.035358	0.000000	0.000000	0.000000	0.000000
7	1.023605	-0.037816	1.024304	0.000000	0.000000	1.000000	0.350000
8	1.024313	-0.002509	1.024316	0.000000	0.000000	0.000000	0.000000
9	1.002290	-0.104153	1.007686	0.000000	0.000000	1.250000	0.500000

Branch Results
LineID	From	To	Pik		Pki		Qik		Qki		LossP		LossQ
1	1	4	0.946259	-0.947038	-0.319311	0.376620	-0.000779	0.057309
2	4	5	0.330923	-0.329512	-0.290278	-0.030009	0.001410	-0.320287
3	5	6	-0.570173	0.581982	-0.269878	-0.437430	0.011808	-0.707307
4	3	6	1.088072	-1.088922	-0.512158	0.596226	-0.000850	0.084068
5	6	7	0.507263	-0.504970	-0.158672	-0.260283	0.002293	-0.418954
6	7	8	-0.494740	0.496149	-0.089597	-0.206227	0.001409	-0.295824
7	8	2	-1.144466	1.143595	0.517971	-0.424145	-0.000871	0.093825
8	8	9	0.648636	-0.636393	-0.311634	-0.255753	0.012243	-0.567388
9	9	4	-0.613317	0.616442	-0.244150	-0.086258	0.003125	-0.330408

Summary
Total Pg           : 3.176389
Total Qg           : -1.255672
Total Load P       : 3.150000
Total Load Q       : 1.150000
Total Active Loss  : 0.029789
Total Reactive Loss: -2.404965
Total Load Supplied: 99.892059%

========================================================================================================================
Update time: 2026-06-10 16:56:09
Iteration: 54
rho: 80
alpha: 6.2412683
objective_value: 4.08927730075
feasible: False
max_abs_h: 6.966608397436e-04
l2_norm_h: 1.946455440103e-03
lambda_inf_norm: 1.412102858820e+00
lambda_l2_norm: 7.119356570184e+00
------------------------------------------------------------------------------------------------------------------------
Bus Results
BusID	V_R		V_I		Vmag		Pg		Qg		Pl		Ql
1	1.000697	0.000001	1.000698	0.944146	-0.322267	0.000000	0.000000
2	0.993398	0.067702	0.995703	1.144111	-0.423445	0.000000	0.000000
3	1.001385	0.072576	1.004012	1.088860	-0.511724	0.000000	0.000000
4	1.019244	-0.054388	1.020696	0.000000	0.000000	0.000000	0.000000
5	1.023472	-0.086546	1.027127	0.000000	0.000000	0.900000	0.300000
6	1.035767	0.011298	1.035830	0.000000	0.000000	0.000000	0.000000
7	1.024113	-0.037486	1.024800	0.000000	0.000000	1.000000	0.350000
8	1.024798	-0.002199	1.024802	0.000000	0.000000	0.000000	0.000000
9	1.002584	-0.103917	1.007957	0.000000	0.000000	1.250000	0.500000

Branch Results
LineID	From	To	Pik		Pki		Qik		Qki		LossP		LossQ
1	1	4	0.944559	-0.945271	-0.322251	0.379486	-0.000712	0.057235
2	4	5	0.330030	-0.328571	-0.291591	-0.028843	0.001459	-0.320434
3	5	6	-0.571142	0.583029	-0.271051	-0.436652	0.011887	-0.707703
4	3	6	1.089348	-1.090132	-0.511706	0.595836	-0.000784	0.084130
5	6	7	0.507397	-0.505063	-0.159076	-0.260283	0.002334	-0.419359
6	7	8	-0.494664	0.496104	-0.089608	-0.206514	0.001440	-0.296122
7	8	2	-1.145452	1.144632	0.517268	-0.423427	-0.000820	0.093841
8	8	9	0.649647	-0.637343	-0.310651	-0.257054	0.012305	-0.567705
9	9	4	-0.612386	0.615543	-0.242854	-0.087816	0.003158	-0.330671

Summary
Total Pg           : 3.177117
Total Qg           : -1.257436
Total Load P       : 3.150000
Total Load Q       : 1.150000
Total Active Loss  : 0.030267
Total Reactive Loss: -2.406788
Total Load Supplied: 99.900009%

========================================================================================================================
Update time: 2026-06-10 16:58:15
Iteration: 55
rho: 80
alpha: 6.2412683
objective_value: 4.09035628447
feasible: False
max_abs_h: 6.331277457909e-04
l2_norm_h: 1.769560420345e-03
lambda_inf_norm: 1.413755512344e+00
lambda_l2_norm: 7.129006069823e+00
------------------------------------------------------------------------------------------------------------------------
Bus Results
BusID	V_R		V_I		Vmag		Pg		Qg		Pl		Ql
1	1.000633	0.000013	1.000633	0.942537	-0.325245	0.000000	0.000000
2	0.993912	0.067956	0.996233	1.145215	-0.422659	0.000000	0.000000
3	1.001868	0.072865	1.004514	1.090246	-0.511192	0.000000	0.000000
4	1.019354	-0.054282	1.020798	0.000000	0.000000	0.000000	0.000000
5	1.023723	-0.086382	1.027362	0.000000	0.000000	0.900000	0.300000
6	1.036223	0.011547	1.036288	0.000000	0.000000	0.000000	0.000000
7	1.024603	-0.037236	1.025279	0.000000	0.000000	1.000000	0.350000
8	1.025267	-0.001968	1.025269	0.000000	0.000000	0.000000	0.000000
9	1.002842	-0.103757	1.008195	0.000000	0.000000	1.250000	0.500000

Branch Results
LineID	From	To	Pik		Pki		Qik		Qki		LossP		LossQ
1	1	4	0.942907	-0.943546	-0.325231	0.382408	-0.000639	0.057177
2	4	5	0.329136	-0.327628	-0.292943	-0.027610	0.001508	-0.320553
3	5	6	-0.572113	0.584086	-0.272292	-0.435789	0.011973	-0.708081
4	3	6	1.090692	-1.091410	-0.511174	0.595359	-0.000717	0.084185
5	6	7	0.507591	-0.505197	-0.159463	-0.260302	0.002394	-0.419764
6	7	8	-0.494559	0.496058	-0.089594	-0.206825	0.001499	-0.296419
7	8	2	-1.146450	1.145695	0.516499	-0.422643	-0.000754	0.093856
8	8	9	0.650663	-0.638270	-0.309579	-0.258409	0.012393	-0.567988
9	9	4	-0.611487	0.614683	-0.241503	-0.089392	0.003196	-0.330895

Summary
Total Pg           : 3.177997
Total Qg           : -1.259096
Total Load P       : 3.150000
Total Load Q       : 1.150000
Total Active Loss  : 0.030853
Total Reactive Loss: -2.408481
Total Load Supplied: 99.909340%

========================================================================================================================
Update time: 2026-06-10 17:00:20
Iteration: 56
rho: 80
alpha: 6.2412683
objective_value: 4.09128293885
feasible: False
max_abs_h: 5.441799627557e-04
l2_norm_h: 1.605633972538e-03
lambda_inf_norm: 1.415233384408e+00
lambda_l2_norm: 7.137780591385e+00
------------------------------------------------------------------------------------------------------------------------
Bus Results
BusID	V_R		V_I		Vmag		Pg		Qg		Pl		Ql
1	1.000544	-0.000064	1.000543	0.940938	-0.328235	0.000000	0.000000
2	0.994412	0.068107	0.996742	1.146216	-0.421889	0.000000	0.000000
3	1.002348	0.073059	1.005007	1.091610	-0.510550	0.000000	0.000000
4	1.019435	-0.054269	1.020878	0.000000	0.000000	0.000000	0.000000
5	1.023944	-0.086314	1.027575	0.000000	0.000000	0.900000	0.300000
6	1.036664	0.011699	1.036731	0.000000	0.000000	0.000000	0.000000
7	1.025070	-0.037085	1.025741	0.000000	0.000000	1.000000	0.350000
8	1.025715	-0.001839	1.025717	0.000000	0.000000	0.000000	0.000000
9	1.003066	-0.103692	1.008411	0.000000	0.000000	1.250000	0.500000

Branch Results
LineID	From	To	Pik		Pki		Qik		Qki		LossP		LossQ
1	1	4	0.941272	-0.941842	-0.328223	0.385354	-0.000571	0.057131
2	4	5	0.328237	-0.326682	-0.294302	-0.026352	0.001556	-0.320654
3	5	6	-0.573082	0.585125	-0.273560	-0.434865	0.012043	-0.708426
4	3	6	1.092023	-1.092678	-0.510534	0.594772	-0.000656	0.084238
5	6	7	0.507801	-0.505366	-0.159808	-0.260335	0.002435	-0.420143
6	7	8	-0.494414	0.495959	-0.089566	-0.207152	0.001546	-0.296718
7	8	2	-1.147351	1.146660	0.515727	-0.421873	-0.000691	0.093854
8	8	9	0.651636	-0.639166	-0.308478	-0.259788	0.012469	-0.568266
9	9	4	-0.610614	0.613850	-0.240125	-0.090984	0.003237	-0.331109

Summary
Total Pg           : 3.178764
Total Qg           : -1.260674
Total Load P       : 3.150000
Total Load Q       : 1.150000
Total Active Loss  : 0.031368
Total Reactive Loss: -2.410093
Total Load Supplied: 99.917328%

========================================================================================================================
Update time: 2026-06-10 17:02:24
Iteration: 57
rho: 80
alpha: 6.4285063
objective_value: 4.09212794866
feasible: False
max_abs_h: 5.243512580844e-04
l2_norm_h: 1.469428283994e-03
lambda_inf_norm: 1.416578644956e+00
lambda_l2_norm: 7.145750732607e+00
------------------------------------------------------------------------------------------------------------------------
Bus Results
BusID	V_R		V_I		Vmag		Pg		Qg		Pl		Ql
1	1.000524	-0.000039	1.000524	0.939365	-0.331133	0.000000	0.000000
2	0.994939	0.068358	0.997284	1.147207	-0.421169	0.000000	0.000000
3	1.002834	0.073347	1.005513	1.092897	-0.510141	0.000000	0.000000
4	1.019583	-0.054151	1.021020	0.000000	0.000000	0.000000	0.000000
5	1.024227	-0.086139	1.027843	0.000000	0.000000	0.900000	0.300000
6	1.037131	0.011953	1.037200	0.000000	0.000000	0.000000	0.000000
7	1.025573	-0.036828	1.026234	0.000000	0.000000	1.000000	0.350000
8	1.026199	-0.001604	1.026200	0.000000	0.000000	0.000000	0.000000
9	1.003358	-0.103520	1.008683	0.000000	0.000000	1.250000	0.500000

Branch Results
LineID	From	To	Pik		Pki		Qik		Qki		LossP		LossQ
1	1	4	0.939665	-0.940185	-0.331119	0.388183	-0.000521	0.057064
2	4	5	0.327385	-0.325789	-0.295609	-0.025197	0.001596	-0.320806
3	5	6	-0.574000	0.586120	-0.274719	-0.434120	0.012120	-0.708839
4	3	6	1.093276	-1.093881	-0.510127	0.594428	-0.000606	0.084301
5	6	7	0.507981	-0.505496	-0.160220	-0.260328	0.002485	-0.420547
6	7	8	-0.494306	0.495895	-0.089583	-0.207427	0.001589	-0.297010
7	8	2	-1.148249	1.147618	0.515018	-0.421156	-0.000632	0.093862
8	8	9	0.652576	-0.640043	-0.307507	-0.261077	0.012534	-0.568584
9	9	4	-0.609759	0.613022	-0.238848	-0.092509	0.003263	-0.331356

Summary
Total Pg           : 3.179468
Total Qg           : -1.262443
Total Load P       : 3.150000
Total Load Q       : 1.150000
Total Active Loss  : 0.031829
Total Reactive Loss: -2.411917
Total Load Supplied: 99.925035%

========================================================================================================================
Update time: 2026-06-10 17:04:30
Iteration: 58
rho: 80
alpha: 6.4285063
objective_value: 4.09407266264
feasible: False
max_abs_h: 7.066021544927e-04
l2_norm_h: 1.390424982639e-03
lambda_inf_norm: 1.417590042922e+00
lambda_l2_norm: 7.152175008276e+00
------------------------------------------------------------------------------------------------------------------------
Bus Results
BusID	V_R		V_I		Vmag		Pg		Qg		Pl		Ql
1	1.000239	-0.000707	1.000246	0.938388	-0.333729	0.000000	0.000000
2	0.995327	0.067869	0.997641	1.148492	-0.419866	0.000000	0.000000
3	1.003146	0.072848	1.005791	1.094071	-0.509467	0.000000	0.000000
4	1.019417	-0.054790	1.020889	0.000000	0.000000	0.000000	0.000000
5	1.024168	-0.086766	1.027829	0.000000	0.000000	0.900000	0.300000
6	1.037366	0.011385	1.037429	0.000000	0.000000	0.000000	0.000000
7	1.025808	-0.037387	1.026482	0.000000	0.000000	1.000000	0.350000
8	1.026460	-0.002164	1.026467	0.000000	0.000000	0.000000	0.000000
9	1.003293	-0.104122	1.008684	0.000000	0.000000	1.250000	0.500000

Branch Results
LineID	From	To	Pik		Pki		Qik		Qki		LossP		LossQ
1	1	4	0.938668	-0.939158	-0.333719	0.390863	-0.000490	0.057144
2	4	5	0.326929	-0.325173	-0.296860	-0.023927	0.001756	-0.320787
3	5	6	-0.574690	0.587035	-0.275956	-0.433059	0.012345	-0.709016
4	3	6	1.094424	-1.094981	-0.509456	0.593785	-0.000557	0.084330
5	6	7	0.508094	-0.505495	-0.160596	-0.260173	0.002599	-0.420769
6	7	8	-0.494377	0.496043	-0.089749	-0.207436	0.001666	-0.297185
7	8	2	-1.149375	1.148872	0.513661	-0.419838	-0.000503	0.093823
8	8	9	0.653485	-0.640801	-0.306111	-0.262517	0.012684	-0.568627
9	9	4	-0.609061	0.612414	-0.237403	-0.093953	0.003354	-0.331356

Summary
Total Pg           : 3.180951
Total Qg           : -1.263062
Total Load P       : 3.150000
Total Load Q       : 1.150000
Total Active Loss  : 0.032854
Total Reactive Loss: -2.412443
Total Load Supplied: 99.939575%

========================================================================================================================
Update time: 2026-06-10 17:06:36
Iteration: 59
rho: 80
alpha: 6.4285063
objective_value: 4.09412532401
feasible: False
max_abs_h: 4.141530858188e-04
l2_norm_h: 1.144925916512e-03
lambda_inf_norm: 1.418599143063e+00
lambda_l2_norm: 7.158473651545e+00
------------------------------------------------------------------------------------------------------------------------
Bus Results
BusID	V_R		V_I		Vmag		Pg		Qg		Pl		Ql
1	1.000414	-0.000019	1.000410	0.936796	-0.336664	0.000000	0.000000
2	0.995936	0.068752	0.998304	1.149184	-0.419456	0.000000	0.000000
3	1.003719	0.073774	1.006424	1.095090	-0.509324	0.000000	0.000000
4	1.019795	-0.053982	1.021220	0.000000	0.000000	0.000000	0.000000
5	1.024692	-0.085887	1.028283	0.000000	0.000000	0.900000	0.300000
6	1.037969	0.012324	1.038040	0.000000	0.000000	0.000000	0.000000
7	1.026486	-0.036445	1.027131	0.000000	0.000000	1.000000	0.350000
8	1.027089	-0.001252	1.027088	0.000000	0.000000	0.000000	0.000000
9	1.003845	-0.103264	1.009140	0.000000	0.000000	1.250000	0.500000

Branch Results
LineID	From	To	Pik		Pki		Qik		Qki		LossP		LossQ
1	1	4	0.937037	-0.937438	-0.336653	0.393667	-0.000402	0.057014
2	4	5	0.325994	-0.324290	-0.298104	-0.022911	0.001703	-0.321014
3	5	6	-0.575555	0.587825	-0.277023	-0.432538	0.012270	-0.709561
4	3	6	1.095409	-1.095884	-0.509316	0.593699	-0.000475	0.084383
5	6	7	0.508222	-0.505625	-0.161091	-0.260199	0.002597	-0.421290
6	7	8	-0.494232	0.495931	-0.089730	-0.207815	0.001699	-0.297545
7	8	2	-1.150044	1.149532	0.513326	-0.419450	-0.000512	0.093876
8	8	9	0.654281	-0.641596	-0.305450	-0.263698	0.012685	-0.569148
9	9	4	-0.608257	0.611610	-0.236247	-0.095512	0.003353	-0.331758

Summary
Total Pg           : 3.181070
Total Qg           : -1.265444
Total Load P       : 3.150000
Total Load Q       : 1.150000
Total Active Loss  : 0.032919
Total Reactive Loss: -2.415044
Total Load Supplied: 99.941319%

========================================================================================================================
Update time: 2026-06-10 17:08:42
Iteration: 60
rho: 80
alpha: 6.4285063
objective_value: 4.09434832315
feasible: False
max_abs_h: 4.245767579738e-04
l2_norm_h: 1.103868505681e-03
lambda_inf_norm: 1.419575433258e+00
lambda_l2_norm: 7.164502580910e+00
------------------------------------------------------------------------------------------------------------------------
Bus Results
BusID	V_R		V_I		Vmag		Pg		Qg		Pl		Ql
1	1.000425	0.000028	1.000424	0.935230	-0.339487	0.000000	0.000000
2	0.996442	0.069003	0.998828	1.149938	-0.419007	0.000000	0.000000
3	1.004201	0.074061	1.006928	1.096146	-0.509043	0.000000	0.000000
4	1.019970	-0.053840	1.021390	0.000000	0.000000	0.000000	0.000000
5	1.024997	-0.085689	1.028573	0.000000	0.000000	0.900000	0.300000
6	1.038437	0.012590	1.038513	0.000000	0.000000	0.000000	0.000000
7	1.026989	-0.036174	1.027627	0.000000	0.000000	1.000000	0.350000
8	1.027569	-0.001005	1.027569	0.000000	0.000000	0.000000	0.000000
9	1.004159	-0.103070	1.009434	0.000000	0.000000	1.250000	0.500000

Branch Results
LineID	From	To	Pik		Pki		Qik		Qki		LossP		LossQ
1	1	4	0.935444	-0.935810	-0.339475	0.396419	-0.000365	0.056943
2	4	5	0.325152	-0.323440	-0.299369	-0.021814	0.001712	-0.321183
3	5	6	-0.576407	0.588706	-0.278122	-0.431895	0.012299	-0.710017
4	3	6	1.096440	-1.096890	-0.509034	0.593446	-0.000451	0.084411
5	6	7	0.508346	-0.505751	-0.161484	-0.260228	0.002594	-0.421712
6	7	8	-0.494103	0.495799	-0.089704	-0.208160	0.001696	-0.297864
7	8	2	-1.150747	1.150260	0.512859	-0.419001	-0.000487	0.093859
8	8	9	0.655113	-0.642398	-0.304637	-0.264890	0.012715	-0.569527
9	9	4	-0.607460	0.610813	-0.235047	-0.096996	0.003353	-0.332043

Summary
Total Pg           : 3.181314
Total Qg           : -1.267538
Total Load P       : 3.150000
Total Load Q       : 1.150000
Total Active Loss  : 0.033068
Total Reactive Loss: -2.417134
Total Load Supplied: 99.944318%

========================================================================================================================
Update time: 2026-06-10 17:10:47
Iteration: 61
rho: 80
alpha: 6.6213615
objective_value: 4.09472476073
feasible: False
max_abs_h: 3.932920289091e-04
l2_norm_h: 1.030115392771e-03
lambda_inf_norm: 1.420501368681e+00
lambda_l2_norm: 7.170130048834e+00
------------------------------------------------------------------------------------------------------------------------
Bus Results
BusID	V_R		V_I		Vmag		Pg		Qg		Pl		Ql
1	1.000393	0.000051	1.000390	0.933718	-0.342181	0.000000	0.000000
2	0.996916	0.069222	0.999316	1.150712	-0.418391	0.000000	0.000000
3	1.004640	0.074320	1.007384	1.097236	-0.508689	0.000000	0.000000
4	1.020096	-0.053729	1.021508	0.000000	0.000000	0.000000	0.000000
5	1.025248	-0.085526	1.028809	0.000000	0.000000	0.900000	0.300000
6	1.038858	0.012822	1.038937	0.000000	0.000000	0.000000	0.000000
7	1.027445	-0.035942	1.028073	0.000000	0.000000	1.000000	0.350000
8	1.028006	-0.000794	1.028005	0.000000	0.000000	0.000000	0.000000
9	1.004418	-0.102911	1.009674	0.000000	0.000000	1.250000	0.500000

Branch Results
LineID	From	To	Pik		Pki		Qik		Qki		LossP		LossQ
1	1	4	0.933909	-0.934239	-0.342169	0.399056	-0.000330	0.056887
2	4	5	0.324342	-0.322616	-0.300581	-0.020733	0.001726	-0.321314
3	5	6	-0.577240	0.589579	-0.279206	-0.431191	0.012338	-0.710397
4	3	6	1.097509	-1.097929	-0.508679	0.593128	-0.000420	0.084449
5	6	7	0.508501	-0.505891	-0.161876	-0.260215	0.002609	-0.422091
6	7	8	-0.493973	0.495688	-0.089719	-0.208433	0.001714	-0.298151
7	8	2	-1.151464	1.151012	0.512226	-0.418384	-0.000452	0.093842
8	8	9	0.655931	-0.643176	-0.303735	-0.266097	0.012754	-0.569831
9	9	4	-0.606687	0.610043	-0.233843	-0.098425	0.003356	-0.332268

Summary
Total Pg           : 3.181666
Total Qg           : -1.269261
Total Load P       : 3.150000
Total Load Q       : 1.150000
Total Active Loss  : 0.033296
Total Reactive Loss: -2.418875
Total Load Supplied: 99.948268%

========================================================================================================================
Update time: 2026-06-10 17:12:52
Iteration: 62
rho: 80
alpha: 6.6213615
objective_value: 4.09525866934
feasible: False
max_abs_h: 3.863673091018e-04
l2_norm_h: 9.466117808503e-04
lambda_inf_norm: 1.421350484020e+00
lambda_l2_norm: 7.175369916843e+00
------------------------------------------------------------------------------------------------------------------------
Bus Results
BusID	V_R		V_I		Vmag		Pg		Qg		Pl		Ql
1	1.000386	0.000061	1.000385	0.932297	-0.344849	0.000000	0.000000
2	0.997407	0.069421	0.999820	1.151510	-0.417809	0.000000	0.000000
3	1.005094	0.074555	1.007855	1.098323	-0.508379	0.000000	0.000000
4	1.020244	-0.053635	1.021652	0.000000	0.000000	0.000000	0.000000
5	1.025519	-0.085382	1.029068	0.000000	0.000000	0.900000	0.300000
6	1.039295	0.013031	1.039377	0.000000	0.000000	0.000000	0.000000
7	1.027916	-0.035730	1.028537	0.000000	0.000000	1.000000	0.350000
8	1.028460	-0.000604	1.028460	0.000000	0.000000	0.000000	0.000000
9	1.004697	-0.102770	1.009939	0.000000	0.000000	1.250000	0.500000

Branch Results
LineID	From	To	Pik		Pki		Qik		Qki		LossP		LossQ
1	1	4	0.932466	-0.932760	-0.344837	0.401682	-0.000294	0.056844
2	4	5	0.323576	-0.321824	-0.301785	-0.019667	0.001751	-0.321453
3	5	6	-0.578048	0.590439	-0.280277	-0.430529	0.012392	-0.710806
4	3	6	1.098572	-1.098956	-0.508371	0.592864	-0.000383	0.084493
5	6	7	0.508654	-0.506016	-0.162278	-0.260201	0.002638	-0.422479
6	7	8	-0.493860	0.495596	-0.089739	-0.208704	0.001736	-0.298443
7	8	2	-1.152198	1.151785	0.511630	-0.417802	-0.000413	0.093829
8	8	9	0.656742	-0.643937	-0.302871	-0.267291	0.012806	-0.570162
9	9	4	-0.605942	0.609316	-0.232655	-0.099851	0.003374	-0.332505

Summary
Total Pg           : 3.182130
Total Qg           : -1.271037
Total Load P       : 3.150000
Total Load Q       : 1.150000
Total Active Loss  : 0.033606
Total Reactive Loss: -2.420682
Total Load Supplied: 99.953130%

========================================================================================================================
Update time: 2026-06-10 17:14:57
Iteration: 63
rho: 80
alpha: 6.6213615
objective_value: 4.09567410171
feasible: False
max_abs_h: 3.953563338093e-04
l2_norm_h: 8.834407730760e-04
lambda_inf_norm: 1.422121479493e+00
lambda_l2_norm: 7.180163410477e+00
------------------------------------------------------------------------------------------------------------------------
Bus Results
BusID	V_R		V_I		Vmag		Pg		Qg		Pl		Ql
1	1.000395	0.000042	1.000394	0.930869	-0.347509	0.000000	0.000000
2	0.997900	0.069587	1.000323	1.152262	-0.417303	0.000000	0.000000
3	1.005560	0.074757	1.008335	1.099374	-0.508078	0.000000	0.000000
4	1.020405	-0.053570	1.021810	0.000000	0.000000	0.000000	0.000000
5	1.025802	-0.085267	1.029340	0.000000	0.000000	0.900000	0.300000
6	1.039743	0.013207	1.039827	0.000000	0.000000	0.000000	0.000000
7	1.028393	-0.035550	1.029007	0.000000	0.000000	1.000000	0.350000
8	1.028918	-0.000445	1.028918	0.000000	0.000000	0.000000	0.000000
9	1.004986	-0.102656	1.010215	0.000000	0.000000	1.250000	0.500000

Branch Results
LineID	From	To	Pik		Pki		Qik		Qki		LossP		LossQ
1	1	4	0.931018	-0.931284	-0.347499	0.404295	-0.000266	0.056796
2	4	5	0.322811	-0.321039	-0.303000	-0.018606	0.001772	-0.321605
3	5	6	-0.578845	0.591280	-0.281343	-0.429898	0.012435	-0.711240
4	3	6	1.099603	-1.099959	-0.508071	0.592600	-0.000355	0.084529
5	6	7	0.508804	-0.506145	-0.162650	-0.260225	0.002659	-0.422875
6	7	8	-0.493742	0.495498	-0.089720	-0.209014	0.001756	-0.298735
7	8	2	-1.152896	1.152515	0.511118	-0.417298	-0.000381	0.093819
8	8	9	0.657527	-0.644683	-0.302055	-0.268449	0.012844	-0.570504
9	9	4	-0.605205	0.608591	-0.231501	-0.101252	0.003386	-0.332753

Summary
Total Pg           : 3.182506
Total Qg           : -1.272890
Total Load P       : 3.150000
Total Load Q       : 1.150000
Total Active Loss  : 0.033850
Total Reactive Loss: -2.422568
Total Load Supplied: 99.957334%

========================================================================================================================
Update time: 2026-06-10 17:17:03
Iteration: 64
rho: 80
alpha: 6.6213615
objective_value: 4.09614515592
feasible: False
max_abs_h: 3.631242600877e-04
l2_norm_h: 8.043160735947e-04
lambda_inf_norm: 1.422816371110e+00
lambda_l2_norm: 7.184461825580e+00
------------------------------------------------------------------------------------------------------------------------
Bus Results
BusID	V_R		V_I		Vmag		Pg		Qg		Pl		Ql
1	1.000363	0.000067	1.000363	0.929492	-0.350200	0.000000	0.000000
2	0.998374	0.069787	1.000810	1.153024	-0.416709	0.000000	0.000000
3	1.006003	0.074989	1.008794	1.100404	-0.507720	0.000000	0.000000
4	1.020530	-0.053465	1.021929	0.000000	0.000000	0.000000	0.000000
5	1.026052	-0.085117	1.029577	0.000000	0.000000	0.900000	0.300000
6	1.040165	0.013415	1.040252	0.000000	0.000000	0.000000	0.000000
7	1.028847	-0.035339	1.029455	0.000000	0.000000	1.000000	0.350000
8	1.029354	-0.000255	1.029355	0.000000	0.000000	0.000000	0.000000
9	1.005243	-0.102509	1.010456	0.000000	0.000000	1.250000	0.500000

Branch Results
LineID	From	To	Pik		Pki		Qik		Qki		LossP		LossQ
1	1	4	0.929621	-0.929854	-0.350192	0.406956	-0.000233	0.056764
2	4	5	0.322073	-0.320280	-0.304227	-0.017502	0.001793	-0.321729
3	5	6	-0.579616	0.592100	-0.282451	-0.429183	0.012484	-0.711634
4	3	6	1.100614	-1.100932	-0.507713	0.592271	-0.000318	0.084558
5	6	7	0.508945	-0.506264	-0.163035	-0.260224	0.002680	-0.423260
6	7	8	-0.493635	0.495418	-0.089721	-0.209304	0.001783	-0.299025
7	8	2	-1.153606	1.153258	0.510504	-0.416703	-0.000348	0.093801
8	8	9	0.658302	-0.645408	-0.301153	-0.269670	0.012894	-0.570822
9	9	4	-0.604492	0.607889	-0.230282	-0.102690	0.003396	-0.332972

Summary
Total Pg           : 3.182920
Total Qg           : -1.274630
Total Load P       : 3.150000
Total Load Q       : 1.150000
Total Active Loss  : 0.034132
Total Reactive Loss: -2.424319
Total Load Supplied: 99.961514%

========================================================================================================================
Update time: 2026-06-10 17:19:08
Iteration: 65
rho: 80
alpha: 6.8200024
objective_value: 4.09660295477
feasible: False
max_abs_h: 3.438197647663e-04
l2_norm_h: 7.316532930406e-04
lambda_inf_norm: 1.423417756579e+00
lambda_l2_norm: 7.188279834462e+00
------------------------------------------------------------------------------------------------------------------------
Bus Results
BusID	V_R		V_I		Vmag		Pg		Qg		Pl		Ql
1	1.000344	0.000050	1.000343	0.928124	-0.352758	0.000000	0.000000
2	0.998831	0.069953	1.001278	1.153769	-0.416132	0.000000	0.000000
3	1.006424	0.075190	1.009229	1.101430	-0.507413	0.000000	0.000000
4	1.020657	-0.053402	1.022053	0.000000	0.000000	0.000000	0.000000
5	1.026295	-0.085007	1.029810	0.000000	0.000000	0.900000	0.300000
6	1.040569	0.013590	1.040659	0.000000	0.000000	0.000000	0.000000
7	1.029282	-0.035162	1.029883	0.000000	0.000000	1.000000	0.350000
8	1.029774	-0.000098	1.029774	0.000000	0.000000	0.000000	0.000000
9	1.005494	-0.102400	1.010695	0.000000	0.000000	1.250000	0.500000

Branch Results
LineID	From	To	Pik		Pki		Qik		Qki		LossP		LossQ
1	1	4	0.928235	-0.928434	-0.352748	0.409463	-0.000199	0.056715
2	4	5	0.321337	-0.319517	-0.305377	-0.016488	0.001820	-0.321865
3	5	6	-0.580392	0.592923	-0.283463	-0.428546	0.012530	-0.712009
4	3	6	1.101624	-1.101912	-0.507406	0.592005	-0.000289	0.084599
5	6	7	0.509091	-0.506386	-0.163412	-0.260208	0.002704	-0.423621
6	7	8	-0.493525	0.495328	-0.089743	-0.209553	0.001803	-0.299295
7	8	2	-1.154303	1.153984	0.509918	-0.416126	-0.000319	0.093791
8	8	9	0.659078	-0.646139	-0.300321	-0.270800	0.012939	-0.571121
9	9	4	-0.603774	0.607188	-0.229152	-0.104046	0.003415	-0.333198

Summary
Total Pg           : 3.183323
Total Qg           : -1.276303
Total Load P       : 3.150000
Total Load Q       : 1.150000
Total Active Loss  : 0.034404
Total Reactive Loss: -2.426004
Total Load Supplied: 99.965668%

========================================================================================================================
Update time: 2026-06-10 17:21:13
Iteration: 66
rho: 80
alpha: 6.8200024
objective_value: 4.09707261573
feasible: False
max_abs_h: 3.030611820964e-04
l2_norm_h: 6.550725797601e-04
lambda_inf_norm: 1.423938507818e+00
lambda_l2_norm: 7.191708118483e+00
------------------------------------------------------------------------------------------------------------------------
Bus Results
BusID	V_R		V_I		Vmag		Pg		Qg		Pl		Ql
1	1.000303	0.000081	1.000303	0.926757	-0.355270	0.000000	0.000000
2	0.999264	0.070162	1.001725	1.154497	-0.415557	0.000000	0.000000
3	1.006829	0.075440	1.009652	1.102480	-0.507030	0.000000	0.000000
4	1.020763	-0.053293	1.022154	0.000000	0.000000	0.000000	0.000000
5	1.026519	-0.084850	1.030021	0.000000	0.000000	0.900000	0.300000
6	1.040955	0.013812	1.041048	0.000000	0.000000	0.000000	0.000000
7	1.029699	-0.034941	1.030293	0.000000	0.000000	1.000000	0.350000
8	1.030173	0.000102	1.030173	0.000000	0.000000	0.000000	0.000000
9	1.005725	-0.102249	1.010909	0.000000	0.000000	1.250000	0.500000

Branch Results
LineID	From	To	Pik		Pki		Qik		Qki		LossP		LossQ
1	1	4	0.926852	-0.927023	-0.355261	0.411938	-0.000170	0.056677
2	4	5	0.320597	-0.318752	-0.306518	-0.015462	0.001844	-0.321980
3	5	6	-0.581170	0.593748	-0.284491	-0.427860	0.012578	-0.712351
4	3	6	1.102658	-1.102925	-0.507024	0.591664	-0.000267	0.084640
5	6	7	0.509264	-0.506529	-0.163760	-0.260207	0.002734	-0.423967
6	7	8	-0.493396	0.495225	-0.089746	-0.209818	0.001829	-0.299564
7	8	2	-1.154982	1.154696	0.509325	-0.415551	-0.000286	0.093773
8	8	9	0.659845	-0.646856	-0.299462	-0.271937	0.012989	-0.571398
9	9	4	-0.603071	0.606503	-0.228016	-0.105382	0.003432	-0.333398

Summary
Total Pg           : 3.183734
Total Qg           : -1.277857
Total Load P       : 3.150000
Total Load Q       : 1.150000
Total Active Loss  : 0.034684
Total Reactive Loss: -2.427566
Total Load Supplied: 99.969828%

========================================================================================================================
Update time: 2026-06-10 17:23:20
Iteration: 67
rho: 80
alpha: 6.8200024
objective_value: 4.09751794381
feasible: False
max_abs_h: 2.745060504874e-04
l2_norm_h: 5.834797123366e-04
lambda_inf_norm: 1.424371862008e+00
lambda_l2_norm: 7.194661982890e+00
------------------------------------------------------------------------------------------------------------------------
Bus Results
BusID	V_R		V_I		Vmag		Pg		Qg		Pl		Ql
1	1.000275	-0.000050	1.000274	0.925522	-0.357591	0.000000	0.000000
2	0.999681	0.070193	1.002143	1.155200	-0.415003	0.000000	0.000000
3	1.007210	0.075495	1.010036	1.103399	-0.506764	0.000000	0.000000
4	1.020862	-0.053356	1.022256	0.000000	0.000000	0.000000	0.000000
5	1.026719	-0.084874	1.030222	0.000000	0.000000	0.900000	0.300000
6	1.041313	0.013839	1.041407	0.000000	0.000000	0.000000	0.000000
7	1.030080	-0.034909	1.030673	0.000000	0.000000	1.000000	0.350000
8	1.030545	0.000118	1.030547	0.000000	0.000000	0.000000	0.000000
9	1.005930	-0.102270	1.011116	0.000000	0.000000	1.250000	0.500000

Branch Results
LineID	From	To	Pik		Pki		Qik		Qki		LossP		LossQ
1	1	4	0.925605	-0.925759	-0.357580	0.414219	-0.000154	0.056639
2	4	5	0.319954	-0.318091	-0.307560	-0.014533	0.001863	-0.322092
3	5	6	-0.581844	0.594471	-0.285419	-0.427268	0.012627	-0.712687
4	3	6	1.103560	-1.103782	-0.506759	0.591429	-0.000223	0.084670
5	6	7	0.509381	-0.506619	-0.164117	-0.260179	0.002762	-0.424296
6	7	8	-0.493320	0.495175	-0.089773	-0.210036	0.001855	-0.299809
7	8	2	-1.155638	1.155382	0.508766	-0.414998	-0.000256	0.093768
8	8	9	0.660535	-0.647505	-0.298687	-0.272977	0.013030	-0.571664
9	9	4	-0.602430	0.605873	-0.226974	-0.106619	0.003443	-0.333594

Summary
Total Pg           : 3.184120
Total Qg           : -1.279358
Total Load P       : 3.150000
Total Load Q       : 1.150000
Total Active Loss  : 0.034947
Total Reactive Loss: -2.429065
Total Load Supplied: 99.973736%

========================================================================================================================
Update time: 2026-06-10 17:25:26
Iteration: 68
rho: 80
alpha: 6.8200024
objective_value: 4.09782073887
feasible: False
max_abs_h: 2.653039486484e-04
l2_norm_h: 5.333794621609e-04
lambda_inf_norm: 1.424757054868e+00
lambda_l2_norm: 7.197274271262e+00
------------------------------------------------------------------------------------------------------------------------
Bus Results
BusID	V_R		V_I		Vmag		Pg		Qg		Pl		Ql
1	1.000265	0.000045	1.000265	0.924222	-0.359910	0.000000	0.000000
2	1.000098	0.070459	1.002577	1.155824	-0.414457	0.000000	0.000000
3	1.007589	0.075804	1.010437	1.104357	-0.506499	0.000000	0.000000
4	1.020991	-0.053182	1.022376	0.000000	0.000000	0.000000	0.000000
5	1.026958	-0.084652	1.030442	0.000000	0.000000	0.900000	0.300000
6	1.041685	0.014127	1.041782	0.000000	0.000000	0.000000	0.000000
7	1.030486	-0.034624	1.031068	0.000000	0.000000	1.000000	0.350000
8	1.030935	0.000382	1.030935	0.000000	0.000000	0.000000	0.000000
9	1.006178	-0.102054	1.011340	0.000000	0.000000	1.250000	0.500000

Branch Results
LineID	From	To	Pik		Pki		Qik		Qki		LossP		LossQ
1	1	4	0.924289	-0.924406	-0.359900	0.416495	-0.000117	0.056594
2	4	5	0.319243	-0.317361	-0.308599	-0.013625	0.001882	-0.322224
3	5	6	-0.582583	0.595247	-0.286327	-0.426697	0.012663	-0.713024
4	3	6	1.104506	-1.104715	-0.506496	0.591206	-0.000209	0.084710
5	6	7	0.509534	-0.506762	-0.164471	-0.260151	0.002772	-0.424621
6	7	8	-0.493179	0.495046	-0.089811	-0.210240	0.001867	-0.300052
7	8	2	-1.156231	1.155991	0.508210	-0.414454	-0.000240	0.093756
8	8	9	0.661247	-0.648182	-0.297934	-0.274004	0.013064	-0.571937
9	9	4	-0.601761	0.605216	-0.225951	-0.107854	0.003455	-0.333805

Summary
Total Pg           : 3.184404
Total Qg           : -1.280866
Total Load P       : 3.150000
Total Load Q       : 1.150000
Total Active Loss  : 0.035138
Total Reactive Loss: -2.430603
Total Load Supplied: 99.976686%

========================================================================================================================
Update time: 2026-06-10 17:27:32
Iteration: 69
rho: 80
alpha: 7.0246024
objective_value: 4.0980292017
feasible: False
max_abs_h: 2.394946309101e-04
l2_norm_h: 4.897288001008e-04
lambda_inf_norm: 1.425086207984e+00
lambda_l2_norm: 7.199637857256e+00
------------------------------------------------------------------------------------------------------------------------
Bus Results
BusID	V_R		V_I		Vmag		Pg		Qg		Pl		Ql
1	1.000239	0.000045	1.000239	0.922974	-0.362172	0.000000	0.000000
2	1.000512	0.070610	1.003001	1.156412	-0.413899	0.000000	0.000000
3	1.007952	0.075991	1.010813	1.105229	-0.506294	0.000000	0.000000
4	1.021097	-0.053111	1.022477	0.000000	0.000000	0.000000	0.000000
5	1.027165	-0.084539	1.030639	0.000000	0.000000	0.900000	0.300000
6	1.042037	0.014292	1.042136	0.000000	0.000000	0.000000	0.000000
7	1.030874	-0.034457	1.031451	0.000000	0.000000	1.000000	0.350000
8	1.031312	0.000529	1.031312	0.000000	0.000000	0.000000	0.000000
9	1.006397	-0.101944	1.011547	0.000000	0.000000	1.250000	0.500000

Branch Results
LineID	From	To	Pik		Pki		Qik		Qki		LossP		LossQ
1	1	4	0.923032	-0.923133	-0.362163	0.418724	-0.000101	0.056561
2	4	5	0.318591	-0.316696	-0.309593	-0.012724	0.001895	-0.322317
3	5	6	-0.583256	0.595953	-0.287237	-0.426109	0.012697	-0.713346
4	3	6	1.105365	-1.105549	-0.506291	0.591036	-0.000184	0.084745
5	6	7	0.509654	-0.506873	-0.164887	-0.260068	0.002781	-0.424955
6	7	8	-0.493074	0.494941	-0.089887	-0.210431	0.001866	-0.300319
7	8	2	-1.156791	1.156566	0.507619	-0.413896	-0.000224	0.093723
8	8	9	0.661914	-0.648819	-0.297145	-0.275068	0.013096	-0.572214
9	9	4	-0.601133	0.604590	-0.224889	-0.109097	0.003456	-0.333986

Summary
Total Pg           : 3.184615
Total Qg           : -1.282366
Total Load P       : 3.150000
Total Load Q       : 1.150000
Total Active Loss  : 0.035282
Total Reactive Loss: -2.432108
Total Load Supplied: 99.978833%

========================================================================================================================
Update time: 2026-06-10 17:29:39
Iteration: 70
rho: 80
alpha: 7.0246024
objective_value: 4.09826410789
feasible: False
max_abs_h: 2.212461038740e-04
l2_norm_h: 4.394823388446e-04
lambda_inf_norm: 1.425379403008e+00
lambda_l2_norm: 7.201789534217e+00
------------------------------------------------------------------------------------------------------------------------
Bus Results
BusID	V_R		V_I		Vmag		Pg		Qg		Pl		Ql
1	1.000221	0.000048	1.000221	0.921713	-0.364571	0.000000	0.000000
2	1.000956	0.070764	1.003454	1.157037	-0.413266	0.000000	0.000000
3	1.008340	0.076179	1.011214	1.106097	-0.506062	0.000000	0.000000
4	1.021217	-0.053035	1.022593	0.000000	0.000000	0.000000	0.000000
5	1.027393	-0.084421	1.030856	0.000000	0.000000	0.900000	0.300000
6	1.042412	0.014460	1.042513	0.000000	0.000000	0.000000	0.000000
7	1.031285	-0.034288	1.031855	0.000000	0.000000	1.000000	0.350000
8	1.031714	0.000677	1.031714	0.000000	0.000000	0.000000	0.000000
9	1.006636	-0.101829	1.011774	0.000000	0.000000	1.250000	0.500000

Branch Results
LineID	From	To	Pik		Pki		Qik		Qki		LossP		LossQ
1	1	4	0.921759	-0.921841	-0.364562	0.421091	-0.000082	0.056529
2	4	5	0.317926	-0.316026	-0.310659	-0.011775	0.001900	-0.322435
3	5	6	-0.583929	0.596656	-0.288189	-0.425507	0.012727	-0.713696
4	3	6	1.106221	-1.106391	-0.506059	0.590843	-0.000170	0.084784
5	6	7	0.509784	-0.506990	-0.165305	-0.259982	0.002794	-0.425287
6	7	8	-0.492966	0.494848	-0.089981	-0.210592	0.001882	-0.300573
7	8	2	-1.157375	1.157179	0.506958	-0.413262	-0.000195	0.093695
8	8	9	0.662581	-0.649455	-0.296329	-0.276179	0.013126	-0.572507
9	9	4	-0.600502	0.603958	-0.223784	-0.110401	0.003457	-0.334185

Summary
Total Pg           : 3.184846
Total Qg           : -1.283899
Total Load P       : 3.150000
Total Load Q       : 1.150000
Total Active Loss  : 0.035438
Total Reactive Loss: -2.433674
Total Load Supplied: 99.981211%

========================================================================================================================
Update time: 2026-06-10 17:31:45
Iteration: 71
rho: 80
alpha: 7.0246024
objective_value: 4.09838502716
feasible: False
max_abs_h: 2.767653926301e-04
l2_norm_h: 4.319889011835e-04
lambda_inf_norm: 1.425647465956e+00
lambda_l2_norm: 7.203767868270e+00
------------------------------------------------------------------------------------------------------------------------
Bus Results
BusID	V_R		V_I		Vmag		Pg		Qg		Pl		Ql
1	1.000277	0.000012	1.000276	0.920454	-0.367068	0.000000	0.000000
2	1.001464	0.070863	1.003968	1.157581	-0.412823	0.000000	0.000000
3	1.008811	0.076317	1.011694	1.106958	-0.505912	0.000000	0.000000
4	1.021414	-0.052996	1.022787	0.000000	0.000000	0.000000	0.000000
5	1.027702	-0.084340	1.031156	0.000000	0.000000	0.900000	0.300000
6	1.042868	0.014582	1.042970	0.000000	0.000000	0.000000	0.000000
7	1.031771	-0.034161	1.032337	0.000000	0.000000	1.000000	0.350000
8	1.032186	0.000780	1.032186	0.000000	0.000000	0.000000	0.000000
9	1.006953	-0.101749	1.012080	0.000000	0.000000	1.250000	0.500000

Branch Results
LineID	From	To	Pik		Pki		Qik		Qki		LossP		LossQ
1	1	4	0.920490	-0.920564	-0.367062	0.423570	-0.000074	0.056508
2	4	5	0.317259	-0.315360	-0.311800	-0.010784	0.001899	-0.322584
3	5	6	-0.584598	0.597349	-0.289192	-0.424977	0.012751	-0.714169
4	3	6	1.107071	-1.107228	-0.505910	0.590718	-0.000157	0.084807
5	6	7	0.509925	-0.507121	-0.165716	-0.259968	0.002803	-0.425683
6	7	8	-0.492839	0.494726	-0.090007	-0.210856	0.001886	-0.300864
7	8	2	-1.157892	1.157710	0.506484	-0.412823	-0.000182	0.093662
8	8	9	0.663217	-0.650066	-0.295602	-0.277293	0.013151	-0.572895
9	9	4	-0.599895	0.603348	-0.222680	-0.111750	0.003453	-0.334430

Summary
Total Pg           : 3.184993
Total Qg           : -1.285804
Total Load P       : 3.150000
Total Load Q       : 1.150000
Total Active Loss  : 0.035531
Total Reactive Loss: -2.435649
Total Load Supplied: 99.982922%

========================================================================================================================
Update time: 2026-06-10 17:33:51
Iteration: 72
rho: 80
alpha: 7.0246024
objective_value: 4.09865208612
feasible: False
max_abs_h: 1.967606775775e-04
l2_norm_h: 3.792722316467e-04
lambda_inf_norm: 1.425845733316e+00
lambda_l2_norm: 7.205437513991e+00
------------------------------------------------------------------------------------------------------------------------
Bus Results
BusID	V_R		V_I		Vmag		Pg		Qg		Pl		Ql
1	1.000197	0.000049	1.000197	0.919267	-0.369320	0.000000	0.000000
2	1.001805	0.071052	1.004323	1.158145	-0.412298	0.000000	0.000000
3	1.009126	0.076545	1.012026	1.107831	-0.505586	0.000000	0.000000
4	1.021467	-0.052893	1.022836	0.000000	0.000000	0.000000	0.000000
5	1.027859	-0.084197	1.031303	0.000000	0.000000	0.900000	0.300000
6	1.043168	0.014785	1.043275	0.000000	0.000000	0.000000	0.000000
7	1.032099	-0.033961	1.032659	0.000000	0.000000	1.000000	0.350000
8	1.032497	0.000962	1.032499	0.000000	0.000000	0.000000	0.000000
9	1.007115	-0.101611	1.012229	0.000000	0.000000	1.250000	0.500000

Branch Results
LineID	From	To	Pik		Pki		Qik		Qki		LossP		LossQ
1	1	4	0.919294	-0.919345	-0.369310	0.425779	-0.000050	0.056469
2	4	5	0.316618	-0.314690	-0.312814	-0.009873	0.001928	-0.322688
3	5	6	-0.585280	0.598063	-0.290088	-0.424351	0.012783	-0.714439
4	3	6	1.107936	-1.108080	-0.505582	0.590411	-0.000145	0.084830
5	6	7	0.510061	-0.507254	-0.166027	-0.259953	0.002807	-0.425980
6	7	8	-0.492708	0.494601	-0.090008	-0.211089	0.001893	-0.301097
7	8	2	-1.158428	1.158264	0.505935	-0.412295	-0.000164	0.093640
8	8	9	0.663872	-0.650686	-0.294815	-0.278292	0.013186	-0.573107
9	9	4	-0.599285	0.602754	-0.221668	-0.112933	0.003469	-0.334601

Summary
Total Pg           : 3.185243
Total Qg           : -1.287204
Total Load P       : 3.150000
Total Load Q       : 1.150000
Total Active Loss  : 0.035706
Total Reactive Loss: -2.436973
Total Load Supplied: 99.985304%

========================================================================================================================
Update time: 2026-06-10 17:35:58
Iteration: 73
rho: 80
alpha: 7.2353405
objective_value: 4.09881789968
feasible: False
max_abs_h: 1.873469792988e-04
l2_norm_h: 3.349854493011e-04
lambda_inf_norm: 1.426031787605e+00
lambda_l2_norm: 7.206895782872e+00
------------------------------------------------------------------------------------------------------------------------
Bus Results
BusID	V_R		V_I		Vmag		Pg		Qg		Pl		Ql
1	1.000187	0.000044	1.000187	0.918023	-0.371628	0.000000	0.000000
2	1.002234	0.071190	1.004760	1.158696	-0.411761	0.000000	0.000000
3	1.009523	0.076720	1.012435	1.108702	-0.505279	0.000000	0.000000
4	1.021590	-0.052825	1.022955	0.000000	0.000000	0.000000	0.000000
5	1.028089	-0.084089	1.031523	0.000000	0.000000	0.900000	0.300000
6	1.043547	0.014939	1.043655	0.000000	0.000000	0.000000	0.000000
7	1.032505	-0.033805	1.033059	0.000000	0.000000	1.000000	0.350000
8	1.032890	0.001099	1.032891	0.000000	0.000000	0.000000	0.000000
9	1.007352	-0.101506	1.012454	0.000000	0.000000	1.250000	0.500000

Branch Results
LineID	From	To	Pik		Pki		Qik		Qki		LossP		LossQ
1	1	4	0.918041	-0.918083	-0.371621	0.428068	-0.000042	0.056447
2	4	5	0.315967	-0.314037	-0.313868	-0.008924	0.001930	-0.322793
3	5	6	-0.585938	0.598756	-0.291047	-0.423744	0.012818	-0.714790
4	3	6	1.108797	-1.108921	-0.505276	0.590135	-0.000124	0.084860
5	6	7	0.510200	-0.507378	-0.166365	-0.259945	0.002822	-0.426310
6	7	8	-0.492592	0.494495	-0.090027	-0.211315	0.001903	-0.301342
7	8	2	-1.158958	1.158806	0.505374	-0.411759	-0.000151	0.093615
8	8	9	0.664502	-0.651292	-0.294034	-0.279356	0.013210	-0.573390
9	9	4	-0.598680	0.602140	-0.220613	-0.114175	0.003461	-0.334789

Summary
Total Pg           : 3.185421
Total Qg           : -1.288668
Total Load P       : 3.150000
Total Load Q       : 1.150000
Total Active Loss  : 0.035827
Total Reactive Loss: -2.438492
Total Load Supplied: 99.987124%

========================================================================================================================
Update time: 2026-06-10 17:38:06
Iteration: 74
rho: 80
alpha: 7.2353405
objective_value: 4.0989951155
feasible: False
max_abs_h: 1.671621224728e-04
l2_norm_h: 3.028624931005e-04
lambda_inf_norm: 1.426185109034e+00
lambda_l2_norm: 7.208172489070e+00
------------------------------------------------------------------------------------------------------------------------
Bus Results
BusID	V_R		V_I		Vmag		Pg		Qg		Pl		Ql
1	1.000167	0.000040	1.000167	0.916874	-0.373832	0.000000	0.000000
2	1.002622	0.071320	1.005156	1.159217	-0.411281	0.000000	0.000000
3	1.009880	0.076886	1.012804	1.109512	-0.505023	0.000000	0.000000
4	1.021697	-0.052763	1.023059	0.000000	0.000000	0.000000	0.000000
5	1.028296	-0.083990	1.031721	0.000000	0.000000	0.900000	0.300000
6	1.043889	0.015086	1.043999	0.000000	0.000000	0.000000	0.000000
7	1.032873	-0.033658	1.033422	0.000000	0.000000	1.000000	0.350000
8	1.033245	0.001226	1.033246	0.000000	0.000000	0.000000	0.000000
9	1.007565	-0.101409	1.012656	0.000000	0.000000	1.250000	0.500000

Branch Results
LineID	From	To	Pik		Pki		Qik		Qki		LossP		LossQ
1	1	4	0.916886	-0.916915	-0.373824	0.430241	-0.000029	0.056416
2	4	5	0.315357	-0.313418	-0.314865	-0.008043	0.001939	-0.322908
3	5	6	-0.586562	0.599408	-0.291925	-0.423195	0.012846	-0.715121
4	3	6	1.109598	-1.109711	-0.505021	0.589911	-0.000113	0.084890
5	6	7	0.510332	-0.507501	-0.166691	-0.259929	0.002831	-0.426620
6	7	8	-0.492474	0.494387	-0.090046	-0.211530	0.001913	-0.301576
7	8	2	-1.159449	1.159317	0.504873	-0.411280	-0.000132	0.093593
8	8	9	0.665096	-0.651862	-0.293321	-0.280338	0.013234	-0.573659
9	9	4	-0.598115	0.601577	-0.219630	-0.115347	0.003462	-0.334977

Summary
Total Pg           : 3.185603
Total Qg           : -1.290137
Total Load P       : 3.150000
Total Load Q       : 1.150000
Total Active Loss  : 0.035952
Total Reactive Loss: -2.439961
Total Load Supplied: 99.988911%

========================================================================================================================
Update time: 2026-06-10 17:40:14
Iteration: 75
rho: 80
alpha: 7.2353405
objective_value: 4.09917174551
feasible: False
max_abs_h: 1.554151640633e-04
l2_norm_h: 2.746235980962e-04
lambda_inf_norm: 1.426295725254e+00
lambda_l2_norm: 7.209224999900e+00
------------------------------------------------------------------------------------------------------------------------
Bus Results
BusID	V_R		V_I		Vmag		Pg		Qg		Pl		Ql
1	1.000155	0.000038	1.000155	0.915717	-0.375990	0.000000	0.000000
2	1.003022	0.071449	1.005565	1.159725	-0.410756	0.000000	0.000000
3	1.010228	0.077059	1.013164	1.110342	-0.504870	0.000000	0.000000
4	1.021810	-0.052699	1.023168	0.000000	0.000000	0.000000	0.000000
5	1.028505	-0.083886	1.031921	0.000000	0.000000	0.900000	0.300000
6	1.044229	0.015237	1.044341	0.000000	0.000000	0.000000	0.000000
7	1.033246	-0.033509	1.033790	0.000000	0.000000	1.000000	0.350000
8	1.033610	0.001354	1.033611	0.000000	0.000000	0.000000	0.000000
9	1.007785	-0.101311	1.012864	0.000000	0.000000	1.250000	0.500000

Branch Results
LineID	From	To	Pik		Pki		Qik		Qki		LossP		LossQ
1	1	4	0.915723	-0.915743	-0.375982	0.432373	-0.000020	0.056391
2	4	5	0.314738	-0.312795	-0.315821	-0.007196	0.001942	-0.323016
3	5	6	-0.587186	0.600054	-0.292774	-0.422672	0.012867	-0.715446
4	3	6	1.110421	-1.110521	-0.504868	0.589790	-0.000100	0.084922
5	6	7	0.510491	-0.507648	-0.167094	-0.259839	0.002842	-0.426933
6	7	8	-0.492335	0.494263	-0.090135	-0.211691	0.001928	-0.301826
7	8	2	-1.159933	1.159818	0.504314	-0.410754	-0.000116	0.093560
8	8	9	0.665694	-0.652425	-0.292598	-0.281338	0.013269	-0.573936
9	9	4	-0.597558	0.601021	-0.218632	-0.116527	0.003463	-0.335159

Summary
Total Pg           : 3.185784
Total Qg           : -1.291616
Total Load P       : 3.150000
Total Load Q       : 1.150000
Total Active Loss  : 0.036076
Total Reactive Loss: -2.441443
Total Load Supplied: 99.990732%

========================================================================================================================
Update time: 2026-06-10 17:42:21
Iteration: 76
rho: 80
alpha: 7.2353405
objective_value: 4.09928273751
feasible: False
max_abs_h: 1.746869150725e-04
l2_norm_h: 2.586992690014e-04
lambda_inf_norm: 1.426365803874e+00
lambda_l2_norm: 7.210119776454e+00
------------------------------------------------------------------------------------------------------------------------
Bus Results
BusID	V_R		V_I		Vmag		Pg		Qg		Pl		Ql
1	1.000175	0.000016	1.000174	0.914619	-0.378241	0.000000	0.000000
2	1.003454	0.071545	1.006001	1.160193	-0.410341	0.000000	0.000000
3	1.010635	0.077188	1.013578	1.111101	-0.504653	0.000000	0.000000
4	1.021958	-0.052656	1.023313	0.000000	0.000000	0.000000	0.000000
5	1.028755	-0.083808	1.032163	0.000000	0.000000	0.900000	0.300000
6	1.044618	0.015352	1.044731	0.000000	0.000000	0.000000	0.000000
7	1.033660	-0.033390	1.034199	0.000000	0.000000	1.000000	0.350000
8	1.034009	0.001453	1.034010	0.000000	0.000000	0.000000	0.000000
9	1.008040	-0.101233	1.013111	0.000000	0.000000	1.250000	0.500000

Branch Results
LineID	From	To	Pik		Pki		Qik		Qki		LossP		LossQ
1	1	4	0.914619	-0.914630	-0.378236	0.434614	-0.000011	0.056378
2	4	5	0.314160	-0.312209	-0.316862	-0.006276	0.001951	-0.323137
3	5	6	-0.587779	0.600672	-0.293702	-0.422138	0.012894	-0.715840
4	3	6	1.111172	-1.111260	-0.504651	0.589588	-0.000088	0.084937
5	6	7	0.510607	-0.507759	-0.167430	-0.259850	0.002848	-0.427280
6	7	8	-0.492226	0.494152	-0.090130	-0.211949	0.001927	-0.302080
7	8	2	-1.160382	1.160277	0.503873	-0.410341	-0.000105	0.093532
8	8	9	0.666253	-0.652969	-0.291907	-0.282352	0.013284	-0.574259
9	9	4	-0.597017	0.600481	-0.217626	-0.117733	0.003464	-0.335358

Summary
Total Pg           : 3.185914
Total Qg           : -1.293235
Total Load P       : 3.150000
Total Load Q       : 1.150000
Total Active Loss  : 0.036165
Total Reactive Loss: -2.443107
Total Load Supplied: 99.992033%

========================================================================================================================
Update time: 2026-06-10 17:44:28
Iteration: 77
rho: 80
alpha: 7.4524007
objective_value: 4.09932419033
feasible: False
max_abs_h: 1.706670406505e-04
l2_norm_h: 2.483872174635e-04
lambda_inf_norm: 1.426437778543e+00
lambda_l2_norm: 7.210927625035e+00
------------------------------------------------------------------------------------------------------------------------
Bus Results
BusID	V_R		V_I		Vmag		Pg		Qg		Pl		Ql
1	1.000171	0.000042	1.000170	0.913518	-0.380487	0.000000	0.000000
2	1.003883	0.071689	1.006440	1.160672	-0.409760	0.000000	0.000000
3	1.010998	0.077363	1.013955	1.111802	-0.504547	0.000000	0.000000
4	1.022085	-0.052566	1.023435	0.000000	0.000000	0.000000	0.000000
5	1.028981	-0.083683	1.032379	0.000000	0.000000	0.900000	0.300000
6	1.044975	0.015514	1.045091	0.000000	0.000000	0.000000	0.000000
7	1.034056	-0.033225	1.034590	0.000000	0.000000	1.000000	0.350000
8	1.034398	0.001598	1.034400	0.000000	0.000000	0.000000	0.000000
9	1.008281	-0.101110	1.013338	0.000000	0.000000	1.250000	0.500000

Branch Results
LineID	From	To	Pik		Pki		Qik		Qki		LossP		LossQ
1	1	4	0.913512	-0.913515	-0.380482	0.436846	-0.000003	0.056364
2	4	5	0.313593	-0.311636	-0.317855	-0.005391	0.001957	-0.323247
3	5	6	-0.588355	0.601267	-0.294590	-0.421608	0.012913	-0.716198
4	3	6	1.111867	-1.111957	-0.504547	0.589507	-0.000090	0.084961
5	6	7	0.510709	-0.507858	-0.167882	-0.259728	0.002851	-0.427610
6	7	8	-0.492128	0.494058	-0.090254	-0.212081	0.001929	-0.302335
7	8	2	-1.160858	1.160750	0.503244	-0.409757	-0.000108	0.093487
8	8	9	0.666822	-0.653513	-0.291148	-0.283413	0.013309	-0.574561
9	9	4	-0.596476	0.599931	-0.216571	-0.118976	0.003456	-0.335547

Summary
Total Pg           : 3.185992
Total Qg           : -1.294794
Total Load P       : 3.150000
Total Load Q       : 1.150000
Total Active Loss  : 0.036213
Total Reactive Loss: -2.444686
Total Load Supplied: 99.992959%

========================================================================================================================
Update time: 2026-06-10 17:46:36
Iteration: 78
rho: 80
alpha: 7.4524007
objective_value: 4.09945845032
feasible: False
max_abs_h: 1.392849490875e-04
l2_norm_h: 2.189651249574e-04
lambda_inf_norm: 1.426453097058e+00
lambda_l2_norm: 7.211575407302e+00
------------------------------------------------------------------------------------------------------------------------
Bus Results
BusID	V_R		V_I		Vmag		Pg		Qg		Pl		Ql
1	1.000139	0.000046	1.000139	0.912411	-0.382740	0.000000	0.000000
2	1.004272	0.071815	1.006838	1.161146	-0.409267	0.000000	0.000000
3	1.011357	0.077527	1.014324	1.112580	-0.504286	0.000000	0.000000
4	1.022184	-0.052499	1.023531	0.000000	0.000000	0.000000	0.000000
5	1.029182	-0.083580	1.032571	0.000000	0.000000	0.900000	0.300000
6	1.045318	0.015660	1.045436	0.000000	0.000000	0.000000	0.000000
7	1.034425	-0.033079	1.034955	0.000000	0.000000	1.000000	0.350000
8	1.034754	0.001724	1.034756	0.000000	0.000000	0.000000	0.000000
9	1.008489	-0.101011	1.013535	0.000000	0.000000	1.250000	0.500000

Branch Results
LineID	From	To	Pik		Pki		Qik		Qki		LossP		LossQ
1	1	4	0.912401	-0.912390	-0.382734	0.439082	0.000010	0.056348
2	4	5	0.312997	-0.311032	-0.318875	-0.004477	0.001965	-0.323352
3	5	6	-0.588964	0.601900	-0.295503	-0.421020	0.012936	-0.716523
4	3	6	1.112640	-1.112717	-0.504284	0.589262	-0.000077	0.084978
5	6	7	0.510834	-0.507983	-0.168222	-0.259707	0.002851	-0.427929
6	7	8	-0.492004	0.493930	-0.090274	-0.212305	0.001926	-0.302578
7	8	2	-1.161306	1.161218	0.502720	-0.409267	-0.000088	0.093454
8	8	9	0.667396	-0.654067	-0.290400	-0.284436	0.013329	-0.574836
9	9	4	-0.595929	0.599394	-0.215542	-0.120190	0.003466	-0.335732

Summary
Total Pg           : 3.186138
Total Qg           : -1.296293
Total Load P       : 3.150000
Total Load Q       : 1.150000
Total Active Loss  : 0.036318
Total Reactive Loss: -2.446172
Total Load Supplied: 99.994275%

========================================================================================================================
Update time: 2026-06-10 17:48:43
Iteration: 79
rho: 80
alpha: 7.4524007
objective_value: 4.09957699736
feasible: False
max_abs_h: 1.559195017380e-04
l2_norm_h: 2.083665677368e-04
lambda_inf_norm: 1.426462416640e+00
lambda_l2_norm: 7.212058390132e+00
------------------------------------------------------------------------------------------------------------------------
Bus Results
BusID	V_R		V_I		Vmag		Pg		Qg		Pl		Ql
1	1.000156	0.000010	1.000156	0.911375	-0.384819	0.000000	0.000000
2	1.004671	0.071888	1.007241	1.161589	-0.408870	0.000000	0.000000
3	1.011722	0.077635	1.014697	1.113306	-0.504120	0.000000	0.000000
4	1.022318	-0.052476	1.023664	0.000000	0.000000	0.000000	0.000000
5	1.029408	-0.083523	1.032792	0.000000	0.000000	0.900000	0.300000
6	1.045669	0.015752	1.045789	0.000000	0.000000	0.000000	0.000000
7	1.034802	-0.032985	1.035328	0.000000	0.000000	1.000000	0.350000
8	1.035121	0.001799	1.035124	0.000000	0.000000	0.000000	0.000000
9	1.008722	-0.100954	1.013762	0.000000	0.000000	1.250000	0.500000

Branch Results
LineID	From	To	Pik		Pki		Qik		Qki		LossP		LossQ
1	1	4	0.911360	-0.911343	-0.384814	0.441146	0.000017	0.056332
2	4	5	0.312459	-0.310488	-0.319819	-0.003650	0.001971	-0.323468
3	5	6	-0.589512	0.602474	-0.296334	-0.420546	0.012962	-0.716880
4	3	6	1.113360	-1.113426	-0.504119	0.589125	-0.000066	0.085006
5	6	7	0.510963	-0.508099	-0.168566	-0.259674	0.002864	-0.428240
6	7	8	-0.491893	0.493830	-0.090311	-0.212508	0.001937	-0.302819
7	8	2	-1.161726	1.161653	0.502290	-0.408869	-0.000073	0.093420
8	8	9	0.667911	-0.654567	-0.289768	-0.285374	0.013344	-0.575142
9	9	4	-0.595427	0.598883	-0.214607	-0.121314	0.003456	-0.335921

Summary
Total Pg           : 3.186270
Total Qg           : -1.297808
Total Load P       : 3.150000
Total Load Q       : 1.150000
Total Active Loss  : 0.036411
Total Reactive Loss: -2.447713
Total Load Supplied: 99.995522%

========================================================================================================================
Update time: 2026-06-10 17:50:51
Iteration: 80
rho: 80
alpha: 5.9619206
objective_value: 4.0996172717
feasible: False
max_abs_h: 1.380498224455e-04
l2_norm_h: 2.187748275635e-04
lambda_inf_norm: 1.426484411295e+00
lambda_l2_norm: 7.212458402894e+00
------------------------------------------------------------------------------------------------------------------------
Bus Results
BusID	V_R		V_I		Vmag		Pg		Qg		Pl		Ql
1	1.000138	0.000095	1.000138	0.910328	-0.386944	0.000000	0.000000
2	1.005033	0.072085	1.007616	1.162006	-0.408463	0.000000	0.000000
3	1.012055	0.077866	1.015046	1.114010	-0.503923	0.000000	0.000000
4	1.022427	-0.052329	1.023765	0.000000	0.000000	0.000000	0.000000
5	1.029615	-0.083343	1.032983	0.000000	0.000000	0.900000	0.300000
6	1.045995	0.015970	1.046117	0.000000	0.000000	0.000000	0.000000
7	1.035157	-0.032767	1.035676	0.000000	0.000000	1.000000	0.350000
8	1.035460	0.001999	1.035463	0.000000	0.000000	0.000000	0.000000
9	1.008936	-0.100779	1.013958	0.000000	0.000000	1.250000	0.500000

Branch Results
LineID	From	To	Pik		Pki		Qik		Qki		LossP		LossQ
1	1	4	0.910310	-0.910292	-0.386937	0.443242	0.000018	0.056305
2	4	5	0.311909	-0.309935	-0.320783	-0.002799	0.001974	-0.323582
3	5	6	-0.590064	0.603039	-0.297179	-0.420036	0.012974	-0.717215
4	3	6	1.114059	-1.114112	-0.503922	0.588942	-0.000054	0.085019
5	6	7	0.511081	-0.508211	-0.168888	-0.259658	0.002869	-0.428546
6	7	8	-0.491783	0.493722	-0.090324	-0.212729	0.001938	-0.303053
7	8	2	-1.162135	1.162065	0.501846	-0.408462	-0.000070	0.093385
8	8	9	0.668428	-0.655065	-0.289101	-0.286314	0.013363	-0.575415
9	9	4	-0.594932	0.598380	-0.213662	-0.122441	0.003449	-0.336102

Summary
Total Pg           : 3.186344
Total Qg           : -1.299330
Total Load P       : 3.150000
Total Load Q       : 1.150000
Total Active Loss  : 0.036463
Total Reactive Loss: -2.449203
Total Load Supplied: 99.996216%

========================================================================================================================
Update time: 2026-06-10 17:53:00
Iteration: 81
rho: 80
alpha: 5.9619206
objective_value: 4.09971749932
feasible: False
max_abs_h: 1.075750288384e-04
l2_norm_h: 1.955458065574e-04
lambda_inf_norm: 1.426459113374e+00
lambda_l2_norm: 7.212665076372e+00
------------------------------------------------------------------------------------------------------------------------
Bus Results
BusID	V_R		V_I		Vmag		Pg		Qg		Pl		Ql
1	1.000108	0.000098	1.000108	0.909346	-0.388907	0.000000	0.000000
2	1.005380	0.072193	1.007969	1.162414	-0.407992	0.000000	0.000000
3	1.012373	0.078008	1.015375	1.114699	-0.503674	0.000000	0.000000
4	1.022510	-0.052270	1.023846	0.000000	0.000000	0.000000	0.000000
5	1.029790	-0.083253	1.033150	0.000000	0.000000	0.900000	0.300000
6	1.046297	0.016095	1.046422	0.000000	0.000000	0.000000	0.000000
7	1.035483	-0.032641	1.035998	0.000000	0.000000	1.000000	0.350000
8	1.035775	0.002108	1.035778	0.000000	0.000000	0.000000	0.000000
9	1.009116	-0.100692	1.014128	0.000000	0.000000	1.250000	0.500000

Branch Results
LineID	From	To	Pik		Pki		Qik		Qki		LossP		LossQ
1	1	4	0.909325	-0.909298	-0.388900	0.445203	0.000027	0.056303
2	4	5	0.311385	-0.309408	-0.321689	-0.001974	0.001976	-0.323662
3	5	6	-0.590594	0.603595	-0.298007	-0.419496	0.013001	-0.717503
4	3	6	1.114743	-1.114789	-0.503673	0.588704	-0.000046	0.085031
5	6	7	0.511197	-0.508323	-0.169189	-0.259641	0.002874	-0.428830
6	7	8	-0.491674	0.493617	-0.090340	-0.212928	0.001943	-0.303268
7	8	2	-1.162539	1.162469	0.501350	-0.407991	-0.000070	0.093359
8	8	9	0.668931	-0.655546	-0.288407	-0.287236	0.013385	-0.575643
9	9	4	-0.594454	0.597908	-0.212745	-0.123500	0.003453	-0.336245

Summary
Total Pg           : 3.186459
Total Qg           : -1.300574
Total Load P       : 3.150000
Total Load Q       : 1.150000
Total Active Loss  : 0.036544
Total Reactive Loss: -2.450457
Total Load Supplied: 99.997308%

========================================================================================================================
Update time: 2026-06-10 17:55:08
Iteration: 82
rho: 80
alpha: 5.9619206
objective_value: 4.09966837791
feasible: False
max_abs_h: 1.619052669548e-04
l2_norm_h: 1.947785408761e-04
lambda_inf_norm: 1.426441738985e+00
lambda_l2_norm: 7.212880065841e+00
------------------------------------------------------------------------------------------------------------------------
Bus Results
BusID	V_R		V_I		Vmag		Pg		Qg		Pl		Ql
1	1.000162	-0.000020	1.000161	0.908394	-0.391078	0.000000	0.000000
2	1.005834	0.072150	1.008418	1.162743	-0.407635	0.000000	0.000000
3	1.012782	0.078005	1.015782	1.115326	-0.503630	0.000000	0.000000
4	1.022683	-0.052333	1.024020	0.000000	0.000000	0.000000	0.000000
5	1.030053	-0.083287	1.033415	0.000000	0.000000	0.900000	0.300000
6	1.046692	0.016080	1.046815	0.000000	0.000000	0.000000	0.000000
7	1.035903	-0.032654	1.036418	0.000000	0.000000	1.000000	0.350000
8	1.036190	0.002073	1.036191	0.000000	0.000000	0.000000	0.000000
9	1.009389	-0.100726	1.014401	0.000000	0.000000	1.250000	0.500000

Branch Results
LineID	From	To	Pik		Pki		Qik		Qki		LossP		LossQ
1	1	4	0.908371	-0.908347	-0.391075	0.447380	0.000024	0.056305
2	4	5	0.310883	-0.308916	-0.322674	-0.001120	0.001967	-0.323794
3	5	6	-0.591085	0.604090	-0.298871	-0.419061	0.013005	-0.717932
4	3	6	1.115366	-1.115410	-0.503631	0.588680	-0.000044	0.085050
5	6	7	0.511328	-0.508462	-0.169606	-0.259576	0.002866	-0.429182
6	7	8	-0.491536	0.493481	-0.090408	-0.213136	0.001945	-0.303544
7	8	2	-1.162844	1.162792	0.500942	-0.407637	-0.000052	0.093305
8	8	9	0.669368	-0.655973	-0.287792	-0.288231	0.013395	-0.576023
9	9	4	-0.594026	0.597464	-0.211758	-0.124698	0.003438	-0.336455

Summary
Total Pg           : 3.186463
Total Qg           : -1.302343
Total Load P       : 3.150000
Total Load Q       : 1.150000
Total Active Loss  : 0.036545
Total Reactive Loss: -2.452269
Total Load Supplied: 99.997375%

========================================================================================================================
Update time: 2026-06-10 17:57:16
Iteration: 83
rho: 80
alpha: 4.7695365
objective_value: 4.09974188464
feasible: False
max_abs_h: 1.786151526217e-04
l2_norm_h: 2.106088338540e-04
lambda_inf_norm: 1.426408733941e+00
lambda_l2_norm: 7.213003492574e+00
------------------------------------------------------------------------------------------------------------------------
Bus Results
BusID	V_R		V_I		Vmag		Pg		Qg		Pl		Ql
1	1.000179	-0.000042	1.000178	0.907479	-0.393184	0.000000	0.000000
2	1.006231	0.072212	1.008819	1.163079	-0.407271	0.000000	0.000000
3	1.013145	0.078106	1.016152	1.115998	-0.503503	0.000000	0.000000
4	1.022819	-0.052302	1.024156	0.000000	0.000000	0.000000	0.000000
5	1.030282	-0.083227	1.033638	0.000000	0.000000	0.900000	0.300000
6	1.047042	0.016167	1.047168	0.000000	0.000000	0.000000	0.000000
7	1.036279	-0.032565	1.036791	0.000000	0.000000	1.000000	0.350000
8	1.036556	0.002141	1.036558	0.000000	0.000000	0.000000	0.000000
9	1.009625	-0.100668	1.014631	0.000000	0.000000	1.250000	0.500000

Branch Results
LineID	From	To	Pik		Pki		Qik		Qki		LossP		LossQ
1	1	4	0.907453	-0.907420	-0.393180	0.449481	0.000033	0.056301
2	4	5	0.310392	-0.308417	-0.323633	-0.000284	0.001976	-0.323916
3	5	6	-0.591588	0.604612	-0.299706	-0.418600	0.013025	-0.718306
4	3	6	1.116035	-1.116070	-0.503503	0.588569	-0.000034	0.085065
5	6	7	0.511460	-0.508585	-0.169957	-0.259542	0.002875	-0.429499
6	7	8	-0.491414	0.493357	-0.090444	-0.213343	0.001943	-0.303787
7	8	2	-1.163177	1.163126	0.500530	-0.407271	-0.000051	0.093259
8	8	9	0.669825	-0.656416	-0.287174	-0.289172	0.013408	-0.576346
9	9	4	-0.593584	0.597022	-0.210813	-0.125839	0.003438	-0.336652

Summary
Total Pg           : 3.186555
Total Qg           : -1.303957
Total Load P       : 3.150000
Total Load Q       : 1.150000
Total Active Loss  : 0.036612
Total Reactive Loss: -2.453880
Total Load Supplied: 99.998178%

========================================================================================================================
Update time: 2026-06-10 17:59:25
Iteration: 84
rho: 80
alpha: 4.7695365
objective_value: 4.09975022128
feasible: False
max_abs_h: 1.691058242654e-04
l2_norm_h: 1.983007940946e-04
lambda_inf_norm: 1.426377562229e+00
lambda_l2_norm: 7.213074291882e+00
------------------------------------------------------------------------------------------------------------------------
Bus Results
BusID	V_R		V_I		Vmag		Pg		Qg		Pl		Ql
1	1.000169	0.000009	1.000169	0.906535	-0.395088	0.000000	0.000000
2	1.006569	0.072361	1.009168	1.163427	-0.406855	0.000000	0.000000
3	1.013451	0.078291	1.016472	1.116638	-0.503339	0.000000	0.000000
4	1.022922	-0.052195	1.024253	0.000000	0.000000	0.000000	0.000000
5	1.030471	-0.083089	1.033817	0.000000	0.000000	0.900000	0.300000
6	1.047341	0.016340	1.047469	0.000000	0.000000	0.000000	0.000000
7	1.036604	-0.032393	1.037111	0.000000	0.000000	1.000000	0.350000
8	1.036869	0.002296	1.036872	0.000000	0.000000	0.000000	0.000000
9	1.009821	-0.100534	1.014814	0.000000	0.000000	1.250000	0.500000

Branch Results
LineID	From	To	Pik		Pki		Qik		Qki		LossP		LossQ
1	1	4	0.906505	-0.906465	-0.395083	0.451364	0.000041	0.056281
2	4	5	0.309889	-0.307911	-0.324499	0.000481	0.001978	-0.324018
3	5	6	-0.592094	0.605134	-0.300466	-0.418144	0.013040	-0.718610
4	3	6	1.116673	-1.116707	-0.503339	0.588420	-0.000034	0.085081
5	6	7	0.511576	-0.508703	-0.170262	-0.259514	0.002873	-0.429776
6	7	8	-0.491296	0.493236	-0.090475	-0.213519	0.001940	-0.303994
7	8	2	-1.163520	1.163472	0.500084	-0.406856	-0.000048	0.093228
8	8	9	0.670289	-0.656868	-0.286556	-0.290031	0.013421	-0.576587
9	9	4	-0.593135	0.596570	-0.209955	-0.126854	0.003435	-0.336809

Summary
Total Pg           : 3.186600
Total Qg           : -1.305282
Total Load P       : 3.150000
Total Load Q       : 1.150000
Total Active Loss  : 0.036647
Total Reactive Loss: -2.455205
Total Load Supplied: 99.998521%

========================================================================================================================
Update time: 2026-06-10 18:01:32
Iteration: 85
rho: 80
alpha: 4.7695365
objective_value: 4.09989098567
feasible: False
max_abs_h: 1.378042868545e-04
l2_norm_h: 1.833319189213e-04
lambda_inf_norm: 1.426325118964e+00
lambda_l2_norm: 7.213029113900e+00
------------------------------------------------------------------------------------------------------------------------
Bus Results
BusID	V_R		V_I		Vmag		Pg		Qg		Pl		Ql
1	1.000138	0.000048	1.000138	0.905610	-0.397093	0.000000	0.000000
2	1.006911	0.072492	1.009518	1.163780	-0.406410	0.000000	0.000000
3	1.013762	0.078466	1.016795	1.117352	-0.503100	0.000000	0.000000
4	1.023009	-0.052103	1.024335	0.000000	0.000000	0.000000	0.000000
5	1.030649	-0.082967	1.033984	0.000000	0.000000	0.900000	0.300000
6	1.047639	0.016497	1.047770	0.000000	0.000000	0.000000	0.000000
7	1.036928	-0.032239	1.037430	0.000000	0.000000	1.000000	0.350000
8	1.037181	0.002430	1.037184	0.000000	0.000000	0.000000	0.000000
9	1.010006	-0.100417	1.014986	0.000000	0.000000	1.250000	0.500000

Branch Results
LineID	From	To	Pik		Pki		Qik		Qki		LossP		LossQ
1	1	4	0.905578	-0.905533	-0.397088	0.453364	0.000046	0.056276
2	4	5	0.309387	-0.307401	-0.325408	0.001293	0.001986	-0.324114
3	5	6	-0.592609	0.605672	-0.301276	-0.417625	0.013063	-0.718900
4	3	6	1.117386	-1.117406	-0.503099	0.588201	-0.000020	0.085102
5	6	7	0.511730	-0.508845	-0.170565	-0.259480	0.002885	-0.430045
6	7	8	-0.491160	0.493109	-0.090509	-0.213698	0.001950	-0.304206
7	8	2	-1.163866	1.163823	0.499599	-0.406410	-0.000043	0.093189
8	8	9	0.670756	-0.657311	-0.285890	-0.290947	0.013445	-0.576837
9	9	4	-0.592695	0.596133	-0.209035	-0.127938	0.003438	-0.336972

Summary
Total Pg           : 3.186742
Total Qg           : -1.306604
Total Load P       : 3.150000
Total Load Q       : 1.150000
Total Active Loss  : 0.036749
Total Reactive Loss: -2.456509
Total Load Supplied: 99.999768%

========================================================================================================================
Update time: 2026-06-10 18:03:41
Iteration: 86
rho: 80
alpha: 3.8156292
objective_value: 4.09983376853
feasible: False
max_abs_h: 2.012474960860e-04
l2_norm_h: 2.338873269705e-04
lambda_inf_norm: 1.426281805453e+00
lambda_l2_norm: 7.212998287626e+00
------------------------------------------------------------------------------------------------------------------------
Bus Results
BusID	V_R		V_I		Vmag		Pg		Qg		Pl		Ql
1	1.000201	0.000075	1.000201	0.904688	-0.399202	0.000000	0.000000
2	1.007341	0.072601	1.009953	1.164129	-0.406122	0.000000	0.000000
3	1.014161	0.078601	1.017201	1.117920	-0.503036	0.000000	0.000000
4	1.023194	-0.052020	1.024515	0.000000	0.000000	0.000000	0.000000
5	1.030928	-0.082855	1.034251	0.000000	0.000000	0.900000	0.300000
6	1.048031	0.016628	1.048163	0.000000	0.000000	0.000000	0.000000
7	1.037348	-0.032101	1.037844	0.000000	0.000000	1.000000	0.350000
8	1.037587	0.002549	1.037590	0.000000	0.000000	0.000000	0.000000
9	1.010294	-0.100305	1.015260	0.000000	0.000000	1.250000	0.500000

Branch Results
LineID	From	To	Pik		Pki		Qik		Qki		LossP		LossQ
1	1	4	0.904652	-0.904609	-0.399199	0.455477	0.000043	0.056277
2	4	5	0.308912	-0.306928	-0.326382	0.002133	0.001984	-0.324249
3	5	6	-0.593081	0.606154	-0.302123	-0.417212	0.013072	-0.719335
4	3	6	1.117951	-1.117973	-0.503038	0.588151	-0.000023	0.085114
5	6	7	0.511818	-0.508935	-0.170934	-0.259463	0.002883	-0.430397
6	7	8	-0.491070	0.493016	-0.090530	-0.213941	0.001946	-0.304470
7	8	2	-1.164208	1.164168	0.499273	-0.406124	-0.000040	0.093149
8	8	9	0.671195	-0.657747	-0.285324	-0.291887	0.013448	-0.577211
9	9	4	-0.592258	0.595685	-0.208101	-0.129084	0.003428	-0.337185

Summary
Total Pg           : 3.186737
Total Qg           : -1.308359
Total Load P       : 3.150000
Total Load Q       : 1.150000
Total Active Loss  : 0.036741
Total Reactive Loss: -2.458307
Total Load Supplied: 99.999873%

========================================================================================================================
Update time: 2026-06-10 18:05:50
Iteration: 87
rho: 80
alpha: 3.8156292
objective_value: 4.0998735904
feasible: False
max_abs_h: 1.759579467930e-04
l2_norm_h: 2.308059478122e-04
lambda_inf_norm: 1.426237807943e+00
lambda_l2_norm: 7.212934518332e+00
------------------------------------------------------------------------------------------------------------------------
Bus Results
BusID	V_R		V_I		Vmag		Pg		Qg		Pl		Ql
1	1.000176	-0.000110	1.000176	0.903822	-0.401363	0.000000	0.000000
2	1.007733	0.072482	1.010337	1.164455	-0.405692	0.000000	0.000000
3	1.014521	0.078517	1.017555	1.118524	-0.502853	0.000000	0.000000
4	1.023284	-0.052160	1.024613	0.000000	0.000000	0.000000	0.000000
5	1.031109	-0.082973	1.034443	0.000000	0.000000	0.900000	0.300000
6	1.048364	0.016526	1.048494	0.000000	0.000000	0.000000	0.000000
7	1.037697	-0.032200	1.038197	0.000000	0.000000	1.000000	0.350000
8	1.037932	0.002431	1.037935	0.000000	0.000000	0.000000	0.000000
9	1.010478	-0.100422	1.015456	0.000000	0.000000	1.250000	0.500000

Branch Results
LineID	From	To	Pik		Pki		Qik		Qki		LossP		LossQ
1	1	4	0.903787	-0.903738	-0.401360	0.457652	0.000048	0.056292
2	4	5	0.308448	-0.306464	-0.327384	0.003037	0.001984	-0.324347
3	5	6	-0.593547	0.606634	-0.303023	-0.416669	0.013087	-0.719692
4	3	6	1.118554	-1.118577	-0.502853	0.587965	-0.000023	0.085112
5	6	7	0.511940	-0.509057	-0.171283	-0.259433	0.002883	-0.430716
6	7	8	-0.490948	0.492894	-0.090555	-0.214158	0.001947	-0.304713
7	8	2	-1.164512	1.164494	0.498783	-0.405692	-0.000018	0.093091
8	8	9	0.671615	-0.658150	-0.284613	-0.292894	0.013465	-0.577507
9	9	4	-0.591857	0.595279	-0.207091	-0.130258	0.003422	-0.337349

Summary
Total Pg           : 3.186801
Total Qg           : -1.309908
Total Load P       : 3.150000
Total Load Q       : 1.150000
Total Active Loss  : 0.036795
Total Reactive Loss: -2.459829
Total Load Supplied: 100.000200%

========================================================================================================================
Update time: 2026-06-10 18:08:00
Iteration: 88
rho: 80
alpha: 3.8156292
objective_value: 4.1001070786
feasible: False
max_abs_h: 8.145510943014e-05
l2_norm_h: 1.647456160618e-04
lambda_inf_norm: 1.426147121010e+00
lambda_l2_norm: 7.212732079480e+00
------------------------------------------------------------------------------------------------------------------------
Bus Results
BusID	V_R		V_I		Vmag		Pg		Qg		Pl		Ql
1	1.000081	-0.000042	1.000082	0.903060	-0.403127	0.000000	0.000000
2	1.007999	0.072625	1.010613	1.164761	-0.405097	0.000000	0.000000
3	1.014743	0.078703	1.017793	1.119183	-0.502570	0.000000	0.000000
4	1.023297	-0.052052	1.024621	0.000000	0.000000	0.000000	0.000000
5	1.031204	-0.082841	1.034527	0.000000	0.000000	0.900000	0.300000
6	1.048575	0.016694	1.048709	0.000000	0.000000	0.000000	0.000000
7	1.037934	-0.032040	1.038431	0.000000	0.000000	1.000000	0.350000
8	1.038163	0.002575	1.038168	0.000000	0.000000	0.000000	0.000000
9	1.010579	-0.100296	1.015546	0.000000	0.000000	1.250000	0.500000

Branch Results
LineID	From	To	Pik		Pki		Qik		Qki		LossP		LossQ
1	1	4	0.903022	-0.902959	-0.403120	0.459414	0.000063	0.056294
2	4	5	0.308023	-0.306017	-0.328175	0.003786	0.002006	-0.324389
3	5	6	-0.594003	0.607122	-0.303766	-0.416102	0.013119	-0.719868
4	3	6	1.119212	-1.119227	-0.502568	0.587694	-0.000016	0.085126
5	6	7	0.512094	-0.509193	-0.171573	-0.259350	0.002901	-0.430922
6	7	8	-0.490821	0.492782	-0.090631	-0.214253	0.001961	-0.304885
7	8	2	-1.164827	1.164797	0.498150	-0.405094	-0.000030	0.093056
8	8	9	0.672037	-0.658544	-0.283882	-0.293771	0.013493	-0.577653
9	9	4	-0.591472	0.594913	-0.206211	-0.131223	0.003442	-0.337434

Summary
Total Pg           : 3.187004
Total Qg           : -1.310794
Total Load P       : 3.150000
Total Load Q       : 1.150000
Total Active Loss  : 0.036940
Total Reactive Loss: -2.460675
Total Load Supplied: 100.002059%

========================================================================================================================
Update time: 2026-06-10 18:10:08
Iteration: 89
rho: 80
alpha: 3.8156292
objective_value: 4.10001186984
feasible: False
max_abs_h: 1.023550940635e-04
l2_norm_h: 1.576067050123e-04
lambda_inf_norm: 1.426068544700e+00
lambda_l2_norm: 7.212564533316e+00
------------------------------------------------------------------------------------------------------------------------
Bus Results
BusID	V_R		V_I		Vmag		Pg		Qg		Pl		Ql
1	1.000102	0.000010	1.000102	0.902209	-0.404944	0.000000	0.000000
2	1.008343	0.072753	1.010965	1.165020	-0.404751	0.000000	0.000000
3	1.015057	0.078868	1.018118	1.119740	-0.502439	0.000000	0.000000
4	1.023424	-0.051948	1.024741	0.000000	0.000000	0.000000	0.000000
5	1.031413	-0.082709	1.034724	0.000000	0.000000	0.900000	0.300000
6	1.048882	0.016851	1.049018	0.000000	0.000000	0.000000	0.000000
7	1.038266	-0.031883	1.038757	0.000000	0.000000	1.000000	0.350000
8	1.038484	0.002713	1.038488	0.000000	0.000000	0.000000	0.000000
9	1.010797	-0.100168	1.015748	0.000000	0.000000	1.250000	0.500000

Branch Results
LineID	From	To	Pik		Pki		Qik		Qki		LossP		LossQ
1	1	4	0.902169	-0.902108	-0.404937	0.461222	0.000060	0.056284
2	4	5	0.307573	-0.305572	-0.329000	0.004505	0.002001	-0.324495
3	5	6	-0.594448	0.607571	-0.304488	-0.415702	0.013123	-0.720189
4	3	6	1.119765	-1.119783	-0.502439	0.587585	-0.000018	0.085146
5	6	7	0.512203	-0.509312	-0.171870	-0.259323	0.002891	-0.431192
6	7	8	-0.490697	0.492650	-0.090668	-0.214420	0.001952	-0.305088
7	8	2	-1.165083	1.165054	0.497771	-0.404752	-0.000029	0.093019
8	8	9	0.672427	-0.658929	-0.283342	-0.294584	0.013498	-0.577927
9	9	4	-0.591086	0.594515	-0.205397	-0.132205	0.003429	-0.337602

Summary
Total Pg           : 3.186968
Total Qg           : -1.312134
Total Load P       : 3.150000
Total Load Q       : 1.150000
Total Active Loss  : 0.036908
Total Reactive Loss: -2.462044
Total Load Supplied: 100.001917%

========================================================================================================================
Update time: 2026-06-10 18:12:16
Iteration: 90
rho: 80
alpha: 3.930098
objective_value: 4.10007361159
feasible: False
max_abs_h: 5.869790770463e-05
l2_norm_h: 1.452380891218e-04
lambda_inf_norm: 1.425981192467e+00
lambda_l2_norm: 7.212350113831e+00
------------------------------------------------------------------------------------------------------------------------
Bus Results
BusID	V_R		V_I		Vmag		Pg		Qg		Pl		Ql
1	1.000059	-0.000015	1.000059	0.901435	-0.406651	0.000000	0.000000
2	1.008635	0.072800	1.011261	1.165305	-0.404309	0.000000	0.000000
3	1.015316	0.078949	1.018382	1.120304	-0.502233	0.000000	0.000000
4	1.023479	-0.051931	1.024796	0.000000	0.000000	0.000000	0.000000
5	1.031543	-0.082670	1.034852	0.000000	0.000000	0.900000	0.300000
6	1.049126	0.016917	1.049263	0.000000	0.000000	0.000000	0.000000
7	1.038532	-0.031819	1.039021	0.000000	0.000000	1.000000	0.350000
8	1.038743	0.002762	1.038748	0.000000	0.000000	0.000000	0.000000
9	1.010933	-0.100131	1.015881	0.000000	0.000000	1.250000	0.500000

Branch Results
LineID	From	To	Pik		Pki		Qik		Qki		LossP		LossQ
1	1	4	0.901394	-0.901328	-0.406643	0.462934	0.000066	0.056291
2	4	5	0.307158	-0.305150	-0.329774	0.005215	0.002009	-0.324559
3	5	6	-0.594874	0.608016	-0.305196	-0.415223	0.013142	-0.720419
4	3	6	1.120330	-1.120344	-0.502233	0.587391	-0.000014	0.085158
5	6	7	0.512316	-0.509420	-0.172154	-0.259267	0.002896	-0.431421
6	7	8	-0.490591	0.492543	-0.090719	-0.214553	0.001952	-0.305272
7	8	2	-1.165367	1.165339	0.497286	-0.404309	-0.000028	0.092977
8	8	9	0.672817	-0.659303	-0.282721	-0.295404	0.013514	-0.578125
9	9	4	-0.590714	0.594144	-0.204576	-0.133144	0.003431	-0.337720

Summary
Total Pg           : 3.187045
Total Qg           : -1.313193
Total Load P       : 3.150000
Total Load Q       : 1.150000
Total Active Loss  : 0.036969
Total Reactive Loss: -2.463089
Total Load Supplied: 100.002413%

========================================================================================================================
Update time: 2026-06-10 18:14:24
Iteration: 91
rho: 80
alpha: 3.1440784
objective_value: 4.09988887705
feasible: False
max_abs_h: 1.267773751601e-04
l2_norm_h: 1.679773968823e-04
lambda_inf_norm: 1.425925334773e+00
lambda_l2_norm: 7.212213928547e+00
------------------------------------------------------------------------------------------------------------------------
Bus Results
BusID	V_R		V_I		Vmag		Pg		Qg		Pl		Ql
1	1.000127	-0.000046	1.000126	0.900635	-0.408570	0.000000	0.000000
2	1.009051	0.072824	1.011675	1.165541	-0.403991	0.000000	0.000000
3	1.015683	0.079002	1.018751	1.120764	-0.502266	0.000000	0.000000
4	1.023655	-0.051913	1.024969	0.000000	0.000000	0.000000	0.000000
5	1.031801	-0.082628	1.035103	0.000000	0.000000	0.900000	0.300000
6	1.049487	0.016967	1.049623	0.000000	0.000000	0.000000	0.000000
7	1.038922	-0.031762	1.039407	0.000000	0.000000	1.000000	0.350000
8	1.039128	0.002799	1.039131	0.000000	0.000000	0.000000	0.000000
9	1.011202	-0.100088	1.016142	0.000000	0.000000	1.250000	0.500000

Branch Results
LineID	From	To	Pik		Pki		Qik		Qki		LossP		LossQ
1	1	4	0.900593	-0.900529	-0.408567	0.464868	0.000064	0.056302
2	4	5	0.306757	-0.304760	-0.330648	0.005969	0.001997	-0.324679
3	5	6	-0.595258	0.608402	-0.305961	-0.414868	0.013144	-0.720829
4	3	6	1.120788	-1.120799	-0.502267	0.587433	-0.000011	0.085166
5	6	7	0.512388	-0.509503	-0.172557	-0.259189	0.002885	-0.431747
6	7	8	-0.490501	0.492438	-0.090801	-0.214716	0.001937	-0.305518
7	8	2	-1.165602	1.165573	0.496916	-0.403991	-0.000028	0.092925
8	8	9	0.673162	-0.659657	-0.282192	-0.296294	0.013505	-0.578485
9	9	4	-0.590351	0.593754	-0.203697	-0.134213	0.003403	-0.337910

Summary
Total Pg           : 3.186940
Total Qg           : -1.314827
Total Load P       : 3.150000
Total Load Q       : 1.150000
Total Active Loss  : 0.036897
Total Reactive Loss: -2.464775
Total Load Supplied: 100.001378%

========================================================================================================================
Update time: 2026-06-10 18:16:34
Iteration: 92
rho: 92
alpha: 2.5152627
objective_value: 4.09992815118
feasible: False
max_abs_h: 1.488335159452e-04
l2_norm_h: 1.873731923504e-04
lambda_inf_norm: 1.425864046150e+00
lambda_l2_norm: 7.212075977643e+00
------------------------------------------------------------------------------------------------------------------------
Bus Results
BusID	V_R		V_I		Vmag		Pg		Qg		Pl		Ql
1	1.000149	0.000030	1.000148	0.899919	-0.410374	0.000000	0.000000
2	1.009388	0.072959	1.012022	1.165808	-0.403671	0.000000	0.000000
3	1.015978	0.079169	1.019059	1.121270	-0.502253	0.000000	0.000000
4	1.023784	-0.051792	1.025093	0.000000	0.000000	0.000000	0.000000
5	1.032009	-0.082485	1.035300	0.000000	0.000000	0.900000	0.300000
6	1.049782	0.017128	1.049922	0.000000	0.000000	0.000000	0.000000
7	1.039247	-0.031601	1.039728	0.000000	0.000000	1.000000	0.350000
8	1.039444	0.002943	1.039448	0.000000	0.000000	0.000000	0.000000
9	1.011421	-0.099949	1.016347	0.000000	0.000000	1.250000	0.500000

Branch Results
LineID	From	To	Pik		Pki		Qik		Qki		LossP		LossQ
1	1	4	0.899875	-0.899817	-0.410369	0.466675	0.000058	0.056306
2	4	5	0.306372	-0.304372	-0.331457	0.006663	0.002000	-0.324794
3	5	6	-0.595646	0.608795	-0.306650	-0.414518	0.013149	-0.721168
4	3	6	1.121292	-1.121305	-0.502254	0.587427	-0.000013	0.085173
5	6	7	0.512502	-0.509613	-0.172901	-0.259122	0.002890	-0.432023
6	7	8	-0.490398	0.492344	-0.090869	-0.214862	0.001946	-0.305731
7	8	2	-1.165864	1.165839	0.496556	-0.403672	-0.000025	0.092884
8	8	9	0.673514	-0.659995	-0.281686	-0.297098	0.013518	-0.578784
9	9	4	-0.590016	0.593425	-0.202885	-0.135206	0.003409	-0.338091

Summary
Total Pg           : 3.186997
Total Qg           : -1.316298
Total Load P       : 3.150000
Total Load Q       : 1.150000
Total Active Loss  : 0.036933
Total Reactive Loss: -2.466228
Total Load Supplied: 100.002031%

========================================================================================================================
Update time: 2026-06-10 18:18:44
Iteration: 93
rho: 92
alpha: 2.5152627
objective_value: 4.09988655688
feasible: False
max_abs_h: 1.026209905308e-04
l2_norm_h: 1.568172562144e-04
lambda_inf_norm: 1.425823775006e+00
lambda_l2_norm: 7.211971060608e+00
------------------------------------------------------------------------------------------------------------------------
Bus Results
BusID	V_R		V_I		Vmag		Pg		Qg		Pl		Ql
1	1.000103	0.000040	1.000103	0.899084	-0.412098	0.000000	0.000000
2	1.009684	0.073045	1.012324	1.166075	-0.403184	0.000000	0.000000
3	1.016230	0.079293	1.019321	1.121839	-0.502077	0.000000	0.000000
4	1.023839	-0.051737	1.025146	0.000000	0.000000	0.000000	0.000000
5	1.032141	-0.082404	1.035426	0.000000	0.000000	0.900000	0.300000
6	1.050024	0.017239	1.050167	0.000000	0.000000	0.000000	0.000000
7	1.039515	-0.031494	1.039993	0.000000	0.000000	1.000000	0.350000
8	1.039706	0.003033	1.039712	0.000000	0.000000	0.000000	0.000000
9	1.011561	-0.099872	1.016480	0.000000	0.000000	1.250000	0.500000

Branch Results
LineID	From	To	Pik		Pki		Qik		Qki		LossP		LossQ
1	1	4	0.899046	-0.898983	-0.412092	0.468403	0.000063	0.056311
2	4	5	0.305929	-0.303931	-0.332231	0.007373	0.001998	-0.324859
3	5	6	-0.596086	0.609249	-0.307355	-0.414036	0.013163	-0.721391
4	3	6	1.121859	-1.121872	-0.502077	0.587263	-0.000014	0.085186
5	6	7	0.512615	-0.509730	-0.173219	-0.259037	0.002884	-0.432256
6	7	8	-0.490278	0.492216	-0.090950	-0.214971	0.001938	-0.305921
7	8	2	-1.166129	1.166106	0.496031	-0.403184	-0.000024	0.092847
8	8	9	0.673911	-0.660381	-0.281048	-0.297932	0.013530	-0.578980
9	9	4	-0.589633	0.593035	-0.202049	-0.136157	0.003402	-0.338206

Summary
Total Pg           : 3.186999
Total Qg           : -1.317358
Total Load P       : 3.150000
Total Load Q       : 1.150000
Total Active Loss  : 0.036942
Total Reactive Loss: -2.467269
Total Load Supplied: 100.001807%

========================================================================================================================
Update time: 2026-06-10 18:20:51
Iteration: 94
rho: 92
alpha: 2.5152627
objective_value: 4.09991063909
feasible: False
max_abs_h: 9.210091988376e-05
l2_norm_h: 1.477231344786e-04
lambda_inf_norm: 1.425779594250e+00
lambda_l2_norm: 7.211848738173e+00
------------------------------------------------------------------------------------------------------------------------
Bus Results
BusID	V_R		V_I		Vmag		Pg		Qg		Pl		Ql
1	1.000092	0.000020	1.000092	0.898341	-0.413876	0.000000	0.000000
2	1.010006	0.073086	1.012648	1.166340	-0.402816	0.000000	0.000000
3	1.016524	0.079367	1.019618	1.122365	-0.501915	0.000000	0.000000
4	1.023929	-0.051715	1.025235	0.000000	0.000000	0.000000	0.000000
5	1.032311	-0.082360	1.035592	0.000000	0.000000	0.900000	0.300000
6	1.050304	0.017301	1.050447	0.000000	0.000000	0.000000	0.000000
7	1.039814	-0.031431	1.040290	0.000000	0.000000	1.000000	0.350000
8	1.039998	0.003080	1.040003	0.000000	0.000000	0.000000	0.000000
9	1.011735	-0.099830	1.016649	0.000000	0.000000	1.250000	0.500000

Branch Results
LineID	From	To	Pik		Pki		Qik		Qki		LossP		LossQ
1	1	4	0.898298	-0.898233	-0.413870	0.470182	0.000065	0.056312
2	4	5	0.305533	-0.303531	-0.333050	0.008107	0.002002	-0.324943
3	5	6	-0.596487	0.609660	-0.308090	-0.413596	0.013173	-0.721686
4	3	6	1.122384	-1.122397	-0.501915	0.587111	-0.000013	0.085197
5	6	7	0.512727	-0.509839	-0.173503	-0.259011	0.002888	-0.432514
6	7	8	-0.490170	0.492111	-0.090976	-0.215138	0.001941	-0.306115
7	8	2	-1.166389	1.166367	0.495609	-0.402815	-0.000023	0.092795
8	8	9	0.674273	-0.660729	-0.280462	-0.298760	0.013544	-0.579222
9	9	4	-0.589284	0.592680	-0.201223	-0.137119	0.003396	-0.338342

Summary
Total Pg           : 3.187046
Total Qg           : -1.318607
Total Load P       : 3.150000
Total Load Q       : 1.150000
Total Active Loss  : 0.036973
Total Reactive Loss: -2.468518
Total Load Supplied: 100.002309%

========================================================================================================================
Update time: 2026-06-10 18:23:00
Iteration: 95
rho: 92
alpha: 2.5152627
objective_value: 4.0999552751
feasible: False
max_abs_h: 5.897795132737e-05
l2_norm_h: 1.433697421299e-04
lambda_inf_norm: 1.425728291662e+00
lambda_l2_norm: 7.211702609435e+00
------------------------------------------------------------------------------------------------------------------------
Bus Results
BusID	V_R		V_I		Vmag		Pg		Qg		Pl		Ql
1	1.000059	0.000047	1.000057	0.897628	-0.415513	0.000000	0.000000
2	1.010286	0.073174	1.012932	1.166577	-0.402396	0.000000	0.000000
3	1.016771	0.079492	1.019873	1.122901	-0.501727	0.000000	0.000000
4	1.023993	-0.051648	1.025292	0.000000	0.000000	0.000000	0.000000
5	1.032447	-0.082271	1.035719	0.000000	0.000000	0.900000	0.300000
6	1.050540	0.017414	1.050683	0.000000	0.000000	0.000000	0.000000
7	1.040073	-0.031322	1.040543	0.000000	0.000000	1.000000	0.350000
8	1.040250	0.003173	1.040253	0.000000	0.000000	0.000000	0.000000
9	1.011879	-0.099746	1.016782	0.000000	0.000000	1.250000	0.500000

Branch Results
LineID	From	To	Pik		Pki		Qik		Qki		LossP		LossQ
1	1	4	0.897584	-0.897518	-0.415506	0.471822	0.000066	0.056316
2	4	5	0.305142	-0.303139	-0.333789	0.008778	0.002003	-0.325011
3	5	6	-0.596880	0.610067	-0.308760	-0.413155	0.013187	-0.721915
4	3	6	1.122921	-1.122928	-0.501726	0.586937	-0.000008	0.085211
5	6	7	0.512851	-0.509958	-0.173769	-0.258958	0.002892	-0.432727
6	7	8	-0.490052	0.491996	-0.091031	-0.215256	0.001944	-0.306287
7	8	2	-1.166622	1.166604	0.495155	-0.402396	-0.000019	0.092759
8	8	9	0.674619	-0.661062	-0.279887	-0.299535	0.013557	-0.579422
9	9	4	-0.588953	0.592352	-0.200445	-0.138016	0.003399	-0.338461

Summary
Total Pg           : 3.187106
Total Qg           : -1.319636
Total Load P       : 3.150000
Total Load Q       : 1.150000
Total Active Loss  : 0.037023
Total Reactive Loss: -2.469538
Total Load Supplied: 100.002648%

========================================================================================================================
Update time: 2026-06-10 18:25:08
Iteration: 96
rho: 92
alpha: 2.5152627
objective_value: 4.09988680747
feasible: False
max_abs_h: 9.306463228786e-05
l2_norm_h: 1.453754273287e-04
lambda_inf_norm: 1.425679584011e+00
lambda_l2_norm: 7.211572120943e+00
------------------------------------------------------------------------------------------------------------------------
Bus Results
BusID	V_R		V_I		Vmag		Pg		Qg		Pl		Ql
1	1.000093	0.000025	1.000092	0.896953	-0.417149	0.000000	0.000000
2	1.010627	0.073200	1.013275	1.166771	-0.402051	0.000000	0.000000
3	1.017062	0.079552	1.020170	1.123358	-0.501730	0.000000	0.000000
4	1.024119	-0.051629	1.025419	0.000000	0.000000	0.000000	0.000000
5	1.032643	-0.082232	1.035912	0.000000	0.000000	0.900000	0.300000
6	1.050826	0.017468	1.050972	0.000000	0.000000	0.000000	0.000000
7	1.040386	-0.031267	1.040856	0.000000	0.000000	1.000000	0.350000
8	1.040560	0.003209	1.040565	0.000000	0.000000	0.000000	0.000000
9	1.012085	-0.099708	1.016985	0.000000	0.000000	1.250000	0.500000

Branch Results
LineID	From	To	Pik		Pki		Qik		Qki		LossP		LossQ
1	1	4	0.896907	-0.896839	-0.417142	0.473467	0.000068	0.056325
2	4	5	0.304786	-0.302784	-0.334519	0.009416	0.002002	-0.325104
3	5	6	-0.597235	0.610428	-0.309403	-0.412825	0.013192	-0.722228
4	3	6	1.123375	-1.123383	-0.501731	0.586957	-0.000007	0.085225
5	6	7	0.512947	-0.510061	-0.174126	-0.258861	0.002885	-0.432987
6	7	8	-0.489946	0.491881	-0.091131	-0.215359	0.001934	-0.306490
7	8	2	-1.166817	1.166797	0.494761	-0.402052	-0.000020	0.092709
8	8	9	0.674931	-0.661373	-0.279395	-0.300309	0.013558	-0.579705
9	9	4	-0.588640	0.592031	-0.199676	-0.138937	0.003391	-0.338613

Summary
Total Pg           : 3.187082
Total Qg           : -1.320930
Total Load P       : 3.150000
Total Load Q       : 1.150000
Total Active Loss  : 0.037003
Total Reactive Loss: -2.470866
Total Load Supplied: 100.002511%

========================================================================================================================
Update time: 2026-06-10 18:27:16
Iteration: 97
rho: 92
alpha: 2.0122102
objective_value: 4.09991716163
feasible: False
max_abs_h: 1.435778550434e-04
l2_norm_h: 1.896846587688e-04
lambda_inf_norm: 1.425629463755e+00
lambda_l2_norm: 7.211421656366e+00
------------------------------------------------------------------------------------------------------------------------
Bus Results
BusID	V_R		V_I		Vmag		Pg		Qg		Pl		Ql
1	1.000144	0.000068	1.000143	0.896236	-0.419048	0.000000	0.000000
2	1.011015	0.073290	1.013668	1.167007	-0.401740	0.000000	0.000000
3	1.017414	0.079679	1.020529	1.123889	-0.501699	0.000000	0.000000
4	1.024281	-0.051541	1.025576	0.000000	0.000000	0.000000	0.000000
5	1.032889	-0.082122	1.036148	0.000000	0.000000	0.900000	0.300000
6	1.051173	0.017589	1.051320	0.000000	0.000000	0.000000	0.000000
7	1.040760	-0.031145	1.041225	0.000000	0.000000	1.000000	0.350000
8	1.040923	0.003313	1.040928	0.000000	0.000000	0.000000	0.000000
9	1.012340	-0.099600	1.017227	0.000000	0.000000	1.250000	0.500000

Branch Results
LineID	From	To	Pik		Pki		Qik		Qki		LossP		LossQ
1	1	4	0.896188	-0.896119	-0.419045	0.475394	0.000069	0.056348
2	4	5	0.304398	-0.302397	-0.335407	0.010187	0.002001	-0.325220
3	5	6	-0.597622	0.610828	-0.310179	-0.412447	0.013206	-0.722626
4	3	6	1.123906	-1.123913	-0.501701	0.586933	-0.000006	0.085233
5	6	7	0.513074	-0.510181	-0.174481	-0.258819	0.002893	-0.433300
6	7	8	-0.489831	0.491771	-0.091176	-0.215550	0.001940	-0.306726
7	8	2	-1.167048	1.167032	0.494404	-0.401741	-0.000017	0.092663
8	8	9	0.675270	-0.661700	-0.278852	-0.301187	0.013570	-0.580040
9	9	4	-0.588314	0.591700	-0.198807	-0.139980	0.003385	-0.338787

Summary
Total Pg           : 3.187132
Total Qg           : -1.322487
Total Load P       : 3.150000
Total Load Q       : 1.150000
Total Active Loss  : 0.037040
Total Reactive Loss: -2.472456
Total Load Supplied: 100.002905%

========================================================================================================================
Update time: 2026-06-10 18:29:23
Iteration: 98
rho: 92
alpha: 2.0122102
objective_value: 4.09997038167
feasible: False
max_abs_h: 7.285446788186e-05
l2_norm_h: 1.495380313388e-04
lambda_inf_norm: 1.425583108884e+00
lambda_l2_norm: 7.211280774819e+00
------------------------------------------------------------------------------------------------------------------------
Bus Results
BusID	V_R		V_I		Vmag		Pg		Qg		Pl		Ql
1	1.000073	0.000013	1.000073	0.895586	-0.420554	0.000000	0.000000
2	1.011243	0.073290	1.013897	1.167224	-0.401316	0.000000	0.000000
3	1.017609	0.079715	1.020728	1.124386	-0.501521	0.000000	0.000000
4	1.024295	-0.051564	1.025593	0.000000	0.000000	0.000000	0.000000
5	1.032968	-0.082126	1.036229	0.000000	0.000000	0.900000	0.300000
6	1.051354	0.017608	1.051503	0.000000	0.000000	0.000000	0.000000
7	1.040957	-0.031130	1.041424	0.000000	0.000000	1.000000	0.350000
8	1.041118	0.003313	1.041125	0.000000	0.000000	0.000000	0.000000
9	1.012423	-0.099608	1.017312	0.000000	0.000000	1.250000	0.500000

Branch Results
LineID	From	To	Pik		Pki		Qik		Qki		LossP		LossQ
1	1	4	0.895537	-0.895466	-0.420547	0.476896	0.000071	0.056349
2	4	5	0.304040	-0.302035	-0.336084	0.010807	0.002005	-0.325277
3	5	6	-0.597985	0.611202	-0.310784	-0.412019	0.013218	-0.722803
4	3	6	1.124404	-1.124410	-0.501520	0.586760	-0.000006	0.085240
5	6	7	0.513194	-0.510300	-0.174726	-0.258758	0.002895	-0.433484
6	7	8	-0.489714	0.491657	-0.091232	-0.215643	0.001943	-0.306875
7	8	2	-1.167259	1.167248	0.493940	-0.401317	-0.000011	0.092624
8	8	9	0.675591	-0.662004	-0.278289	-0.301898	0.013587	-0.580188
9	9	4	-0.588015	0.591402	-0.198084	-0.140795	0.003388	-0.338880

Summary
Total Pg           : 3.187196
Total Qg           : -1.323390
Total Load P       : 3.150000
Total Load Q       : 1.150000
Total Active Loss  : 0.037089
Total Reactive Loss: -2.473294
Total Load Supplied: 100.003388%

========================================================================================================================
Update time: 2026-06-10 18:31:31
Iteration: 99
rho: 92
alpha: 1.6097682
objective_value: 4.10007899842
feasible: False
max_abs_h: 8.134996662479e-05
l2_norm_h: 1.654133075164e-04
lambda_inf_norm: 1.425527894623e+00
lambda_l2_norm: 7.211103513295e+00
------------------------------------------------------------------------------------------------------------------------
Bus Results
BusID	V_R		V_I		Vmag		Pg		Qg		Pl		Ql
1	1.000081	0.000059	1.000081	0.894990	-0.422137	0.000000	0.000000
2	1.011546	0.073379	1.014205	1.167431	-0.400982	0.000000	0.000000
3	1.017885	0.079838	1.021012	1.124877	-0.501365	0.000000	0.000000
4	1.024397	-0.051482	1.025690	0.000000	0.000000	0.000000	0.000000
5	1.033141	-0.082026	1.036393	0.000000	0.000000	0.900000	0.300000
6	1.051620	0.017723	1.051770	0.000000	0.000000	0.000000	0.000000
7	1.041245	-0.031016	1.041708	0.000000	0.000000	1.000000	0.350000
8	1.041397	0.003411	1.041403	0.000000	0.000000	0.000000	0.000000
9	1.012603	-0.099511	1.017481	0.000000	0.000000	1.250000	0.500000

Branch Results
LineID	From	To	Pik		Pki		Qik		Qki		LossP		LossQ
1	1	4	0.894940	-0.894862	-0.422131	0.478496	0.000078	0.056365
2	4	5	0.303712	-0.301696	-0.336814	0.011467	0.002017	-0.325347
3	5	6	-0.598331	0.611565	-0.311453	-0.411620	0.013235	-0.723074
4	3	6	1.124894	-1.124895	-0.501365	0.586622	-0.000001	0.085256
5	6	7	0.513312	-0.510409	-0.174993	-0.258727	0.002903	-0.433720
6	7	8	-0.489608	0.491553	-0.091265	-0.215797	0.001946	-0.307062
7	8	2	-1.167459	1.167455	0.493574	-0.400984	-0.000004	0.092590
8	8	9	0.675892	-0.662293	-0.277773	-0.302654	0.013599	-0.580427
9	9	4	-0.587730	0.591120	-0.197334	-0.141670	0.003391	-0.339005

Summary
Total Pg           : 3.187298
Total Qg           : -1.324484
Total Load P       : 3.150000
Total Load Q       : 1.150000
Total Active Loss  : 0.037163
Total Reactive Loss: -2.474422
Total Load Supplied: 100.004297%

========================================================================================================================
Update time: 2026-06-10 18:33:40
Iteration: 100
rho: 92
alpha: 1.6097682
objective_value: 4.10005286134
feasible: False
max_abs_h: 7.186731019404e-05
l2_norm_h: 1.550146557826e-04
lambda_inf_norm: 1.425486839607e+00
lambda_l2_norm: 7.210963156088e+00
------------------------------------------------------------------------------------------------------------------------
Bus Results
BusID	V_R		V_I		Vmag		Pg		Qg		Pl		Ql
1	1.000072	0.000009	1.000072	0.894400	-0.423623	0.000000	0.000000
2	1.011815	0.073366	1.014473	1.167577	-0.400678	0.000000	0.000000
3	1.018120	0.079862	1.021249	1.125324	-0.501286	0.000000	0.000000
4	1.024470	-0.051499	1.025764	0.000000	0.000000	0.000000	0.000000
5	1.033277	-0.082026	1.036528	0.000000	0.000000	0.900000	0.300000
6	1.051846	0.017736	1.051996	0.000000	0.000000	0.000000	0.000000
7	1.041488	-0.031006	1.041951	0.000000	0.000000	1.000000	0.350000
8	1.041638	0.003405	1.041645	0.000000	0.000000	0.000000	0.000000
9	1.012746	-0.099514	1.017624	0.000000	0.000000	1.250000	0.500000

Branch Results
LineID	From	To	Pik		Pki		Qik		Qki		LossP		LossQ
1	1	4	0.894349	-0.894271	-0.423616	0.479988	0.000078	0.056371
2	4	5	0.303390	-0.301378	-0.337479	0.012056	0.002012	-0.325423
3	5	6	-0.598647	0.611888	-0.312039	-0.411277	0.013241	-0.723317
4	3	6	1.125339	-1.125336	-0.501287	0.586553	0.000004	0.085266
5	6	7	0.513431	-0.510529	-0.175266	-0.258663	0.002902	-0.433929
6	7	8	-0.489489	0.491438	-0.091328	-0.215901	0.001949	-0.307229
7	8	2	-1.167608	1.167601	0.493214	-0.400678	-0.000007	0.092537
8	8	9	0.676155	-0.662549	-0.277305	-0.303344	0.013606	-0.580649
9	9	4	-0.587471	0.590854	-0.196638	-0.142491	0.003383	-0.339130

Summary
Total Pg           : 3.187301
Total Qg           : -1.325587
Total Load P       : 3.150000
Total Load Q       : 1.150000
Total Active Loss  : 0.037168
Total Reactive Loss: -2.475502
Total Load Supplied: 100.004232%

========================================================================================================================
Update time: 2026-06-10 18:35:49
Iteration: 101
rho: 92
alpha: 1.2878145
objective_value: 4.10001859926
feasible: False
max_abs_h: 6.867485291839e-05
l2_norm_h: 1.722114609109e-04
lambda_inf_norm: 1.425443768447e+00
lambda_l2_norm: 7.210825932653e+00
------------------------------------------------------------------------------------------------------------------------
Bus Results
BusID	V_R		V_I		Vmag		Pg		Qg		Pl		Ql
1	1.000069	0.000068	1.000069	0.893755	-0.425134	0.000000	0.000000
2	1.012092	0.073480	1.014757	1.167769	-0.400337	0.000000	0.000000
3	1.018359	0.080009	1.021498	1.125776	-0.501215	0.000000	0.000000
4	1.024557	-0.051402	1.025846	0.000000	0.000000	0.000000	0.000000
5	1.033432	-0.081907	1.036673	0.000000	0.000000	0.900000	0.300000
6	1.052082	0.017876	1.052235	0.000000	0.000000	0.000000	0.000000
7	1.041750	-0.030867	1.042208	0.000000	0.000000	1.000000	0.350000
8	1.041892	0.003529	1.041899	0.000000	0.000000	0.000000	0.000000
9	1.012908	-0.099399	1.017774	0.000000	0.000000	1.250000	0.500000

Branch Results
LineID	From	To	Pik		Pki		Qik		Qki		LossP		LossQ
1	1	4	0.893702	-0.893618	-0.425126	0.481503	0.000084	0.056377
2	4	5	0.303040	-0.301021	-0.338161	0.012659	0.002019	-0.325502
3	5	6	-0.599006	0.612254	-0.312638	-0.410928	0.013248	-0.723566
4	3	6	1.125792	-1.125793	-0.501216	0.586492	-0.000001	0.085277
5	6	7	0.513525	-0.510629	-0.175552	-0.258599	0.002896	-0.434151
6	7	8	-0.489385	0.491324	-0.091392	-0.216009	0.001939	-0.307401
7	8	2	-1.167804	1.167793	0.492832	-0.400338	-0.000011	0.092494
8	8	9	0.676470	-0.662860	-0.276815	-0.304049	0.013610	-0.580865
9	9	4	-0.587161	0.590546	-0.195932	-0.143324	0.003385	-0.339256

Summary
Total Pg           : 3.187300
Total Qg           : -1.326686
Total Load P       : 3.150000
Total Load Q       : 1.150000
Total Active Loss  : 0.037170
Total Reactive Loss: -2.476594
Total Load Supplied: 100.004149%

========================================================================================================================
Update time: 2026-06-10 18:37:57
Iteration: 102
rho: 92
alpha: 1.2878145
objective_value: 4.10002122303
feasible: False
max_abs_h: 8.827717832682e-05
l2_norm_h: 1.634265423616e-04
lambda_inf_norm: 1.425407035678e+00
lambda_l2_norm: 7.210712077125e+00
------------------------------------------------------------------------------------------------------------------------
Bus Results
BusID	V_R		V_I		Vmag		Pg		Qg		Pl		Ql
1	1.000088	0.000003	1.000088	0.893185	-0.426667	0.000000	0.000000
2	1.012405	0.073444	1.015066	1.167919	-0.400018	0.000000	0.000000
3	1.018631	0.080010	1.021769	1.126219	-0.501183	0.000000	0.000000
4	1.024661	-0.051434	1.025952	0.000000	0.000000	0.000000	0.000000
5	1.033600	-0.081924	1.036842	0.000000	0.000000	0.900000	0.300000
6	1.052344	0.017868	1.052496	0.000000	0.000000	0.000000	0.000000
7	1.042032	-0.030877	1.042490	0.000000	0.000000	1.000000	0.350000
8	1.042173	0.003501	1.042180	0.000000	0.000000	0.000000	0.000000
9	1.013085	-0.099417	1.017951	0.000000	0.000000	1.250000	0.500000

Branch Results
LineID	From	To	Pik		Pki		Qik		Qki		LossP		LossQ
1	1	4	0.893131	-0.893048	-0.426661	0.483058	0.000083	0.056397
2	4	5	0.302729	-0.300711	-0.338854	0.013275	0.002018	-0.325579
3	5	6	-0.599316	0.612572	-0.313262	-0.410590	0.013256	-0.723851
4	3	6	1.126236	-1.126239	-0.501184	0.586471	-0.000003	0.085287
5	6	7	0.513651	-0.510749	-0.175872	-0.258515	0.002901	-0.434388
6	7	8	-0.489268	0.491211	-0.091475	-0.216119	0.001943	-0.307594
7	8	2	-1.167952	1.167942	0.492463	-0.400019	-0.000010	0.092444
8	8	9	0.676728	-0.663111	-0.276336	-0.304790	0.013617	-0.581126
9	9	4	-0.586911	0.590290	-0.195193	-0.144191	0.003380	-0.339384

Summary
Total Pg           : 3.187324
Total Qg           : -1.327868
Total Load P       : 3.150000
Total Load Q       : 1.150000
Total Active Loss  : 0.037184
Total Reactive Loss: -2.477795
Total Load Supplied: 100.004429%

========================================================================================================================
Update time: 2026-06-10 18:40:07
Iteration: 103
rho: 92
alpha: 1.0302516
objective_value: 4.10002828052
feasible: False
max_abs_h: 1.103447762187e-04
l2_norm_h: 1.754145343742e-04
lambda_inf_norm: 1.425371044261e+00
lambda_l2_norm: 7.210593234083e+00
------------------------------------------------------------------------------------------------------------------------
Bus Results
BusID	V_R		V_I		Vmag		Pg		Qg		Pl		Ql
1	1.000110	-0.000009	1.000110	0.892602	-0.428295	0.000000	0.000000
2	1.012727	0.073465	1.015389	1.168086	-0.399716	0.000000	0.000000
3	1.018919	0.080065	1.022060	1.126662	-0.501121	0.000000	0.000000
4	1.024776	-0.051412	1.026065	0.000000	0.000000	0.000000	0.000000
5	1.033785	-0.081884	1.037023	0.000000	0.000000	0.900000	0.300000
6	1.052623	0.017916	1.052775	0.000000	0.000000	0.000000	0.000000
7	1.042332	-0.030828	1.042789	0.000000	0.000000	1.000000	0.350000
8	1.042468	0.003533	1.042475	0.000000	0.000000	0.000000	0.000000
9	1.013277	-0.099379	1.018139	0.000000	0.000000	1.250000	0.500000

Branch Results
LineID	From	To	Pik		Pki		Qik		Qki		LossP		LossQ
1	1	4	0.892546	-0.892459	-0.428290	0.484708	0.000087	0.056418
2	4	5	0.302412	-0.300392	-0.339602	0.013937	0.002020	-0.325665
3	5	6	-0.599637	0.612904	-0.313927	-0.410232	0.013267	-0.724160
4	3	6	1.126678	-1.126677	-0.501122	0.586417	0.000001	0.085295
5	6	7	0.513757	-0.510856	-0.176178	-0.258462	0.002901	-0.434640
6	7	8	-0.489161	0.491102	-0.091531	-0.216260	0.001940	-0.307791
7	8	2	-1.168115	1.168109	0.492111	-0.399717	-0.000007	0.092394
8	8	9	0.677001	-0.663379	-0.275843	-0.305557	0.013622	-0.581400
9	9	4	-0.586643	0.590017	-0.194428	-0.145097	0.003374	-0.339525

Summary
Total Pg           : 3.187351
Total Qg           : -1.329132
Total Load P       : 3.150000
Total Load Q       : 1.150000
Total Active Loss  : 0.037206
Total Reactive Loss: -2.479074
Total Load Supplied: 100.004604%

========================================================================================================================
Update time: 2026-06-10 18:42:15
Iteration: 104
rho: 92
alpha: 1.0302516
objective_value: 4.10000775607
feasible: False
max_abs_h: 9.584800731655e-05
l2_norm_h: 1.720275212499e-04
lambda_inf_norm: 1.425342140920e+00
lambda_l2_norm: 7.210498406561e+00
------------------------------------------------------------------------------------------------------------------------
Bus Results
BusID	V_R		V_I		Vmag		Pg		Qg		Pl		Ql
1	1.000096	-0.000005	1.000096	0.892064	-0.429835	0.000000	0.000000
2	1.012993	0.073494	1.015656	1.168204	-0.399444	0.000000	0.000000
3	1.019167	0.080131	1.022314	1.127088	-0.500984	0.000000	0.000000
4	1.024851	-0.051377	1.026138	0.000000	0.000000	0.000000	0.000000
5	1.033929	-0.081835	1.037163	0.000000	0.000000	0.900000	0.300000
6	1.052860	0.017973	1.053014	0.000000	0.000000	0.000000	0.000000
7	1.042584	-0.030773	1.043040	0.000000	0.000000	1.000000	0.350000
8	1.042711	0.003572	1.042718	0.000000	0.000000	0.000000	0.000000
9	1.013423	-0.099334	1.018280	0.000000	0.000000	1.250000	0.500000

Branch Results
LineID	From	To	Pik		Pki		Qik		Qki		LossP		LossQ
1	1	4	0.892005	-0.891917	-0.429827	0.486264	0.000088	0.056437
2	4	5	0.302106	-0.300088	-0.340334	0.014593	0.002018	-0.325740
3	5	6	-0.599939	0.613211	-0.314577	-0.409853	0.013272	-0.724430
4	3	6	1.127104	-1.127104	-0.500984	0.586274	0.000000	0.085289
5	6	7	0.513878	-0.510979	-0.176407	-0.258461	0.002900	-0.434868
6	7	8	-0.489038	0.490977	-0.091528	-0.216437	0.001939	-0.307965
7	8	2	-1.168232	1.168226	0.491794	-0.399445	-0.000006	0.092349
8	8	9	0.677240	-0.663609	-0.275348	-0.306269	0.013631	-0.581617
9	9	4	-0.586413	0.589783	-0.193717	-0.145920	0.003370	-0.339637

Summary
Total Pg           : 3.187356
Total Qg           : -1.330262
Total Load P       : 3.150000
Total Load Q       : 1.150000
Total Active Loss  : 0.037212
Total Reactive Loss: -2.480181
Total Load Supplied: 100.004567%

========================================================================================================================
Update time: 2026-06-10 18:44:25
Iteration: 105
rho: 92
alpha: 1.0302516
objective_value: 4.09994864352
feasible: False
max_abs_h: 9.001969402944e-05
l2_norm_h: 1.754800814956e-04
lambda_inf_norm: 1.425312119150e+00
lambda_l2_norm: 7.210409249969e+00
------------------------------------------------------------------------------------------------------------------------
Bus Results
BusID	V_R		V_I		Vmag		Pg		Qg		Pl		Ql
1	1.000090	0.000050	1.000090	0.891465	-0.431398	0.000000	0.000000
2	1.013281	0.073585	1.015950	1.168327	-0.399085	0.000000	0.000000
3	1.019413	0.080264	1.022569	1.127543	-0.500891	0.000000	0.000000
4	1.024938	-0.051287	1.026221	0.000000	0.000000	0.000000	0.000000
5	1.034084	-0.081725	1.037309	0.000000	0.000000	0.900000	0.300000
6	1.053101	0.018100	1.053257	0.000000	0.000000	0.000000	0.000000
7	1.042852	-0.030651	1.043304	0.000000	0.000000	1.000000	0.350000
8	1.042973	0.003676	1.042981	0.000000	0.000000	0.000000	0.000000
9	1.013589	-0.099230	1.018435	0.000000	0.000000	1.250000	0.500000

Branch Results
LineID	From	To	Pik		Pki		Qik		Qki		LossP		LossQ
1	1	4	0.891405	-0.891313	-0.431391	0.487842	0.000092	0.056451
2	4	5	0.301768	-0.299747	-0.341030	0.015215	0.002021	-0.325815
3	5	6	-0.600278	0.613551	-0.315202	-0.409475	0.013272	-0.724677
4	3	6	1.127559	-1.127561	-0.500892	0.586198	-0.000002	0.085306
5	6	7	0.513998	-0.511109	-0.176715	-0.258372	0.002889	-0.435087
6	7	8	-0.488903	0.490831	-0.091616	-0.216533	0.001927	-0.308149
7	8	2	-1.168358	1.168350	0.491379	-0.399086	-0.000008	0.092294
8	8	9	0.677517	-0.663882	-0.274835	-0.307019	0.013635	-0.581854
9	9	4	-0.586142	0.589513	-0.192963	-0.146799	0.003371	-0.339762

Summary
Total Pg           : 3.187335
Total Qg           : -1.331374
Total Load P       : 3.150000
Total Load Q       : 1.150000
Total Active Loss  : 0.037199
Total Reactive Loss: -2.481294
Total Load Supplied: 100.004325%

========================================================================================================================
Update time: 2026-06-10 18:46:34
Iteration: 106
rho: 92
alpha: 1.0302516
objective_value: 4.09999933316
feasible: False
max_abs_h: 9.673348078221e-05
l2_norm_h: 1.782659703748e-04
lambda_inf_norm: 1.425280192877e+00
lambda_l2_norm: 7.210310203832e+00
------------------------------------------------------------------------------------------------------------------------
Bus Results
BusID	V_R		V_I		Vmag		Pg		Qg		Pl		Ql
1	1.000097	0.000007	1.000097	0.890962	-0.432914	0.000000	0.000000
2	1.013568	0.073565	1.016236	1.168464	-0.398800	0.000000	0.000000
3	1.019675	0.080277	1.022831	1.127965	-0.500801	0.000000	0.000000
4	1.025030	-0.051301	1.026313	0.000000	0.000000	0.000000	0.000000
5	1.034241	-0.081727	1.037466	0.000000	0.000000	0.900000	0.300000
6	1.053350	0.018104	1.053506	0.000000	0.000000	0.000000	0.000000
7	1.043117	-0.030647	1.043568	0.000000	0.000000	1.000000	0.350000
8	1.043233	0.003665	1.043240	0.000000	0.000000	0.000000	0.000000
9	1.013751	-0.099232	1.018596	0.000000	0.000000	1.250000	0.500000

Branch Results
LineID	From	To	Pik		Pki		Qik		Qki		LossP		LossQ
1	1	4	0.890901	-0.890807	-0.432908	0.489385	0.000094	0.056477
2	4	5	0.301490	-0.299466	-0.341735	0.015843	0.002025	-0.325892
3	5	6	-0.600563	0.613852	-0.315829	-0.409129	0.013289	-0.724959
4	3	6	1.127981	-1.127981	-0.500801	0.586111	0.000000	0.085309
5	6	7	0.514113	-0.511218	-0.176972	-0.258341	0.002896	-0.435313
6	7	8	-0.488798	0.490731	-0.091649	-0.216673	0.001933	-0.308322
7	8	2	-1.168495	1.168487	0.491051	-0.398802	-0.000008	0.092250
8	8	9	0.677751	-0.664111	-0.274369	-0.307730	0.013640	-0.582098
9	9	4	-0.585913	0.589284	-0.192251	-0.147635	0.003370	-0.339887

Summary
Total Pg           : 3.187391
Total Qg           : -1.332516
Total Load P       : 3.150000
Total Load Q       : 1.150000
Total Active Loss  : 0.037239
Total Reactive Loss: -2.482436
Total Load Supplied: 100.004825%

========================================================================================================================
Update time: 2026-06-10 18:48:44
Iteration: 107
rho: 92
alpha: 1.0302516
objective_value: 4.10001950459
feasible: False
max_abs_h: 9.157105417135e-05
l2_norm_h: 1.804406772245e-04
lambda_inf_norm: 1.425246690693e+00
lambda_l2_norm: 7.210205910451e+00
------------------------------------------------------------------------------------------------------------------------
Bus Results
BusID	V_R		V_I		Vmag		Pg		Qg		Pl		Ql
1	1.000092	-0.000020	1.000091	0.890480	-0.434301	0.000000	0.000000
2	1.013825	0.073561	1.016490	1.168592	-0.398498	0.000000	0.000000
3	1.019902	0.080305	1.023059	1.128351	-0.500707	0.000000	0.000000
4	1.025103	-0.051301	1.026385	0.000000	0.000000	0.000000	0.000000
5	1.034373	-0.081714	1.037596	0.000000	0.000000	0.900000	0.300000
6	1.053567	0.018124	1.053723	0.000000	0.000000	0.000000	0.000000
7	1.043349	-0.030629	1.043799	0.000000	0.000000	1.000000	0.350000
8	1.043462	0.003669	1.043469	0.000000	0.000000	0.000000	0.000000
9	1.013888	-0.099221	1.018731	0.000000	0.000000	1.250000	0.500000

Branch Results
LineID	From	To	Pik		Pki		Qik		Qki		LossP		LossQ
1	1	4	0.890417	-0.890321	-0.434293	0.490785	0.000097	0.056492
2	4	5	0.301221	-0.299196	-0.342374	0.016415	0.002025	-0.325959
3	5	6	-0.600833	0.614126	-0.316399	-0.408796	0.013293	-0.725195
4	3	6	1.128369	-1.128365	-0.500708	0.586022	0.000004	0.085315
5	6	7	0.514221	-0.511320	-0.177215	-0.258297	0.002902	-0.435512
6	7	8	-0.488697	0.490632	-0.091696	-0.216783	0.001935	-0.308479
7	8	2	-1.168622	1.168614	0.490706	-0.398499	-0.000007	0.092206
8	8	9	0.677975	-0.664326	-0.273915	-0.308385	0.013649	-0.582300
9	9	4	-0.585699	0.589067	-0.191597	-0.148395	0.003368	-0.339992

Summary
Total Pg           : 3.187424
Total Qg           : -1.333506
Total Load P       : 3.150000
Total Load Q       : 1.150000
Total Active Loss  : 0.037265
Total Reactive Loss: -2.483425
Total Load Supplied: 100.005035%

========================================================================================================================
Update time: 2026-06-10 18:50:53
Iteration: 108
rho: 92
alpha: 0.8242013
objective_value: 4.09994055991
feasible: False
max_abs_h: 1.226360932893e-04
l2_norm_h: 1.876550042600e-04
lambda_inf_norm: 1.425218055581e+00
lambda_l2_norm: 7.210110271465e+00
------------------------------------------------------------------------------------------------------------------------
Bus Results
BusID	V_R		V_I		Vmag		Pg		Qg		Pl		Ql
1	1.000123	0.000003	1.000122	0.890054	-0.435898	0.000000	0.000000
2	1.014136	0.073577	1.016802	1.168614	-0.398316	0.000000	0.000000
3	1.020198	0.080360	1.023359	1.128714	-0.500624	0.000000	0.000000
4	1.025227	-0.051252	1.026507	0.000000	0.000000	0.000000	0.000000
5	1.034568	-0.081654	1.037786	0.000000	0.000000	0.900000	0.300000
6	1.053852	0.018177	1.054009	0.000000	0.000000	0.000000	0.000000
7	1.043650	-0.030576	1.044098	0.000000	0.000000	1.000000	0.350000
8	1.043753	0.003704	1.043760	0.000000	0.000000	0.000000	0.000000
9	1.014087	-0.099164	1.018924	0.000000	0.000000	1.250000	0.500000

Branch Results
LineID	From	To	Pik		Pki		Qik		Qki		LossP		LossQ
1	1	4	0.889991	-0.889896	-0.435892	0.492423	0.000095	0.056531
2	4	5	0.300979	-0.298956	-0.343144	0.017100	0.002024	-0.326044
3	5	6	-0.601072	0.614368	-0.317088	-0.408448	0.013296	-0.725535
4	3	6	1.128729	-1.128729	-0.500624	0.585929	0.000000	0.085304
5	6	7	0.514345	-0.511448	-0.177470	-0.258302	0.002898	-0.435772
6	7	8	-0.488568	0.490497	-0.091690	-0.216989	0.001928	-0.308679
7	8	2	-1.168634	1.168634	0.490461	-0.398318	0.000000	0.092143
8	8	9	0.678126	-0.664486	-0.273464	-0.309133	0.013639	-0.582597
9	9	4	-0.585533	0.588886	-0.190853	-0.149268	0.003353	-0.340121

Summary
Total Pg           : 3.187382
Total Qg           : -1.334837
Total Load P       : 3.150000
Total Load Q       : 1.150000
Total Active Loss  : 0.037233
Total Reactive Loss: -2.484770
Total Load Supplied: 100.004712%

========================================================================================================================
Update time: 2026-06-10 18:53:02
Iteration: 109
rho: 105.8
alpha: 0.65936104
objective_value: 4.09997860481
feasible: False
max_abs_h: 1.220838872587e-04
l2_norm_h: 1.967103707684e-04
lambda_inf_norm: 1.425193493286e+00
lambda_l2_norm: 7.210027412673e+00
------------------------------------------------------------------------------------------------------------------------
Bus Results
BusID	V_R		V_I		Vmag		Pg		Qg		Pl		Ql
1	1.000122	-0.000018	1.000122	0.889584	-0.437399	0.000000	0.000000
2	1.014409	0.073573	1.017075	1.168714	-0.398044	0.000000	0.000000
3	1.020447	0.080393	1.023610	1.129129	-0.500519	0.000000	0.000000
4	1.025311	-0.051245	1.026592	0.000000	0.000000	0.000000	0.000000
5	1.034717	-0.081635	1.037933	0.000000	0.000000	0.900000	0.300000
6	1.054089	0.018202	1.054247	0.000000	0.000000	0.000000	0.000000
7	1.043904	-0.030554	1.044352	0.000000	0.000000	1.000000	0.350000
8	1.044001	0.003711	1.044008	0.000000	0.000000	0.000000	0.000000
9	1.014241	-0.099147	1.019076	0.000000	0.000000	1.250000	0.500000

Branch Results
LineID	From	To	Pik		Pki		Qik		Qki		LossP		LossQ
1	1	4	0.889520	-0.889425	-0.437393	0.493948	0.000095	0.056556
2	4	5	0.300712	-0.298683	-0.343841	0.017718	0.002028	-0.326123
3	5	6	-0.601346	0.614653	-0.317702	-0.408099	0.013307	-0.725802
4	3	6	1.129144	-1.129142	-0.500519	0.585826	0.000003	0.085307
5	6	7	0.514469	-0.511565	-0.177717	-0.258270	0.002904	-0.435987
6	7	8	-0.488454	0.490385	-0.091721	-0.217128	0.001931	-0.308848
7	8	2	-1.168744	1.168736	0.490142	-0.398045	-0.000008	0.092097
8	8	9	0.678345	-0.664696	-0.273006	-0.309828	0.013649	-0.582834
9	9	4	-0.585326	0.588681	-0.190154	-0.150092	0.003355	-0.340246

Summary
Total Pg           : 3.187427
Total Qg           : -1.335961
Total Load P       : 3.150000
Total Load Q       : 1.150000
Total Active Loss  : 0.037265
Total Reactive Loss: -2.485880
Total Load Supplied: 100.005154%

========================================================================================================================
Update time: 2026-06-10 18:55:11
Iteration: 110
rho: 105.8
alpha: 0.65936104
objective_value: 4.09997233978
feasible: False
max_abs_h: 1.403575212240e-04
l2_norm_h: 2.000116905398e-04
lambda_inf_norm: 1.425174594620e+00
lambda_l2_norm: 7.209960031240e+00
------------------------------------------------------------------------------------------------------------------------
Bus Results
BusID	V_R		V_I		Vmag		Pg		Qg		Pl		Ql
1	1.000140	-0.000016	1.000140	0.889044	-0.438970	0.000000	0.000000
2	1.014723	0.073596	1.017389	1.168854	-0.397731	0.000000	0.000000
3	1.020725	0.080450	1.023892	1.129544	-0.500442	0.000000	0.000000
4	1.025420	-0.051213	1.026698	0.000000	0.000000	0.000000	0.000000
5	1.034893	-0.081588	1.038105	0.000000	0.000000	0.900000	0.300000
6	1.054358	0.018253	1.054517	0.000000	0.000000	0.000000	0.000000
7	1.044194	-0.030502	1.044640	0.000000	0.000000	1.000000	0.350000
8	1.044286	0.003746	1.044294	0.000000	0.000000	0.000000	0.000000
9	1.014425	-0.099102	1.019255	0.000000	0.000000	1.250000	0.500000

Branch Results
LineID	From	To	Pik		Pki		Qik		Qki		LossP		LossQ
1	1	4	0.888987	-0.888897	-0.438966	0.495550	0.000090	0.056584
2	4	5	0.300422	-0.298393	-0.344565	0.018368	0.002029	-0.326197
3	5	6	-0.601636	0.614951	-0.318359	-0.407733	0.013315	-0.726093
4	3	6	1.129557	-1.129549	-0.500444	0.585759	0.000009	0.085315
5	6	7	0.514578	-0.511674	-0.178021	-0.258209	0.002904	-0.436230
6	7	8	-0.488345	0.490276	-0.091783	-0.217259	0.001931	-0.309042
7	8	2	-1.168878	1.168873	0.489776	-0.397732	-0.000005	0.092044
8	8	9	0.678587	-0.664931	-0.272508	-0.310591	0.013656	-0.583099
9	9	4	-0.585093	0.588443	-0.189396	-0.150976	0.003351	-0.340372

Summary
Total Pg           : 3.187442
Total Qg           : -1.337143
Total Load P       : 3.150000
Total Load Q       : 1.150000
Total Active Loss  : 0.037281
Total Reactive Loss: -2.487089
Total Load Supplied: 100.005116%

========================================================================================================================
Update time: 2026-06-10 18:57:21
Iteration: 111
rho: 105.8
alpha: 0.65936104
objective_value: 4.09995221911
feasible: False
max_abs_h: 1.013249517825e-04
l2_norm_h: 1.839670884529e-04
lambda_inf_norm: 1.425152669931e+00
lambda_l2_norm: 7.209893002687e+00
------------------------------------------------------------------------------------------------------------------------
Bus Results
BusID	V_R		V_I		Vmag		Pg		Qg		Pl		Ql
1	1.000101	0.000026	1.000101	0.888501	-0.440439	0.000000	0.000000
2	1.014962	0.073671	1.017633	1.168995	-0.397360	0.000000	0.000000
3	1.020929	0.080560	1.024103	1.129951	-0.500323	0.000000	0.000000
4	1.025468	-0.051140	1.026743	0.000000	0.000000	0.000000	0.000000
5	1.035007	-0.081500	1.038211	0.000000	0.000000	0.900000	0.300000
6	1.054555	0.018355	1.054716	0.000000	0.000000	0.000000	0.000000
7	1.044413	-0.030405	1.044856	0.000000	0.000000	1.000000	0.350000
8	1.044500	0.003828	1.044508	0.000000	0.000000	0.000000	0.000000
9	1.014545	-0.099020	1.019367	0.000000	0.000000	1.250000	0.500000

Branch Results
LineID	From	To	Pik		Pki		Qik		Qki		LossP		LossQ
1	1	4	0.888443	-0.888359	-0.440433	0.497029	0.000084	0.056597
2	4	5	0.300117	-0.298090	-0.345227	0.018967	0.002027	-0.326259
3	5	6	-0.601936	0.615250	-0.318951	-0.407353	0.013314	-0.726303
4	3	6	1.129965	-1.129955	-0.500323	0.585641	0.000009	0.085317
5	6	7	0.514689	-0.511789	-0.178280	-0.258140	0.002900	-0.436420
6	7	8	-0.488230	0.490160	-0.091849	-0.217346	0.001930	-0.309195
7	8	2	-1.169016	1.169013	0.489355	-0.397359	-0.000003	0.091995
8	8	9	0.678841	-0.665173	-0.271997	-0.311288	0.013669	-0.583285
9	9	4	-0.584854	0.588209	-0.188690	-0.151784	0.003355	-0.340474

Summary
Total Pg           : 3.187447
Total Qg           : -1.338122
Total Load P       : 3.150000
Total Load Q       : 1.150000
Total Active Loss  : 0.037285
Total Reactive Loss: -2.488027
Total Load Supplied: 100.005136%

========================================================================================================================
Update time: 2026-06-10 18:59:30
Iteration: 112
rho: 105.8
alpha: 0.52748883
objective_value: 4.10007605356
feasible: False
max_abs_h: 1.066858464195e-04
l2_norm_h: 2.155094327870e-04
lambda_inf_norm: 1.425129151571e+00
lambda_l2_norm: 7.209813455727e+00
------------------------------------------------------------------------------------------------------------------------
Bus Results
BusID	V_R		V_I		Vmag		Pg		Qg		Pl		Ql
1	1.000075	-0.000107	1.000075	0.888205	-0.441602	0.000000	0.000000
2	1.015187	0.073538	1.017849	1.169106	-0.396929	0.000000	0.000000
3	1.021095	0.080453	1.024261	1.130237	-0.500331	0.000000	0.000000
4	1.025502	-0.051260	1.026783	0.000000	0.000000	0.000000	0.000000
5	1.035083	-0.081616	1.038297	0.000000	0.000000	0.900000	0.300000
6	1.054710	0.018238	1.054869	0.000000	0.000000	0.000000	0.000000
7	1.044585	-0.030524	1.045033	0.000000	0.000000	1.000000	0.350000
8	1.044683	0.003698	1.044691	0.000000	0.000000	0.000000	0.000000
9	1.014630	-0.099134	1.019463	0.000000	0.000000	1.250000	0.500000

Branch Results
LineID	From	To	Pik		Pki		Qik		Qki		LossP		LossQ
1	1	4	0.888147	-0.888056	-0.441593	0.498217	0.000091	0.056624
2	4	5	0.299954	-0.297921	-0.345731	0.019426	0.002033	-0.326304
3	5	6	-0.602109	0.615435	-0.319404	-0.407072	0.013326	-0.726476
4	3	6	1.130249	-1.130239	-0.500333	0.585662	0.000010	0.085329
5	6	7	0.514781	-0.511867	-0.178580	-0.257986	0.002914	-0.436566
6	7	8	-0.488160	0.490105	-0.092005	-0.217311	0.001945	-0.309316
7	8	2	-1.169122	1.169126	0.488881	-0.396928	0.000003	0.091953
8	8	9	0.678994	-0.665314	-0.271558	-0.311892	0.013680	-0.583450
9	9	4	-0.584713	0.588068	-0.188083	-0.152466	0.003355	-0.340549

Summary
Total Pg           : 3.187549
Total Qg           : -1.338862
Total Load P       : 3.150000
Total Load Q       : 1.150000
Total Active Loss  : 0.037357
Total Reactive Loss: -2.488755
Total Load Supplied: 100.006082%

========================================================================================================================
Update time: 2026-06-10 19:01:40
Iteration: 113
rho: 105.8
alpha: 0.52748883
objective_value: 4.10008828656
feasible: False
max_abs_h: 8.274578585166e-05
l2_norm_h: 1.917896959956e-04
lambda_inf_norm: 1.425111546111e+00
lambda_l2_norm: 7.209747862113e+00
------------------------------------------------------------------------------------------------------------------------
Bus Results
BusID	V_R		V_I		Vmag		Pg		Qg		Pl		Ql
1	1.000083	0.000028	1.000083	0.887761	-0.442880	0.000000	0.000000
2	1.015433	0.073705	1.018105	1.169262	-0.396597	0.000000	0.000000
3	1.021301	0.080640	1.024480	1.130550	-0.500296	0.000000	0.000000
4	1.025591	-0.051096	1.026863	0.000000	0.000000	0.000000	0.000000
5	1.035231	-0.081438	1.038430	0.000000	0.000000	0.900000	0.300000
6	1.054919	0.018425	1.055081	0.000000	0.000000	0.000000	0.000000
7	1.044821	-0.030335	1.045262	0.000000	0.000000	1.000000	0.350000
8	1.044912	0.003875	1.044920	0.000000	0.000000	0.000000	0.000000
9	1.014788	-0.098958	1.019602	0.000000	0.000000	1.250000	0.500000

Branch Results
LineID	From	To	Pik		Pki		Qik		Qki		LossP		LossQ
1	1	4	0.887701	-0.887597	-0.442873	0.499517	0.000104	0.056644
2	4	5	0.299722	-0.297678	-0.346314	0.019948	0.002044	-0.326366
3	5	6	-0.602357	0.615695	-0.319928	-0.406776	0.013338	-0.726704
4	3	6	1.130562	-1.130549	-0.500298	0.585632	0.000013	0.085334
5	6	7	0.514832	-0.511920	-0.178849	-0.257912	0.002911	-0.436761
6	7	8	-0.488104	0.490041	-0.092081	-0.217382	0.001938	-0.309463
7	8	2	-1.169284	1.169281	0.488516	-0.396598	-0.000002	0.091918
8	8	9	0.679223	-0.665542	-0.271127	-0.312516	0.013681	-0.583643
9	9	4	-0.584484	0.587838	-0.187465	-0.153184	0.003353	-0.340649

Summary
Total Pg           : 3.187573
Total Qg           : -1.339773
Total Load P       : 3.150000
Total Load Q       : 1.150000
Total Active Loss  : 0.037380
Total Reactive Loss: -2.489689
Total Load Supplied: 100.006134%

========================================================================================================================
Update time: 2026-06-10 19:03:49
Iteration: 114
rho: 105.8
alpha: 0.52748883
objective_value: 4.10000915529
feasible: False
max_abs_h: 8.954606780076e-05
l2_norm_h: 1.833727267341e-04
lambda_inf_norm: 1.425100657696e+00
lambda_l2_norm: 7.209686980729e+00
------------------------------------------------------------------------------------------------------------------------
Bus Results
BusID	V_R		V_I		Vmag		Pg		Qg		Pl		Ql
1	1.000090	-0.000025	1.000088	0.887356	-0.444249	0.000000	0.000000
2	1.015706	0.073645	1.018373	1.169304	-0.396324	0.000000	0.000000
3	1.021537	0.080617	1.024714	1.130871	-0.500260	0.000000	0.000000
4	1.025674	-0.051127	1.026948	0.000000	0.000000	0.000000	0.000000
5	1.035369	-0.081461	1.038569	0.000000	0.000000	0.900000	0.300000
6	1.055144	0.018396	1.055304	0.000000	0.000000	0.000000	0.000000
7	1.045063	-0.030366	1.045504	0.000000	0.000000	1.000000	0.350000
8	1.045155	0.003829	1.045162	0.000000	0.000000	0.000000	0.000000
9	1.014937	-0.098982	1.019752	0.000000	0.000000	1.250000	0.500000

Branch Results
LineID	From	To	Pik		Pki		Qik		Qki		LossP		LossQ
1	1	4	0.887295	-0.887205	-0.444243	0.500922	0.000090	0.056679
2	4	5	0.299514	-0.297475	-0.346923	0.020518	0.002039	-0.326405
3	5	6	-0.602560	0.615906	-0.320507	-0.406450	0.013346	-0.726957
4	3	6	1.130885	-1.130875	-0.500260	0.585595	0.000010	0.085335
5	6	7	0.514943	-0.512033	-0.179135	-0.257829	0.002910	-0.436964
6	7	8	-0.487993	0.489933	-0.092165	-0.217468	0.001941	-0.309633
7	8	2	-1.169309	1.169321	0.488174	-0.396324	0.000011	0.091850
8	8	9	0.679354	-0.665678	-0.270693	-0.313207	0.013676	-0.583900
9	9	4	-0.584337	0.587663	-0.186768	-0.153990	0.003326	-0.340758

Summary
Total Pg           : 3.187530
Total Qg           : -1.340833
Total Load P       : 3.150000
Total Load Q       : 1.150000
Total Active Loss  : 0.037348
Total Reactive Loss: -2.490753
Total Load Supplied: 100.005779%

========================================================================================================================
Update time: 2026-06-10 19:06:00
Iteration: 115
rho: 105.8
alpha: 0.52748883
objective_value: 4.0999027964
feasible: False
max_abs_h: 1.056101225374e-04
l2_norm_h: 1.833755372980e-04
lambda_inf_norm: 1.425084460433e+00
lambda_l2_norm: 7.209632794175e+00
------------------------------------------------------------------------------------------------------------------------
Bus Results
BusID	V_R		V_I		Vmag		Pg		Qg		Pl		Ql
1	1.000106	-0.000001	1.000105	0.886942	-0.445615	0.000000	0.000000
2	1.015980	0.073683	1.018649	1.169383	-0.395975	0.000000	0.000000
3	1.021756	0.080680	1.024938	1.131141	-0.500327	0.000000	0.000000
4	1.025770	-0.051077	1.027040	0.000000	0.000000	0.000000	0.000000
5	1.035522	-0.081399	1.038717	0.000000	0.000000	0.900000	0.300000
6	1.055364	0.018460	1.055526	0.000000	0.000000	0.000000	0.000000
7	1.045311	-0.030302	1.045751	0.000000	0.000000	1.000000	0.350000
8	1.045401	0.003878	1.045410	0.000000	0.000000	0.000000	0.000000
9	1.015099	-0.098924	1.019908	0.000000	0.000000	1.250000	0.500000

Branch Results
LineID	From	To	Pik		Pki		Qik		Qki		LossP		LossQ
1	1	4	0.886879	-0.886784	-0.445609	0.502315	0.000095	0.056706
2	4	5	0.299272	-0.297241	-0.347545	0.021048	0.002031	-0.326497
3	5	6	-0.602788	0.616118	-0.321034	-0.406184	0.013331	-0.727219
4	3	6	1.131154	-1.131145	-0.500329	0.585665	0.000009	0.085336
5	6	7	0.515009	-0.512111	-0.179473	-0.257707	0.002898	-0.437180
6	7	8	-0.487908	0.489833	-0.092284	-0.217515	0.001925	-0.309799
7	8	2	-1.169405	1.169402	0.487780	-0.395975	-0.000003	0.091805
8	8	9	0.679558	-0.665882	-0.270256	-0.313867	0.013676	-0.584123
9	9	4	-0.584141	0.587479	-0.186116	-0.154755	0.003338	-0.340871

Summary
Total Pg           : 3.187466
Total Qg           : -1.341916
Total Load P       : 3.150000
Total Load Q       : 1.150000
Total Active Loss  : 0.037301
Total Reactive Loss: -2.491841
Total Load Supplied: 100.005246%

========================================================================================================================
Update time: 2026-06-10 19:08:10
Iteration: 116
rho: 105.8
alpha: 0.52748883
objective_value: 4.0999180232
feasible: False
max_abs_h: 9.370316482316e-05
l2_norm_h: 1.880908194658e-04
lambda_inf_norm: 1.425066111462e+00
lambda_l2_norm: 7.209576295036e+00
------------------------------------------------------------------------------------------------------------------------
Bus Results
BusID	V_R		V_I		Vmag		Pg		Qg		Pl		Ql
1	1.000094	0.000054	1.000094	0.886480	-0.447125	0.000000	0.000000
2	1.016266	0.073752	1.018939	1.169490	-0.395564	0.000000	0.000000
3	1.021996	0.080787	1.025184	1.131524	-0.500259	0.000000	0.000000
4	1.025848	-0.050995	1.027115	0.000000	0.000000	0.000000	0.000000
5	1.035668	-0.081304	1.038855	0.000000	0.000000	0.900000	0.300000
6	1.055598	0.018562	1.055762	0.000000	0.000000	0.000000	0.000000
7	1.045571	-0.030203	1.046008	0.000000	0.000000	1.000000	0.350000
8	1.045658	0.003960	1.045666	0.000000	0.000000	0.000000	0.000000
9	1.015254	-0.098833	1.020053	0.000000	0.000000	1.250000	0.500000

Branch Results
LineID	From	To	Pik		Pki		Qik		Qki		LossP		LossQ
1	1	4	0.886416	-0.886317	-0.447120	0.503863	0.000099	0.056743
2	4	5	0.299008	-0.296969	-0.348242	0.021689	0.002039	-0.326552
3	5	6	-0.603062	0.616404	-0.321677	-0.405797	0.013341	-0.727474
4	3	6	1.131538	-1.131542	-0.500260	0.585595	-0.000004	0.085335
5	6	7	0.515122	-0.512226	-0.179789	-0.257614	0.002897	-0.437403
6	7	8	-0.487792	0.489714	-0.092376	-0.217599	0.001921	-0.309976
7	8	2	-1.169516	1.169509	0.487315	-0.395564	-0.000007	0.091751
8	8	9	0.679787	-0.666098	-0.269707	-0.314637	0.013689	-0.584345
9	9	4	-0.583930	0.587272	-0.185351	-0.155612	0.003343	-0.340964

Summary
Total Pg           : 3.187494
Total Qg           : -1.342948
Total Load P       : 3.150000
Total Load Q       : 1.150000
Total Active Loss  : 0.037318
Total Reactive Loss: -2.492883
Total Load Supplied: 100.005582%

========================================================================================================================
Update time: 2026-06-10 19:10:22
Iteration: 117
rho: 105.8
alpha: 0.42199106
objective_value: 4.0999744327
feasible: False
max_abs_h: 9.687788974988e-05
l2_norm_h: 1.963553399432e-04
lambda_inf_norm: 1.425047427053e+00
lambda_l2_norm: 7.209514621727e+00
------------------------------------------------------------------------------------------------------------------------
Bus Results
BusID	V_R		V_I		Vmag		Pg		Qg		Pl		Ql
1	1.000097	0.000006	1.000096	0.886069	-0.448479	0.000000	0.000000
2	1.016503	0.073718	1.019172	1.169574	-0.395404	0.000000	0.000000
3	1.022223	0.080785	1.025410	1.131908	-0.500164	0.000000	0.000000
4	1.025926	-0.051020	1.027194	0.000000	0.000000	0.000000	0.000000
5	1.035803	-0.081318	1.038990	0.000000	0.000000	0.900000	0.300000
6	1.055813	0.018551	1.055976	0.000000	0.000000	0.000000	0.000000
7	1.045794	-0.030215	1.046231	0.000000	0.000000	1.000000	0.350000
8	1.045874	0.003935	1.045882	0.000000	0.000000	0.000000	0.000000
9	1.015390	-0.098849	1.020190	0.000000	0.000000	1.250000	0.500000

Branch Results
LineID	From	To	Pik		Pki		Qik		Qki		LossP		LossQ
1	1	4	0.886003	-0.885901	-0.448471	0.505229	0.000102	0.056758
2	4	5	0.298770	-0.296726	-0.348878	0.022243	0.002044	-0.326635
3	5	6	-0.603306	0.616656	-0.322223	-0.405504	0.013349	-0.727727
4	3	6	1.131921	-1.131913	-0.500162	0.585496	0.000008	0.085334
5	6	7	0.515237	-0.512336	-0.179979	-0.257623	0.002901	-0.437602
6	7	8	-0.487684	0.489607	-0.092364	-0.217767	0.001923	-0.310131
7	8	2	-1.169594	1.169593	0.487114	-0.395403	-0.000001	0.091711
8	8	9	0.679970	-0.666277	-0.269336	-0.315227	0.013692	-0.584564
9	9	4	-0.583751	0.587093	-0.184750	-0.156335	0.003342	-0.341085

Summary
Total Pg           : 3.187551
Total Qg           : -1.344047
Total Load P       : 3.150000
Total Load Q       : 1.150000
Total Active Loss  : 0.037363
Total Reactive Loss: -2.493940
Total Load Supplied: 100.005970%

========================================================================================================================
Update time: 2026-06-10 19:12:33
Iteration: 118
rho: 105.8
alpha: 0.42199106
objective_value: 4.09994886419
feasible: False
max_abs_h: 1.125710182410e-04
l2_norm_h: 1.979896634773e-04
lambda_inf_norm: 1.425033490523e+00
lambda_l2_norm: 7.209465930770e+00
------------------------------------------------------------------------------------------------------------------------
Bus Results
BusID	V_R		V_I		Vmag		Pg		Qg		Pl		Ql
1	1.000113	0.000003	1.000112	0.885655	-0.449842	0.000000	0.000000
2	1.016775	0.073719	1.019444	1.169621	-0.395117	0.000000	0.000000
3	1.022462	0.080824	1.025652	1.132271	-0.500097	0.000000	0.000000
4	1.026020	-0.050998	1.027287	0.000000	0.000000	0.000000	0.000000
5	1.035955	-0.081286	1.039140	0.000000	0.000000	0.900000	0.300000
6	1.056044	0.018585	1.056208	0.000000	0.000000	0.000000	0.000000
7	1.046043	-0.030184	1.046479	0.000000	0.000000	1.000000	0.350000
8	1.046120	0.003950	1.046129	0.000000	0.000000	0.000000	0.000000
9	1.015549	-0.098818	1.020346	0.000000	0.000000	1.250000	0.500000

Branch Results
LineID	From	To	Pik		Pki		Qik		Qki		LossP		LossQ
1	1	4	0.885588	-0.885485	-0.449836	0.506625	0.000102	0.056789
2	4	5	0.298539	-0.296494	-0.349507	0.022805	0.002045	-0.326702
3	5	6	-0.603540	0.616899	-0.322789	-0.405193	0.013358	-0.727982
4	3	6	1.132284	-1.132276	-0.500097	0.585440	0.000008	0.085343
5	6	7	0.515356	-0.512451	-0.180239	-0.257563	0.002905	-0.437802
6	7	8	-0.487570	0.489490	-0.092429	-0.217862	0.001920	-0.310291
7	8	2	-1.169643	1.169640	0.486775	-0.395118	-0.000003	0.091657
8	8	9	0.680138	-0.666449	-0.268907	-0.315892	0.013689	-0.584799
9	9	4	-0.583576	0.586911	-0.184090	-0.157103	0.003334	-0.341193

Summary
Total Pg           : 3.187547
Total Qg           : -1.345056
Total Load P       : 3.150000
Total Load Q       : 1.150000
Total Active Loss  : 0.037360
Total Reactive Loss: -2.494981
Total Load Supplied: 100.005937%

========================================================================================================================
Update time: 2026-06-10 19:14:41
Iteration: 119
rho: 105.8
alpha: 0.42199106
objective_value: 4.09985844741
feasible: False
max_abs_h: 1.244320654017e-04
l2_norm_h: 2.030083902442e-04
lambda_inf_norm: 1.425018836194e+00
lambda_l2_norm: 7.209421590218e+00
------------------------------------------------------------------------------------------------------------------------
Bus Results
BusID	V_R		V_I		Vmag		Pg		Qg		Pl		Ql
1	1.000124	0.000007	1.000124	0.885141	-0.451396	0.000000	0.000000
2	1.017078	0.073744	1.019749	1.169739	-0.394805	0.000000	0.000000
3	1.022725	0.080881	1.025919	1.132618	-0.500068	0.000000	0.000000
4	1.026121	-0.050964	1.027386	0.000000	0.000000	0.000000	0.000000
5	1.036123	-0.081237	1.039303	0.000000	0.000000	0.900000	0.300000
6	1.056300	0.018638	1.056465	0.000000	0.000000	0.000000	0.000000
7	1.046323	-0.030130	1.046758	0.000000	0.000000	1.000000	0.350000
8	1.046397	0.003987	1.046405	0.000000	0.000000	0.000000	0.000000
9	1.015727	-0.098772	1.020518	0.000000	0.000000	1.250000	0.500000

Branch Results
LineID	From	To	Pik		Pki		Qik		Qki		LossP		LossQ
1	1	4	0.885072	-0.884964	-0.451391	0.508212	0.000109	0.056821
2	4	5	0.298254	-0.296208	-0.350215	0.023440	0.002046	-0.326775
3	5	6	-0.603826	0.617182	-0.323428	-0.404842	0.013356	-0.728270
4	3	6	1.132633	-1.132639	-0.500069	0.585415	-0.000006	0.085346
5	6	7	0.515444	-0.512554	-0.180567	-0.257478	0.002890	-0.438045
6	7	8	-0.487461	0.489371	-0.092511	-0.217976	0.001911	-0.310487
7	8	2	-1.169764	1.169758	0.486400	-0.394803	-0.000006	0.091597
8	8	9	0.680379	-0.666684	-0.268414	-0.316649	0.013695	-0.585063
9	9	4	-0.583341	0.586673	-0.183333	-0.157986	0.003332	-0.341319

Summary
Total Pg           : 3.187498
Total Qg           : -1.346269
Total Load P       : 3.150000
Total Load Q       : 1.150000
Total Active Loss  : 0.037328
Total Reactive Loss: -2.496194
Total Load Supplied: 100.005419%

========================================================================================================================
Update time: 2026-06-10 19:16:52
Iteration: 120
rho: 105.8
alpha: 0.42199106
objective_value: 4.09991850287
feasible: False
max_abs_h: 1.239812928817e-04
l2_norm_h: 2.068503450077e-04
lambda_inf_norm: 1.425003720737e+00
lambda_l2_norm: 7.209372955569e+00
------------------------------------------------------------------------------------------------------------------------
Bus Results
BusID	V_R		V_I		Vmag		Pg		Qg		Pl		Ql
1	1.000124	0.000003	1.000124	0.884773	-0.452695	0.000000	0.000000
2	1.017318	0.073745	1.019989	1.169813	-0.394520	0.000000	0.000000
3	1.022936	0.080914	1.026132	1.132969	-0.500004	0.000000	0.000000
4	1.026195	-0.050946	1.027460	0.000000	0.000000	0.000000	0.000000
5	1.036252	-0.081211	1.039430	0.000000	0.000000	0.900000	0.300000
6	1.056503	0.018666	1.056669	0.000000	0.000000	0.000000	0.000000
7	1.046542	-0.030105	1.046976	0.000000	0.000000	1.000000	0.350000
8	1.046612	0.003999	1.046621	0.000000	0.000000	0.000000	0.000000
9	1.015861	-0.098748	1.020649	0.000000	0.000000	1.250000	0.500000

Branch Results
LineID	From	To	Pik		Pki		Qik		Qki		LossP		LossQ
1	1	4	0.884704	-0.884599	-0.452688	0.509532	0.000106	0.056844
2	4	5	0.298042	-0.295996	-0.350819	0.023975	0.002047	-0.326844
3	5	6	-0.604038	0.617402	-0.323959	-0.404547	0.013364	-0.728507
4	3	6	1.132982	-1.132976	-0.500005	0.585350	0.000007	0.085345
5	6	7	0.515555	-0.512656	-0.180794	-0.257436	0.002898	-0.438230
6	7	8	-0.487363	0.489279	-0.092556	-0.218070	0.001916	-0.310627
7	8	2	-1.169834	1.169831	0.486080	-0.394522	-0.000002	0.091558
8	8	9	0.680540	-0.666841	-0.268003	-0.317261	0.013699	-0.585264
9	9	4	-0.583186	0.586519	-0.182721	-0.158698	0.003333	-0.341419

Summary
Total Pg           : 3.187556
Total Qg           : -1.347219
Total Load P       : 3.150000
Total Load Q       : 1.150000
Total Active Loss  : 0.037368
Total Reactive Loss: -2.497142
Total Load Supplied: 100.005959%

========================================================================================================================
Update time: 2026-06-10 19:19:02
Iteration: 121
rho: 120
alpha: 0.37979196
objective_value: 4.09983869237
feasible: False
max_abs_h: 1.213820083987e-04
l2_norm_h: 2.059449639141e-04
lambda_inf_norm: 1.424989341432e+00
lambda_l2_norm: 7.209328231187e+00
------------------------------------------------------------------------------------------------------------------------
Bus Results
BusID	V_R		V_I		Vmag		Pg		Qg		Pl		Ql
1	1.000121	-0.000034	1.000121	0.884388	-0.454004	0.000000	0.000000
2	1.017563	0.073708	1.020230	1.169831	-0.394255	0.000000	0.000000
3	1.023151	0.080913	1.026346	1.133291	-0.499956	0.000000	0.000000
4	1.026266	-0.050962	1.027531	0.000000	0.000000	0.000000	0.000000
5	1.036379	-0.081217	1.039557	0.000000	0.000000	0.900000	0.300000
6	1.056708	0.018658	1.056874	0.000000	0.000000	0.000000	0.000000
7	1.046762	-0.030115	1.047197	0.000000	0.000000	1.000000	0.350000
8	1.046830	0.003973	1.046839	0.000000	0.000000	0.000000	0.000000
9	1.015991	-0.098757	1.020779	0.000000	0.000000	1.250000	0.500000

Branch Results
LineID	From	To	Pik		Pki		Qik		Qki		LossP		LossQ
1	1	4	0.884319	-0.884214	-0.453996	0.510870	0.000105	0.056874
2	4	5	0.297820	-0.295778	-0.351431	0.024524	0.002042	-0.326907
3	5	6	-0.604251	0.617612	-0.324503	-0.404244	0.013361	-0.728747
4	3	6	1.133304	-1.133299	-0.499958	0.585300	0.000004	0.085343
5	6	7	0.515670	-0.512771	-0.181040	-0.257383	0.002900	-0.438423
6	7	8	-0.487248	0.489161	-0.092608	-0.218175	0.001913	-0.310783
7	8	2	-1.169864	1.169849	0.485762	-0.394255	-0.000015	0.091507
8	8	9	0.680687	-0.666988	-0.267581	-0.317892	0.013700	-0.585474
9	9	4	-0.583036	0.586360	-0.182090	-0.159423	0.003323	-0.341513

Summary
Total Pg           : 3.187511
Total Qg           : -1.348215
Total Load P       : 3.150000
Total Load Q       : 1.150000
Total Active Loss  : 0.037334
Total Reactive Loss: -2.498123
Total Load Supplied: 100.005621%

========================================================================================================================
Update time: 2026-06-10 19:21:12
Iteration: 122
rho: 120
alpha: 0.37979196
objective_value: 4.09985193993
feasible: False
max_abs_h: 1.105172215901e-04
l2_norm_h: 2.080315762493e-04
lambda_inf_norm: 1.424976381327e+00
lambda_l2_norm: 7.209286592884e+00
------------------------------------------------------------------------------------------------------------------------
Bus Results
BusID	V_R		V_I		Vmag		Pg		Qg		Pl		Ql
1	1.000111	0.000078	1.000111	0.883945	-0.455315	0.000000	0.000000
2	1.017801	0.073838	1.020477	1.169932	-0.393912	0.000000	0.000000
3	1.023352	0.081077	1.026560	1.133659	-0.499862	0.000000	0.000000
4	1.026337	-0.050822	1.027595	0.000000	0.000000	0.000000	0.000000
5	1.036509	-0.081065	1.039675	0.000000	0.000000	0.900000	0.300000
6	1.056908	0.018819	1.057076	0.000000	0.000000	0.000000	0.000000
7	1.046986	-0.029958	1.047416	0.000000	0.000000	1.000000	0.350000
8	1.047048	0.004117	1.047057	0.000000	0.000000	0.000000	0.000000
9	1.016132	-0.098610	1.020906	0.000000	0.000000	1.250000	0.500000

Branch Results
LineID	From	To	Pik		Pki		Qik		Qki		LossP		LossQ
1	1	4	0.883881	-0.883782	-0.455309	0.512208	0.000099	0.056899
2	4	5	0.297577	-0.295532	-0.352020	0.025065	0.002045	-0.326954
3	5	6	-0.604498	0.617867	-0.325051	-0.403902	0.013369	-0.728953
4	3	6	1.133670	-1.133655	-0.499862	0.585211	0.000016	0.085348
5	6	7	0.515769	-0.512871	-0.181299	-0.257305	0.002898	-0.438604
6	7	8	-0.487147	0.489057	-0.092687	-0.218243	0.001910	-0.310929
7	8	2	-1.169963	1.169950	0.485373	-0.393913	-0.000013	0.091460
8	8	9	0.680892	-0.667184	-0.267122	-0.318547	0.013708	-0.585669
9	9	4	-0.582844	0.586170	-0.181435	-0.160172	0.003326	-0.341607

Summary
Total Pg           : 3.187536
Total Qg           : -1.349090
Total Load P       : 3.150000
Total Load Q       : 1.150000
Total Active Loss  : 0.037357
Total Reactive Loss: -2.499010
Total Load Supplied: 100.005675%

========================================================================================================================
Update time: 2026-06-10 19:23:23
Iteration: 123
rho: 120
alpha: 0.37979196
objective_value: 4.09998182842
feasible: False
max_abs_h: 7.548768171883e-05
l2_norm_h: 1.910183746997e-04
lambda_inf_norm: 1.424962378040e+00
lambda_l2_norm: 7.209237536928e+00
------------------------------------------------------------------------------------------------------------------------
Bus Results
BusID	V_R		V_I		Vmag		Pg		Qg		Pl		Ql
1	1.000075	0.000027	1.000074	0.883635	-0.456384	0.000000	0.000000
2	1.017996	0.073789	1.020667	1.169995	-0.393528	0.000000	0.000000
3	1.023500	0.081067	1.026706	1.134012	-0.499799	0.000000	0.000000
4	1.026362	-0.050859	1.027620	0.000000	0.000000	0.000000	0.000000
5	1.036577	-0.081094	1.039743	0.000000	0.000000	0.900000	0.300000
6	1.057048	0.018797	1.057215	0.000000	0.000000	0.000000	0.000000
7	1.047143	-0.029987	1.047573	0.000000	0.000000	1.000000	0.350000
8	1.047210	0.004074	1.047218	0.000000	0.000000	0.000000	0.000000
9	1.016207	-0.098642	1.020982	0.000000	0.000000	1.250000	0.500000

Branch Results
LineID	From	To	Pik		Pki		Qik		Qki		LossP		LossQ
1	1	4	0.883570	-0.883467	-0.456378	0.513304	0.000103	0.056927
2	4	5	0.297395	-0.295339	-0.352491	0.025504	0.002056	-0.326987
3	5	6	-0.604698	0.618083	-0.325487	-0.403603	0.013386	-0.729090
4	3	6	1.134021	-1.134006	-0.499800	0.585165	0.000015	0.085365
5	6	7	0.515900	-0.512993	-0.181552	-0.257184	0.002907	-0.438736
6	7	8	-0.487031	0.488950	-0.092805	-0.218241	0.001919	-0.311045
7	8	2	-1.170008	1.170011	0.484940	-0.393530	0.000003	0.091410
8	8	9	0.681040	-0.667323	-0.266691	-0.319113	0.013716	-0.585805
9	9	4	-0.582704	0.586033	-0.180868	-0.160795	0.003328	-0.341662

Summary
Total Pg           : 3.187643
Total Qg           : -1.349711
Total Load P       : 3.150000
Total Load Q       : 1.150000
Total Active Loss  : 0.037434
Total Reactive Loss: -2.499623
Total Load Supplied: 100.006625%

========================================================================================================================
Update time: 2026-06-10 19:25:34
Iteration: 124
rho: 120
alpha: 0.30383357
objective_value: 4.09993758438
feasible: False
max_abs_h: 1.136752485107e-04
l2_norm_h: 2.172080792181e-04
lambda_inf_norm: 1.424948971373e+00
lambda_l2_norm: 7.209190183462e+00
------------------------------------------------------------------------------------------------------------------------
Bus Results
BusID	V_R		V_I		Vmag		Pg		Qg		Pl		Ql
1	1.000114	-0.000087	1.000113	0.883378	-0.457567	0.000000	0.000000
2	1.018256	0.073651	1.020918	1.169977	-0.393330	0.000000	0.000000
3	1.023730	0.080962	1.026927	1.134265	-0.499838	0.000000	0.000000
4	1.026461	-0.050960	1.027726	0.000000	0.000000	0.000000	0.000000
5	1.036722	-0.081191	1.039897	0.000000	0.000000	0.900000	0.300000
6	1.057266	0.018687	1.057432	0.000000	0.000000	0.000000	0.000000
7	1.047372	-0.030098	1.047805	0.000000	0.000000	1.000000	0.350000
8	1.047440	0.003949	1.047449	0.000000	0.000000	0.000000	0.000000
9	1.016357	-0.098739	1.021143	0.000000	0.000000	1.250000	0.500000

Branch Results
LineID	From	To	Pik		Pki		Qik		Qki		LossP		LossQ
1	1	4	0.883315	-0.883218	-0.457561	0.514525	0.000097	0.056964
2	4	5	0.297243	-0.295192	-0.353046	0.025989	0.002051	-0.327057
3	5	6	-0.604843	0.618227	-0.325974	-0.403389	0.013384	-0.729364
4	3	6	1.134275	-1.134261	-0.499840	0.585202	0.000014	0.085363
5	6	7	0.516011	-0.513102	-0.181802	-0.257127	0.002910	-0.438929
6	7	8	-0.486923	0.488845	-0.092866	-0.218327	0.001921	-0.311193
7	8	2	-1.169986	1.169993	0.484692	-0.393331	0.000007	0.091361
8	8	9	0.681121	-0.667407	-0.266362	-0.319686	0.013714	-0.586048
9	9	4	-0.582619	0.585939	-0.180299	-0.161466	0.003320	-0.341765

Summary
Total Pg           : 3.187620
Total Qg           : -1.350735
Total Load P       : 3.150000
Total Load Q       : 1.150000
Total Active Loss  : 0.037418
Total Reactive Loss: -2.500669
Total Load Supplied: 100.006391%

========================================================================================================================
Update time: 2026-06-10 19:27:42
Iteration: 125
rho: 120
alpha: 0.30383357
objective_value: 4.09984904696
feasible: False
max_abs_h: 1.360406982842e-04
l2_norm_h: 2.110943344348e-04
lambda_inf_norm: 1.424938885437e+00
lambda_l2_norm: 7.209155485742e+00
------------------------------------------------------------------------------------------------------------------------
Bus Results
BusID	V_R		V_I		Vmag		Pg		Qg		Pl		Ql
1	1.000136	0.000021	1.000136	0.883001	-0.458902	0.000000	0.000000
2	1.018511	0.073766	1.021179	1.170028	-0.393113	0.000000	0.000000
3	1.023948	0.081106	1.027156	1.134539	-0.499861	0.000000	0.000000
4	1.026566	-0.050826	1.027823	0.000000	0.000000	0.000000	0.000000
5	1.036885	-0.081045	1.040048	0.000000	0.000000	0.900000	0.300000
6	1.057487	0.018833	1.057656	0.000000	0.000000	0.000000	0.000000
7	1.047619	-0.029952	1.048048	0.000000	0.000000	1.000000	0.350000
8	1.047681	0.004080	1.047689	0.000000	0.000000	0.000000	0.000000
9	1.016530	-0.098597	1.021300	0.000000	0.000000	1.250000	0.500000

Branch Results
LineID	From	To	Pik		Pki		Qik		Qki		LossP		LossQ
1	1	4	0.882935	-0.882836	-0.458896	0.515887	0.000099	0.056991
2	4	5	0.297030	-0.294982	-0.353656	0.026520	0.002048	-0.327136
3	5	6	-0.605050	0.618432	-0.326504	-0.403129	0.013383	-0.729633
4	3	6	1.134550	-1.134540	-0.499863	0.585226	0.000010	0.085363
5	6	7	0.516087	-0.513185	-0.182086	-0.257057	0.002902	-0.439143
6	7	8	-0.486835	0.488744	-0.092933	-0.218432	0.001909	-0.311365
7	8	2	-1.170044	1.170044	0.484421	-0.393114	0.000001	0.091307
8	8	9	0.681283	-0.667571	-0.265981	-0.320310	0.013712	-0.586292
9	9	4	-0.582454	0.585770	-0.179672	-0.162216	0.003316	-0.341888

Summary
Total Pg           : 3.187568
Total Qg           : -1.351876
Total Load P       : 3.150000
Total Load Q       : 1.150000
Total Active Loss  : 0.037381
Total Reactive Loss: -2.501797
Total Load Supplied: 100.005935%

========================================================================================================================
Update time: 2026-06-10 19:29:54
Iteration: 126
rho: 120
alpha: 0.24306685
objective_value: 4.0998327825
feasible: False
max_abs_h: 1.065585180173e-04
l2_norm_h: 2.227244040960e-04
lambda_inf_norm: 1.424928975234e+00
lambda_l2_norm: 7.209121048224e+00
------------------------------------------------------------------------------------------------------------------------
Bus Results
BusID	V_R		V_I		Vmag		Pg		Qg		Pl		Ql
1	1.000097	0.000107	1.000097	0.882617	-0.459999	0.000000	0.000000
2	1.018681	0.073871	1.021358	1.170096	-0.392815	0.000000	0.000000
3	1.024094	0.081243	1.027312	1.134856	-0.499726	0.000000	0.000000
4	1.026595	-0.050717	1.027847	0.000000	0.000000	0.000000	0.000000
5	1.036964	-0.080925	1.040119	0.000000	0.000000	0.900000	0.300000
6	1.057629	0.018965	1.057800	0.000000	0.000000	0.000000	0.000000
7	1.047778	-0.029826	1.048204	0.000000	0.000000	1.000000	0.350000
8	1.047835	0.004195	1.047844	0.000000	0.000000	0.000000	0.000000
9	1.016615	-0.098483	1.021376	0.000000	0.000000	1.250000	0.500000

Branch Results
LineID	From	To	Pik		Pki		Qik		Qki		LossP		LossQ
1	1	4	0.882550	-0.882443	-0.459991	0.516994	0.000108	0.057002
2	4	5	0.296807	-0.294758	-0.354146	0.026977	0.002049	-0.327168
3	5	6	-0.605272	0.618658	-0.326959	-0.402808	0.013386	-0.729767
4	3	6	1.134867	-1.134863	-0.499726	0.585094	0.000005	0.085368
5	6	7	0.516186	-0.513284	-0.182274	-0.257005	0.002902	-0.439279
6	7	8	-0.486735	0.488642	-0.092982	-0.218499	0.001907	-0.311481
7	8	2	-1.170113	1.170112	0.484083	-0.392815	-0.000001	0.091269
8	8	9	0.681456	-0.667741	-0.265574	-0.320850	0.013715	-0.586424
9	9	4	-0.582284	0.585598	-0.179126	-0.162829	0.003315	-0.341955

Summary
Total Pg           : 3.187569
Total Qg           : -1.352540
Total Load P       : 3.150000
Total Load Q       : 1.150000
Total Active Loss  : 0.037385
Total Reactive Loss: -2.502436
Total Load Supplied: 100.005845%

========================================================================================================================
Update time: 2026-06-10 19:32:04
Iteration: 127
rho: 120
alpha: 0.24306685
objective_value: 4.09987669232
feasible: False
max_abs_h: 1.349954040311e-04
l2_norm_h: 2.184363134881e-04
lambda_inf_norm: 1.424920417376e+00
lambda_l2_norm: 7.209091617656e+00
------------------------------------------------------------------------------------------------------------------------
Bus Results
BusID	V_R		V_I		Vmag		Pg		Qg		Pl		Ql
1	1.000135	0.000037	1.000135	0.882372	-0.461177	0.000000	0.000000
2	1.018948	0.073789	1.021617	1.170150	-0.392528	0.000000	0.000000
3	1.024307	0.081184	1.027520	1.135087	-0.499833	0.000000	0.000000
4	1.026696	-0.050773	1.027951	0.000000	0.000000	0.000000	0.000000
5	1.037110	-0.080977	1.040267	0.000000	0.000000	0.900000	0.300000
6	1.057838	0.018904	1.058008	0.000000	0.000000	0.000000	0.000000
7	1.048008	-0.029886	1.048434	0.000000	0.000000	1.000000	0.350000
8	1.048069	0.004122	1.048078	0.000000	0.000000	0.000000	0.000000
9	1.016771	-0.098533	1.021534	0.000000	0.000000	1.250000	0.500000

Branch Results
LineID	From	To	Pik		Pki		Qik		Qki		LossP		LossQ
1	1	4	0.882306	-0.882202	-0.461170	0.518212	0.000104	0.057042
2	4	5	0.296673	-0.294617	-0.354680	0.027435	0.002056	-0.327245
3	5	6	-0.605417	0.618805	-0.327417	-0.402613	0.013388	-0.730030
4	3	6	1.135098	-1.135083	-0.499835	0.585206	0.000015	0.085371
5	6	7	0.516257	-0.513353	-0.182586	-0.256879	0.002904	-0.439465
6	7	8	-0.486668	0.488576	-0.093115	-0.218512	0.001908	-0.311627
7	8	2	-1.170164	1.170167	0.483743	-0.392528	0.000003	0.091215
8	8	9	0.681573	-0.667855	-0.265225	-0.321435	0.013718	-0.586660
9	9	4	-0.582173	0.585491	-0.178546	-0.163513	0.003318	-0.342059

Summary
Total Pg           : 3.187610
Total Qg           : -1.353538
Total Load P       : 3.150000
Total Load Q       : 1.150000
Total Active Loss  : 0.037413
Total Reactive Loss: -2.503458
Total Load Supplied: 100.006249%

========================================================================================================================
Update time: 2026-06-10 19:34:15
Iteration: 128
rho: 120
alpha: 0.24306685
objective_value: 4.09984388854
feasible: False
max_abs_h: 1.159776084785e-04
l2_norm_h: 2.109105726712e-04
lambda_inf_norm: 1.424912183875e+00
lambda_l2_norm: 7.209062954115e+00
------------------------------------------------------------------------------------------------------------------------
Bus Results
BusID	V_R		V_I		Vmag		Pg		Qg		Pl		Ql
1	1.000116	0.000015	1.000116	0.882100	-0.462260	0.000000	0.000000
2	1.019139	0.073757	1.021805	1.170144	-0.392271	0.000000	0.000000
3	1.024467	0.081187	1.027680	1.135351	-0.499795	0.000000	0.000000
4	1.026739	-0.050781	1.027994	0.000000	0.000000	0.000000	0.000000
5	1.037198	-0.080979	1.040355	0.000000	0.000000	0.900000	0.300000
6	1.057991	0.018901	1.058161	0.000000	0.000000	0.000000	0.000000
7	1.048175	-0.029893	1.048603	0.000000	0.000000	1.000000	0.350000
8	1.048236	0.004102	1.048245	0.000000	0.000000	0.000000	0.000000
9	1.016864	-0.098538	1.021628	0.000000	0.000000	1.250000	0.500000

Branch Results
LineID	From	To	Pik		Pki		Qik		Qki		LossP		LossQ
1	1	4	0.882032	-0.881929	-0.462252	0.519323	0.000103	0.057071
2	4	5	0.296512	-0.294454	-0.355172	0.027881	0.002058	-0.327290
3	5	6	-0.605580	0.618975	-0.327859	-0.402347	0.013395	-0.730206
4	3	6	1.135363	-1.135356	-0.499794	0.585168	0.000006	0.085375
5	6	7	0.516362	-0.513463	-0.182809	-0.256806	0.002900	-0.439615
6	7	8	-0.486557	0.488462	-0.093181	-0.218572	0.001905	-0.311753
7	8	2	-1.170155	1.170160	0.483440	-0.392273	0.000005	0.091167
8	8	9	0.681678	-0.667960	-0.264857	-0.321972	0.013718	-0.586829
9	9	4	-0.582067	0.585379	-0.178004	-0.164130	0.003313	-0.342134

Summary
Total Pg           : 3.187596
Total Qg           : -1.354326
Total Load P       : 3.150000
Total Load Q       : 1.150000
Total Active Loss  : 0.037402
Total Reactive Loss: -2.504215
Total Load Supplied: 100.006139%

========================================================================================================================
Update time: 2026-06-10 19:36:27
Iteration: 129
rho: 120
alpha: 0.24306685
objective_value: 4.10001810157
feasible: False
max_abs_h: 1.048254787919e-04
l2_norm_h: 2.163654129836e-04
lambda_inf_norm: 1.424902460571e+00
lambda_l2_norm: 7.209028052434e+00
------------------------------------------------------------------------------------------------------------------------
Bus Results
BusID	V_R		V_I		Vmag		Pg		Qg		Pl		Ql
1	1.000105	-0.000021	1.000105	0.881863	-0.463359	0.000000	0.000000
2	1.019364	0.073715	1.022027	1.170241	-0.391872	0.000000	0.000000
3	1.024638	0.081171	1.027850	1.135628	-0.499794	0.000000	0.000000
4	1.026789	-0.050804	1.028046	0.000000	0.000000	0.000000	0.000000
5	1.037292	-0.080998	1.040451	0.000000	0.000000	0.900000	0.300000
6	1.058156	0.018878	1.058326	0.000000	0.000000	0.000000	0.000000
7	1.048361	-0.029919	1.048789	0.000000	0.000000	1.000000	0.350000
8	1.048428	0.004065	1.048437	0.000000	0.000000	0.000000	0.000000
9	1.016969	-0.098559	1.021734	0.000000	0.000000	1.250000	0.500000

Branch Results
LineID	From	To	Pik		Pki		Qik		Qki		LossP		LossQ
1	1	4	0.881795	-0.881679	-0.463352	0.520460	0.000116	0.057107
2	4	5	0.296365	-0.294300	-0.355656	0.028336	0.002065	-0.327320
3	5	6	-0.605736	0.619138	-0.328320	-0.402062	0.013402	-0.730382
4	3	6	1.135639	-1.135623	-0.499795	0.585173	0.000016	0.085378
5	6	7	0.516459	-0.513547	-0.183099	-0.256670	0.002912	-0.439769
6	7	8	-0.486484	0.488407	-0.093320	-0.218558	0.001923	-0.311878
7	8	2	-1.170247	1.170257	0.482998	-0.391872	0.000011	0.091126
8	8	9	0.681816	-0.668080	-0.264430	-0.322572	0.013736	-0.587001
9	9	4	-0.581952	0.585273	-0.177407	-0.164788	0.003321	-0.342195

Summary
Total Pg           : 3.187732
Total Qg           : -1.355025
Total Load P       : 3.150000
Total Load Q       : 1.150000
Total Active Loss  : 0.037502
Total Reactive Loss: -2.504935
Total Load Supplied: 100.007311%

========================================================================================================================
Update time: 2026-06-10 19:38:36
Iteration: 130
rho: 120
alpha: 0.24306685
objective_value: 4.09974288735
feasible: False
max_abs_h: 1.200715909684e-04
l2_norm_h: 2.036105113259e-04
lambda_inf_norm: 1.424893785219e+00
lambda_l2_norm: 7.209002067337e+00
------------------------------------------------------------------------------------------------------------------------
Bus Results
BusID	V_R		V_I		Vmag		Pg		Qg		Pl		Ql
1	1.000120	0.000046	1.000120	0.881396	-0.464577	0.000000	0.000000
2	1.019587	0.073790	1.022255	1.170161	-0.391713	0.000000	0.000000
3	1.024863	0.081295	1.028083	1.135989	-0.499602	0.000000	0.000000
4	1.026878	-0.050708	1.028129	0.000000	0.000000	0.000000	0.000000
5	1.037439	-0.080886	1.040587	0.000000	0.000000	0.900000	0.300000
6	1.058371	0.018998	1.058543	0.000000	0.000000	0.000000	0.000000
7	1.048584	-0.029804	1.049009	0.000000	0.000000	1.000000	0.350000
8	1.048638	0.004161	1.048647	0.000000	0.000000	0.000000	0.000000
9	1.017115	-0.098454	1.021869	0.000000	0.000000	1.250000	0.500000

Branch Results
LineID	From	To	Pik		Pki		Qik		Qki		LossP		LossQ
1	1	4	0.881327	-0.881219	-0.464570	0.521700	0.000108	0.057130
2	4	5	0.296087	-0.294033	-0.356256	0.028868	0.002054	-0.327388
3	5	6	-0.605996	0.619394	-0.328856	-0.401762	0.013397	-0.730618
4	3	6	1.136000	-1.136006	-0.499605	0.584989	-0.000006	0.085383
5	6	7	0.516599	-0.513703	-0.183221	-0.256722	0.002897	-0.439942
6	7	8	-0.486314	0.488210	-0.093278	-0.218732	0.001896	-0.312009
7	8	2	-1.170182	1.170175	0.482794	-0.391714	-0.000007	0.091080
8	8	9	0.681960	-0.668237	-0.264063	-0.323125	0.013723	-0.587188
9	9	4	-0.581787	0.585095	-0.176861	-0.165428	0.003308	-0.342289

Summary
Total Pg           : 3.187546
Total Qg           : -1.355892
Total Load P       : 3.150000
Total Load Q       : 1.150000
Total Active Loss  : 0.037371
Total Reactive Loss: -2.505841
Total Load Supplied: 100.005574%

========================================================================================================================
Update time: 2026-06-10 19:40:46
Iteration: 131
rho: 120
alpha: 0.24306685
objective_value: 4.09982650263
feasible: False
max_abs_h: 1.198653653671e-04
l2_norm_h: 2.063935069941e-04
lambda_inf_norm: 1.424885231490e+00
lambda_l2_norm: 7.208972902456e+00
------------------------------------------------------------------------------------------------------------------------
Bus Results
BusID	V_R		V_I		Vmag		Pg		Qg		Pl		Ql
1	1.000120	0.000005	1.000120	0.881194	-0.465704	0.000000	0.000000
2	1.019808	0.073728	1.022471	1.170184	-0.391462	0.000000	0.000000
3	1.025039	0.081262	1.028257	1.136237	-0.499658	0.000000	0.000000
4	1.026941	-0.050738	1.028194	0.000000	0.000000	0.000000	0.000000
5	1.037546	-0.080915	1.040697	0.000000	0.000000	0.900000	0.300000
6	1.058543	0.018961	1.058714	0.000000	0.000000	0.000000	0.000000
7	1.048775	-0.029844	1.049200	0.000000	0.000000	1.000000	0.350000
8	1.048832	0.004109	1.048841	0.000000	0.000000	0.000000	0.000000
9	1.017231	-0.098483	1.021987	0.000000	0.000000	1.250000	0.500000

Branch Results
LineID	From	To	Pik		Pki		Qik		Qki		LossP		LossQ
1	1	4	0.881124	-0.881020	-0.465696	0.522865	0.000104	0.057169
2	4	5	0.295970	-0.293910	-0.356759	0.029324	0.002060	-0.327435
3	5	6	-0.606123	0.619526	-0.329308	-0.401521	0.013402	-0.730829
4	3	6	1.136249	-1.136240	-0.499658	0.585041	0.000009	0.085383
5	6	7	0.516694	-0.513791	-0.183510	-0.256605	0.002903	-0.440116
6	7	8	-0.486231	0.488134	-0.093385	-0.218774	0.001903	-0.312159
7	8	2	-1.170200	1.170200	0.482482	-0.391463	0.000000	0.091019
8	8	9	0.682048	-0.668321	-0.263701	-0.323699	0.013727	-0.587399
9	9	4	-0.581707	0.585013	-0.176283	-0.166091	0.003306	-0.342374

Summary
Total Pg           : 3.187615
Total Qg           : -1.356824
Total Load P       : 3.150000
Total Load Q       : 1.150000
Total Active Loss  : 0.037415
Total Reactive Loss: -2.506741
Total Load Supplied: 100.006332%

========================================================================================================================
Update time: 2026-06-10 19:42:57
Iteration: 132
rho: 120
alpha: 0.24306685
objective_value: 4.09986094507
feasible: False
max_abs_h: 1.126550251782e-04
l2_norm_h: 2.097008094686e-04
lambda_inf_norm: 1.424876296380e+00
lambda_l2_norm: 7.208942271417e+00
------------------------------------------------------------------------------------------------------------------------
Bus Results
BusID	V_R		V_I		Vmag		Pg		Qg		Pl		Ql
1	1.000113	0.000023	1.000113	0.880999	-0.466695	0.000000	0.000000
2	1.019983	0.073730	1.022646	1.170161	-0.391267	0.000000	0.000000
3	1.025200	0.081296	1.028420	1.136488	-0.499558	0.000000	0.000000
4	1.026991	-0.050709	1.028243	0.000000	0.000000	0.000000	0.000000
5	1.037640	-0.080882	1.040788	0.000000	0.000000	0.900000	0.300000
6	1.058695	0.018991	1.058867	0.000000	0.000000	0.000000	0.000000
7	1.048937	-0.029818	1.049362	0.000000	0.000000	1.000000	0.350000
8	1.048990	0.004123	1.048999	0.000000	0.000000	0.000000	0.000000
9	1.017328	-0.098453	1.022081	0.000000	0.000000	1.250000	0.500000

Branch Results
LineID	From	To	Pik		Pki		Qik		Qki		LossP		LossQ
1	1	4	0.880928	-0.880820	-0.466687	0.523886	0.000108	0.057200
2	4	5	0.295840	-0.293775	-0.357229	0.029752	0.002065	-0.327477
3	5	6	-0.606261	0.619671	-0.329734	-0.401270	0.013410	-0.731004
4	3	6	1.136500	-1.136489	-0.499559	0.584941	0.000011	0.085381
5	6	7	0.516797	-0.513892	-0.183662	-0.256588	0.002906	-0.440251
6	7	8	-0.486130	0.488032	-0.093403	-0.218863	0.001903	-0.312266
7	8	2	-1.170175	1.170177	0.482249	-0.391269	0.000002	0.090979
8	8	9	0.682125	-0.668397	-0.263379	-0.324177	0.013728	-0.587557
9	9	4	-0.581631	0.584940	-0.175802	-0.166639	0.003309	-0.342442

Summary
Total Pg           : 3.187648
Total Qg           : -1.357520
Total Load P       : 3.150000
Total Load Q       : 1.150000
Total Active Loss  : 0.037442
Total Reactive Loss: -2.507436
Total Load Supplied: 100.006511%

========================================================================================================================
Update time: 2026-06-10 19:45:07
Iteration: 133
rho: 120
alpha: 0.19445348
objective_value: 4.09992728704
feasible: False
max_abs_h: 1.398964417896e-04
l2_norm_h: 2.287610209628e-04
lambda_inf_norm: 1.424866931194e+00
lambda_l2_norm: 7.208909011409e+00
------------------------------------------------------------------------------------------------------------------------
Bus Results
BusID	V_R		V_I		Vmag		Pg		Qg		Pl		Ql
1	1.000140	-0.000026	1.000141	0.880749	-0.467900	0.000000	0.000000
2	1.020241	0.073664	1.022899	1.170168	-0.391024	0.000000	0.000000
3	1.025424	0.081266	1.028642	1.136789	-0.499558	0.000000	0.000000
4	1.027085	-0.050743	1.028339	0.000000	0.000000	0.000000	0.000000
5	1.037783	-0.080910	1.040934	0.000000	0.000000	0.900000	0.300000
6	1.058910	0.018955	1.059082	0.000000	0.000000	0.000000	0.000000
7	1.049167	-0.029855	1.049594	0.000000	0.000000	1.000000	0.350000
8	1.049220	0.004071	1.049230	0.000000	0.000000	0.000000	0.000000
9	1.017477	-0.098483	1.022234	0.000000	0.000000	1.250000	0.500000

Branch Results
LineID	From	To	Pik		Pki		Qik		Qki		LossP		LossQ
1	1	4	0.880677	-0.880565	-0.467894	0.525137	0.000112	0.057243
2	4	5	0.295685	-0.293613	-0.357795	0.030255	0.002072	-0.327539
3	5	6	-0.606427	0.619848	-0.330242	-0.401017	0.013421	-0.731259
4	3	6	1.136799	-1.136784	-0.499560	0.584948	0.000015	0.085388
5	6	7	0.516914	-0.514003	-0.183921	-0.256521	0.002911	-0.440442
6	7	8	-0.486022	0.487928	-0.093475	-0.218944	0.001906	-0.312419
7	8	2	-1.170181	1.170183	0.481954	-0.391027	0.000002	0.090928
8	8	9	0.682235	-0.668502	-0.263005	-0.324780	0.013733	-0.587785
9	9	4	-0.581528	0.584838	-0.175206	-0.167328	0.003311	-0.342534

Summary
Total Pg           : 3.187705
Total Qg           : -1.358482
Total Load P       : 3.150000
Total Load Q       : 1.150000
Total Active Loss  : 0.037483
Total Reactive Loss: -2.508420
Total Load Supplied: 100.007068%

========================================================================================================================
Update time: 2026-06-10 19:47:18
Iteration: 134
rho: 120
alpha: 0.15556279
objective_value: 4.09989673345
feasible: False
max_abs_h: 1.106327567983e-04
l2_norm_h: 2.417827935225e-04
lambda_inf_norm: 1.424859781295e+00
lambda_l2_norm: 7.208882924569e+00
------------------------------------------------------------------------------------------------------------------------
Bus Results
BusID	V_R		V_I		Vmag		Pg		Qg		Pl		Ql
1	1.000111	0.000089	1.000111	0.880248	-0.469183	0.000000	0.000000
2	1.020453	0.073819	1.023121	1.170286	-0.390647	0.000000	0.000000
3	1.025585	0.081455	1.028816	1.137165	-0.499530	0.000000	0.000000
4	1.027136	-0.050597	1.028382	0.000000	0.000000	0.000000	0.000000
5	1.037890	-0.080746	1.041027	0.000000	0.000000	0.900000	0.300000
6	1.059076	0.019139	1.059251	0.000000	0.000000	0.000000	0.000000
7	1.049362	-0.029676	1.049783	0.000000	0.000000	1.000000	0.350000
8	1.049413	0.004236	1.049422	0.000000	0.000000	0.000000	0.000000
9	1.017595	-0.098326	1.022335	0.000000	0.000000	1.250000	0.500000

Branch Results
LineID	From	To	Pik		Pki		Qik		Qki		LossP		LossQ
1	1	4	0.880173	-0.880044	-0.469176	0.526425	0.000129	0.057248
2	4	5	0.295399	-0.293324	-0.358347	0.030740	0.002075	-0.327607
3	5	6	-0.606714	0.620136	-0.330716	-0.400715	0.013421	-0.731431
4	3	6	1.137177	-1.137161	-0.499531	0.584935	0.000016	0.085403
5	6	7	0.517005	-0.514103	-0.184212	-0.256394	0.002902	-0.440606
6	7	8	-0.485918	0.487815	-0.093597	-0.218964	0.001897	-0.312561
7	8	2	-1.170313	1.170303	0.481530	-0.390647	-0.000010	0.090884
8	8	9	0.682483	-0.668743	-0.262559	-0.325390	0.013739	-0.587949
9	9	4	-0.581288	0.584600	-0.174586	-0.168053	0.003311	-0.342639

Summary
Total Pg           : 3.187700
Total Qg           : -1.359360
Total Load P       : 3.150000
Total Load Q       : 1.150000
Total Active Loss  : 0.037482
Total Reactive Loss: -2.509257
Total Load Supplied: 100.006923%

========================================================================================================================
Update time: 2026-06-10 19:49:29
Iteration: 135
rho: 120
alpha: 0.12445023
objective_value: 4.09985845434
feasible: False
max_abs_h: 1.678615486305e-04
l2_norm_h: 2.506679469410e-04
lambda_inf_norm: 1.424853877458e+00
lambda_l2_norm: 7.208862659735e+00
------------------------------------------------------------------------------------------------------------------------
Bus Results
BusID	V_R		V_I		Vmag		Pg		Qg		Pl		Ql
1	1.000168	0.000061	1.000167	0.879933	-0.470273	0.000000	0.000000
2	1.020704	0.073784	1.023368	1.170311	-0.390513	0.000000	0.000000
3	1.025812	0.081452	1.029041	1.137439	-0.499574	0.000000	0.000000
4	1.027253	-0.050605	1.028499	0.000000	0.000000	0.000000	0.000000
5	1.038053	-0.080746	1.041189	0.000000	0.000000	0.900000	0.300000
6	1.059298	0.019134	1.059472	0.000000	0.000000	0.000000	0.000000
7	1.049598	-0.029683	1.050019	0.000000	0.000000	1.000000	0.350000
8	1.049645	0.004215	1.049654	0.000000	0.000000	0.000000	0.000000
9	1.017763	-0.098327	1.022502	0.000000	0.000000	1.250000	0.500000

Branch Results
LineID	From	To	Pik		Pki		Qik		Qki		LossP		LossQ
1	1	4	0.879859	-0.879741	-0.470266	0.527547	0.000118	0.057281
2	4	5	0.295220	-0.293153	-0.358859	0.031188	0.002068	-0.327671
3	5	6	-0.606883	0.620303	-0.331174	-0.400526	0.013420	-0.731700
4	3	6	1.137451	-1.137441	-0.499576	0.584979	0.000010	0.085403
5	6	7	0.517116	-0.514211	-0.184446	-0.256358	0.002906	-0.440804
6	7	8	-0.485812	0.487711	-0.093637	-0.219075	0.001900	-0.312712
7	8	2	-1.170321	1.170327	0.481354	-0.390515	0.000006	0.090839
8	8	9	0.682591	-0.668854	-0.262274	-0.325918	0.013738	-0.588192
9	9	4	-0.581176	0.584480	-0.174066	-0.168673	0.003304	-0.342740

Summary
Total Pg           : 3.187682
Total Qg           : -1.360360
Total Load P       : 3.150000
Total Load Q       : 1.150000
Total Active Loss  : 0.037468
Total Reactive Loss: -2.510296
Total Load Supplied: 100.006803%

========================================================================================================================
Update time: 2026-06-10 19:51:39
Iteration: 136
rho: 120
alpha: 0.12445023
objective_value: 4.10003404932
feasible: False
max_abs_h: 1.178529620036e-04
l2_norm_h: 2.478844470351e-04
lambda_inf_norm: 1.424848092305e+00
lambda_l2_norm: 7.208843285221e+00
------------------------------------------------------------------------------------------------------------------------
Bus Results
BusID	V_R		V_I		Vmag		Pg		Qg		Pl		Ql
1	1.000118	-0.000053	1.000118	0.879826	-0.471083	0.000000	0.000000
2	1.020840	0.073647	1.023495	1.170304	-0.390173	0.000000	0.000000
3	1.025898	0.081349	1.029120	1.137686	-0.499600	0.000000	0.000000
4	1.027245	-0.050719	1.028497	0.000000	0.000000	0.000000	0.000000
5	1.038072	-0.080860	1.041218	0.000000	0.000000	0.900000	0.300000
6	1.059377	0.019018	1.059550	0.000000	0.000000	0.000000	0.000000
7	1.049690	-0.029806	1.050115	0.000000	0.000000	1.000000	0.350000
8	1.049746	0.004081	1.049756	0.000000	0.000000	0.000000	0.000000
9	1.017790	-0.098443	1.022541	0.000000	0.000000	1.250000	0.500000

Branch Results
LineID	From	To	Pik		Pki		Qik		Qki		LossP		LossQ
1	1	4	0.879753	-0.879634	-0.471073	0.528384	0.000119	0.057311
2	4	5	0.295138	-0.293054	-0.359201	0.031507	0.002084	-0.327694
3	5	6	-0.606989	0.620424	-0.331481	-0.400311	0.013435	-0.731792
4	3	6	1.137698	-1.137683	-0.499601	0.585010	0.000015	0.085409
5	6	7	0.517232	-0.514316	-0.184682	-0.256212	0.002916	-0.440894
6	7	8	-0.485713	0.487625	-0.093775	-0.219024	0.001913	-0.312798
7	8	2	-1.170312	1.170320	0.480966	-0.390174	0.000008	0.090792
8	8	9	0.682661	-0.668907	-0.261932	-0.326359	0.013754	-0.588291
9	9	4	-0.581130	0.584449	-0.173616	-0.169161	0.003318	-0.342777

Summary
Total Pg           : 3.187816
Total Qg           : -1.360857
Total Load P       : 3.150000
Total Load Q       : 1.150000
Total Active Loss  : 0.037563
Total Reactive Loss: -2.510734
Total Load Supplied: 100.008037%

========================================================================================================================
Update time: 2026-06-10 19:53:49
Iteration: 137
rho: 120
alpha: 0.12445023
objective_value: 4.09991912912
feasible: False
max_abs_h: 1.486656264635e-04
l2_norm_h: 2.400072976984e-04
lambda_inf_norm: 1.424842979747e+00
lambda_l2_norm: 7.208825702242e+00
------------------------------------------------------------------------------------------------------------------------
Bus Results
BusID	V_R		V_I		Vmag		Pg		Qg		Pl		Ql
1	1.000149	0.000017	1.000148	0.879513	-0.472362	0.000000	0.000000
2	1.021119	0.073708	1.023776	1.170337	-0.389834	0.000000	0.000000
3	1.026119	0.081434	1.029347	1.137892	-0.499674	0.000000	0.000000
4	1.027353	-0.050627	1.028600	0.000000	0.000000	0.000000	0.000000
5	1.038235	-0.080761	1.041371	0.000000	0.000000	0.900000	0.300000
6	1.059601	0.019108	1.059774	0.000000	0.000000	0.000000	0.000000
7	1.049943	-0.029715	1.050364	0.000000	0.000000	1.000000	0.350000
8	1.050000	0.004158	1.050009	0.000000	0.000000	0.000000	0.000000
9	1.017965	-0.098346	1.022704	0.000000	0.000000	1.250000	0.500000

Branch Results
LineID	From	To	Pik		Pki		Qik		Qki		LossP		LossQ
1	1	4	0.879438	-0.879318	-0.472356	0.529712	0.000120	0.057355
2	4	5	0.294969	-0.292894	-0.359781	0.032027	0.002075	-0.327755
3	5	6	-0.607144	0.620576	-0.332009	-0.400047	0.013432	-0.732056
4	3	6	1.137903	-1.137887	-0.499675	0.585083	0.000016	0.085408
5	6	7	0.517287	-0.514382	-0.185026	-0.256075	0.002906	-0.441101
6	7	8	-0.485641	0.487543	-0.093913	-0.219053	0.001902	-0.312966
7	8	2	-1.170349	1.170353	0.480569	-0.389834	0.000004	0.090735
8	8	9	0.682784	-0.669036	-0.261508	-0.327027	0.013749	-0.588535
9	9	4	-0.580999	0.584307	-0.172958	-0.169916	0.003308	-0.342874

Summary
Total Pg           : 3.187742
Total Qg           : -1.361869
Total Load P       : 3.150000
Total Load Q       : 1.150000
Total Active Loss  : 0.037512
Total Reactive Loss: -2.511788
Total Load Supplied: 100.007286%

========================================================================================================================
Update time: 2026-06-10 19:56:01
Iteration: 138
rho: 120
alpha: 0.12445023
objective_value: 4.09996181589
feasible: False
max_abs_h: 1.040376235937e-04
l2_norm_h: 2.341002063111e-04
lambda_inf_norm: 1.424837551951e+00
lambda_l2_norm: 7.208807256285e+00
------------------------------------------------------------------------------------------------------------------------
Bus Results
BusID	V_R		V_I		Vmag		Pg		Qg		Pl		Ql
1	1.000104	0.000047	1.000104	0.879312	-0.473212	0.000000	0.000000
2	1.021246	0.073726	1.023906	1.170292	-0.389537	0.000000	0.000000
3	1.026215	0.081495	1.029447	1.138178	-0.499585	0.000000	0.000000
4	1.027359	-0.050587	1.028605	0.000000	0.000000	0.000000	0.000000
5	1.038277	-0.080716	1.041411	0.000000	0.000000	0.900000	0.300000
6	1.059692	0.019160	1.059867	0.000000	0.000000	0.000000	0.000000
7	1.050048	-0.029673	1.050469	0.000000	0.000000	1.000000	0.350000
8	1.050106	0.004188	1.050116	0.000000	0.000000	0.000000	0.000000
9	1.018013	-0.098307	1.022750	0.000000	0.000000	1.250000	0.500000

Branch Results
LineID	From	To	Pik		Pki		Qik		Qki		LossP		LossQ
1	1	4	0.879237	-0.879116	-0.473202	0.530575	0.000120	0.057372
2	4	5	0.294835	-0.292750	-0.360147	0.032368	0.002085	-0.327779
3	5	6	-0.607291	0.620729	-0.332343	-0.399804	0.013438	-0.732146
4	3	6	1.138189	-1.138177	-0.499585	0.585010	0.000013	0.085425
5	6	7	0.517423	-0.514511	-0.185194	-0.255987	0.002912	-0.441181
6	7	8	-0.485514	0.487416	-0.094002	-0.219041	0.001902	-0.313044
7	8	2	-1.170299	1.170307	0.480228	-0.389538	0.000008	0.090690
8	8	9	0.682862	-0.669111	-0.261178	-0.327459	0.013751	-0.588637
9	9	4	-0.580924	0.584236	-0.172514	-0.170406	0.003312	-0.342920

Summary
Total Pg           : 3.187781
Total Qg           : -1.362334
Total Load P       : 3.150000
Total Load Q       : 1.150000
Total Active Loss  : 0.037540
Total Reactive Loss: -2.512220
Total Load Supplied: 100.007642%

========================================================================================================================
Update time: 2026-06-10 19:58:11
Iteration: 139
rho: 120
alpha: 0.099560183
objective_value: 4.09986344974
feasible: False
max_abs_h: 1.416875861402e-04
l2_norm_h: 2.436231159205e-04
lambda_inf_norm: 1.424832793377e+00
lambda_l2_norm: 7.208790333106e+00
------------------------------------------------------------------------------------------------------------------------
Bus Results
BusID	V_R		V_I		Vmag		Pg		Qg		Pl		Ql
1	1.000142	0.000063	1.000141	0.879032	-0.474368	0.000000	0.000000
2	1.021502	0.073731	1.024161	1.170305	-0.389276	0.000000	0.000000
3	1.026420	0.081525	1.029654	1.138381	-0.499685	0.000000	0.000000
4	1.027464	-0.050552	1.028707	0.000000	0.000000	0.000000	0.000000
5	1.038427	-0.080675	1.041557	0.000000	0.000000	0.900000	0.300000
6	1.059899	0.019192	1.060073	0.000000	0.000000	0.000000	0.000000
7	1.050278	-0.029640	1.050697	0.000000	0.000000	1.000000	0.350000
8	1.050338	0.004208	1.050347	0.000000	0.000000	0.000000	0.000000
9	1.018175	-0.098267	1.022907	0.000000	0.000000	1.250000	0.500000

Branch Results
LineID	From	To	Pik		Pki		Qik		Qki		LossP		LossQ
1	1	4	0.878955	-0.878832	-0.474361	0.531770	0.000123	0.057409
2	4	5	0.294681	-0.292604	-0.360666	0.032821	0.002077	-0.327845
3	5	6	-0.607433	0.620868	-0.332802	-0.399599	0.013434	-0.732400
4	3	6	1.138392	-1.138378	-0.499687	0.585111	0.000014	0.085424
5	6	7	0.517488	-0.514580	-0.185504	-0.255869	0.002907	-0.441373
6	7	8	-0.485442	0.487334	-0.094122	-0.219071	0.001892	-0.313194
7	8	2	-1.170315	1.170321	0.479911	-0.389277	0.000005	0.090634
8	8	9	0.682964	-0.669222	-0.260832	-0.328041	0.013742	-0.588873
9	9	4	-0.580808	0.584109	-0.171938	-0.171085	0.003300	-0.343023

Summary
Total Pg           : 3.187718
Total Qg           : -1.363329
Total Load P       : 3.150000
Total Load Q       : 1.150000
Total Active Loss  : 0.037495
Total Reactive Loss: -2.513241
Total Load Supplied: 100.007076%

========================================================================================================================
Update time: 2026-06-10 20:00:21
Iteration: 140
rho: 120
alpha: 0.079648146
objective_value: 4.09986024897
feasible: False
max_abs_h: 1.914366293767e-04
l2_norm_h: 2.705776784085e-04
lambda_inf_norm: 1.424829108365e+00
lambda_l2_norm: 7.208776691293e+00
------------------------------------------------------------------------------------------------------------------------
Bus Results
BusID	V_R		V_I		Vmag		Pg		Qg		Pl		Ql
1	1.000191	-0.000041	1.000191	0.878862	-0.475497	0.000000	0.000000
2	1.021779	0.073597	1.024427	1.170320	-0.388960	0.000000	0.000000
3	1.026618	0.081413	1.029842	1.138539	-0.499957	0.000000	0.000000
4	1.027572	-0.050647	1.028819	0.000000	0.000000	0.000000	0.000000
5	1.038572	-0.080770	1.041709	0.000000	0.000000	0.900000	0.300000
6	1.060099	0.019080	1.060271	0.000000	0.000000	0.000000	0.000000
7	1.050505	-0.029751	1.050927	0.000000	0.000000	1.000000	0.350000
8	1.050577	0.004085	1.050586	0.000000	0.000000	0.000000	0.000000
9	1.018335	-0.098358	1.023075	0.000000	0.000000	1.250000	0.500000

Branch Results
LineID	From	To	Pik		Pki		Qik		Qki		LossP		LossQ
1	1	4	0.878787	-0.878673	-0.475490	0.532942	0.000114	0.057451
2	4	5	0.294603	-0.292525	-0.361140	0.033221	0.002078	-0.327919
3	5	6	-0.607515	0.620955	-0.333203	-0.399466	0.013440	-0.732669
4	3	6	1.138550	-1.138534	-0.499960	0.585392	0.000016	0.085432
5	6	7	0.517552	-0.514638	-0.185917	-0.255653	0.002914	-0.441570
6	7	8	-0.485389	0.487288	-0.094338	-0.219016	0.001899	-0.313354
7	8	2	-1.170338	1.170336	0.479538	-0.388961	-0.000002	0.090577
8	8	9	0.683032	-0.669291	-0.260513	-0.328628	0.013741	-0.589141
9	9	4	-0.580736	0.584030	-0.171353	-0.171784	0.003294	-0.343136

Summary
Total Pg           : 3.187721
Total Qg           : -1.364414
Total Load P       : 3.150000
Total Load Q       : 1.150000
Total Active Loss  : 0.037493
Total Reactive Loss: -2.514329
Total Load Supplied: 100.007259%

========================================================================================================================
Update time: 2026-06-10 20:02:32
Iteration: 141
rho: 120
alpha: 0.079648146
objective_value: 4.09987350322
feasible: False
max_abs_h: 1.726068126657e-04
l2_norm_h: 2.637309673321e-04
lambda_inf_norm: 1.424825878306e+00
lambda_l2_norm: 7.208765530751e+00
------------------------------------------------------------------------------------------------------------------------
Bus Results
BusID	V_R		V_I		Vmag		Pg		Qg		Pl		Ql
1	1.000173	0.000051	1.000173	0.878596	-0.476636	0.000000	0.000000
2	1.021965	0.073686	1.024620	1.170348	-0.388744	0.000000	0.000000
3	1.026795	0.081530	1.030028	1.138796	-0.499801	0.000000	0.000000
4	1.027624	-0.050538	1.028866	0.000000	0.000000	0.000000	0.000000
5	1.038678	-0.080654	1.041806	0.000000	0.000000	0.900000	0.300000
6	1.060269	0.019196	1.060444	0.000000	0.000000	0.000000	0.000000
7	1.050687	-0.029638	1.051106	0.000000	0.000000	1.000000	0.350000
8	1.050750	0.004186	1.050760	0.000000	0.000000	0.000000	0.000000
9	1.018444	-0.098247	1.023172	0.000000	0.000000	1.250000	0.500000

Branch Results
LineID	From	To	Pik		Pki		Qik		Qki		LossP		LossQ
1	1	4	0.878518	-0.878399	-0.476629	0.534116	0.000119	0.057487
2	4	5	0.294431	-0.292349	-0.361693	0.033729	0.002082	-0.327963
3	5	6	-0.607690	0.621131	-0.333709	-0.399149	0.013441	-0.732858
4	3	6	1.138807	-1.138794	-0.499802	0.585221	0.000014	0.085420
5	6	7	0.517639	-0.514731	-0.186063	-0.255662	0.002908	-0.441724
6	7	8	-0.485292	0.487186	-0.094330	-0.219144	0.001894	-0.313475
7	8	2	-1.170362	1.170365	0.479280	-0.388745	0.000002	0.090535
8	8	9	0.683157	-0.669408	-0.260128	-0.329174	0.013749	-0.589302
9	9	4	-0.580624	0.583925	-0.170804	-0.172403	0.003301	-0.343207

Summary
Total Pg           : 3.187740
Total Qg           : -1.365181
Total Load P       : 3.150000
Total Load Q       : 1.150000
Total Active Loss  : 0.037510
Total Reactive Loss: -2.515088
Total Load Supplied: 100.007323%

========================================================================================================================
Update time: 2026-06-10 20:04:43
Iteration: 142
rho: 120
alpha: 0.079648146
objective_value: 4.09991584119
feasible: False
max_abs_h: 1.619052338391e-04
l2_norm_h: 2.600607896647e-04
lambda_inf_norm: 1.424822361281e+00
lambda_l2_norm: 7.208753803196e+00
------------------------------------------------------------------------------------------------------------------------
Bus Results
BusID	V_R		V_I		Vmag		Pg		Qg		Pl		Ql
1	1.000162	0.000012	1.000162	0.878380	-0.477675	0.000000	0.000000
2	1.022163	0.073632	1.024813	1.170333	-0.388477	0.000000	0.000000
3	1.026960	0.081512	1.030191	1.139066	-0.499767	0.000000	0.000000
4	1.027671	-0.050566	1.028915	0.000000	0.000000	0.000000	0.000000
5	1.038768	-0.080677	1.041897	0.000000	0.000000	0.900000	0.300000
6	1.060425	0.019171	1.060600	0.000000	0.000000	0.000000	0.000000
7	1.050857	-0.029668	1.051278	0.000000	0.000000	1.000000	0.350000
8	1.050921	0.004143	1.050931	0.000000	0.000000	0.000000	0.000000
9	1.018539	-0.098273	1.023270	0.000000	0.000000	1.250000	0.500000

Branch Results
LineID	From	To	Pik		Pki		Qik		Qki		LossP		LossQ
1	1	4	0.878302	-0.878174	-0.477667	0.535191	0.000127	0.057524
2	4	5	0.294288	-0.292193	-0.362171	0.034168	0.002094	-0.328003
3	5	6	-0.607850	0.621293	-0.334147	-0.398889	0.013443	-0.733036
4	3	6	1.139078	-1.139067	-0.499767	0.585189	0.000011	0.085422
5	6	7	0.517751	-0.514847	-0.186288	-0.255585	0.002904	-0.441872
6	7	8	-0.485175	0.487067	-0.094405	-0.219193	0.001891	-0.313598
7	8	2	-1.170345	1.170349	0.478963	-0.388478	0.000003	0.090485
8	8	9	0.683258	-0.669503	-0.259760	-0.329708	0.013755	-0.589467
9	9	4	-0.580533	0.583839	-0.170270	-0.173001	0.003306	-0.343271

Summary
Total Pg           : 3.187779
Total Qg           : -1.365919
Total Load P       : 3.150000
Total Load Q       : 1.150000
Total Active Loss  : 0.037536
Total Reactive Loss: -2.515817
Total Load Supplied: 100.007725%

========================================================================================================================
Update time: 2026-06-10 20:06:54
Iteration: 143
rho: 120
alpha: 0.079648146
objective_value: 4.09997748333
feasible: False
max_abs_h: 1.114541641591e-04
l2_norm_h: 2.470146373589e-04
lambda_inf_norm: 1.424818862378e+00
lambda_l2_norm: 7.208741316851e+00
------------------------------------------------------------------------------------------------------------------------
Bus Results
BusID	V_R		V_I		Vmag		Pg		Qg		Pl		Ql
1	1.000111	0.000053	1.000112	0.878173	-0.478581	0.000000	0.000000
2	1.022317	0.073669	1.024969	1.170412	-0.388029	0.000000	0.000000
3	1.027053	0.081566	1.030288	1.139246	-0.499765	0.000000	0.000000
4	1.027676	-0.050514	1.028918	0.000000	0.000000	0.000000	0.000000
5	1.038809	-0.080623	1.041935	0.000000	0.000000	0.900000	0.300000
6	1.060518	0.019222	1.060694	0.000000	0.000000	0.000000	0.000000
7	1.050975	-0.029618	1.051394	0.000000	0.000000	1.000000	0.350000
8	1.051046	0.004185	1.051056	0.000000	0.000000	0.000000	0.000000
9	1.018593	-0.098222	1.023319	0.000000	0.000000	1.250000	0.500000

Branch Results
LineID	From	To	Pik		Pki		Qik		Qki		LossP		LossQ
1	1	4	0.878095	-0.877970	-0.478572	0.536125	0.000124	0.057553
2	4	5	0.294183	-0.292088	-0.362544	0.034530	0.002095	-0.328014
3	5	6	-0.607956	0.621409	-0.334507	-0.398621	0.013453	-0.733128
4	3	6	1.139257	-1.139239	-0.499766	0.585194	0.000018	0.085428
5	6	7	0.517802	-0.514886	-0.186560	-0.255413	0.002915	-0.441973
6	7	8	-0.485142	0.487041	-0.094573	-0.219111	0.001899	-0.313685
7	8	2	-1.170425	1.170429	0.478473	-0.388028	0.000004	0.090444
8	8	9	0.683363	-0.669602	-0.259350	-0.330220	0.013761	-0.589571
9	9	4	-0.580434	0.583740	-0.169752	-0.173558	0.003306	-0.343310

Summary
Total Pg           : 3.187831
Total Qg           : -1.366375
Total Load P       : 3.150000
Total Load Q       : 1.150000
Total Active Loss  : 0.037576
Total Reactive Loss: -2.516254
Total Load Supplied: 100.008116%

========================================================================================================================
Update time: 2026-06-10 20:09:05
Iteration: 144
rho: 120
alpha: 0.063718517
objective_value: 4.099922718
feasible: False
max_abs_h: 1.538234791920e-04
l2_norm_h: 2.550864287544e-04
lambda_inf_norm: 1.424815400128e+00
lambda_l2_norm: 7.208729332321e+00
------------------------------------------------------------------------------------------------------------------------
Bus Results
BusID	V_R		V_I		Vmag		Pg		Qg		Pl		Ql
1	1.000154	-0.000026	1.000153	0.877969	-0.479674	0.000000	0.000000
2	1.022560	0.073566	1.025204	1.170389	-0.387870	0.000000	0.000000
3	1.027269	0.081490	1.030497	1.139440	-0.499807	0.000000	0.000000
4	1.027776	-0.050582	1.029021	0.000000	0.000000	0.000000	0.000000
5	1.038952	-0.080687	1.042081	0.000000	0.000000	0.900000	0.300000
6	1.060725	0.019145	1.060899	0.000000	0.000000	0.000000	0.000000
7	1.051193	-0.029695	1.051614	0.000000	0.000000	1.000000	0.350000
8	1.051265	0.004095	1.051274	0.000000	0.000000	0.000000	0.000000
9	1.018741	-0.098285	1.023472	0.000000	0.000000	1.250000	0.500000

Branch Results
LineID	From	To	Pik		Pki		Qik		Qki		LossP		LossQ
1	1	4	0.877890	-0.877763	-0.479666	0.537256	0.000127	0.057590
2	4	5	0.294055	-0.291966	-0.363055	0.034977	0.002090	-0.328078
3	5	6	-0.608076	0.621525	-0.334960	-0.398421	0.013449	-0.733381
4	3	6	1.139451	-1.139434	-0.499808	0.585229	0.000017	0.085421
5	6	7	0.517884	-0.514973	-0.186799	-0.255359	0.002910	-0.442158
6	7	8	-0.485052	0.486944	-0.094629	-0.219204	0.001892	-0.313833
7	8	2	-1.170396	1.170405	0.478266	-0.387872	0.000008	0.090394
8	8	9	0.683432	-0.669673	-0.259053	-0.330751	0.013758	-0.589804
9	9	4	-0.580362	0.583662	-0.169226	-0.174182	0.003300	-0.343408

Summary
Total Pg           : 3.187798
Total Qg           : -1.367350
Total Load P       : 3.150000
Total Load Q       : 1.150000
Total Active Loss  : 0.037553
Total Reactive Loss: -2.517257
Total Load Supplied: 100.007795%

========================================================================================================================
Update time: 2026-06-10 20:11:16
Iteration: 145
rho: 120
alpha: 0.050974814
objective_value: 4.09993142568
feasible: False
max_abs_h: 1.812396785996e-04
l2_norm_h: 2.756572918385e-04
lambda_inf_norm: 1.424812630619e+00
lambda_l2_norm: 7.208719589834e+00
------------------------------------------------------------------------------------------------------------------------
Bus Results
BusID	V_R		V_I		Vmag		Pg		Qg		Pl		Ql
1	1.000181	-0.000050	1.000181	0.877897	-0.480641	0.000000	0.000000
2	1.022780	0.073495	1.025419	1.170326	-0.387591	0.000000	0.000000
3	1.027425	0.081449	1.030650	1.139584	-0.499986	0.000000	0.000000
4	1.027858	-0.050602	1.029103	0.000000	0.000000	0.000000	0.000000
5	1.039068	-0.080709	1.042198	0.000000	0.000000	0.900000	0.300000
6	1.060885	0.019105	1.061058	0.000000	0.000000	0.000000	0.000000
7	1.051376	-0.029739	1.051797	0.000000	0.000000	1.000000	0.350000
8	1.051456	0.004039	1.051465	0.000000	0.000000	0.000000	0.000000
9	1.018869	-0.098309	1.023601	0.000000	0.000000	1.250000	0.500000

Branch Results
LineID	From	To	Pik		Pki		Qik		Qki		LossP		LossQ
1	1	4	0.877819	-0.877698	-0.480634	0.538269	0.000121	0.057636
2	4	5	0.294006	-0.291918	-0.363475	0.035340	0.002088	-0.328134
3	5	6	-0.608120	0.621567	-0.335321	-0.398283	0.013447	-0.733604
4	3	6	1.139595	-1.139571	-0.499988	0.585415	0.000025	0.085427
5	6	7	0.517975	-0.515058	-0.187123	-0.255184	0.002917	-0.442306
6	7	8	-0.484973	0.486872	-0.094805	-0.219154	0.001899	-0.313960
7	8	2	-1.170333	1.170342	0.477925	-0.387591	0.000009	0.090335
8	8	9	0.683437	-0.669681	-0.258762	-0.331264	0.013757	-0.590026
9	9	4	-0.580353	0.583650	-0.168712	-0.174777	0.003297	-0.343489

Summary
Total Pg           : 3.187808
Total Qg           : -1.368217
Total Load P       : 3.150000
Total Load Q       : 1.150000
Total Active Loss  : 0.037558
Total Reactive Loss: -2.518123
Total Load Supplied: 100.007916%

========================================================================================================================
Update time: 2026-06-10 20:13:26
Iteration: 146
rho: 120
alpha: 0.050974814
objective_value: 4.09998105589
feasible: False
max_abs_h: 1.543229287126e-04
l2_norm_h: 2.634441216105e-04
lambda_inf_norm: 1.424810298219e+00
lambda_l2_norm: 7.208711389872e+00
------------------------------------------------------------------------------------------------------------------------
Bus Results
BusID	V_R		V_I		Vmag		Pg		Qg		Pl		Ql
1	1.000154	-0.000022	1.000154	0.877718	-0.481613	0.000000	0.000000
2	1.022942	0.073508	1.025581	1.170296	-0.387359	0.000000	0.000000
3	1.027576	0.081495	1.030804	1.139836	-0.499842	0.000000	0.000000
4	1.027889	-0.050563	1.029132	0.000000	0.000000	0.000000	0.000000
5	1.039144	-0.080667	1.042271	0.000000	0.000000	0.900000	0.300000
6	1.061025	0.019145	1.061199	0.000000	0.000000	0.000000	0.000000
7	1.051525	-0.029703	1.051946	0.000000	0.000000	1.000000	0.350000
8	1.051599	0.004064	1.051608	0.000000	0.000000	0.000000	0.000000
9	1.018946	-0.098270	1.023675	0.000000	0.000000	1.250000	0.500000

Branch Results
LineID	From	To	Pik		Pki		Qik		Qki		LossP		LossQ
1	1	4	0.877639	-0.877510	-0.481606	0.539277	0.000129	0.057672
2	4	5	0.293880	-0.291780	-0.363945	0.035787	0.002099	-0.328158
3	5	6	-0.608263	0.621721	-0.335769	-0.397985	0.013458	-0.733754
4	3	6	1.139848	-1.139837	-0.499842	0.585262	0.000011	0.085420
5	6	7	0.518086	-0.515163	-0.187262	-0.255181	0.002923	-0.442443
6	7	8	-0.484867	0.486765	-0.094804	-0.219257	0.001898	-0.314062
7	8	2	-1.170302	1.170312	0.477657	-0.387362	0.000010	0.090296
8	8	9	0.683514	-0.669757	-0.258391	-0.331758	0.013757	-0.590149
9	9	4	-0.580279	0.583581	-0.168221	-0.175313	0.003302	-0.343534

Summary
Total Pg           : 3.187851
Total Qg           : -1.368815
Total Load P       : 3.150000
Total Load Q       : 1.150000
Total Active Loss  : 0.037588
Total Reactive Loss: -2.518713
Total Load Supplied: 100.008349%

========================================================================================================================
Update time: 2026-06-10 20:15:38
Iteration: 147
rho: 120
alpha: 0.050974814
objective_value: 4.09999330553
feasible: False
max_abs_h: 1.011842808134e-04
l2_norm_h: 2.529721493579e-04
lambda_inf_norm: 1.424807876683e+00
lambda_l2_norm: 7.208703060179e+00
------------------------------------------------------------------------------------------------------------------------
Bus Results
BusID	V_R		V_I		Vmag		Pg		Qg		Pl		Ql
1	1.000101	-0.000023	1.000101	0.877670	-0.482410	0.000000	0.000000
2	1.023053	0.073468	1.025689	1.170183	-0.387106	0.000000	0.000000
3	1.027659	0.081489	1.030887	1.140008	-0.499752	0.000000	0.000000
4	1.027882	-0.050564	1.029126	0.000000	0.000000	0.000000	0.000000
5	1.039169	-0.080670	1.042297	0.000000	0.000000	0.900000	0.300000
6	1.061100	0.019134	1.061275	0.000000	0.000000	0.000000	0.000000
7	1.051610	-0.029721	1.052032	0.000000	0.000000	1.000000	0.350000
8	1.051687	0.004035	1.051697	0.000000	0.000000	0.000000	0.000000
9	1.018977	-0.098278	1.023706	0.000000	0.000000	1.250000	0.500000

Branch Results
LineID	From	To	Pik		Pki		Qik		Qki		LossP		LossQ
1	1	4	0.877591	-0.877458	-0.482401	0.540106	0.000133	0.057705
2	4	5	0.293822	-0.291718	-0.364302	0.036125	0.002104	-0.328177
3	5	6	-0.608327	0.621784	-0.336096	-0.397743	0.013458	-0.733839
4	3	6	1.140019	-1.139997	-0.499752	0.585171	0.000022	0.085419
5	6	7	0.518183	-0.515266	-0.187412	-0.255100	0.002917	-0.442512
6	7	8	-0.484761	0.486653	-0.094883	-0.219254	0.001893	-0.314137
7	8	2	-1.170192	1.170198	0.477349	-0.387107	0.000006	0.090242
8	8	9	0.683517	-0.669759	-0.258079	-0.332172	0.013758	-0.590251
9	9	4	-0.580278	0.583586	-0.167794	-0.175774	0.003308	-0.343568

Summary
Total Pg           : 3.187862
Total Qg           : -1.369268
Total Load P       : 3.150000
Total Load Q       : 1.150000
Total Active Loss  : 0.037598
Total Reactive Loss: -2.519119
Total Load Supplied: 100.008385%

========================================================================================================================
Update time: 2026-06-10 20:17:49
Iteration: 148
rho: 120
alpha: 0.050974814
objective_value: 4.09991606822
feasible: False
max_abs_h: 1.424867779154e-04
l2_norm_h: 2.540787298262e-04
lambda_inf_norm: 1.424805654930e+00
lambda_l2_norm: 7.208695221098e+00
------------------------------------------------------------------------------------------------------------------------
Bus Results
BusID	V_R		V_I		Vmag		Pg		Qg		Pl		Ql
1	1.000142	0.000027	1.000142	0.877487	-0.483371	0.000000	0.000000
2	1.023261	0.073496	1.025898	1.170148	-0.386980	0.000000	0.000000
3	1.027853	0.081541	1.031084	1.140176	-0.499734	0.000000	0.000000
4	1.027981	-0.050500	1.029221	0.000000	0.000000	0.000000	0.000000
5	1.039311	-0.080603	1.042432	0.000000	0.000000	0.900000	0.300000
6	1.061290	0.019190	1.061465	0.000000	0.000000	0.000000	0.000000
7	1.051812	-0.029666	1.052231	0.000000	0.000000	1.000000	0.350000
8	1.051883	0.004079	1.051892	0.000000	0.000000	0.000000	0.000000
9	1.019122	-0.098212	1.023843	0.000000	0.000000	1.250000	0.500000

Branch Results
LineID	From	To	Pik		Pki		Qik		Qki		LossP		LossQ
1	1	4	0.877407	-0.877277	-0.483363	0.541108	0.000130	0.057745
2	4	5	0.293710	-0.291611	-0.364777	0.036547	0.002099	-0.328230
3	5	6	-0.608431	0.621881	-0.336526	-0.397551	0.013450	-0.734077
4	3	6	1.140187	-1.140172	-0.499735	0.585145	0.000016	0.085410
5	6	7	0.518263	-0.515346	-0.187580	-0.255096	0.002917	-0.442677
6	7	8	-0.484682	0.486574	-0.094893	-0.219365	0.001892	-0.314258
7	8	2	-1.170160	1.170164	0.477183	-0.386982	0.000004	0.090201
8	8	9	0.683565	-0.669812	-0.257810	-0.332640	0.013753	-0.590451
9	9	4	-0.580222	0.583521	-0.167336	-0.176309	0.003299	-0.343645

Summary
Total Pg           : 3.187812
Total Qg           : -1.370086
Total Load P       : 3.150000
Total Load Q       : 1.150000
Total Active Loss  : 0.037559
Total Reactive Loss: -2.519981
Total Load Supplied: 100.008007%

========================================================================================================================
Update time: 2026-06-10 20:20:00
Iteration: 149
rho: 120
alpha: 0.050974814
objective_value: 4.09992725913
feasible: False
max_abs_h: 1.475363547996e-04
l2_norm_h: 2.557680080135e-04
lambda_inf_norm: 1.424803343677e+00
lambda_l2_norm: 7.208687246983e+00
------------------------------------------------------------------------------------------------------------------------
Bus Results
BusID	V_R		V_I		Vmag		Pg		Qg		Pl		Ql
1	1.000148	0.000013	1.000148	0.877313	-0.484312	0.000000	0.000000
2	1.023461	0.073463	1.026096	1.170140	-0.386675	0.000000	0.000000
3	1.028003	0.081537	1.031233	1.140373	-0.499787	0.000000	0.000000
4	1.028039	-0.050504	1.029280	0.000000	0.000000	0.000000	0.000000
5	1.039406	-0.080603	1.042527	0.000000	0.000000	0.900000	0.300000
6	1.061438	0.019183	1.061613	0.000000	0.000000	0.000000	0.000000
7	1.051980	-0.029675	1.052400	0.000000	0.000000	1.000000	0.350000
8	1.052056	0.004057	1.052065	0.000000	0.000000	0.000000	0.000000
9	1.019227	-0.098215	1.023949	0.000000	0.000000	1.250000	0.500000

Branch Results
LineID	From	To	Pik		Pki		Qik		Qki		LossP		LossQ
1	1	4	0.877231	-0.877103	-0.484304	0.542088	0.000128	0.057784
2	4	5	0.293603	-0.291501	-0.365187	0.036919	0.002102	-0.328268
3	5	6	-0.608543	0.621997	-0.336902	-0.397342	0.013454	-0.734244
4	3	6	1.140385	-1.140371	-0.499789	0.585209	0.000014	0.085420
5	6	7	0.518349	-0.515432	-0.187857	-0.254956	0.002917	-0.442813
6	7	8	-0.484598	0.486490	-0.095034	-0.219344	0.001892	-0.314378
7	8	2	-1.170156	1.170157	0.476826	-0.386676	0.000001	0.090150
8	8	9	0.683643	-0.669885	-0.257473	-0.333152	0.013758	-0.590625
9	9	4	-0.580153	0.583454	-0.166827	-0.176882	0.003301	-0.343709

Summary
Total Pg           : 3.187826
Total Qg           : -1.370774
Total Load P       : 3.150000
Total Load Q       : 1.150000
Total Active Loss  : 0.037565
Total Reactive Loss: -2.520683
Total Load Supplied: 100.008276%

========================================================================================================================
Update time: 2026-06-10 20:22:11
Iteration: 150
rho: 120
alpha: 0.050974814
objective_value: 4.09991586462
feasible: False
max_abs_h: 1.396817928832e-04
l2_norm_h: 2.567009359978e-04
lambda_inf_norm: 1.424801058304e+00
lambda_l2_norm: 7.208679300841e+00
------------------------------------------------------------------------------------------------------------------------
Bus Results
BusID	V_R		V_I		Vmag		Pg		Qg		Pl		Ql
1	1.000140	-0.000008	1.000140	0.877129	-0.485270	0.000000	0.000000
2	1.023632	0.073426	1.026264	1.170121	-0.386475	0.000000	0.000000
3	1.028151	0.081527	1.031380	1.140574	-0.499746	0.000000	0.000000
4	1.028086	-0.050515	1.029326	0.000000	0.000000	0.000000	0.000000
5	1.039491	-0.080612	1.042613	0.000000	0.000000	0.900000	0.300000
6	1.061579	0.019169	1.061753	0.000000	0.000000	0.000000	0.000000
7	1.052131	-0.029691	1.052552	0.000000	0.000000	1.000000	0.350000
8	1.052207	0.004031	1.052216	0.000000	0.000000	0.000000	0.000000
9	1.019316	-0.098224	1.024039	0.000000	0.000000	1.250000	0.500000

Branch Results
LineID	From	To	Pik		Pki		Qik		Qki		LossP		LossQ
1	1	4	0.877047	-0.876917	-0.485262	0.543074	0.000131	0.057812
2	4	5	0.293493	-0.291384	-0.365636	0.037318	0.002109	-0.328318
3	5	6	-0.608662	0.622121	-0.337294	-0.397124	0.013459	-0.734417
4	3	6	1.140586	-1.140572	-0.499747	0.585164	0.000014	0.085416
5	6	7	0.518424	-0.515511	-0.188029	-0.254915	0.002913	-0.442944
6	7	8	-0.484515	0.486400	-0.095074	-0.219407	0.001885	-0.314481
7	8	2	-1.170131	1.170136	0.476585	-0.386476	0.000006	0.090109
8	8	9	0.683710	-0.669959	-0.257170	-0.333608	0.013751	-0.590778
9	9	4	-0.580076	0.583375	-0.166366	-0.177414	0.003300	-0.343780

Summary
Total Pg           : 3.187824
Total Qg           : -1.371492
Total Load P       : 3.150000
Total Load Q       : 1.150000
Total Active Loss  : 0.037568
Total Reactive Loss: -2.521381
Total Load Supplied: 100.008127%

========================================================================================================================
Update time: 2026-06-10 20:24:22
Iteration: 151
rho: 120
alpha: 0.040779851
objective_value: 4.09987784615
feasible: False
max_abs_h: 1.774807328048e-04
l2_norm_h: 2.776256208467e-04
lambda_inf_norm: 1.424798722114e+00
lambda_l2_norm: 7.208671566546e+00
------------------------------------------------------------------------------------------------------------------------
Bus Results
BusID	V_R		V_I		Vmag		Pg		Qg		Pl		Ql
1	1.000177	0.000020	1.000178	0.876982	-0.486218	0.000000	0.000000
2	1.023834	0.073429	1.026466	1.170075	-0.386362	0.000000	0.000000
3	1.028328	0.081557	1.031560	1.140744	-0.499812	0.000000	0.000000
4	1.028178	-0.050476	1.029418	0.000000	0.000000	0.000000	0.000000
5	1.039624	-0.080570	1.042743	0.000000	0.000000	0.900000	0.300000
6	1.061756	0.019202	1.061931	0.000000	0.000000	0.000000	0.000000
7	1.052323	-0.029660	1.052743	0.000000	0.000000	1.000000	0.350000
8	1.052395	0.004049	1.052405	0.000000	0.000000	0.000000	0.000000
9	1.019454	-0.098185	1.024173	0.000000	0.000000	1.250000	0.500000

Branch Results
LineID	From	To	Pik		Pki		Qik		Qki		LossP		LossQ
1	1	4	0.876898	-0.876766	-0.486208	0.544056	0.000133	0.057848
2	4	5	0.293388	-0.291280	-0.366081	0.037704	0.002108	-0.328377
3	5	6	-0.608765	0.622216	-0.337682	-0.396966	0.013451	-0.734648
4	3	6	1.140758	-1.140747	-0.499811	0.585222	0.000011	0.085411
5	6	7	0.518507	-0.515600	-0.188245	-0.254867	0.002907	-0.443111
6	7	8	-0.484422	0.486302	-0.095123	-0.219490	0.001879	-0.314613
7	8	2	-1.170082	1.170090	0.476422	-0.386362	0.000008	0.090060
8	8	9	0.683760	-0.670008	-0.256924	-0.334064	0.013752	-0.590989
9	9	4	-0.580027	0.583326	-0.165912	-0.177955	0.003300	-0.343867

Summary
Total Pg           : 3.187801
Total Qg           : -1.372391
Total Load P       : 3.150000
Total Load Q       : 1.150000
Total Active Loss  : 0.037549
Total Reactive Loss: -2.522287
Total Load Supplied: 100.008011%

========================================================================================================================
Update time: 2026-06-10 20:26:34
Iteration: 152
rho: 120
alpha: 0.040779851
objective_value: 4.09990779461
feasible: False
max_abs_h: 1.779615947732e-04
l2_norm_h: 2.782573691958e-04
lambda_inf_norm: 1.424797021306e+00
lambda_l2_norm: 7.208665163369e+00
------------------------------------------------------------------------------------------------------------------------
Bus Results
BusID	V_R		V_I		Vmag		Pg		Qg		Pl		Ql
1	1.000178	0.000023	1.000178	0.876771	-0.487231	0.000000	0.000000
2	1.024041	0.073414	1.026671	1.170077	-0.386028	0.000000	0.000000
3	1.028479	0.081573	1.031711	1.140983	-0.499880	0.000000	0.000000
4	1.028238	-0.050460	1.029475	0.000000	0.000000	0.000000	0.000000
5	1.039722	-0.080551	1.042838	0.000000	0.000000	0.900000	0.300000
6	1.061907	0.019214	1.062082	0.000000	0.000000	0.000000	0.000000
7	1.052496	-0.029652	1.052916	0.000000	0.000000	1.000000	0.350000
8	1.052574	0.004046	1.052583	0.000000	0.000000	0.000000	0.000000
9	1.019564	-0.098168	1.024280	0.000000	0.000000	1.250000	0.500000

Branch Results
LineID	From	To	Pik		Pki		Qik		Qki		LossP		LossQ
1	1	4	0.876688	-0.876561	-0.487222	0.545108	0.000127	0.057885
2	4	5	0.293275	-0.291167	-0.366522	0.038101	0.002108	-0.328421
3	5	6	-0.608878	0.622342	-0.338077	-0.396752	0.013464	-0.734829
4	3	6	1.140995	-1.140976	-0.499882	0.585300	0.000019	0.085419
5	6	7	0.518604	-0.515684	-0.188536	-0.254718	0.002919	-0.443254
6	7	8	-0.484344	0.486231	-0.095271	-0.219463	0.001887	-0.314734
7	8	2	-1.170087	1.170093	0.476038	-0.386028	0.000006	0.090009
8	8	9	0.683835	-0.670084	-0.256566	-0.334600	0.013751	-0.591166
9	9	4	-0.579948	0.583239	-0.165375	-0.178563	0.003291	-0.343939

Summary
Total Pg           : 3.187831
Total Qg           : -1.373139
Total Load P       : 3.150000
Total Load Q       : 1.150000
Total Active Loss  : 0.037572
Total Reactive Loss: -2.523029
Total Load Supplied: 100.008199%

========================================================================================================================
Update time: 2026-06-10 20:28:46
Iteration: 153
rho: 120
alpha: 0.032623881
objective_value: 4.0999407283
feasible: False
max_abs_h: 2.061821105739e-04
l2_norm_h: 3.031317575678e-04
lambda_inf_norm: 1.424795168623e+00
lambda_l2_norm: 7.208658526302e+00
------------------------------------------------------------------------------------------------------------------------
Bus Results
BusID	V_R		V_I		Vmag		Pg		Qg		Pl		Ql
1	1.000206	0.000049	1.000206	0.876621	-0.488264	0.000000	0.000000
2	1.024244	0.073416	1.026873	1.170059	-0.385916	0.000000	0.000000
3	1.028672	0.081599	1.031905	1.141180	-0.499846	0.000000	0.000000
4	1.028326	-0.050424	1.029562	0.000000	0.000000	0.000000	0.000000
5	1.039855	-0.080513	1.042968	0.000000	0.000000	0.900000	0.300000
6	1.062093	0.019241	1.062269	0.000000	0.000000	0.000000	0.000000
7	1.052692	-0.029625	1.053110	0.000000	0.000000	1.000000	0.350000
8	1.052764	0.004062	1.052773	0.000000	0.000000	0.000000	0.000000
9	1.019699	-0.098131	1.024411	0.000000	0.000000	1.250000	0.500000

Branch Results
LineID	From	To	Pik		Pki		Qik		Qki		LossP		LossQ
1	1	4	0.876538	-0.876412	-0.488256	0.546182	0.000126	0.057925
2	4	5	0.293172	-0.291060	-0.367028	0.038544	0.002112	-0.328483
3	5	6	-0.608986	0.622452	-0.338521	-0.396545	0.013466	-0.735066
4	3	6	1.141191	-1.141172	-0.499847	0.585255	0.000020	0.085409
5	6	7	0.518688	-0.515766	-0.188699	-0.254722	0.002922	-0.443421
6	7	8	-0.484264	0.486151	-0.095270	-0.219590	0.001887	-0.314859
7	8	2	-1.170069	1.170074	0.475889	-0.385918	0.000005	0.089971
8	8	9	0.683896	-0.670140	-0.256293	-0.335079	0.013756	-0.591372
9	9	4	-0.579896	0.583192	-0.164897	-0.179131	0.003296	-0.344028

Summary
Total Pg           : 3.187860
Total Qg           : -1.374026
Total Load P       : 3.150000
Total Load Q       : 1.150000
Total Active Loss  : 0.037591
Total Reactive Loss: -2.523925
Total Load Supplied: 100.008553%

========================================================================================================================
Update time: 2026-06-10 20:30:57
Iteration: 154
rho: 120
alpha: 0.032623881
objective_value: 4.10001827559
feasible: False
max_abs_h: 1.730515690548e-04
l2_norm_h: 2.921563979438e-04
lambda_inf_norm: 1.424793498147e+00
lambda_l2_norm: 7.208652835647e+00
------------------------------------------------------------------------------------------------------------------------
Bus Results
BusID	V_R		V_I		Vmag		Pg		Qg		Pl		Ql
1	1.000173	0.000001	1.000174	0.876516	-0.489110	0.000000	0.000000
2	1.024389	0.073342	1.027013	1.170019	-0.385644	0.000000	0.000000
3	1.028786	0.081557	1.032015	1.141387	-0.499803	0.000000	0.000000
4	1.028340	-0.050469	1.029577	0.000000	0.000000	0.000000	0.000000
5	1.039902	-0.080557	1.043019	0.000000	0.000000	0.900000	0.300000
6	1.062198	0.019192	1.062373	0.000000	0.000000	0.000000	0.000000
7	1.052808	-0.029679	1.053228	0.000000	0.000000	1.000000	0.350000
8	1.052883	0.003996	1.052892	0.000000	0.000000	0.000000	0.000000
9	1.019751	-0.098179	1.024468	0.000000	0.000000	1.250000	0.500000

Branch Results
LineID	From	To	Pik		Pki		Qik		Qki		LossP		LossQ
1	1	4	0.876433	-0.876299	-0.489100	0.547060	0.000134	0.057960
2	4	5	0.293082	-0.290960	-0.367414	0.038906	0.002122	-0.328508
3	5	6	-0.609089	0.622557	-0.338876	-0.396311	0.013469	-0.735187
4	3	6	1.141399	-1.141377	-0.499804	0.585212	0.000022	0.085408
5	6	7	0.518789	-0.515868	-0.188886	-0.254638	0.002921	-0.443524
6	7	8	-0.484162	0.486051	-0.095349	-0.219603	0.001888	-0.314952
7	8	2	-1.170024	1.170033	0.475571	-0.385645	0.000009	0.089926
8	8	9	0.683950	-0.670186	-0.255960	-0.335526	0.013764	-0.591486
9	9	4	-0.579856	0.583163	-0.164446	-0.179620	0.003307	-0.344066

Summary
Total Pg           : 3.187921
Total Qg           : -1.374557
Total Load P       : 3.150000
Total Load Q       : 1.150000
Total Active Loss  : 0.037636
Total Reactive Loss: -2.524429
Total Load Supplied: 100.009056%

========================================================================================================================
Update time: 2026-06-10 20:33:10
Iteration: 155
rho: 120
alpha: 0.032623881
objective_value: 4.10006575866
feasible: False
max_abs_h: 1.317399903431e-04
l2_norm_h: 2.756499997302e-04
lambda_inf_norm: 1.424791760899e+00
lambda_l2_norm: 7.208646906523e+00
------------------------------------------------------------------------------------------------------------------------
Bus Results
BusID	V_R		V_I		Vmag		Pg		Qg		Pl		Ql
1	1.000132	-0.000025	1.000132	0.876493	-0.489800	0.000000	0.000000
2	1.024516	0.073276	1.027135	1.169962	-0.385289	0.000000	0.000000
3	1.028860	0.081517	1.032086	1.141502	-0.499814	0.000000	0.000000
4	1.028338	-0.050496	1.029578	0.000000	0.000000	0.000000	0.000000
5	1.039926	-0.080588	1.043045	0.000000	0.000000	0.900000	0.300000
6	1.062269	0.019149	1.062443	0.000000	0.000000	0.000000	0.000000
7	1.052895	-0.029729	1.053317	0.000000	0.000000	1.000000	0.350000
8	1.052979	0.003938	1.052989	0.000000	0.000000	0.000000	0.000000
9	1.019784	-0.098213	1.024504	0.000000	0.000000	1.250000	0.500000

Branch Results
LineID	From	To	Pik		Pki		Qik		Qki		LossP		LossQ
1	1	4	0.876410	-0.876279	-0.489789	0.547789	0.000131	0.058000
2	4	5	0.293054	-0.290933	-0.367699	0.039195	0.002121	-0.328504
3	5	6	-0.609115	0.622585	-0.339168	-0.396092	0.013470	-0.735260
4	3	6	1.141514	-1.141491	-0.499815	0.585228	0.000023	0.085412
5	6	7	0.518873	-0.515944	-0.189119	-0.254477	0.002928	-0.443596
6	7	8	-0.484090	0.485989	-0.095506	-0.219521	0.001899	-0.315027
7	8	2	-1.169967	1.169977	0.475162	-0.385289	0.000010	0.089874
8	8	9	0.683948	-0.670177	-0.255628	-0.335955	0.013771	-0.591583
9	9	4	-0.579866	0.583174	-0.164016	-0.180063	0.003308	-0.344079

Summary
Total Pg           : 3.187958
Total Qg           : -1.374903
Total Load P       : 3.150000
Total Load Q       : 1.150000
Total Active Loss  : 0.037661
Total Reactive Loss: -2.524763
Total Load Supplied: 100.009418%

========================================================================================================================
Update time: 2026-06-10 20:35:21
Iteration: 156
rho: 120
alpha: 0.032623881
objective_value: 4.10002331316
feasible: False
max_abs_h: 1.480903446336e-04
l2_norm_h: 2.807202131667e-04
lambda_inf_norm: 1.424790124915e+00
lambda_l2_norm: 7.208641138138e+00
------------------------------------------------------------------------------------------------------------------------
Bus Results
BusID	V_R		V_I		Vmag		Pg		Qg		Pl		Ql
1	1.000148	-0.000064	1.000148	0.876406	-0.490689	0.000000	0.000000
2	1.024705	0.073199	1.027317	1.169887	-0.385084	0.000000	0.000000
3	1.029024	0.081466	1.032245	1.141637	-0.499796	0.000000	0.000000
4	1.028403	-0.050531	1.029644	0.000000	0.000000	0.000000	0.000000
5	1.040026	-0.080624	1.043147	0.000000	0.000000	0.900000	0.300000
6	1.062423	0.019097	1.062596	0.000000	0.000000	0.000000	0.000000
7	1.053058	-0.029782	1.053481	0.000000	0.000000	1.000000	0.350000
8	1.053144	0.003875	1.053153	0.000000	0.000000	0.000000	0.000000
9	1.019889	-0.098249	1.024612	0.000000	0.000000	1.250000	0.500000

Branch Results
LineID	From	To	Pik		Pki		Qik		Qki		LossP		LossQ
1	1	4	0.876323	-0.876189	-0.490680	0.548723	0.000134	0.058043
2	4	5	0.292992	-0.290870	-0.368119	0.039576	0.002122	-0.328543
3	5	6	-0.609179	0.622648	-0.339553	-0.395895	0.013469	-0.735448
4	3	6	1.141648	-1.141627	-0.499797	0.585201	0.000021	0.085404
5	6	7	0.518947	-0.516021	-0.189294	-0.254429	0.002926	-0.443724
6	7	8	-0.484012	0.485904	-0.095562	-0.219561	0.001892	-0.315123
7	8	2	-1.169887	1.169901	0.474916	-0.385086	0.000014	0.089831
8	8	9	0.683957	-0.670195	-0.255349	-0.336409	0.013762	-0.591758
9	9	4	-0.579845	0.583146	-0.163564	-0.180580	0.003301	-0.344144

Summary
Total Pg           : 3.187930
Total Qg           : -1.375569
Total Load P       : 3.150000
Total Load Q       : 1.150000
Total Active Loss  : 0.037642
Total Reactive Loss: -2.525461
Total Load Supplied: 100.009138%

========================================================================================================================
Update time: 2026-06-10 20:37:32
Iteration: 157
rho: 120
alpha: 0.032623881
objective_value: 4.10003108971
feasible: False
max_abs_h: 1.456609038020e-04
l2_norm_h: 2.810239204440e-04
lambda_inf_norm: 1.424788457343e+00
lambda_l2_norm: 7.208635304589e+00
------------------------------------------------------------------------------------------------------------------------
Bus Results
BusID	V_R		V_I		Vmag		Pg		Qg		Pl		Ql
1	1.000146	-0.000037	1.000146	0.876332	-0.491507	0.000000	0.000000
2	1.024860	0.073192	1.027472	1.169809	-0.384876	0.000000	0.000000
3	1.029140	0.081490	1.032363	1.141798	-0.499846	0.000000	0.000000
4	1.028449	-0.050499	1.029689	0.000000	0.000000	0.000000	0.000000
5	1.040104	-0.080593	1.043223	0.000000	0.000000	0.900000	0.300000
6	1.062540	0.019119	1.062714	0.000000	0.000000	0.000000	0.000000
7	1.053193	-0.029764	1.053615	0.000000	0.000000	1.000000	0.350000
8	1.053281	0.003881	1.053289	0.000000	0.000000	0.000000	0.000000
9	1.019975	-0.098220	1.024695	0.000000	0.000000	1.250000	0.500000

Branch Results
LineID	From	To	Pik		Pki		Qik		Qki		LossP		LossQ
1	1	4	0.876249	-0.876116	-0.491496	0.549573	0.000133	0.058077
2	4	5	0.292933	-0.290807	-0.368485	0.039901	0.002126	-0.328584
3	5	6	-0.609243	0.622714	-0.339873	-0.395727	0.013472	-0.735600
4	3	6	1.141810	-1.141787	-0.499847	0.585257	0.000023	0.085409
5	6	7	0.519038	-0.516112	-0.189516	-0.254324	0.002927	-0.443840
6	7	8	-0.483922	0.485814	-0.095660	-0.219567	0.001892	-0.315228
7	8	2	-1.169810	1.169824	0.474656	-0.384878	0.000014	0.089779
8	8	9	0.683969	-0.670210	-0.255079	-0.336830	0.013759	-0.591908
9	9	4	-0.579830	0.583132	-0.163139	-0.181062	0.003302	-0.344202

Summary
Total Pg           : 3.187939
Total Qg           : -1.376230
Total Load P       : 3.150000
Total Load Q       : 1.150000
Total Active Loss  : 0.037648
Total Reactive Loss: -2.526097
Total Load Supplied: 100.009237%

========================================================================================================================
Update time: 2026-06-10 20:39:44
Iteration: 158
rho: 120
alpha: 0.026099105
objective_value: 4.09999874433
feasible: False
max_abs_h: 1.848024158391e-04
l2_norm_h: 3.079504236271e-04
lambda_inf_norm: 1.424786584097e+00
lambda_l2_norm: 7.208629578713e+00
------------------------------------------------------------------------------------------------------------------------
Bus Results
BusID	V_R		V_I		Vmag		Pg		Qg		Pl		Ql
1	1.000185	0.000081	1.000185	0.876069	-0.492559	0.000000	0.000000
2	1.025092	0.073311	1.027712	1.169824	-0.384620	0.000000	0.000000
3	1.029330	0.081639	1.032564	1.142031	-0.499885	0.000000	0.000000
4	1.028554	-0.050360	1.029786	0.000000	0.000000	0.000000	0.000000
5	1.040256	-0.080443	1.043362	0.000000	0.000000	0.900000	0.300000
6	1.062736	0.019272	1.062912	0.000000	0.000000	0.000000	0.000000
7	1.053413	-0.029613	1.053831	0.000000	0.000000	1.000000	0.350000
8	1.053498	0.004018	1.053507	0.000000	0.000000	0.000000	0.000000
9	1.020138	-0.098075	1.024842	0.000000	0.000000	1.250000	0.500000

Branch Results
LineID	From	To	Pik		Pki		Qik		Qki		LossP		LossQ
1	1	4	0.875983	-0.875838	-0.492551	0.550664	0.000145	0.058113
2	4	5	0.292766	-0.290628	-0.368959	0.040317	0.002138	-0.328642
3	5	6	-0.609425	0.622894	-0.340297	-0.395523	0.013469	-0.735821
4	3	6	1.142043	-1.142029	-0.499887	0.585305	0.000014	0.085417
5	6	7	0.519109	-0.516200	-0.189777	-0.254232	0.002909	-0.444009
6	7	8	-0.483825	0.485699	-0.095765	-0.219595	0.001874	-0.315360
7	8	2	-1.169833	1.169839	0.474355	-0.384621	0.000006	0.089734
8	8	9	0.684114	-0.670349	-0.254756	-0.337362	0.013765	-0.592118
9	9	4	-0.579697	0.583012	-0.162614	-0.181683	0.003315	-0.344296

Summary
Total Pg           : 3.187924
Total Qg           : -1.377064
Total Load P       : 3.150000
Total Load Q       : 1.150000
Total Active Loss  : 0.037636
Total Reactive Loss: -2.526982
Total Load Supplied: 100.009139%

========================================================================================================================
Update time: 2026-06-10 20:41:54
Iteration: 159
rho: 120
alpha: 0.026099105
objective_value: 4.100062238
feasible: False
max_abs_h: 1.374793820317e-04
l2_norm_h: 2.831321340866e-04
lambda_inf_norm: 1.424785275817e+00
lambda_l2_norm: 7.208624747052e+00
------------------------------------------------------------------------------------------------------------------------
Bus Results
BusID	V_R		V_I		Vmag		Pg		Qg		Pl		Ql
1	1.000137	0.000023	1.000137	0.875854	-0.493450	0.000000	0.000000
2	1.025238	0.073254	1.027853	1.169932	-0.384270	0.000000	0.000000
3	1.029434	0.081588	1.032664	1.142192	-0.499881	0.000000	0.000000
4	1.028556	-0.050410	1.029792	0.000000	0.000000	0.000000	0.000000
5	1.040292	-0.080494	1.043404	0.000000	0.000000	0.900000	0.300000
6	1.062832	0.019216	1.063008	0.000000	0.000000	0.000000	0.000000
7	1.053524	-0.029667	1.053943	0.000000	0.000000	1.000000	0.350000
8	1.053614	0.003960	1.053623	0.000000	0.000000	0.000000	0.000000
9	1.020181	-0.098122	1.024890	0.000000	0.000000	1.250000	0.500000

Branch Results
LineID	From	To	Pik		Pki		Qik		Qki		LossP		LossQ
1	1	4	0.875768	-0.875629	-0.493441	0.551583	0.000139	0.058142
2	4	5	0.292677	-0.290539	-0.369355	0.040690	0.002138	-0.328664
3	5	6	-0.609517	0.623005	-0.340662	-0.395277	0.013489	-0.735939
4	3	6	1.142203	-1.142179	-0.499882	0.585291	0.000024	0.085410
5	6	7	0.519138	-0.516210	-0.190000	-0.254123	0.002928	-0.444122
6	7	8	-0.483822	0.485708	-0.095867	-0.219581	0.001887	-0.315447
7	8	2	-1.169941	1.169947	0.473976	-0.384272	0.000006	0.089704
8	8	9	0.684210	-0.670447	-0.254386	-0.337832	0.013763	-0.592218
9	9	4	-0.579594	0.582897	-0.162138	-0.182199	0.003303	-0.344338

Summary
Total Pg           : 3.187977
Total Qg           : -1.377601
Total Load P       : 3.150000
Total Load Q       : 1.150000
Total Active Loss  : 0.037675
Total Reactive Loss: -2.527473
Total Load Supplied: 100.009580%

========================================================================================================================
Update time: 2026-06-10 20:44:06
Iteration: 160
rho: 120
alpha: 0.026099105
objective_value: 4.10001474279
feasible: False
max_abs_h: 1.493055977937e-04
l2_norm_h: 2.794790646915e-04
lambda_inf_norm: 1.424783928833e+00
lambda_l2_norm: 7.208620064949e+00
------------------------------------------------------------------------------------------------------------------------
Bus Results
BusID	V_R		V_I		Vmag		Pg		Qg		Pl		Ql
1	1.000149	0.000013	1.000149	0.875717	-0.494262	0.000000	0.000000
2	1.025411	0.073218	1.028024	1.169885	-0.384044	0.000000	0.000000
3	1.029569	0.081581	1.032798	1.142345	-0.499931	0.000000	0.000000
4	1.028614	-0.050411	1.029849	0.000000	0.000000	0.000000	0.000000
5	1.040382	-0.080492	1.043492	0.000000	0.000000	0.900000	0.300000
6	1.062965	0.019209	1.063140	0.000000	0.000000	0.000000	0.000000
7	1.053673	-0.029679	1.054092	0.000000	0.000000	1.000000	0.350000
8	1.053766	0.003936	1.053775	0.000000	0.000000	0.000000	0.000000
9	1.020278	-0.098125	1.024987	0.000000	0.000000	1.250000	0.500000

Branch Results
LineID	From	To	Pik		Pki		Qik		Qki		LossP		LossQ
1	1	4	0.875631	-0.875492	-0.494253	0.552428	0.000139	0.058175
2	4	5	0.292577	-0.290446	-0.369718	0.041017	0.002131	-0.328702
3	5	6	-0.609603	0.623077	-0.340991	-0.395108	0.013474	-0.736099
4	3	6	1.142356	-1.142336	-0.499932	0.585342	0.000021	0.085411
5	6	7	0.519228	-0.516305	-0.190222	-0.254021	0.002923	-0.444242
6	7	8	-0.483727	0.485613	-0.095969	-0.219582	0.001885	-0.315551
7	8	2	-1.169886	1.169900	0.473705	-0.384046	0.000013	0.089659
8	8	9	0.684248	-0.670482	-0.254115	-0.338262	0.013766	-0.592377
9	9	4	-0.579560	0.582862	-0.161711	-0.182684	0.003302	-0.344395

Summary
Total Pg           : 3.187947
Total Qg           : -1.378237
Total Load P       : 3.150000
Total Load Q       : 1.150000
Total Active Loss  : 0.037654
Total Reactive Loss: -2.528122
Total Load Supplied: 100.009286%

========================================================================================================================
Update time: 2026-06-10 20:46:19
Iteration: 161
rho: 120
alpha: 0.026099105
objective_value: 4.09991474388
feasible: False
max_abs_h: 1.565757181838e-04
l2_norm_h: 2.826631188795e-04
lambda_inf_norm: 1.424782651841e+00
lambda_l2_norm: 7.208615720396e+00
------------------------------------------------------------------------------------------------------------------------
Bus Results
BusID	V_R		V_I		Vmag		Pg		Qg		Pl		Ql
1	1.000157	0.000061	1.000156	0.875506	-0.495186	0.000000	0.000000
2	1.025598	0.073251	1.028212	1.169847	-0.383798	0.000000	0.000000
3	1.029712	0.081646	1.032946	1.142527	-0.499982	0.000000	0.000000
4	1.028677	-0.050349	1.029909	0.000000	0.000000	0.000000	0.000000
5	1.040484	-0.080425	1.043588	0.000000	0.000000	0.900000	0.300000
6	1.063111	0.019273	1.063287	0.000000	0.000000	0.000000	0.000000
7	1.053839	-0.029619	1.054257	0.000000	0.000000	1.000000	0.350000
8	1.053934	0.003984	1.053942	0.000000	0.000000	0.000000	0.000000
9	1.020389	-0.098061	1.025091	0.000000	0.000000	1.250000	0.500000

Branch Results
LineID	From	To	Pik		Pki		Qik		Qki		LossP		LossQ
1	1	4	0.875420	-0.875280	-0.495177	0.553384	0.000139	0.058207
2	4	5	0.292448	-0.290319	-0.370126	0.041383	0.002128	-0.328742
3	5	6	-0.609727	0.623193	-0.341359	-0.394914	0.013466	-0.736273
4	3	6	1.142539	-1.142530	-0.499983	0.585399	0.000009	0.085416
5	6	7	0.519312	-0.516400	-0.190474	-0.253910	0.002913	-0.444384
6	7	8	-0.483628	0.485508	-0.096077	-0.219595	0.001879	-0.315672
7	8	2	-1.169853	1.169862	0.473408	-0.383799	0.000008	0.089609
8	8	9	0.684322	-0.670557	-0.253804	-0.338743	0.013765	-0.592547
9	9	4	-0.579484	0.582780	-0.161230	-0.183234	0.003296	-0.344464

Summary
Total Pg           : 3.187881
Total Qg           : -1.378966
Total Load P       : 3.150000
Total Load Q       : 1.150000
Total Active Loss  : 0.037605
Total Reactive Loss: -2.528850
Total Load Supplied: 100.008759%

========================================================================================================================
Update time: 2026-06-10 20:48:30
Iteration: 162
rho: 120
alpha: 0.026099105
objective_value: 4.10001115426
feasible: False
max_abs_h: 1.654601692409e-04
l2_norm_h: 2.893326911854e-04
lambda_inf_norm: 1.424781274263e+00
lambda_l2_norm: 7.208611002300e+00
------------------------------------------------------------------------------------------------------------------------
Bus Results
BusID	V_R		V_I		Vmag		Pg		Qg		Pl		Ql
1	1.000165	0.000015	1.000165	0.875413	-0.496005	0.000000	0.000000
2	1.025777	0.073180	1.028385	1.169842	-0.383518	0.000000	0.000000
3	1.029843	0.081598	1.033072	1.142700	-0.500071	0.000000	0.000000
4	1.028730	-0.050390	1.029964	0.000000	0.000000	0.000000	0.000000
5	1.040567	-0.080466	1.043674	0.000000	0.000000	0.900000	0.300000
6	1.063240	0.019223	1.063415	0.000000	0.000000	0.000000	0.000000
7	1.053984	-0.029672	1.054403	0.000000	0.000000	1.000000	0.350000
8	1.054085	0.003921	1.054094	0.000000	0.000000	0.000000	0.000000
9	1.020480	-0.098103	1.025185	0.000000	0.000000	1.250000	0.500000

Branch Results
LineID	From	To	Pik		Pki		Qik		Qki		LossP		LossQ
1	1	4	0.875326	-0.875186	-0.495995	0.554236	0.000141	0.058241
2	4	5	0.292386	-0.290249	-0.370491	0.041705	0.002137	-0.328786
3	5	6	-0.609802	0.623277	-0.341678	-0.394760	0.013475	-0.736437
4	3	6	1.142712	-1.142697	-0.500072	0.585489	0.000015	0.085417
5	6	7	0.519391	-0.516471	-0.190716	-0.253783	0.002920	-0.444499
6	7	8	-0.483561	0.485445	-0.096209	-0.219557	0.001884	-0.315766
7	8	2	-1.169839	1.169857	0.473084	-0.383519	0.000018	0.089565
8	8	9	0.684368	-0.670600	-0.253520	-0.339179	0.013768	-0.592699
9	9	4	-0.579443	0.582745	-0.160798	-0.183721	0.003302	-0.344518

Summary
Total Pg           : 3.187955
Total Qg           : -1.379593
Total Load P       : 3.150000
Total Load Q       : 1.150000
Total Active Loss  : 0.037660
Total Reactive Loss: -2.529484
Total Load Supplied: 100.009352%

========================================================================================================================
Update time: 2026-06-10 20:50:41
Iteration: 163
rho: 120
alpha: 0.020879284
objective_value: 4.09991790598
feasible: False
max_abs_h: 2.282729629290e-04
l2_norm_h: 3.258376272460e-04
lambda_inf_norm: 1.424780017626e+00
lambda_l2_norm: 7.208606590985e+00
------------------------------------------------------------------------------------------------------------------------
Bus Results
BusID	V_R		V_I		Vmag		Pg		Qg		Pl		Ql
1	1.000228	-0.000025	1.000232	0.875344	-0.496979	0.000000	0.000000
2	1.026002	0.073081	1.028606	1.169650	-0.383476	0.000000	0.000000
3	1.030036	0.081548	1.033263	1.142896	-0.500224	0.000000	0.000000
4	1.028845	-0.050425	1.030085	0.000000	0.000000	0.000000	0.000000
5	1.040717	-0.080500	1.043830	0.000000	0.000000	0.900000	0.300000
6	1.063433	0.019170	1.063610	0.000000	0.000000	0.000000	0.000000
7	1.054191	-0.029730	1.054615	0.000000	0.000000	1.000000	0.350000
8	1.054293	0.003845	1.054304	0.000000	0.000000	0.000000	0.000000
9	1.020638	-0.098141	1.025350	0.000000	0.000000	1.250000	0.500000

Branch Results
LineID	From	To	Pik		Pki		Qik		Qki		LossP		LossQ
1	1	4	0.875256	-0.875119	-0.496970	0.555253	0.000137	0.058283
2	4	5	0.292311	-0.290182	-0.370933	0.042069	0.002129	-0.328864
3	5	6	-0.609864	0.623333	-0.342043	-0.394663	0.013469	-0.736707
4	3	6	1.142909	-1.142900	-0.500226	0.585652	0.000009	0.085426
5	6	7	0.519542	-0.516620	-0.190981	-0.253699	0.002922	-0.444679
6	7	8	-0.483413	0.485295	-0.096288	-0.219633	0.001882	-0.315921
7	8	2	-1.169650	1.169663	0.472973	-0.383479	0.000013	0.089494
8	8	9	0.684330	-0.670574	-0.253332	-0.339640	0.013757	-0.592972
9	9	4	-0.579465	0.582757	-0.160333	-0.184298	0.003291	-0.344631

Summary
Total Pg           : 3.187890
Total Qg           : -1.380679
Total Load P       : 3.150000
Total Load Q       : 1.150000
Total Active Loss  : 0.037610
Total Reactive Loss: -2.530573
Total Load Supplied: 100.008897%

========================================================================================================================
Update time: 2026-06-10 20:52:53
Iteration: 164
rho: 120
alpha: 0.020879284
objective_value: 4.09991412878
feasible: False
max_abs_h: 2.062587595817e-04
l2_norm_h: 3.187675645044e-04
lambda_inf_norm: 1.424778986653e+00
lambda_l2_norm: 7.208603055374e+00
------------------------------------------------------------------------------------------------------------------------
Bus Results
BusID	V_R		V_I		Vmag		Pg		Qg		Pl		Ql
1	1.000206	0.000071	1.000206	0.875139	-0.497868	0.000000	0.000000
2	1.026157	0.073172	1.028765	1.169657	-0.383175	0.000000	0.000000
3	1.030152	0.081664	1.033385	1.143098	-0.500195	0.000000	0.000000
4	1.028880	-0.050316	1.030110	0.000000	0.000000	0.000000	0.000000
5	1.040791	-0.080385	1.043892	0.000000	0.000000	0.900000	0.300000
6	1.063550	0.019286	1.063727	0.000000	0.000000	0.000000	0.000000
7	1.054329	-0.029618	1.054747	0.000000	0.000000	1.000000	0.350000
8	1.054431	0.003947	1.054440	0.000000	0.000000	0.000000	0.000000
9	1.020721	-0.098031	1.025419	0.000000	0.000000	1.250000	0.500000

Branch Results
LineID	From	To	Pik		Pki		Qik		Qki		LossP		LossQ
1	1	4	0.875051	-0.874916	-0.497859	0.556174	0.000135	0.058315
2	4	5	0.292188	-0.290056	-0.371325	0.042434	0.002133	-0.328891
3	5	6	-0.609992	0.623462	-0.342408	-0.394421	0.013470	-0.736829
4	3	6	1.143110	-1.143097	-0.500196	0.585623	0.000013	0.085427
5	6	7	0.519609	-0.516692	-0.191190	-0.253598	0.002917	-0.444789
6	7	8	-0.483337	0.485211	-0.096391	-0.219627	0.001874	-0.316019
7	8	2	-1.169662	1.169672	0.472628	-0.383175	0.000010	0.089453
8	8	9	0.684428	-0.670663	-0.252989	-0.340108	0.013765	-0.593097
9	9	4	-0.579379	0.582676	-0.159861	-0.184822	0.003297	-0.344683

Summary
Total Pg           : 3.187894
Total Qg           : -1.381238
Total Load P       : 3.150000
Total Load Q       : 1.150000
Total Active Loss  : 0.037613
Total Reactive Loss: -2.531112
Total Load Supplied: 100.008920%

========================================================================================================================
Update time: 2026-06-10 20:55:05
Iteration: 165
rho: 120
alpha: 0.020879284
objective_value: 4.09998822754
feasible: False
max_abs_h: 1.804923328352e-04
l2_norm_h: 3.043134786091e-04
lambda_inf_norm: 1.424777870720e+00
lambda_l2_norm: 7.208599287299e+00
------------------------------------------------------------------------------------------------------------------------
Bus Results
BusID	V_R		V_I		Vmag		Pg		Qg		Pl		Ql
1	1.000180	0.000034	1.000181	0.875040	-0.498691	0.000000	0.000000
2	1.026308	0.073102	1.028909	1.169580	-0.382883	0.000000	0.000000
3	1.030270	0.081633	1.033500	1.143333	-0.500154	0.000000	0.000000
4	1.028900	-0.050349	1.030132	0.000000	0.000000	0.000000	0.000000
5	1.040845	-0.080418	1.043949	0.000000	0.000000	0.900000	0.300000
6	1.063660	0.019247	1.063836	0.000000	0.000000	0.000000	0.000000
7	1.054450	-0.029664	1.054869	0.000000	0.000000	1.000000	0.350000
8	1.054554	0.003889	1.054563	0.000000	0.000000	0.000000	0.000000
9	1.020779	-0.098068	1.025480	0.000000	0.000000	1.250000	0.500000

Branch Results
LineID	From	To	Pik		Pki		Qik		Qki		LossP		LossQ
1	1	4	0.874953	-0.874814	-0.498682	0.557035	0.000139	0.058353
2	4	5	0.292102	-0.289963	-0.371708	0.042794	0.002139	-0.328915
3	5	6	-0.610087	0.623569	-0.342763	-0.394192	0.013482	-0.736955
4	3	6	1.143346	-1.143329	-0.500153	0.585581	0.000016	0.085428
5	6	7	0.519732	-0.516811	-0.191373	-0.253519	0.002921	-0.444892
6	7	8	-0.483219	0.485094	-0.096469	-0.219632	0.001875	-0.316101
7	8	2	-1.169581	1.169594	0.472292	-0.382884	0.000014	0.089408
8	8	9	0.684460	-0.670691	-0.252651	-0.340555	0.013769	-0.593206
9	9	4	-0.579354	0.582657	-0.159417	-0.185298	0.003302	-0.344715

Summary
Total Pg           : 3.187952
Total Qg           : -1.381728
Total Load P       : 3.150000
Total Load Q       : 1.150000
Total Active Loss  : 0.037658
Total Reactive Loss: -2.531595
Total Load Supplied: 100.009356%

========================================================================================================================
Update time: 2026-06-10 20:57:15
Iteration: 166
rho: 120
alpha: 0.020879284
objective_value: 4.10000903744
feasible: False
max_abs_h: 1.520906875672e-04
l2_norm_h: 2.880067157524e-04
lambda_inf_norm: 1.424776757285e+00
lambda_l2_norm: 7.208595444046e+00
------------------------------------------------------------------------------------------------------------------------
Bus Results
BusID	V_R		V_I		Vmag		Pg		Qg		Pl		Ql
1	1.000152	0.000010	1.000152	0.874928	-0.499433	0.000000	0.000000
2	1.026446	0.073054	1.029044	1.169530	-0.382582	0.000000	0.000000
3	1.030371	0.081614	1.033600	1.143514	-0.500106	0.000000	0.000000
4	1.028914	-0.050369	1.030147	0.000000	0.000000	0.000000	0.000000
5	1.040889	-0.080437	1.043994	0.000000	0.000000	0.900000	0.300000
6	1.063755	0.019223	1.063931	0.000000	0.000000	0.000000	0.000000
7	1.054557	-0.029694	1.054977	0.000000	0.000000	1.000000	0.350000
8	1.054666	0.003849	1.054675	0.000000	0.000000	0.000000	0.000000
9	1.020829	-0.098089	1.025533	0.000000	0.000000	1.250000	0.500000

Branch Results
LineID	From	To	Pik		Pki		Qik		Qki		LossP		LossQ
1	1	4	0.874839	-0.874694	-0.499424	0.557818	0.000145	0.058394
2	4	5	0.292021	-0.289878	-0.372040	0.043117	0.002143	-0.328924
3	5	6	-0.610173	0.623654	-0.343088	-0.393967	0.013481	-0.737055
4	3	6	1.143527	-1.143505	-0.500107	0.585539	0.000022	0.085432
5	6	7	0.519822	-0.516898	-0.191558	-0.253419	0.002924	-0.444976
6	7	8	-0.483133	0.485009	-0.096570	-0.219610	0.001876	-0.316180
7	8	2	-1.169529	1.169544	0.471946	-0.382582	0.000016	0.089364
8	8	9	0.684496	-0.670730	-0.252330	-0.340978	0.013766	-0.593308
9	9	4	-0.579315	0.582617	-0.158993	-0.185751	0.003302	-0.344744

Summary
Total Pg           : 3.187972
Total Qg           : -1.382122
Total Load P       : 3.150000
Total Load Q       : 1.150000
Total Active Loss  : 0.037674
Total Reactive Loss: -2.531997
Total Load Supplied: 100.009448%

========================================================================================================================
Update time: 2026-06-10 20:59:26
Iteration: 167
rho: 120
alpha: 0.020879284
objective_value: 4.09998363637
feasible: False
max_abs_h: 1.722792272301e-04
l2_norm_h: 2.945462604287e-04
lambda_inf_norm: 1.424775637351e+00
lambda_l2_norm: 7.208591656282e+00
------------------------------------------------------------------------------------------------------------------------
Bus Results
BusID	V_R		V_I		Vmag		Pg		Qg		Pl		Ql
1	1.000172	0.000014	1.000173	0.874855	-0.500231	0.000000	0.000000
2	1.026625	0.073022	1.029222	1.169452	-0.382365	0.000000	0.000000
3	1.030508	0.081610	1.033737	1.143649	-0.500178	0.000000	0.000000
4	1.028980	-0.050359	1.030213	0.000000	0.000000	0.000000	0.000000
5	1.040985	-0.080428	1.044089	0.000000	0.000000	0.900000	0.300000
6	1.063891	0.019220	1.064067	0.000000	0.000000	0.000000	0.000000
7	1.054711	-0.029700	1.055131	0.000000	0.000000	1.000000	0.350000
8	1.054824	0.003832	1.054834	0.000000	0.000000	0.000000	0.000000
9	1.020935	-0.098082	1.025638	0.000000	0.000000	1.250000	0.500000

Branch Results
LineID	From	To	Pik		Pki		Qik		Qki		LossP		LossQ
1	1	4	0.874765	-0.874621	-0.500223	0.558651	0.000144	0.058427
2	4	5	0.291971	-0.289826	-0.372383	0.043430	0.002145	-0.328953
3	5	6	-0.610227	0.623712	-0.343409	-0.393807	0.013485	-0.737217
4	3	6	1.143661	-1.143642	-0.500181	0.585618	0.000019	0.085437
5	6	7	0.519899	-0.516975	-0.191800	-0.253299	0.002923	-0.445099
6	7	8	-0.483054	0.484926	-0.096692	-0.219595	0.001872	-0.316286
7	8	2	-1.169457	1.169468	0.471677	-0.382365	0.000010	0.089312
8	8	9	0.684507	-0.670746	-0.252073	-0.341413	0.013761	-0.593487
9	9	4	-0.579296	0.582596	-0.158560	-0.186244	0.003300	-0.344804

Summary
Total Pg           : 3.187956
Total Qg           : -1.382774
Total Load P       : 3.150000
Total Load Q       : 1.150000
Total Active Loss  : 0.037660
Total Reactive Loss: -2.532670
Total Load Supplied: 100.009416%

========================================================================================================================
Update time: 2026-06-10 21:01:37
Iteration: 168
rho: 120
alpha: 0.016703427
objective_value: 4.09989679061
feasible: False
max_abs_h: 2.071167692725e-04
l2_norm_h: 3.067500470017e-04
lambda_inf_norm: 1.424774571909e+00
lambda_l2_norm: 7.208588097637e+00
------------------------------------------------------------------------------------------------------------------------
Bus Results
BusID	V_R		V_I		Vmag		Pg		Qg		Pl		Ql
1	1.000207	-0.000042	1.000207	0.874718	-0.501298	0.000000	0.000000
2	1.026880	0.072934	1.029468	1.169481	-0.382013	0.000000	0.000000
3	1.030687	0.081533	1.033908	1.143698	-0.500409	0.000000	0.000000
4	1.029073	-0.050407	1.030307	0.000000	0.000000	0.000000	0.000000
5	1.041115	-0.080478	1.044221	0.000000	0.000000	0.900000	0.300000
6	1.064073	0.019148	1.064246	0.000000	0.000000	0.000000	0.000000
7	1.054919	-0.029768	1.055341	0.000000	0.000000	1.000000	0.350000
8	1.055044	0.003754	1.055052	0.000000	0.000000	0.000000	0.000000
9	1.021079	-0.098129	1.025784	0.000000	0.000000	1.250000	0.500000

Branch Results
LineID	From	To	Pik		Pki		Qik		Qki		LossP		LossQ
1	1	4	0.874629	-0.874490	-0.501291	0.559767	0.000139	0.058476
2	4	5	0.291903	-0.289768	-0.372843	0.043832	0.002135	-0.329012
3	5	6	-0.610277	0.623747	-0.343813	-0.393649	0.013470	-0.737462
4	3	6	1.143709	-1.143694	-0.500412	0.585841	0.000015	0.085429
5	6	7	0.519919	-0.517003	-0.192184	-0.253095	0.002917	-0.445280
6	7	8	-0.483027	0.484898	-0.096896	-0.219532	0.001871	-0.316428
7	8	2	-1.169483	1.169495	0.471271	-0.382012	0.000012	0.089258
8	8	9	0.684561	-0.670798	-0.251731	-0.341990	0.013763	-0.593720
9	9	4	-0.579243	0.582535	-0.157987	-0.186905	0.003292	-0.344892

Summary
Total Pg           : 3.187897
Total Qg           : -1.383721
Total Load P       : 3.150000
Total Load Q       : 1.150000
Total Active Loss  : 0.037615
Total Reactive Loss: -2.533630
Total Load Supplied: 100.008937%

========================================================================================================================
Update time: 2026-06-10 21:03:49
Iteration: 169
rho: 120
alpha: 0.016703427
objective_value: 4.09994651381
feasible: False
max_abs_h: 1.665831201678e-04
l2_norm_h: 3.025468896730e-04
lambda_inf_norm: 1.424773656972e+00
lambda_l2_norm: 7.208585122689e+00
------------------------------------------------------------------------------------------------------------------------
Bus Results
BusID	V_R		V_I		Vmag		Pg		Qg		Pl		Ql
1	1.000167	-0.000072	1.000167	0.874709	-0.502082	0.000000	0.000000
2	1.027003	0.072860	1.029587	1.169399	-0.381746	0.000000	0.000000
3	1.030776	0.081488	1.033994	1.143825	-0.500388	0.000000	0.000000
4	1.029077	-0.050440	1.030313	0.000000	0.000000	0.000000	0.000000
5	1.041148	-0.080515	1.044258	0.000000	0.000000	0.900000	0.300000
6	1.064155	0.019099	1.064328	0.000000	0.000000	0.000000	0.000000
7	1.055013	-0.029823	1.055436	0.000000	0.000000	1.000000	0.350000
8	1.055142	0.003690	1.055151	0.000000	0.000000	0.000000	0.000000
9	1.021118	-0.098169	1.025827	0.000000	0.000000	1.250000	0.500000

Branch Results
LineID	From	To	Pik		Pki		Qik		Qki		LossP		LossQ
1	1	4	0.874621	-0.874482	-0.502071	0.560586	0.000139	0.058515
2	4	5	0.291872	-0.289730	-0.373193	0.044157	0.002143	-0.329036
3	5	6	-0.610318	0.623785	-0.344129	-0.393438	0.013468	-0.737567
4	3	6	1.143838	-1.143825	-0.500389	0.585818	0.000013	0.085428
5	6	7	0.520012	-0.517092	-0.192367	-0.252995	0.002919	-0.445361
6	7	8	-0.482938	0.484815	-0.096991	-0.219516	0.001876	-0.316508
7	8	2	-1.169398	1.169414	0.470957	-0.381747	0.000015	0.089211
8	8	9	0.684555	-0.670787	-0.251429	-0.342403	0.013768	-0.593832
9	9	4	-0.579257	0.582557	-0.157564	-0.187365	0.003299	-0.344929

Summary
Total Pg           : 3.187934
Total Qg           : -1.384215
Total Load P       : 3.150000
Total Load Q       : 1.150000
Total Active Loss  : 0.037640
Total Reactive Loss: -2.534080
Total Load Supplied: 100.009322%

========================================================================================================================
Update time: 2026-06-10 21:06:00
Iteration: 170
rho: 120
alpha: 0.016703427
objective_value: 4.10004318467
feasible: False
max_abs_h: 1.418905330042e-04
l2_norm_h: 2.930451318100e-04
lambda_inf_norm: 1.424772713773e+00
lambda_l2_norm: 7.208581911745e+00
------------------------------------------------------------------------------------------------------------------------
Bus Results
BusID	V_R		V_I		Vmag		Pg		Qg		Pl		Ql
1	1.000142	0.000043	1.000142	0.874611	-0.502778	0.000000	0.000000
2	1.027135	0.072962	1.029725	1.169398	-0.381374	0.000000	0.000000
3	1.030850	0.081614	1.034078	1.144000	-0.500425	0.000000	0.000000
4	1.029098	-0.050317	1.030329	0.000000	0.000000	0.000000	0.000000
5	1.041200	-0.080389	1.044300	0.000000	0.000000	0.900000	0.300000
6	1.064237	0.019225	1.064412	0.000000	0.000000	0.000000	0.000000
7	1.055119	-0.029702	1.055539	0.000000	0.000000	1.000000	0.350000
8	1.055254	0.003802	1.055262	0.000000	0.000000	0.000000	0.000000
9	1.021182	-0.098048	1.025880	0.000000	0.000000	1.250000	0.500000

Branch Results
LineID	From	To	Pik		Pki		Qik		Qki		LossP		LossQ
1	1	4	0.874522	-0.874375	-0.502768	0.561316	0.000147	0.058548
2	4	5	0.291808	-0.289654	-0.373483	0.044432	0.002153	-0.329050
3	5	6	-0.610398	0.623875	-0.344405	-0.393247	0.013477	-0.737652
4	3	6	1.144012	-1.143992	-0.500426	0.585862	0.000020	0.085436
5	6	7	0.520085	-0.517157	-0.192605	-0.252833	0.002929	-0.445438
6	7	8	-0.482878	0.484758	-0.097155	-0.219426	0.001880	-0.316581
7	8	2	-1.169399	1.169412	0.470543	-0.381374	0.000014	0.089169
8	8	9	0.684612	-0.670842	-0.251106	-0.342819	0.013769	-0.593925
9	9	4	-0.579204	0.582509	-0.157151	-0.187805	0.003305	-0.344956

Summary
Total Pg           : 3.188009
Total Qg           : -1.384577
Total Load P       : 3.150000
Total Load Q       : 1.150000
Total Active Loss  : 0.037694
Total Reactive Loss: -2.534448
Total Load Supplied: 100.009993%

========================================================================================================================
Update time: 2026-06-10 21:08:12
Iteration: 171
rho: 120
alpha: 0.016703427
objective_value: 4.10007219607
feasible: False
max_abs_h: 1.527789368405e-04
l2_norm_h: 2.959510388425e-04
lambda_inf_norm: 1.424771769223e+00
lambda_l2_norm: 7.208578620376e+00
------------------------------------------------------------------------------------------------------------------------
Bus Results
BusID	V_R		V_I		Vmag		Pg		Qg		Pl		Ql
1	1.000153	-0.000015	1.000153	0.874552	-0.503524	0.000000	0.000000
2	1.027298	0.072869	1.029881	1.169336	-0.381162	0.000000	0.000000
3	1.030979	0.081546	1.034201	1.144145	-0.500471	0.000000	0.000000
4	1.029149	-0.050372	1.030382	0.000000	0.000000	0.000000	0.000000
5	1.041278	-0.080447	1.044382	0.000000	0.000000	0.900000	0.300000
6	1.064361	0.019155	1.064534	0.000000	0.000000	0.000000	0.000000
7	1.055254	-0.029775	1.055675	0.000000	0.000000	1.000000	0.350000
8	1.055392	0.003720	1.055401	0.000000	0.000000	0.000000	0.000000
9	1.021266	-0.098105	1.025968	0.000000	0.000000	1.250000	0.500000

Branch Results
LineID	From	To	Pik		Pki		Qik		Qki		LossP		LossQ
1	1	4	0.874462	-0.874317	-0.503514	0.562101	0.000146	0.058588
2	4	5	0.291764	-0.289608	-0.373825	0.044741	0.002155	-0.329084
3	5	6	-0.610447	0.623933	-0.344714	-0.393095	0.013487	-0.737809
4	3	6	1.144157	-1.144129	-0.500473	0.585907	0.000027	0.085434
5	6	7	0.520160	-0.517228	-0.192801	-0.252748	0.002933	-0.445549
6	7	8	-0.482808	0.484686	-0.097243	-0.219426	0.001878	-0.316669
7	8	2	-1.169337	1.169350	0.470292	-0.381163	0.000013	0.089129
8	8	9	0.684622	-0.670854	-0.250858	-0.343216	0.013768	-0.594073
9	9	4	-0.579192	0.582496	-0.156757	-0.188250	0.003304	-0.345007

Summary
Total Pg           : 3.188033
Total Qg           : -1.385157
Total Load P       : 3.150000
Total Load Q       : 1.150000
Total Active Loss  : 0.037710
Total Reactive Loss: -2.535042
Total Load Supplied: 100.010238%

========================================================================================================================
Update time: 2026-06-10 21:10:24
Iteration: 172
rho: 120
alpha: 0.016703427
objective_value: 4.10009972413
feasible: False
max_abs_h: 1.181241381660e-04
l2_norm_h: 2.835797811465e-04
lambda_inf_norm: 1.424770818865e+00
lambda_l2_norm: 7.208575253443e+00
------------------------------------------------------------------------------------------------------------------------
Bus Results
BusID	V_R		V_I		Vmag		Pg		Qg		Pl		Ql
1	1.000118	-0.000018	1.000116	0.874477	-0.504290	0.000000	0.000000
2	1.027440	0.072833	1.030019	1.169300	-0.380806	0.000000	0.000000
3	1.031069	0.081537	1.034288	1.144279	-0.500493	0.000000	0.000000
4	1.029159	-0.050373	1.030390	0.000000	0.000000	0.000000	0.000000
5	1.041317	-0.080449	1.044419	0.000000	0.000000	0.900000	0.300000
6	1.064448	0.019142	1.064620	0.000000	0.000000	0.000000	0.000000
7	1.055359	-0.029792	1.055780	0.000000	0.000000	1.000000	0.350000
8	1.055505	0.003693	1.055512	0.000000	0.000000	0.000000	0.000000
9	1.021316	-0.098111	1.026016	0.000000	0.000000	1.250000	0.500000

Branch Results
LineID	From	To	Pik		Pki		Qik		Qki		LossP		LossQ
1	1	4	0.874391	-0.874244	-0.504281	0.562907	0.000146	0.058626
2	4	5	0.291711	-0.289553	-0.374146	0.045057	0.002158	-0.329089
3	5	6	-0.610501	0.623987	-0.345032	-0.392869	0.013487	-0.737901
4	3	6	1.144290	-1.144262	-0.500495	0.585928	0.000027	0.085433
5	6	7	0.520238	-0.517304	-0.193047	-0.252594	0.002934	-0.445641
6	7	8	-0.482733	0.484617	-0.097392	-0.219362	0.001884	-0.316755
7	8	2	-1.169295	1.169315	0.469886	-0.380807	0.000020	0.089079
8	8	9	0.684646	-0.670874	-0.250515	-0.343667	0.013772	-0.594182
9	9	4	-0.579173	0.582476	-0.156301	-0.188732	0.003303	-0.345033

Summary
Total Pg           : 3.188056
Total Qg           : -1.385589
Total Load P       : 3.150000
Total Load Q       : 1.150000
Total Active Loss  : 0.037731
Total Reactive Loss: -2.535463
Total Load Supplied: 100.010320%

========================================================================================================================
Update time: 2026-06-10 21:12:35
Iteration: 173
rho: 120
alpha: 0.016703427
objective_value: 4.09993948462
feasible: False
max_abs_h: 1.587010374484e-04
l2_norm_h: 2.842332873828e-04
lambda_inf_norm: 1.424769921619e+00
lambda_l2_norm: 7.208572245464e+00
------------------------------------------------------------------------------------------------------------------------
Bus Results
BusID	V_R		V_I		Vmag		Pg		Qg		Pl		Ql
1	1.000159	0.000005	1.000158	0.874332	-0.505022	0.000000	0.000000
2	1.027611	0.072835	1.030191	1.169210	-0.380669	0.000000	0.000000
3	1.031206	0.081566	1.034429	1.144401	-0.500596	0.000000	0.000000
4	1.029242	-0.050339	1.030473	0.000000	0.000000	0.000000	0.000000
5	1.041429	-0.080411	1.044530	0.000000	0.000000	0.900000	0.300000
6	1.064588	0.019173	1.064762	0.000000	0.000000	0.000000	0.000000
7	1.055516	-0.029763	1.055937	0.000000	0.000000	1.000000	0.350000
8	1.055663	0.003711	1.055671	0.000000	0.000000	0.000000	0.000000
9	1.021435	-0.098075	1.026133	0.000000	0.000000	1.250000	0.500000

Branch Results
LineID	From	To	Pik		Pki		Qik		Qki		LossP		LossQ
1	1	4	0.874243	-0.874105	-0.505013	0.563667	0.000137	0.058654
2	4	5	0.291622	-0.289471	-0.374477	0.045334	0.002151	-0.329143
3	5	6	-0.610579	0.624058	-0.345311	-0.392775	0.013479	-0.738086
4	3	6	1.144413	-1.144391	-0.500599	0.586038	0.000022	0.085440
5	6	7	0.520302	-0.517380	-0.193254	-0.252513	0.002922	-0.445766
6	7	8	-0.482651	0.484518	-0.097478	-0.219377	0.001867	-0.316856
7	8	2	-1.169213	1.169224	0.469707	-0.380670	0.000011	0.089036
8	8	9	0.684671	-0.670912	-0.250322	-0.344032	0.013759	-0.594354
9	9	4	-0.579131	0.582428	-0.155942	-0.189165	0.003298	-0.345107

Summary
Total Pg           : 3.187943
Total Qg           : -1.386288
Total Load P       : 3.150000
Total Load Q       : 1.150000
Total Active Loss  : 0.037645
Total Reactive Loss: -2.536182
Total Load Supplied: 100.009444%

========================================================================================================================
Update time: 2026-06-10 21:14:47
Iteration: 174
rho: 120
alpha: 0.013362742
objective_value: 4.09990192491
feasible: False
max_abs_h: 1.755447391563e-04
l2_norm_h: 2.937100947863e-04
lambda_inf_norm: 1.424769006375e+00
lambda_l2_norm: 7.208569310880e+00
------------------------------------------------------------------------------------------------------------------------
Bus Results
BusID	V_R		V_I		Vmag		Pg		Qg		Pl		Ql
1	1.000176	0.000006	1.000175	0.874238	-0.505810	0.000000	0.000000
2	1.027783	0.072807	1.030360	1.169162	-0.380453	0.000000	0.000000
3	1.031332	0.081562	1.034554	1.144519	-0.500712	0.000000	0.000000
4	1.029304	-0.050332	1.030534	0.000000	0.000000	0.000000	0.000000
5	1.041521	-0.080403	1.044621	0.000000	0.000000	0.900000	0.300000
6	1.064717	0.019171	1.064891	0.000000	0.000000	0.000000	0.000000
7	1.055663	-0.029768	1.056084	0.000000	0.000000	1.000000	0.350000
8	1.055814	0.003695	1.055822	0.000000	0.000000	0.000000	0.000000
9	1.021535	-0.098069	1.026233	0.000000	0.000000	1.250000	0.500000

Branch Results
LineID	From	To	Pik		Pki		Qik		Qki		LossP		LossQ
1	1	4	0.874148	-0.874008	-0.505800	0.564493	0.000140	0.058693
2	4	5	0.291553	-0.289405	-0.374828	0.045640	0.002148	-0.329188
3	5	6	-0.610642	0.624115	-0.345614	-0.392647	0.013473	-0.738260
4	3	6	1.144531	-1.144520	-0.500714	0.586155	0.000011	0.085440
5	6	7	0.520376	-0.517454	-0.193498	-0.252389	0.002922	-0.445888
6	7	8	-0.482577	0.484445	-0.097602	-0.219358	0.001868	-0.316960
7	8	2	-1.169173	1.169177	0.469443	-0.380454	0.000003	0.088989
8	8	9	0.684703	-0.670938	-0.250076	-0.344448	0.013764	-0.594524
9	9	4	-0.579107	0.582403	-0.155526	-0.189642	0.003295	-0.345169

Summary
Total Pg           : 3.187919
Total Qg           : -1.386975
Total Load P       : 3.150000
Total Load Q       : 1.150000
Total Active Loss  : 0.037624
Total Reactive Loss: -2.536866
Total Load Supplied: 100.009357%

========================================================================================================================
Update time: 2026-06-10 21:16:58
Iteration: 175
rho: 120
alpha: 0.010690193
objective_value: 4.09994247975
feasible: False
max_abs_h: 1.933184658871e-04
l2_norm_h: 3.054889194708e-04
lambda_inf_norm: 1.424768291810e+00
lambda_l2_norm: 7.208566876417e+00
------------------------------------------------------------------------------------------------------------------------
Bus Results
BusID	V_R		V_I		Vmag		Pg		Qg		Pl		Ql
1	1.000193	0.000006	1.000193	0.874154	-0.506650	0.000000	0.000000
2	1.027965	0.072779	1.030540	1.169128	-0.380219	0.000000	0.000000
3	1.031475	0.081557	1.034695	1.144670	-0.500780	0.000000	0.000000
4	1.029370	-0.050326	1.030600	0.000000	0.000000	0.000000	0.000000
5	1.041619	-0.080397	1.044718	0.000000	0.000000	0.900000	0.300000
6	1.064858	0.019166	1.065032	0.000000	0.000000	0.000000	0.000000
7	1.055820	-0.029775	1.056241	0.000000	0.000000	1.000000	0.350000
8	1.055974	0.003679	1.055982	0.000000	0.000000	0.000000	0.000000
9	1.021642	-0.098064	1.026338	0.000000	0.000000	1.250000	0.500000

Branch Results
LineID	From	To	Pik		Pki		Qik		Qki		LossP		LossQ
1	1	4	0.874064	-0.873919	-0.506640	0.565368	0.000145	0.058728
2	4	5	0.291496	-0.289341	-0.375201	0.045974	0.002155	-0.329227
3	5	6	-0.610710	0.624187	-0.345952	-0.392481	0.013477	-0.738433
4	3	6	1.144682	-1.144661	-0.500781	0.586221	0.000020	0.085439
5	6	7	0.520444	-0.517523	-0.193731	-0.252289	0.002921	-0.446020
6	7	8	-0.482508	0.484374	-0.097704	-0.219359	0.001866	-0.317063
7	8	2	-1.169131	1.169141	0.469167	-0.380220	0.000010	0.088947
8	8	9	0.684731	-0.670972	-0.249803	-0.344886	0.013760	-0.594689
9	9	4	-0.579073	0.582368	-0.155091	-0.190144	0.003295	-0.345234

Summary
Total Pg           : 3.187952
Total Qg           : -1.387648
Total Load P       : 3.150000
Total Load Q       : 1.150000
Total Active Loss  : 0.037650
Total Reactive Loss: -2.537552
Total Load Supplied: 100.009590%

========================================================================================================================
Update time: 2026-06-10 21:19:10
Iteration: 176
rho: 120
alpha: 0.010690193
objective_value: 4.09998771036
feasible: False
max_abs_h: 1.519785396540e-04
l2_norm_h: 2.905966172346e-04
lambda_inf_norm: 1.424767698891e+00
lambda_l2_norm: 7.208564853739e+00
------------------------------------------------------------------------------------------------------------------------
Bus Results
BusID	V_R		V_I		Vmag		Pg		Qg		Pl		Ql
1	1.000152	-0.000027	1.000152	0.874077	-0.507474	0.000000	0.000000
2	1.028116	0.072711	1.030685	1.169088	-0.379847	0.000000	0.000000
3	1.031569	0.081517	1.034787	1.144823	-0.500812	0.000000	0.000000
4	1.029375	-0.050358	1.030607	0.000000	0.000000	0.000000	0.000000
5	1.041655	-0.080432	1.044757	0.000000	0.000000	0.900000	0.300000
6	1.064949	0.019121	1.065122	0.000000	0.000000	0.000000	0.000000
7	1.055929	-0.029825	1.056352	0.000000	0.000000	1.000000	0.350000
8	1.056093	0.003619	1.056101	0.000000	0.000000	0.000000	0.000000
9	1.021688	-0.098100	1.026388	0.000000	0.000000	1.250000	0.500000

Branch Results
LineID	From	To	Pik		Pki		Qik		Qki		LossP		LossQ
1	1	4	0.873987	-0.873842	-0.507464	0.566236	0.000145	0.058772
2	4	5	0.291442	-0.289282	-0.375552	0.046316	0.002160	-0.329236
3	5	6	-0.610770	0.624251	-0.346291	-0.392243	0.013481	-0.738535
4	3	6	1.144835	-1.144810	-0.500813	0.586253	0.000025	0.085440
5	6	7	0.520526	-0.517600	-0.193997	-0.252122	0.002926	-0.446119
6	7	8	-0.482433	0.484301	-0.097864	-0.219294	0.001868	-0.317157
7	8	2	-1.169088	1.169102	0.468740	-0.379848	0.000014	0.088892
8	8	9	0.684761	-0.670999	-0.249434	-0.345372	0.013762	-0.594806
9	9	4	-0.579046	0.582343	-0.154601	-0.190660	0.003297	-0.345261

Summary
Total Pg           : 3.187988
Total Qg           : -1.388133
Total Load P       : 3.150000
Total Load Q       : 1.150000
Total Active Loss  : 0.037678
Total Reactive Loss: -2.538012
Total Load Supplied: 100.009842%

========================================================================================================================
Update time: 2026-06-10 21:21:22
Iteration: 177
rho: 120
alpha: 0.01
objective_value: 4.10000744618
feasible: False
max_abs_h: 1.630671413964e-04
l2_norm_h: 3.044448580092e-04
lambda_inf_norm: 1.424767086042e+00
lambda_l2_norm: 7.208562795647e+00
------------------------------------------------------------------------------------------------------------------------
Bus Results
BusID	V_R		V_I		Vmag		Pg		Qg		Pl		Ql
1	1.000163	0.000009	1.000162	0.874098	-0.507982	0.000000	0.000000
2	1.028210	0.072715	1.030780	1.168996	-0.379750	0.000000	0.000000
3	1.031643	0.081542	1.034863	1.144908	-0.500862	0.000000	0.000000
4	1.029417	-0.050321	1.030646	0.000000	0.000000	0.000000	0.000000
5	1.041716	-0.080397	1.044815	0.000000	0.000000	0.900000	0.300000
6	1.065025	0.019147	1.065199	0.000000	0.000000	0.000000	0.000000
7	1.056015	-0.029803	1.056437	0.000000	0.000000	1.000000	0.350000
8	1.056179	0.003634	1.056187	0.000000	0.000000	0.000000	0.000000
9	1.021752	-0.098068	1.026449	0.000000	0.000000	1.250000	0.500000

Branch Results
LineID	From	To	Pik		Pki		Qik		Qki		LossP		LossQ
1	1	4	0.874009	-0.873865	-0.507969	0.566759	0.000144	0.058790
2	4	5	0.291432	-0.289270	-0.375782	0.046503	0.002162	-0.329279
3	5	6	-0.610782	0.624262	-0.346472	-0.392178	0.013480	-0.738650
4	3	6	1.144919	-1.144888	-0.500864	0.586305	0.000031	0.085441
5	6	7	0.520593	-0.517661	-0.194112	-0.252072	0.002931	-0.446184
6	7	8	-0.482373	0.484242	-0.097917	-0.219297	0.001869	-0.317214
7	8	2	-1.169002	1.169010	0.468617	-0.379752	0.000008	0.088865
8	8	9	0.684733	-0.670974	-0.249312	-0.345603	0.013759	-0.594915
9	9	4	-0.579073	0.582376	-0.154365	-0.190945	0.003302	-0.345310

Summary
Total Pg           : 3.188002
Total Qg           : -1.388594
Total Load P       : 3.150000
Total Load Q       : 1.150000
Total Active Loss  : 0.037686
Total Reactive Loss: -2.538457
Total Load Supplied: 100.010044%

========================================================================================================================
Update time: 2026-06-10 21:23:35
Iteration: 178
rho: 120
alpha: 0.01
objective_value: 4.1000294716
feasible: False
max_abs_h: 1.476670507301e-04
l2_norm_h: 2.991327232992e-04
lambda_inf_norm: 1.424766520859e+00
lambda_l2_norm: 7.208560834014e+00
------------------------------------------------------------------------------------------------------------------------
Bus Results
BusID	V_R		V_I		Vmag		Pg		Qg		Pl		Ql
1	1.000148	0.000014	1.000148	0.874050	-0.508588	0.000000	0.000000
2	1.028327	0.072690	1.030895	1.168935	-0.379514	0.000000	0.000000
3	1.031724	0.081545	1.034944	1.145036	-0.500878	0.000000	0.000000
4	1.029437	-0.050314	1.030667	0.000000	0.000000	0.000000	0.000000
5	1.041760	-0.080390	1.044859	0.000000	0.000000	0.900000	0.300000
6	1.065105	0.019147	1.065279	0.000000	0.000000	0.000000	0.000000
7	1.056108	-0.029808	1.056530	0.000000	0.000000	1.000000	0.350000
8	1.056276	0.003620	1.056284	0.000000	0.000000	0.000000	0.000000
9	1.021804	-0.098064	1.026500	0.000000	0.000000	1.250000	0.500000

Branch Results
LineID	From	To	Pik		Pki		Qik		Qki		LossP		LossQ
1	1	4	0.873960	-0.873814	-0.508576	0.567402	0.000146	0.058825
2	4	5	0.291388	-0.289222	-0.376048	0.046755	0.002165	-0.329292
3	5	6	-0.610831	0.624315	-0.346724	-0.392020	0.013483	-0.738744
4	3	6	1.145048	-1.145024	-0.500880	0.586324	0.000024	0.085444
5	6	7	0.520675	-0.517744	-0.194290	-0.251970	0.002931	-0.446260
6	7	8	-0.482291	0.484162	-0.098018	-0.219263	0.001872	-0.317282
7	8	2	-1.168931	1.168948	0.468337	-0.379515	0.000017	0.088822
8	8	9	0.684740	-0.670978	-0.249064	-0.345951	0.013761	-0.595015
9	9	4	-0.579068	0.582368	-0.154016	-0.191323	0.003300	-0.345339

Summary
Total Pg           : 3.188021
Total Qg           : -1.388980
Total Load P       : 3.150000
Total Load Q       : 1.150000
Total Active Loss  : 0.037700
Total Reactive Loss: -2.538840
Total Load Supplied: 100.010166%

========================================================================================================================
Update time: 2026-06-10 21:25:46
Iteration: 179
rho: 120
alpha: 0.01
objective_value: 4.10002310367
feasible: False
max_abs_h: 1.484879819960e-04
l2_norm_h: 2.903567543682e-04
lambda_inf_norm: 1.424765957069e+00
lambda_l2_norm: 7.208558874185e+00
------------------------------------------------------------------------------------------------------------------------
Bus Results
BusID	V_R		V_I		Vmag		Pg		Qg		Pl		Ql
1	1.000148	-0.000018	1.000148	0.874029	-0.509346	0.000000	0.000000
2	1.028489	0.072612	1.031051	1.168847	-0.379296	0.000000	0.000000
3	1.031862	0.081490	1.035076	1.145142	-0.500844	0.000000	0.000000
4	1.029480	-0.050346	1.030711	0.000000	0.000000	0.000000	0.000000
5	1.041835	-0.080426	1.044935	0.000000	0.000000	0.900000	0.300000
6	1.065232	0.019093	1.065405	0.000000	0.000000	0.000000	0.000000
7	1.056244	-0.029864	1.056667	0.000000	0.000000	1.000000	0.350000
8	1.056414	0.003554	1.056421	0.000000	0.000000	0.000000	0.000000
9	1.021882	-0.098101	1.026581	0.000000	0.000000	1.250000	0.500000

Branch Results
LineID	From	To	Pik		Pki		Qik		Qki		LossP		LossQ
1	1	4	0.873938	-0.873792	-0.509336	0.568214	0.000146	0.058878
2	4	5	0.291355	-0.289190	-0.376414	0.047110	0.002165	-0.329304
3	5	6	-0.610863	0.624345	-0.347088	-0.391806	0.013482	-0.738894
4	3	6	1.145154	-1.145130	-0.500845	0.586278	0.000023	0.085433
5	6	7	0.520750	-0.517818	-0.194458	-0.251917	0.002932	-0.446375
6	7	8	-0.482217	0.484088	-0.098074	-0.219297	0.001871	-0.317371
7	8	2	-1.168843	1.168860	0.468074	-0.379297	0.000017	0.088777
8	8	9	0.684726	-0.670965	-0.248771	-0.346383	0.013761	-0.595153
9	9	4	-0.579081	0.582380	-0.153592	-0.191777	0.003298	-0.345369

Summary
Total Pg           : 3.188017
Total Qg           : -1.389486
Total Load P       : 3.150000
Total Load Q       : 1.150000
Total Active Loss  : 0.037697
Total Reactive Loss: -2.539378
Total Load Supplied: 100.010181%

========================================================================================================================
Update time: 2026-06-10 21:27:57
Iteration: 180
rho: 120
alpha: 0.01
objective_value: 4.09992279526
feasible: False
max_abs_h: 1.664083273896e-04
l2_norm_h: 2.967412421570e-04
lambda_inf_norm: 1.424765418015e+00
lambda_l2_norm: 7.208557045751e+00
------------------------------------------------------------------------------------------------------------------------
Bus Results
BusID	V_R		V_I		Vmag		Pg		Qg		Pl		Ql
1	1.000166	-0.000002	1.000166	0.873929	-0.510149	0.000000	0.000000
2	1.028652	0.072600	1.031212	1.168763	-0.379141	0.000000	0.000000
3	1.031990	0.081504	1.035205	1.145255	-0.500925	0.000000	0.000000
4	1.029545	-0.050323	1.030774	0.000000	0.000000	0.000000	0.000000
5	1.041929	-0.080402	1.045028	0.000000	0.000000	0.900000	0.300000
6	1.065362	0.019107	1.065535	0.000000	0.000000	0.000000	0.000000
7	1.056389	-0.029851	1.056813	0.000000	0.000000	1.000000	0.350000
8	1.056561	0.003556	1.056569	0.000000	0.000000	0.000000	0.000000
9	1.021985	-0.098079	1.026682	0.000000	0.000000	1.250000	0.500000

Branch Results
LineID	From	To	Pik		Pki		Qik		Qki		LossP		LossQ
1	1	4	0.873838	-0.873697	-0.510139	0.569048	0.000141	0.058908
2	4	5	0.291293	-0.289125	-0.376770	0.047414	0.002168	-0.329356
3	5	6	-0.610927	0.624407	-0.347387	-0.391677	0.013480	-0.739065
4	3	6	1.145267	-1.145251	-0.500927	0.586361	0.000016	0.085434
5	6	7	0.520812	-0.517888	-0.194673	-0.251821	0.002924	-0.446495
6	7	8	-0.482142	0.484001	-0.098167	-0.219312	0.001859	-0.317479
7	8	2	-1.168770	1.168777	0.467873	-0.379143	0.000007	0.088730
8	8	9	0.684744	-0.670993	-0.248551	-0.346777	0.013751	-0.595327
9	9	4	-0.579051	0.582347	-0.153193	-0.192250	0.003295	-0.345443

Summary
Total Pg           : 3.187947
Total Qg           : -1.390215
Total Load P       : 3.150000
Total Load Q       : 1.150000
Total Active Loss  : 0.037642
Total Reactive Loss: -2.540093
Total Load Supplied: 100.009692%

========================================================================================================================
Update time: 2026-06-10 21:30:08
Iteration: 181
rho: 120
alpha: 0.01
objective_value: 4.09987507234
feasible: False
max_abs_h: 1.802831454381e-04
l2_norm_h: 3.007224355945e-04
lambda_inf_norm: 1.424764882903e+00
lambda_l2_norm: 7.208555276636e+00
------------------------------------------------------------------------------------------------------------------------
Bus Results
BusID	V_R		V_I		Vmag		Pg		Qg		Pl		Ql
1	1.000180	0.000000	1.000180	0.873907	-0.510836	0.000000	0.000000
2	1.028798	0.072561	1.031356	1.168663	-0.378958	0.000000	0.000000
3	1.032101	0.081491	1.035315	1.145342	-0.501012	0.000000	0.000000
4	1.029598	-0.050318	1.030827	0.000000	0.000000	0.000000	0.000000
5	1.042009	-0.080399	1.045107	0.000000	0.000000	0.900000	0.300000
6	1.065473	0.019096	1.065646	0.000000	0.000000	0.000000	0.000000
7	1.056514	-0.029866	1.056938	0.000000	0.000000	1.000000	0.350000
8	1.056689	0.003531	1.056697	0.000000	0.000000	0.000000	0.000000
9	1.022071	-0.098079	1.026767	0.000000	0.000000	1.250000	0.500000

Branch Results
LineID	From	To	Pik		Pki		Qik		Qki		LossP		LossQ
1	1	4	0.873816	-0.873673	-0.510825	0.569768	0.000143	0.058943
2	4	5	0.291258	-0.289094	-0.377083	0.047689	0.002164	-0.329394
3	5	6	-0.610956	0.624424	-0.347661	-0.391560	0.013468	-0.739221
4	3	6	1.145354	-1.145340	-0.501015	0.586445	0.000015	0.085430
5	6	7	0.520889	-0.517970	-0.194871	-0.251731	0.002919	-0.446602
6	7	8	-0.482060	0.483918	-0.098258	-0.219304	0.001858	-0.317563
7	8	2	-1.168666	1.168676	0.467646	-0.378960	0.000010	0.088686
8	8	9	0.684724	-0.670975	-0.248334	-0.347137	0.013749	-0.595471
9	9	4	-0.579068	0.582361	-0.152836	-0.192656	0.003293	-0.345492

Summary
Total Pg           : 3.187913
Total Qg           : -1.390807
Total Load P       : 3.150000
Total Load Q       : 1.150000
Total Active Loss  : 0.037619
Total Reactive Loss: -2.540685
Total Load Supplied: 100.009355%

========================================================================================================================
Update time: 2026-06-10 21:32:19
Iteration: 182
rho: 120
alpha: 0.01
objective_value: 4.10001655061
feasible: False
max_abs_h: 2.073322466609e-04
l2_norm_h: 3.359350829028e-04
lambda_inf_norm: 1.424764308146e+00
lambda_l2_norm: 7.208553303669e+00
------------------------------------------------------------------------------------------------------------------------
Bus Results
BusID	V_R		V_I		Vmag		Pg		Qg		Pl		Ql
1	1.000207	-0.000062	1.000207	0.874017	-0.511429	0.000000	0.000000
2	1.028946	0.072447	1.031495	1.168603	-0.378794	0.000000	0.000000
3	1.032205	0.081392	1.035410	1.145394	-0.501175	0.000000	0.000000
4	1.029655	-0.050387	1.030887	0.000000	0.000000	0.000000	0.000000
5	1.042083	-0.080476	1.045187	0.000000	0.000000	0.900000	0.300000
6	1.065577	0.018998	1.065748	0.000000	0.000000	0.000000	0.000000
7	1.056631	-0.029965	1.057057	0.000000	0.000000	1.000000	0.350000
8	1.056814	0.003426	1.056822	0.000000	0.000000	0.000000	0.000000
9	1.022154	-0.098153	1.026857	0.000000	0.000000	1.250000	0.500000

Branch Results
LineID	From	To	Pik		Pki		Qik		Qki		LossP		LossQ
1	1	4	0.873928	-0.873779	-0.511417	0.570401	0.000149	0.058984
2	4	5	0.291307	-0.289135	-0.377338	0.047910	0.002172	-0.329427
3	5	6	-0.610921	0.624405	-0.347882	-0.391494	0.013484	-0.739376
4	3	6	1.145406	-1.145381	-0.501177	0.586604	0.000025	0.085428
5	6	7	0.520939	-0.518007	-0.195096	-0.251606	0.002932	-0.446702
6	7	8	-0.482029	0.483897	-0.098384	-0.219262	0.001867	-0.317646
7	8	2	-1.168603	1.168617	0.467440	-0.378796	0.000014	0.088643
8	8	9	0.684677	-0.670929	-0.248169	-0.347462	0.013748	-0.595631
9	9	4	-0.579116	0.582415	-0.152509	-0.193036	0.003300	-0.345545

Summary
Total Pg           : 3.188014
Total Qg           : -1.391399
Total Load P       : 3.150000
Total Load Q       : 1.150000
Total Active Loss  : 0.037692
Total Reactive Loss: -2.541273
Total Load Supplied: 100.010240%

========================================================================================================================
Update time: 2026-06-10 21:34:30
Iteration: 183
rho: 120
alpha: 0.01
objective_value: 4.09995657395
feasible: False
max_abs_h: 1.946238277055e-04
l2_norm_h: 3.237859965505e-04
lambda_inf_norm: 1.424763751525e+00
lambda_l2_norm: 7.208551406523e+00
------------------------------------------------------------------------------------------------------------------------
Bus Results
BusID	V_R		V_I		Vmag		Pg		Qg		Pl		Ql
1	1.000195	0.000067	1.000195	0.873867	-0.512286	0.000000	0.000000
2	1.029106	0.072555	1.031662	1.168552	-0.378476	0.000000	0.000000
3	1.032315	0.081532	1.035532	1.145556	-0.501200	0.000000	0.000000
4	1.029699	-0.050246	1.030924	0.000000	0.000000	0.000000	0.000000
5	1.042165	-0.080331	1.045257	0.000000	0.000000	0.900000	0.300000
6	1.065694	0.019140	1.065867	0.000000	0.000000	0.000000	0.000000
7	1.056772	-0.029830	1.057195	0.000000	0.000000	1.000000	0.350000
8	1.056957	0.003549	1.056964	0.000000	0.000000	0.000000	0.000000
9	1.022247	-0.098015	1.026936	0.000000	0.000000	1.250000	0.500000

Branch Results
LineID	From	To	Pik		Pki		Qik		Qki		LossP		LossQ
1	1	4	0.873775	-0.873633	-0.512275	0.571300	0.000142	0.059025
2	4	5	0.291205	-0.289036	-0.377714	0.048254	0.002169	-0.329460
3	5	6	-0.611016	0.624490	-0.348227	-0.391284	0.013474	-0.739511
4	3	6	1.145569	-1.145551	-0.501201	0.586636	0.000018	0.085435
5	6	7	0.521029	-0.518102	-0.195340	-0.251471	0.002926	-0.446811
6	7	8	-0.481931	0.483795	-0.098521	-0.219225	0.001864	-0.317746
7	8	2	-1.168549	1.168565	0.467071	-0.378477	0.000016	0.088594
8	8	9	0.684726	-0.670971	-0.247837	-0.347933	0.013755	-0.595770
9	9	4	-0.579075	0.582372	-0.152037	-0.193558	0.003298	-0.345595

Summary
Total Pg           : 3.187976
Total Qg           : -1.391962
Total Load P       : 3.150000
Total Load Q       : 1.150000
Total Active Loss  : 0.037663
Total Reactive Loss: -2.541839
Total Load Supplied: 100.009935%

========================================================================================================================
Update time: 2026-06-10 21:36:42
Iteration: 184
rho: 120
alpha: 0.01
objective_value: 4.10005078338
feasible: False
max_abs_h: 1.621016103863e-04
l2_norm_h: 3.127654560563e-04
lambda_inf_norm: 1.424763162118e+00
lambda_l2_norm: 7.208549372767e+00
------------------------------------------------------------------------------------------------------------------------
Bus Results
BusID	V_R		V_I		Vmag		Pg		Qg		Pl		Ql
1	1.000162	-0.000009	1.000162	0.873832	-0.512928	0.000000	0.000000
2	1.029215	0.072447	1.031762	1.168485	-0.378255	0.000000	0.000000
3	1.032401	0.081453	1.035611	1.145730	-0.501136	0.000000	0.000000
4	1.029700	-0.050324	1.030929	0.000000	0.000000	0.000000	0.000000
5	1.042190	-0.080411	1.045288	0.000000	0.000000	0.900000	0.300000
6	1.065769	0.019053	1.065940	0.000000	0.000000	0.000000	0.000000
7	1.056853	-0.029922	1.057277	0.000000	0.000000	1.000000	0.350000
8	1.057041	0.003449	1.057048	0.000000	0.000000	0.000000	0.000000
9	1.022274	-0.098097	1.026971	0.000000	0.000000	1.250000	0.500000

Branch Results
LineID	From	To	Pik		Pki		Qik		Qki		LossP		LossQ
1	1	4	0.873741	-0.873589	-0.512916	0.571970	0.000153	0.059054
2	4	5	0.291158	-0.288978	-0.378004	0.048534	0.002180	-0.329469
3	5	6	-0.611079	0.624560	-0.348504	-0.391084	0.013482	-0.739589
4	3	6	1.145742	-1.145720	-0.501137	0.586573	0.000022	0.085435
5	6	7	0.521125	-0.518193	-0.195473	-0.251410	0.002933	-0.446883
6	7	8	-0.481843	0.483712	-0.098579	-0.219231	0.001868	-0.317810
7	8	2	-1.168479	1.168498	0.466813	-0.378257	0.000019	0.088556
8	8	9	0.684738	-0.670982	-0.247571	-0.348281	0.013756	-0.595852
9	9	4	-0.579066	0.582370	-0.151685	-0.193932	0.003304	-0.345618

Summary
Total Pg           : 3.188047
Total Qg           : -1.392319
Total Load P       : 3.150000
Total Load Q       : 1.150000
Total Active Loss  : 0.037716
Total Reactive Loss: -2.542176
Total Load Supplied: 100.010499%

========================================================================================================================
Update time: 2026-06-10 21:38:55
Iteration: 185
rho: 120
alpha: 0.01
objective_value: 4.10004086456
feasible: False
max_abs_h: 1.587329390427e-04
l2_norm_h: 3.030540356288e-04
lambda_inf_norm: 1.424762560465e+00
lambda_l2_norm: 7.208547347375e+00
------------------------------------------------------------------------------------------------------------------------
Bus Results
BusID	V_R		V_I		Vmag		Pg		Qg		Pl		Ql
1	1.000159	0.000000	1.000159	0.873797	-0.513485	0.000000	0.000000
2	1.029349	0.072424	1.031896	1.168424	-0.377926	0.000000	0.000000
3	1.032476	0.081453	1.035686	1.145820	-0.501239	0.000000	0.000000
4	1.029729	-0.050313	1.030958	0.000000	0.000000	0.000000	0.000000
5	1.042239	-0.080401	1.045337	0.000000	0.000000	0.900000	0.300000
6	1.065847	0.019053	1.066019	0.000000	0.000000	0.000000	0.000000
7	1.056951	-0.029926	1.057377	0.000000	0.000000	1.000000	0.350000
8	1.057150	0.003435	1.057157	0.000000	0.000000	0.000000	0.000000
9	1.022335	-0.098089	1.027031	0.000000	0.000000	1.250000	0.500000

Branch Results
LineID	From	To	Pik		Pki		Qik		Qki		LossP		LossQ
1	1	4	0.873706	-0.873554	-0.513475	0.572564	0.000153	0.059089
2	4	5	0.291130	-0.288951	-0.378225	0.048750	0.002180	-0.329475
3	5	6	-0.611105	0.624584	-0.348725	-0.390953	0.013478	-0.739678
4	3	6	1.145832	-1.145807	-0.501240	0.586682	0.000024	0.085442
5	6	7	0.521189	-0.518256	-0.195720	-0.251232	0.002933	-0.446952
6	7	8	-0.481780	0.483649	-0.098759	-0.219119	0.001869	-0.317878
7	8	2	-1.168418	1.168437	0.466437	-0.377927	0.000019	0.088510
8	8	9	0.684738	-0.670984	-0.247312	-0.348646	0.013753	-0.595958
9	9	4	-0.579062	0.582364	-0.151327	-0.194312	0.003302	-0.345638

Summary
Total Pg           : 3.188041
Total Qg           : -1.392650
Total Load P       : 3.150000
Total Load Q       : 1.150000
Total Active Loss  : 0.037711
Total Reactive Loss: -2.542539
Total Load Supplied: 100.010488%

========================================================================================================================
Update time: 2026-06-10 21:41:06
Iteration: 186
rho: 120
alpha: 0.01
objective_value: 4.09999338586
feasible: False
max_abs_h: 1.268116291238e-04
l2_norm_h: 3.045447888748e-04
lambda_inf_norm: 1.424762008495e+00
lambda_l2_norm: 7.208545382142e+00
------------------------------------------------------------------------------------------------------------------------
Bus Results
BusID	V_R		V_I		Vmag		Pg		Qg		Pl		Ql
1	1.000127	0.000101	1.000126	0.873601	-0.514237	0.000000	0.000000
2	1.029474	0.072521	1.032028	1.168417	-0.377612	0.000000	0.000000
3	1.032559	0.081577	1.035778	1.145995	-0.501212	0.000000	0.000000
4	1.029747	-0.050199	1.030969	0.000000	0.000000	0.000000	0.000000
5	1.042290	-0.080282	1.045377	0.000000	0.000000	0.900000	0.300000
6	1.065934	0.019175	1.066108	0.000000	0.000000	0.000000	0.000000
7	1.057058	-0.029809	1.057481	0.000000	0.000000	1.000000	0.350000
8	1.057258	0.003543	1.057266	0.000000	0.000000	0.000000	0.000000
9	1.022396	-0.097975	1.027081	0.000000	0.000000	1.250000	0.500000

Branch Results
LineID	From	To	Pik		Pki		Qik		Qki		LossP		LossQ
1	1	4	0.873508	-0.873358	-0.514227	0.573344	0.000150	0.059117
2	4	5	0.291016	-0.288838	-0.378540	0.049051	0.002179	-0.329489
3	5	6	-0.611216	0.624698	-0.349027	-0.390734	0.013481	-0.739761
4	3	6	1.146007	-1.145989	-0.501213	0.586664	0.000018	0.085451
5	6	7	0.521260	-0.518331	-0.195920	-0.251116	0.002930	-0.447036
6	7	8	-0.481705	0.483570	-0.098876	-0.219078	0.001865	-0.317954
7	8	2	-1.168412	1.168430	0.466085	-0.377613	0.000018	0.088472
8	8	9	0.684814	-0.671061	-0.246997	-0.349060	0.013753	-0.596056
9	9	4	-0.578983	0.582282	-0.150906	-0.194775	0.003299	-0.345681

Summary
Total Pg           : 3.188013
Total Qg           : -1.393061
Total Load P       : 3.150000
Total Load Q       : 1.150000
Total Active Loss  : 0.037692
Total Reactive Loss: -2.542937
Total Load Supplied: 100.010184%

========================================================================================================================
Update time: 2026-06-10 21:43:19
Iteration: 187
rho: 120
alpha: 0.01
objective_value: 4.09997196843
feasible: False
max_abs_h: 1.498568069642e-04
l2_norm_h: 2.900494056425e-04
lambda_inf_norm: 1.424761435698e+00
lambda_l2_norm: 7.208543440345e+00
------------------------------------------------------------------------------------------------------------------------
Bus Results
BusID	V_R		V_I		Vmag		Pg		Qg		Pl		Ql
1	1.000150	-0.000033	1.000150	0.873542	-0.514867	0.000000	0.000000
2	1.029640	0.072352	1.032181	1.168350	-0.377392	0.000000	0.000000
3	1.032681	0.081431	1.035888	1.146106	-0.501334	0.000000	0.000000
4	1.029799	-0.050333	1.031028	0.000000	0.000000	0.000000	0.000000
5	1.042361	-0.080417	1.045460	0.000000	0.000000	0.900000	0.300000
6	1.066050	0.019026	1.066221	0.000000	0.000000	0.000000	0.000000
7	1.057186	-0.029960	1.057612	0.000000	0.000000	1.000000	0.350000
8	1.057395	0.003382	1.057402	0.000000	0.000000	0.000000	0.000000
9	1.022474	-0.098110	1.027171	0.000000	0.000000	1.250000	0.500000

Branch Results
LineID	From	To	Pik		Pki		Qik		Qki		LossP		LossQ
1	1	4	0.873451	-0.873301	-0.514856	0.574005	0.000150	0.059150
2	4	5	0.290972	-0.288794	-0.378818	0.049301	0.002178	-0.329516
3	5	6	-0.611259	0.624736	-0.349283	-0.390624	0.013476	-0.739907
4	3	6	1.146119	-1.146094	-0.501335	0.586788	0.000025	0.085453
5	6	7	0.521326	-0.518397	-0.196155	-0.250990	0.002929	-0.447145
6	7	8	-0.481637	0.483498	-0.099000	-0.219048	0.001860	-0.318048
7	8	2	-1.168346	1.168364	0.465825	-0.377394	0.000017	0.088430
8	8	9	0.684821	-0.671072	-0.246769	-0.349425	0.013750	-0.596194
9	9	4	-0.578974	0.582272	-0.150552	-0.195165	0.003297	-0.345717

Summary
Total Pg           : 3.187999
Total Qg           : -1.393594
Total Load P       : 3.150000
Total Load Q       : 1.150000
Total Active Loss  : 0.037683
Total Reactive Loss: -2.543494
Total Load Supplied: 100.010033%

========================================================================================================================
Update time: 2026-06-10 21:45:30
Iteration: 188
rho: 120
alpha: 0.01
objective_value: 4.10001744705
feasible: False
max_abs_h: 1.556981445887e-04
l2_norm_h: 3.055987698615e-04
lambda_inf_norm: 1.424760847256e+00
lambda_l2_norm: 7.208541428697e+00
------------------------------------------------------------------------------------------------------------------------
Bus Results
BusID	V_R		V_I		Vmag		Pg		Qg		Pl		Ql
1	1.000156	0.000005	1.000156	0.873540	-0.515481	0.000000	0.000000
2	1.029760	0.072358	1.032301	1.168280	-0.377213	0.000000	0.000000
3	1.032761	0.081461	1.035971	1.146213	-0.501441	0.000000	0.000000
4	1.029841	-0.050293	1.031069	0.000000	0.000000	0.000000	0.000000
5	1.042427	-0.080379	1.045522	0.000000	0.000000	0.900000	0.300000
6	1.066136	0.019056	1.066308	0.000000	0.000000	0.000000	0.000000
7	1.057287	-0.029935	1.057713	0.000000	0.000000	1.000000	0.350000
8	1.057500	0.003399	1.057507	0.000000	0.000000	0.000000	0.000000
9	1.022547	-0.098074	1.027241	0.000000	0.000000	1.250000	0.500000

Branch Results
LineID	From	To	Pik		Pki		Qik		Qki		LossP		LossQ
1	1	4	0.873449	-0.873298	-0.515469	0.574650	0.000151	0.059180
2	4	5	0.290954	-0.288770	-0.379082	0.049520	0.002185	-0.329561
3	5	6	-0.611287	0.624768	-0.349493	-0.390541	0.013482	-0.740034
4	3	6	1.146225	-1.146207	-0.501443	0.586900	0.000018	0.085457
5	6	7	0.521404	-0.518467	-0.196349	-0.250879	0.002937	-0.447228
6	7	8	-0.481571	0.483438	-0.099112	-0.219009	0.001866	-0.318120
7	8	2	-1.168282	1.168293	0.465609	-0.377214	0.000011	0.088394
8	8	9	0.684815	-0.671065	-0.246593	-0.349732	0.013750	-0.596325
9	9	4	-0.578983	0.582284	-0.150236	-0.195538	0.003301	-0.345774

Summary
Total Pg           : 3.188033
Total Qg           : -1.394135
Total Load P       : 3.150000
Total Load Q       : 1.150000
Total Active Loss  : 0.037701
Total Reactive Loss: -2.544011
Total Load Supplied: 100.010545%

========================================================================================================================
Update time: 2026-06-10 21:47:41
Iteration: 189
rho: 120
alpha: 0.01
objective_value: 4.0999226019
feasible: False
max_abs_h: 1.840552215957e-04
l2_norm_h: 3.310823118190e-04
lambda_inf_norm: 1.424760275818e+00
lambda_l2_norm: 7.208539542434e+00
------------------------------------------------------------------------------------------------------------------------
Bus Results
BusID	V_R		V_I		Vmag		Pg		Qg		Pl		Ql
1	1.000184	0.000105	1.000184	0.873407	-0.516157	0.000000	0.000000
2	1.029910	0.072452	1.032457	1.168284	-0.377032	0.000000	0.000000
3	1.032868	0.081567	1.036085	1.146277	-0.501587	0.000000	0.000000
4	1.029913	-0.050180	1.031135	0.000000	0.000000	0.000000	0.000000
5	1.042526	-0.080262	1.045612	0.000000	0.000000	0.900000	0.300000
6	1.066253	0.019169	1.066427	0.000000	0.000000	0.000000	0.000000
7	1.057427	-0.029822	1.057849	0.000000	0.000000	1.000000	0.350000
8	1.057640	0.003505	1.057648	0.000000	0.000000	0.000000	0.000000
9	1.022657	-0.097960	1.027339	0.000000	0.000000	1.250000	0.500000

Branch Results
LineID	From	To	Pik		Pki		Qik		Qki		LossP		LossQ
1	1	4	0.873314	-0.873162	-0.516147	0.575351	0.000152	0.059204
2	4	5	0.290877	-0.288698	-0.379373	0.049765	0.002179	-0.329609
3	5	6	-0.611354	0.624825	-0.349737	-0.390458	0.013471	-0.740194
4	3	6	1.146289	-1.146279	-0.501588	0.587046	0.000010	0.085457
5	6	7	0.521426	-0.518502	-0.196578	-0.250767	0.002924	-0.447344
6	7	8	-0.481531	0.483390	-0.099224	-0.218988	0.001858	-0.318213
7	8	2	-1.168288	1.168297	0.465393	-0.377033	0.000009	0.088360
8	8	9	0.684873	-0.671122	-0.246399	-0.350074	0.013751	-0.596473
9	9	4	-0.578926	0.582226	-0.149894	-0.195948	0.003300	-0.345842

Summary
Total Pg           : 3.187968
Total Qg           : -1.394776
Total Load P       : 3.150000
Total Load Q       : 1.150000
Total Active Loss  : 0.037653
Total Reactive Loss: -2.544654
Total Load Supplied: 100.009980%

========================================================================================================================
Update time: 2026-06-10 21:49:53
Iteration: 190
rho: 120
alpha: 0.01
objective_value: 4.10000260344
feasible: False
max_abs_h: 1.563887840725e-04
l2_norm_h: 3.152396356375e-04
lambda_inf_norm: 1.424759678504e+00
lambda_l2_norm: 7.208537539549e+00
------------------------------------------------------------------------------------------------------------------------
Bus Results
BusID	V_R		V_I		Vmag		Pg		Qg		Pl		Ql
1	1.000156	-0.000053	1.000157	0.873411	-0.516752	0.000000	0.000000
2	1.030026	0.072250	1.032559	1.168206	-0.376779	0.000000	0.000000
3	1.032944	0.081392	1.036148	1.146410	-0.501634	0.000000	0.000000
4	1.029912	-0.050346	1.031143	0.000000	0.000000	0.000000	0.000000
5	1.042543	-0.080433	1.045642	0.000000	0.000000	0.900000	0.300000
6	1.066320	0.018985	1.066491	0.000000	0.000000	0.000000	0.000000
7	1.057500	-0.030010	1.057928	0.000000	0.000000	1.000000	0.350000
8	1.057724	0.003308	1.057731	0.000000	0.000000	0.000000	0.000000
9	1.022678	-0.098130	1.027377	0.000000	0.000000	1.250000	0.500000

Branch Results
LineID	From	To	Pik		Pki		Qik		Qki		LossP		LossQ
1	1	4	0.873319	-0.873169	-0.516740	0.575980	0.000150	0.059240
2	4	5	0.290866	-0.288678	-0.379631	0.050009	0.002188	-0.329622
3	5	6	-0.611378	0.624860	-0.349975	-0.390305	0.013481	-0.740280
4	3	6	1.146422	-1.146396	-0.501635	0.587089	0.000027	0.085454
5	6	7	0.521502	-0.518574	-0.196768	-0.250647	0.002928	-0.447415
6	7	8	-0.481460	0.483316	-0.099339	-0.218940	0.001857	-0.318279
7	8	2	-1.168202	1.168219	0.465096	-0.376780	0.000017	0.088316
8	8	9	0.684858	-0.671109	-0.246147	-0.350418	0.013749	-0.596565
9	9	4	-0.578939	0.582241	-0.149547	-0.196316	0.003302	-0.345863

Summary
Total Pg           : 3.188027
Total Qg           : -1.395165
Total Load P       : 3.150000
Total Load Q       : 1.150000
Total Active Loss  : 0.037700
Total Reactive Loss: -2.545014
Total Load Supplied: 100.010382%

========================================================================================================================
Update time: 2026-06-10 21:52:05
Iteration: 191
rho: 120
alpha: 0.01
objective_value: 4.09997790314
feasible: False
max_abs_h: 1.585704790035e-04
l2_norm_h: 3.329120477111e-04
lambda_inf_norm: 1.424759099631e+00
lambda_l2_norm: 7.208535566136e+00
------------------------------------------------------------------------------------------------------------------------
Bus Results
BusID	V_R		V_I		Vmag		Pg		Qg		Pl		Ql
1	1.000126	0.000159	1.000126	0.873216	-0.517401	0.000000	0.000000
2	1.030132	0.072466	1.032680	1.168177	-0.376452	0.000000	0.000000
3	1.033012	0.081639	1.036235	1.146622	-0.501565	0.000000	0.000000
4	1.029931	-0.050117	1.031150	0.000000	0.000000	0.000000	0.000000
5	1.042596	-0.080196	1.045677	0.000000	0.000000	0.900000	0.300000
6	1.066396	0.019232	1.066572	0.000000	0.000000	0.000000	0.000000
7	1.057600	-0.029770	1.058021	0.000000	0.000000	1.000000	0.350000
8	1.057821	0.003537	1.057829	0.000000	0.000000	0.000000	0.000000
9	1.022741	-0.097901	1.027417	0.000000	0.000000	1.250000	0.500000

Branch Results
LineID	From	To	Pik		Pki		Qik		Qki		LossP		LossQ
1	1	4	0.873122	-0.872966	-0.517390	0.576654	0.000156	0.059264
2	4	5	0.290742	-0.288549	-0.379915	0.050287	0.002193	-0.329628
3	5	6	-0.611509	0.624994	-0.350255	-0.390087	0.013485	-0.740342
4	3	6	1.146635	-1.146614	-0.501566	0.587032	0.000021	0.085466
5	6	7	0.521590	-0.518666	-0.196932	-0.250549	0.002923	-0.447482
6	7	8	-0.481364	0.483215	-0.099441	-0.218900	0.001851	-0.318341
7	8	2	-1.168180	1.168190	0.464735	-0.376453	0.000010	0.088281
8	8	9	0.684941	-0.671191	-0.245830	-0.350797	0.013750	-0.596627
9	9	4	-0.578857	0.582160	-0.149173	-0.196708	0.003303	-0.345881

Summary
Total Pg           : 3.188015
Total Qg           : -1.395418
Total Load P       : 3.150000
Total Load Q       : 1.150000
Total Active Loss  : 0.037693
Total Reactive Loss: -2.545289
Total Load Supplied: 100.010225%

========================================================================================================================
Update time: 2026-06-10 21:54:17
Iteration: 192
rho: 120
alpha: 0.01
objective_value: 4.09992046722
feasible: False
max_abs_h: 1.500745611197e-04
l2_norm_h: 3.166384631645e-04
lambda_inf_norm: 1.424758509335e+00
lambda_l2_norm: 7.208533667682e+00
------------------------------------------------------------------------------------------------------------------------
Bus Results
BusID	V_R		V_I		Vmag		Pg		Qg		Pl		Ql
1	1.000098	0.000150	1.000099	0.873017	-0.518065	0.000000	0.000000
2	1.030241	0.072444	1.032787	1.168099	-0.376263	0.000000	0.000000
3	1.033103	0.081661	1.036327	1.146865	-0.501456	0.000000	0.000000
4	1.029942	-0.050116	1.031161	0.000000	0.000000	0.000000	0.000000
5	1.042635	-0.080188	1.045715	0.000000	0.000000	0.900000	0.300000
6	1.066480	0.019246	1.066656	0.000000	0.000000	0.000000	0.000000
7	1.057692	-0.029768	1.058113	0.000000	0.000000	1.000000	0.350000
8	1.057913	0.003527	1.057921	0.000000	0.000000	0.000000	0.000000
9	1.022784	-0.097901	1.027460	0.000000	0.000000	1.250000	0.500000

Branch Results
LineID	From	To	Pik		Pki		Qik		Qki		LossP		LossQ
1	1	4	0.872922	-0.872767	-0.518053	0.577335	0.000156	0.059282
2	4	5	0.290592	-0.288408	-0.380203	0.050561	0.002183	-0.329642
3	5	6	-0.611643	0.625118	-0.350533	-0.389874	0.013475	-0.740407
4	3	6	1.146878	-1.146872	-0.501456	0.586940	0.000006	0.085484
5	6	7	0.521729	-0.518811	-0.197057	-0.250490	0.002918	-0.447547
6	7	8	-0.481218	0.483068	-0.099498	-0.218920	0.001850	-0.318418
7	8	2	-1.168090	1.168111	0.464500	-0.376263	0.000021	0.088237
8	8	9	0.684995	-0.671240	-0.245570	-0.351148	0.013755	-0.596718
9	9	4	-0.578810	0.582114	-0.148816	-0.197098	0.003304	-0.345914

Summary
Total Pg           : 3.187980
Total Qg           : -1.395784
Total Load P       : 3.150000
Total Load Q       : 1.150000
Total Active Loss  : 0.037668
Total Reactive Loss: -2.545643
Total Load Supplied: 100.009903%

========================================================================================================================
Update time: 2026-06-10 21:56:29
Iteration: 193
rho: 120
alpha: 0.01
objective_value: 4.09983663865
feasible: False
max_abs_h: 1.648377881833e-04
l2_norm_h: 2.969562646796e-04
lambda_inf_norm: 1.424757974645e+00
lambda_l2_norm: 7.208531877024e+00
------------------------------------------------------------------------------------------------------------------------
Bus Results
BusID	V_R		V_I		Vmag		Pg		Qg		Pl		Ql
1	1.000165	0.000057	1.000164	0.872885	-0.518913	0.000000	0.000000
2	1.030454	0.072312	1.032990	1.167965	-0.376207	0.000000	0.000000
3	1.033297	0.081565	1.036513	1.147074	-0.501538	0.000000	0.000000
4	1.030051	-0.050202	1.031273	0.000000	0.000000	0.000000	0.000000
5	1.042775	-0.080271	1.045861	0.000000	0.000000	0.900000	0.300000
6	1.066668	0.019147	1.066841	0.000000	0.000000	0.000000	0.000000
7	1.057886	-0.029869	1.058309	0.000000	0.000000	1.000000	0.350000
8	1.058108	0.003412	1.058114	0.000000	0.000000	0.000000	0.000000
9	1.022927	-0.097985	1.027610	0.000000	0.000000	1.250000	0.500000

Branch Results
LineID	From	To	Pik		Pki		Qik		Qki		LossP		LossQ
1	1	4	0.872790	-0.872640	-0.518904	0.578224	0.000150	0.059321
2	4	5	0.290501	-0.288323	-0.380614	0.050908	0.002178	-0.329706
3	5	6	-0.611727	0.625201	-0.350884	-0.389772	0.013475	-0.740656
4	3	6	1.147087	-1.147074	-0.501540	0.587030	0.000013	0.085490
5	6	7	0.521846	-0.518925	-0.197251	-0.250459	0.002921	-0.447710
6	7	8	-0.481104	0.482949	-0.099533	-0.219011	0.001845	-0.318544
7	8	2	-1.167967	1.167977	0.464401	-0.376209	0.000011	0.088192
8	8	9	0.684994	-0.671251	-0.245386	-0.351554	0.013743	-0.596940
9	9	4	-0.578793	0.582082	-0.148418	-0.197584	0.003290	-0.346002

Summary
Total Pg           : 3.187924
Total Qg           : -1.396659
Total Load P       : 3.150000
Total Load Q       : 1.150000
Total Active Loss  : 0.037625
Total Reactive Loss: -2.546556
Total Load Supplied: 100.009481%

========================================================================================================================
Update time: 2026-06-10 21:58:41
Iteration: 194
rho: 120
alpha: 0.01
objective_value: 4.09986490686
feasible: False
max_abs_h: 1.651798081534e-04
l2_norm_h: 2.990067833627e-04
lambda_inf_norm: 1.424757419652e+00
lambda_l2_norm: 7.208530040574e+00
------------------------------------------------------------------------------------------------------------------------
Bus Results
BusID	V_R		V_I		Vmag		Pg		Qg		Pl		Ql
1	1.000165	0.000012	1.000165	0.872874	-0.519587	0.000000	0.000000
2	1.030596	0.072229	1.033126	1.167906	-0.375986	0.000000	0.000000
3	1.033393	0.081505	1.036604	1.147164	-0.501653	0.000000	0.000000
4	1.030087	-0.050247	1.031313	0.000000	0.000000	0.000000	0.000000
5	1.042835	-0.080320	1.045924	0.000000	0.000000	0.900000	0.300000
6	1.066763	0.019085	1.066936	0.000000	0.000000	0.000000	0.000000
7	1.057997	-0.029934	1.058422	0.000000	0.000000	1.000000	0.350000
8	1.058226	0.003338	1.058233	0.000000	0.000000	0.000000	0.000000
9	1.022995	-0.098034	1.027683	0.000000	0.000000	1.250000	0.500000

Branch Results
LineID	From	To	Pik		Pki		Qik		Qki		LossP		LossQ
1	1	4	0.872781	-0.872629	-0.519576	0.578932	0.000151	0.059356
2	4	5	0.290483	-0.288301	-0.380899	0.051163	0.002183	-0.329736
3	5	6	-0.611751	0.625227	-0.351137	-0.389650	0.013477	-0.740788
4	3	6	1.147177	-1.147164	-0.501656	0.587142	0.000013	0.085487
5	6	7	0.521909	-0.518987	-0.197483	-0.250324	0.002922	-0.447807
6	7	8	-0.481043	0.482891	-0.099666	-0.218966	0.001848	-0.318631
7	8	2	-1.167908	1.167919	0.464131	-0.375987	0.000011	0.088144
8	8	9	0.684992	-0.671248	-0.245156	-0.351923	0.013744	-0.597079
9	9	4	-0.578797	0.582089	-0.148045	-0.198004	0.003292	-0.346049

Summary
Total Pg           : 3.187945
Total Qg           : -1.397226
Total Load P       : 3.150000
Total Load Q       : 1.150000
Total Active Loss  : 0.037640
Total Reactive Loss: -2.547104
Total Load Supplied: 100.009677%

========================================================================================================================
Update time: 2026-06-10 22:00:54
Iteration: 195
rho: 120
alpha: 0.01
objective_value: 4.09994737221
feasible: False
max_abs_h: 1.749935816295e-04
l2_norm_h: 3.124512228981e-04
lambda_inf_norm: 1.424756848485e+00
lambda_l2_norm: 7.208528082593e+00
------------------------------------------------------------------------------------------------------------------------
Bus Results
BusID	V_R		V_I		Vmag		Pg		Qg		Pl		Ql
1	1.000175	0.000012	1.000175	0.872824	-0.520312	0.000000	0.000000
2	1.030746	0.072200	1.033273	1.167862	-0.375798	0.000000	0.000000
3	1.033512	0.081500	1.036723	1.147323	-0.501704	0.000000	0.000000
4	1.030139	-0.050243	1.031364	0.000000	0.000000	0.000000	0.000000
5	1.042915	-0.080317	1.046004	0.000000	0.000000	0.900000	0.300000
6	1.066881	0.019078	1.067053	0.000000	0.000000	0.000000	0.000000
7	1.058127	-0.029944	1.058552	0.000000	0.000000	1.000000	0.350000
8	1.058358	0.003320	1.058365	0.000000	0.000000	0.000000	0.000000
9	1.023081	-0.098033	1.027768	0.000000	0.000000	1.250000	0.500000

Branch Results
LineID	From	To	Pik		Pki		Qik		Qki		LossP		LossQ
1	1	4	0.872730	-0.872579	-0.520301	0.579695	0.000152	0.059394
2	4	5	0.290439	-0.288249	-0.381235	0.051461	0.002190	-0.329774
3	5	6	-0.611806	0.625293	-0.351433	-0.389509	0.013487	-0.740942
4	3	6	1.147336	-1.147318	-0.501705	0.587190	0.000018	0.085486
5	6	7	0.521992	-0.519061	-0.197670	-0.250248	0.002930	-0.447918
6	7	8	-0.480970	0.482821	-0.099740	-0.218979	0.001851	-0.318719
7	8	2	-1.167858	1.167874	0.463908	-0.375800	0.000016	0.088107
8	8	9	0.685010	-0.671263	-0.244921	-0.352298	0.013747	-0.597219
9	9	4	-0.578784	0.582080	-0.147671	-0.198430	0.003296	-0.346101

Summary
Total Pg           : 3.188008
Total Qg           : -1.397814
Total Load P       : 3.150000
Total Load Q       : 1.150000
Total Active Loss  : 0.037686
Total Reactive Loss: -2.547687
Total Load Supplied: 100.010237%

========================================================================================================================
Update time: 2026-06-10 22:03:06
Iteration: 196
rho: 120
alpha: 0.01
objective_value: 4.09998202274
feasible: False
max_abs_h: 1.832163849707e-04
l2_norm_h: 3.216629271975e-04
lambda_inf_norm: 1.424756267561e+00
lambda_l2_norm: 7.208526070391e+00
------------------------------------------------------------------------------------------------------------------------
Bus Results
BusID	V_R		V_I		Vmag		Pg		Qg		Pl		Ql
1	1.000183	-0.000010	1.000183	0.872826	-0.520935	0.000000	0.000000
2	1.030883	0.072141	1.033406	1.167812	-0.375583	0.000000	0.000000
3	1.033606	0.081462	1.036813	1.147396	-0.501801	0.000000	0.000000
4	1.030181	-0.050266	1.031407	0.000000	0.000000	0.000000	0.000000
5	1.042978	-0.080342	1.046069	0.000000	0.000000	0.900000	0.300000
6	1.066975	0.019040	1.067147	0.000000	0.000000	0.000000	0.000000
7	1.058236	-0.029985	1.058663	0.000000	0.000000	1.000000	0.350000
8	1.058473	0.003270	1.058480	0.000000	0.000000	0.000000	0.000000
9	1.023153	-0.098059	1.027842	0.000000	0.000000	1.250000	0.500000

Branch Results
LineID	From	To	Pik		Pki		Qik		Qki		LossP		LossQ
1	1	4	0.872733	-0.872576	-0.520923	0.580349	0.000156	0.059426
2	4	5	0.290421	-0.288230	-0.381500	0.051695	0.002191	-0.329805
3	5	6	-0.611824	0.625305	-0.351666	-0.389402	0.013481	-0.741069
4	3	6	1.147408	-1.147393	-0.501804	0.587293	0.000015	0.085490
5	6	7	0.522056	-0.519124	-0.197882	-0.250124	0.002932	-0.448005
6	7	8	-0.480912	0.482769	-0.099868	-0.218928	0.001857	-0.318796
7	8	2	-1.167803	1.167825	0.463649	-0.375584	0.000022	0.088065
8	8	9	0.685003	-0.671250	-0.244714	-0.352639	0.013753	-0.597353
9	9	4	-0.578799	0.582094	-0.147329	-0.198818	0.003296	-0.346147

Summary
Total Pg           : 3.188034
Total Qg           : -1.398319
Total Load P       : 3.150000
Total Load Q       : 1.150000
Total Active Loss  : 0.037703
Total Reactive Loss: -2.548194
Total Load Supplied: 100.010518%

========================================================================================================================
Update time: 2026-06-10 22:05:19
Iteration: 197
rho: 120
alpha: 0.01
objective_value: 4.10000069389
feasible: False
max_abs_h: 1.605138939076e-04
l2_norm_h: 3.164489954939e-04
lambda_inf_norm: 1.424755668283e+00
lambda_l2_norm: 7.208524026979e+00
------------------------------------------------------------------------------------------------------------------------
Bus Results
BusID	V_R		V_I		Vmag		Pg		Qg		Pl		Ql
1	1.000161	0.000009	1.000160	0.872801	-0.521558	0.000000	0.000000
2	1.030993	0.072129	1.033515	1.167746	-0.375347	0.000000	0.000000
3	1.033680	0.081472	1.036888	1.147502	-0.501830	0.000000	0.000000
4	1.030196	-0.050246	1.031421	0.000000	0.000000	0.000000	0.000000
5	1.043018	-0.080325	1.046108	0.000000	0.000000	0.900000	0.300000
6	1.067049	0.019049	1.067221	0.000000	0.000000	0.000000	0.000000
7	1.058323	-0.029980	1.058749	0.000000	0.000000	1.000000	0.350000
8	1.058564	0.003268	1.058571	0.000000	0.000000	0.000000	0.000000
9	1.023199	-0.098044	1.027886	0.000000	0.000000	1.250000	0.500000

Branch Results
LineID	From	To	Pik		Pki		Qik		Qki		LossP		LossQ
1	1	4	0.872707	-0.872556	-0.521546	0.581009	0.000152	0.059463
2	4	5	0.290396	-0.288199	-0.381779	0.051956	0.002197	-0.329823
3	5	6	-0.611858	0.625344	-0.351923	-0.389241	0.013486	-0.741164
4	3	6	1.147514	-1.147495	-0.501831	0.587314	0.000019	0.085483
5	6	7	0.522118	-0.519185	-0.198059	-0.250026	0.002933	-0.448085
6	7	8	-0.480851	0.482704	-0.099962	-0.218904	0.001853	-0.318866
7	8	2	-1.167738	1.167758	0.463375	-0.375348	0.000020	0.088026
8	8	9	0.685004	-0.671253	-0.244462	-0.352985	0.013751	-0.597447
9	9	4	-0.578797	0.582098	-0.146979	-0.199196	0.003301	-0.346175

Summary
Total Pg           : 3.188049
Total Qg           : -1.398735
Total Load P       : 3.150000
Total Load Q       : 1.150000
Total Active Loss  : 0.037712
Total Reactive Loss: -2.548587
Total Load Supplied: 100.010705%

========================================================================================================================
Update time: 2026-06-10 22:07:31
Iteration: 198
rho: 120
alpha: 0.01
objective_value: 4.10003124605
feasible: False
max_abs_h: 1.611971439128e-04
l2_norm_h: 3.217522873615e-04
lambda_inf_norm: 1.424755053621e+00
lambda_l2_norm: 7.208521934489e+00
------------------------------------------------------------------------------------------------------------------------
Bus Results
BusID	V_R		V_I		Vmag		Pg		Qg		Pl		Ql
1	1.000161	-0.000045	1.000161	0.872735	-0.522283	0.000000	0.000000
2	1.031144	0.072037	1.033659	1.167637	-0.375133	0.000000	0.000000
3	1.033798	0.081416	1.037001	1.147702	-0.501857	0.000000	0.000000
4	1.030236	-0.050298	1.031464	0.000000	0.000000	0.000000	0.000000
5	1.043085	-0.080377	1.046179	0.000000	0.000000	0.900000	0.300000
6	1.067162	0.018988	1.067332	0.000000	0.000000	0.000000	0.000000
7	1.058446	-0.030048	1.058874	0.000000	0.000000	1.000000	0.350000
8	1.058692	0.003188	1.058698	0.000000	0.000000	0.000000	0.000000
9	1.023271	-0.098099	1.027964	0.000000	0.000000	1.250000	0.500000

Branch Results
LineID	From	To	Pik		Pki		Qik		Qki		LossP		LossQ
1	1	4	0.872642	-0.872488	-0.522272	0.581774	0.000154	0.059502
2	4	5	0.290329	-0.288132	-0.382109	0.052257	0.002198	-0.329852
3	5	6	-0.611925	0.625413	-0.352223	-0.389080	0.013489	-0.741302
4	3	6	1.147715	-1.147685	-0.501857	0.587345	0.000029	0.085488
5	6	7	0.522236	-0.519296	-0.198250	-0.249935	0.002939	-0.448185
6	7	8	-0.480740	0.482593	-0.100054	-0.218901	0.001853	-0.318955
7	8	2	-1.167631	1.167650	0.463115	-0.375134	0.000019	0.087981
8	8	9	0.685008	-0.671255	-0.244205	-0.353378	0.013752	-0.597583
9	9	4	-0.578795	0.582098	-0.146587	-0.199632	0.003303	-0.346219

Summary
Total Pg           : 3.188074
Total Qg           : -1.399273
Total Load P       : 3.150000
Total Load Q       : 1.150000
Total Active Loss  : 0.037737
Total Reactive Loss: -2.549127
Total Load Supplied: 100.010726%

========================================================================================================================
Update time: 2026-06-10 22:09:44
Iteration: 199
rho: 120
alpha: 0.01
objective_value: 4.10008049276
feasible: False
max_abs_h: 1.154366044684e-04
l2_norm_h: 3.030393994094e-04
lambda_inf_norm: 1.424754440350e+00
lambda_l2_norm: 7.208519769020e+00
------------------------------------------------------------------------------------------------------------------------
Bus Results
BusID	V_R		V_I		Vmag		Pg		Qg		Pl		Ql
1	1.000115	-0.000035	1.000116	0.872736	-0.522923	0.000000	0.000000
2	1.031253	0.072007	1.033766	1.167571	-0.374815	0.000000	0.000000
3	1.033872	0.081410	1.037074	1.147804	-0.501784	0.000000	0.000000
4	1.030229	-0.050289	1.031457	0.000000	0.000000	0.000000	0.000000
5	1.043105	-0.080373	1.046198	0.000000	0.000000	0.900000	0.300000
6	1.067228	0.018979	1.067399	0.000000	0.000000	0.000000	0.000000
7	1.058525	-0.030061	1.058954	0.000000	0.000000	1.000000	0.350000
8	1.058776	0.003167	1.058783	0.000000	0.000000	0.000000	0.000000
9	1.023298	-0.098098	1.027990	0.000000	0.000000	1.250000	0.500000

Branch Results
LineID	From	To	Pik		Pki		Qik		Qki		LossP		LossQ
1	1	4	0.872641	-0.872485	-0.522911	0.582459	0.000156	0.059548
2	4	5	0.290315	-0.288109	-0.382395	0.052558	0.002206	-0.329837
3	5	6	-0.611950	0.625443	-0.352528	-0.388835	0.013493	-0.741363
4	3	6	1.147817	-1.147791	-0.501784	0.587269	0.000026	0.085485
5	6	7	0.522310	-0.519367	-0.198419	-0.249830	0.002942	-0.448249
6	7	8	-0.480672	0.482532	-0.100156	-0.218863	0.001859	-0.319020
7	8	2	-1.167559	1.167583	0.462750	-0.374815	0.000024	0.087935
8	8	9	0.684994	-0.671244	-0.243876	-0.353784	0.013750	-0.597659
9	9	4	-0.578805	0.582105	-0.146184	-0.200033	0.003300	-0.346217

Summary
Total Pg           : 3.188111
Total Qg           : -1.399521
Total Load P       : 3.150000
Total Load Q       : 1.150000
Total Active Loss  : 0.037758
Total Reactive Loss: -2.549376
Total Load Supplied: 100.011209%

========================================================================================================================
Update time: 2026-06-10 22:11:56
Iteration: 200
rho: 120
alpha: 0.01
objective_value: 4.09996570451
feasible: False
max_abs_h: 1.993945744527e-04
l2_norm_h: 3.305785465575e-04
lambda_inf_norm: 1.424753839109e+00
lambda_l2_norm: 7.208517755590e+00
------------------------------------------------------------------------------------------------------------------------
Bus Results
BusID	V_R		V_I		Vmag		Pg		Qg		Pl		Ql
1	1.000199	0.000031	1.000199	0.872652	-0.523589	0.000000	0.000000
2	1.031428	0.072048	1.033943	1.167471	-0.374821	0.000000	0.000000
3	1.034026	0.081477	1.037232	1.147907	-0.501917	0.000000	0.000000
4	1.030352	-0.050213	1.031575	0.000000	0.000000	0.000000	0.000000
5	1.043254	-0.080292	1.046339	0.000000	0.000000	0.900000	0.300000
6	1.067389	0.019052	1.067561	0.000000	0.000000	0.000000	0.000000
7	1.058701	-0.029989	1.059127	0.000000	0.000000	1.000000	0.350000
8	1.058948	0.003227	1.058954	0.000000	0.000000	0.000000	0.000000
9	1.023454	-0.098019	1.028137	0.000000	0.000000	1.250000	0.500000

Branch Results
LineID	From	To	Pik		Pki		Qik		Qki		LossP		LossQ
1	1	4	0.872557	-0.872399	-0.523578	0.583144	0.000157	0.059566
2	4	5	0.290246	-0.288045	-0.382699	0.052786	0.002201	-0.329913
3	5	6	-0.612011	0.625492	-0.352762	-0.388818	0.013481	-0.741580
4	3	6	1.147920	-1.147898	-0.501920	0.587414	0.000021	0.085494
5	6	7	0.522377	-0.519446	-0.198593	-0.249789	0.002931	-0.448382
6	7	8	-0.480589	0.482436	-0.100206	-0.218916	0.001847	-0.319122
7	8	2	-1.167462	1.167483	0.462724	-0.374824	0.000020	0.087900
8	8	9	0.685000	-0.671259	-0.243802	-0.354071	0.013741	-0.597873
9	9	4	-0.578791	0.582092	-0.145897	-0.200417	0.003301	-0.346314

Summary
Total Pg           : 3.188030
Total Qg           : -1.400328
Total Load P       : 3.150000
Total Load Q       : 1.150000
Total Active Loss  : 0.037701
Total Reactive Loss: -2.550223
Total Load Supplied: 100.010438%

========================================================================================================================
Update time: 2026-06-10 22:14:09
Iteration: 201
rho: 120
alpha: 0.01
objective_value: 4.09993081009
feasible: False
max_abs_h: 1.908648560882e-04
l2_norm_h: 3.213969551251e-04
lambda_inf_norm: 1.424753287644e+00
lambda_l2_norm: 7.208515784828e+00
------------------------------------------------------------------------------------------------------------------------
Bus Results
BusID	V_R		V_I		Vmag		Pg		Qg		Pl		Ql
1	1.000191	0.000002	1.000191	0.872570	-0.524320	0.000000	0.000000
2	1.031568	0.071987	1.034079	1.167404	-0.374601	0.000000	0.000000
3	1.034134	0.081439	1.037337	1.148033	-0.501955	0.000000	0.000000
4	1.030384	-0.050239	1.031609	0.000000	0.000000	0.000000	0.000000
5	1.043314	-0.080320	1.046403	0.000000	0.000000	0.900000	0.300000
6	1.067493	0.019012	1.067665	0.000000	0.000000	0.000000	0.000000
7	1.058816	-0.030032	1.059243	0.000000	0.000000	1.000000	0.350000
8	1.059066	0.003176	1.059073	0.000000	0.000000	0.000000	0.000000
9	1.023519	-0.098048	1.028206	0.000000	0.000000	1.250000	0.500000

Branch Results
LineID	From	To	Pik		Pki		Qik		Qki		LossP		LossQ
1	1	4	0.872475	-0.872323	-0.524309	0.583911	0.000152	0.059603
2	4	5	0.290195	-0.287998	-0.383033	0.053093	0.002196	-0.329940
3	5	6	-0.612056	0.625540	-0.353065	-0.388654	0.013483	-0.741719
4	3	6	1.148046	-1.148023	-0.501956	0.587444	0.000023	0.085488
5	6	7	0.522449	-0.519515	-0.198780	-0.249707	0.002933	-0.448486
6	7	8	-0.480520	0.482368	-0.100286	-0.218921	0.001848	-0.319207
7	8	2	-1.167399	1.167416	0.462460	-0.374602	0.000017	0.087858
8	8	9	0.685004	-0.671265	-0.243535	-0.354456	0.013739	-0.597992
9	9	4	-0.578780	0.582070	-0.145513	-0.200847	0.003290	-0.346359

Summary
Total Pg           : 3.188007
Total Qg           : -1.400875
Total Load P       : 3.150000
Total Load Q       : 1.150000
Total Active Loss  : 0.037682
Total Reactive Loss: -2.550755
Total Load Supplied: 100.010322%

========================================================================================================================
Update time: 2026-06-10 22:16:22
Iteration: 202
rho: 120
alpha: 0.01
objective_value: 4.0999153697
feasible: False
max_abs_h: 1.999673392268e-04
l2_norm_h: 3.268812582217e-04
lambda_inf_norm: 1.424752726603e+00
lambda_l2_norm: 7.208513829384e+00
------------------------------------------------------------------------------------------------------------------------
Bus Results
BusID	V_R		V_I		Vmag		Pg		Qg		Pl		Ql
1	1.000200	-0.000010	1.000200	0.872485	-0.525040	0.000000	0.000000
2	1.031712	0.071948	1.034220	1.167348	-0.374475	0.000000	0.000000
3	1.034256	0.081424	1.037458	1.148167	-0.501977	0.000000	0.000000
4	1.030434	-0.050246	1.031659	0.000000	0.000000	0.000000	0.000000
5	1.043393	-0.080327	1.046482	0.000000	0.000000	0.900000	0.300000
6	1.067612	0.018996	1.067783	0.000000	0.000000	0.000000	0.000000
7	1.058945	-0.030051	1.059373	0.000000	0.000000	1.000000	0.350000
8	1.059195	0.003148	1.059202	0.000000	0.000000	0.000000	0.000000
9	1.023602	-0.098057	1.028289	0.000000	0.000000	1.250000	0.500000

Branch Results
LineID	From	To	Pik		Pki		Qik		Qki		LossP		LossQ
1	1	4	0.872389	-0.872245	-0.525029	0.584672	0.000144	0.059643
2	4	5	0.290135	-0.287937	-0.383374	0.053397	0.002198	-0.329977
3	5	6	-0.612119	0.625602	-0.353368	-0.388506	0.013484	-0.741873
4	3	6	1.148179	-1.148156	-0.501979	0.587464	0.000023	0.085485
5	6	7	0.522520	-0.519588	-0.198946	-0.249653	0.002933	-0.448599
6	7	8	-0.480446	0.482291	-0.100336	-0.218967	0.001845	-0.319303
7	8	2	-1.167341	1.167359	0.462294	-0.374477	0.000018	0.087817
8	8	9	0.685024	-0.671286	-0.243318	-0.354822	0.013738	-0.598140
9	9	4	-0.578760	0.582053	-0.145145	-0.201268	0.003292	-0.346413

Summary
Total Pg           : 3.187999
Total Qg           : -1.401492
Total Load P       : 3.150000
Total Load Q       : 1.150000
Total Active Loss  : 0.037674
Total Reactive Loss: -2.551361
Total Load Supplied: 100.010304%

========================================================================================================================
Update time: 2026-06-10 22:18:36
Iteration: 203
rho: 120
alpha: 0.01
objective_value: 4.10001819646
feasible: False
max_abs_h: 1.440268294406e-04
l2_norm_h: 3.236794015145e-04
lambda_inf_norm: 1.424752114362e+00
lambda_l2_norm: 7.208511727388e+00
------------------------------------------------------------------------------------------------------------------------
Bus Results
BusID	V_R		V_I		Vmag		Pg		Qg		Pl		Ql
1	1.000144	-0.000063	1.000144	0.872496	-0.525493	0.000000	0.000000
2	1.031787	0.071868	1.034289	1.167304	-0.374084	0.000000	0.000000
3	1.034271	0.081369	1.037470	1.148274	-0.502016	0.000000	0.000000
4	1.030403	-0.050303	1.031631	0.000000	0.000000	0.000000	0.000000
5	1.043375	-0.080387	1.046469	0.000000	0.000000	0.900000	0.300000
6	1.067626	0.018933	1.067797	0.000000	0.000000	0.000000	0.000000
7	1.058974	-0.030121	1.059405	0.000000	0.000000	1.000000	0.350000
8	1.059239	0.003071	1.059245	0.000000	0.000000	0.000000	0.000000
9	1.023593	-0.098119	1.028287	0.000000	0.000000	1.250000	0.500000

Branch Results
LineID	From	To	Pik		Pki		Qik		Qki		LossP		LossQ
1	1	4	0.872401	-0.872243	-0.525480	0.585144	0.000159	0.059664
2	4	5	0.290118	-0.287908	-0.383531	0.053558	0.002210	-0.329973
3	5	6	-0.612151	0.625642	-0.353521	-0.388354	0.013490	-0.741875
4	3	6	1.148287	-1.148268	-0.502017	0.587516	0.000019	0.085498
5	6	7	0.522592	-0.519657	-0.199149	-0.249466	0.002935	-0.448616
6	7	8	-0.480379	0.482228	-0.100523	-0.218810	0.001849	-0.319333
7	8	2	-1.167296	1.167316	0.461863	-0.374085	0.000021	0.087778
8	8	9	0.685037	-0.671292	-0.243044	-0.355124	0.013745	-0.598168
9	9	4	-0.578759	0.582060	-0.144838	-0.201575	0.003302	-0.346413

Summary
Total Pg           : 3.188075
Total Qg           : -1.401593
Total Load P       : 3.150000
Total Load Q       : 1.150000
Total Active Loss  : 0.037730
Total Reactive Loss: -2.551436
Total Load Supplied: 100.010942%

========================================================================================================================
Update time: 2026-06-10 22:20:48
Iteration: 204
rho: 120
alpha: 0.01
objective_value: 4.0999672906
feasible: False
max_abs_h: 1.985721696005e-04
l2_norm_h: 3.288655329282e-04
lambda_inf_norm: 1.424751504445e+00
lambda_l2_norm: 7.208509689071e+00
------------------------------------------------------------------------------------------------------------------------
Bus Results
BusID	V_R		V_I		Vmag		Pg		Qg		Pl		Ql
1	1.000199	0.000006	1.000198	0.872429	-0.526212	0.000000	0.000000
2	1.031979	0.071906	1.034482	1.167239	-0.373894	0.000000	0.000000
3	1.034417	0.081429	1.037618	1.148372	-0.502167	0.000000	0.000000
4	1.030501	-0.050225	1.031725	0.000000	0.000000	0.000000	0.000000
5	1.043502	-0.080307	1.046589	0.000000	0.000000	0.900000	0.300000
6	1.067779	0.019000	1.067949	0.000000	0.000000	0.000000	0.000000
7	1.059149	-0.030056	1.059576	0.000000	0.000000	1.000000	0.350000
8	1.059415	0.003125	1.059421	0.000000	0.000000	0.000000	0.000000
9	1.023732	-0.098042	1.028417	0.000000	0.000000	1.250000	0.500000

Branch Results
LineID	From	To	Pik		Pki		Qik		Qki		LossP		LossQ
1	1	4	0.872333	-0.872174	-0.526201	0.585910	0.000159	0.059709
2	4	5	0.290069	-0.287861	-0.383853	0.053840	0.002208	-0.330013
3	5	6	-0.612197	0.625680	-0.353815	-0.388256	0.013483	-0.742071
4	3	6	1.148384	-1.148363	-0.502170	0.587670	0.000021	0.085500
5	6	7	0.522652	-0.519720	-0.199406	-0.249345	0.002932	-0.448752
6	7	8	-0.480314	0.482158	-0.100649	-0.218795	0.001844	-0.319444
7	8	2	-1.167233	1.167251	0.461630	-0.373896	0.000017	0.087734
8	8	9	0.685048	-0.671307	-0.242831	-0.355527	0.013741	-0.598358
9	9	4	-0.578743	0.582043	-0.144446	-0.202030	0.003300	-0.346476

Summary
Total Pg           : 3.188040
Total Qg           : -1.402273
Total Load P       : 3.150000
Total Load Q       : 1.150000
Total Active Loss  : 0.037704
Total Reactive Loss: -2.552172
Total Load Supplied: 100.010654%

========================================================================================================================
Update time: 2026-06-10 22:23:01
Iteration: 205
rho: 120
alpha: 0.01
objective_value: 4.10002769134
feasible: False
max_abs_h: 1.349856374400e-04
l2_norm_h: 3.137378783799e-04
lambda_inf_norm: 1.424750874235e+00
lambda_l2_norm: 7.208507564108e+00
------------------------------------------------------------------------------------------------------------------------
Bus Results
BusID	V_R		V_I		Vmag		Pg		Qg		Pl		Ql
1	1.000135	0.000005	1.000135	0.872409	-0.526637	0.000000	0.000000
2	1.032024	0.071884	1.034527	1.167204	-0.373602	0.000000	0.000000
3	1.034425	0.081427	1.037627	1.148472	-0.502158	0.000000	0.000000
4	1.030463	-0.050228	1.031688	0.000000	0.000000	0.000000	0.000000
5	1.043480	-0.080313	1.046568	0.000000	0.000000	0.900000	0.300000
6	1.067786	0.018992	1.067958	0.000000	0.000000	0.000000	0.000000
7	1.059167	-0.030069	1.059596	0.000000	0.000000	1.000000	0.350000
8	1.059440	0.003107	1.059447	0.000000	0.000000	0.000000	0.000000
9	1.023715	-0.098051	1.028402	0.000000	0.000000	1.250000	0.500000

Branch Results
LineID	From	To	Pik		Pki		Qik		Qki		LossP		LossQ
1	1	4	0.872314	-0.872156	-0.526624	0.586353	0.000158	0.059729
2	4	5	0.290048	-0.287835	-0.384024	0.054015	0.002213	-0.330009
3	5	6	-0.612225	0.625715	-0.353978	-0.388100	0.013490	-0.742078
4	3	6	1.148485	-1.148461	-0.502160	0.587659	0.000023	0.085500
5	6	7	0.522710	-0.519771	-0.199543	-0.249231	0.002939	-0.448775
6	7	8	-0.480266	0.482114	-0.100758	-0.218714	0.001848	-0.319472
7	8	2	-1.167199	1.167216	0.461308	-0.373603	0.000017	0.087705
8	8	9	0.685056	-0.671313	-0.242587	-0.355785	0.013743	-0.598372
9	9	4	-0.578738	0.582044	-0.144179	-0.202293	0.003306	-0.346472

Summary
Total Pg           : 3.188085
Total Qg           : -1.402397
Total Load P       : 3.150000
Total Load Q       : 1.150000
Total Active Loss  : 0.037737
Total Reactive Loss: -2.552244
Total Load Supplied: 100.011049%

========================================================================================================================
Update time: 2026-06-10 22:25:15
Iteration: 206
rho: 120
alpha: 0.01
objective_value: 4.09998983965
feasible: False
max_abs_h: 1.719319072431e-04
l2_norm_h: 3.230577999603e-04
lambda_inf_norm: 1.424750262565e+00
lambda_l2_norm: 7.208505486078e+00
------------------------------------------------------------------------------------------------------------------------
Bus Results
BusID	V_R		V_I		Vmag		Pg		Qg		Pl		Ql
1	1.000172	-0.000014	1.000171	0.872397	-0.527182	0.000000	0.000000
2	1.032167	0.071828	1.034665	1.167109	-0.373456	0.000000	0.000000
3	1.034527	0.081395	1.037726	1.148552	-0.502300	0.000000	0.000000
4	1.030530	-0.050246	1.031754	0.000000	0.000000	0.000000	0.000000
5	1.043564	-0.080332	1.046652	0.000000	0.000000	0.900000	0.300000
6	1.067891	0.018961	1.068061	0.000000	0.000000	0.000000	0.000000
7	1.059287	-0.030103	1.059716	0.000000	0.000000	1.000000	0.350000
8	1.059566	0.003064	1.059572	0.000000	0.000000	0.000000	0.000000
9	1.023808	-0.098071	1.028495	0.000000	0.000000	1.250000	0.500000

Branch Results
LineID	From	To	Pik		Pki		Qik		Qki		LossP		LossQ
1	1	4	0.872302	-0.872147	-0.527169	0.586924	0.000155	0.059756
2	4	5	0.290027	-0.287816	-0.384250	0.054202	0.002211	-0.330048
3	5	6	-0.612242	0.625728	-0.354170	-0.388046	0.013487	-0.742216
4	3	6	1.148565	-1.148542	-0.502303	0.587810	0.000022	0.085507
5	6	7	0.522780	-0.519843	-0.199754	-0.249111	0.002937	-0.448865
6	7	8	-0.480193	0.482038	-0.100880	-0.218674	0.001846	-0.319554
7	8	2	-1.167101	1.167121	0.461122	-0.373457	0.000020	0.087665
8	8	9	0.685033	-0.671293	-0.242442	-0.356079	0.013740	-0.598521
9	9	4	-0.578757	0.582057	-0.143888	-0.202640	0.003300	-0.346528

Summary
Total Pg           : 3.188058
Total Qg           : -1.402938
Total Load P       : 3.150000
Total Load Q       : 1.150000
Total Active Loss  : 0.037718
Total Reactive Loss: -2.552805
Total Load Supplied: 100.010821%

========================================================================================================================
Update time: 2026-06-10 22:27:28
Iteration: 207
rho: 120
alpha: 0.01
objective_value: 4.09993826124
feasible: False
max_abs_h: 1.976747779791e-04
l2_norm_h: 3.371839421864e-04
lambda_inf_norm: 1.424749655113e+00
lambda_l2_norm: 7.208503474104e+00
------------------------------------------------------------------------------------------------------------------------
Bus Results
BusID	V_R		V_I		Vmag		Pg		Qg		Pl		Ql
1	1.000198	0.000042	1.000197	0.872364	-0.527740	0.000000	0.000000
2	1.032301	0.071858	1.034801	1.167056	-0.373268	0.000000	0.000000
3	1.034610	0.081443	1.037813	1.148603	-0.502499	0.000000	0.000000
4	1.030590	-0.050185	1.031811	0.000000	0.000000	0.000000	0.000000
5	1.043645	-0.080270	1.046728	0.000000	0.000000	0.900000	0.300000
6	1.067986	0.019013	1.068157	0.000000	0.000000	0.000000	0.000000
7	1.059402	-0.030053	1.059830	0.000000	0.000000	1.000000	0.350000
8	1.059686	0.003106	1.059692	0.000000	0.000000	0.000000	0.000000
9	1.023899	-0.098012	1.028580	0.000000	0.000000	1.250000	0.500000

Branch Results
LineID	From	To	Pik		Pki		Qik		Qki		LossP		LossQ
1	1	4	0.872268	-0.872113	-0.527728	0.587516	0.000155	0.059788
2	4	5	0.289999	-0.287791	-0.384484	0.054396	0.002208	-0.330088
3	5	6	-0.612264	0.625741	-0.354362	-0.387999	0.013477	-0.742361
4	3	6	1.148615	-1.148594	-0.502501	0.588006	0.000021	0.085505
5	6	7	0.522822	-0.519888	-0.199995	-0.248970	0.002934	-0.448964
6	7	8	-0.480148	0.481990	-0.101020	-0.218617	0.001843	-0.319637
7	8	2	-1.167052	1.167067	0.460899	-0.373269	0.000015	0.087629
8	8	9	0.685034	-0.671299	-0.242276	-0.356384	0.013735	-0.598661
9	9	4	-0.578750	0.582051	-0.143583	-0.202998	0.003301	-0.346580

Summary
Total Pg           : 3.188022
Total Qg           : -1.403507
Total Load P       : 3.150000
Total Load Q       : 1.150000
Total Active Loss  : 0.037689
Total Reactive Loss: -2.553370
Total Load Supplied: 100.010577%

========================================================================================================================
Update time: 2026-06-10 22:29:41
Iteration: 208
rho: 120
alpha: 0.01
objective_value: 4.09994285737
feasible: False
max_abs_h: 1.689334561477e-04
l2_norm_h: 3.238245565261e-04
lambda_inf_norm: 1.424749100450e+00
lambda_l2_norm: 7.208501451558e+00
------------------------------------------------------------------------------------------------------------------------
Bus Results
BusID	V_R		V_I		Vmag		Pg		Qg		Pl		Ql
1	1.000169	0.000028	1.000169	0.872285	-0.528305	0.000000	0.000000
2	1.032406	0.071823	1.034903	1.167004	-0.372988	0.000000	0.000000
3	1.034668	0.081434	1.037870	1.148740	-0.502539	0.000000	0.000000
4	1.030594	-0.050196	1.031816	0.000000	0.000000	0.000000	0.000000
5	1.043669	-0.080281	1.046753	0.000000	0.000000	0.900000	0.300000
6	1.068044	0.019000	1.068215	0.000000	0.000000	0.000000	0.000000
7	1.059477	-0.030073	1.059905	0.000000	0.000000	1.000000	0.350000
8	1.059768	0.003078	1.059775	0.000000	0.000000	0.000000	0.000000
9	1.023933	-0.098025	1.028616	0.000000	0.000000	1.250000	0.500000

Branch Results
LineID	From	To	Pik		Pki		Qik		Qki		LossP		LossQ
1	1	4	0.872188	-0.872030	-0.528293	0.588108	0.000158	0.059815
2	4	5	0.289950	-0.287739	-0.384703	0.054610	0.002211	-0.330093
3	5	6	-0.612318	0.625802	-0.354575	-0.387842	0.013484	-0.742417
4	3	6	1.148753	-1.148731	-0.502540	0.588059	0.000022	0.085518
5	6	7	0.522897	-0.519961	-0.200203	-0.248822	0.002935	-0.449024
6	7	8	-0.480073	0.481916	-0.101164	-0.218538	0.001843	-0.319703
7	8	2	-1.166996	1.167014	0.460572	-0.372991	0.000019	0.087581
8	8	9	0.685052	-0.671320	-0.242021	-0.356723	0.013732	-0.598744
9	9	4	-0.578726	0.582019	-0.143237	-0.203369	0.003292	-0.346606

Summary
Total Pg           : 3.188028
Total Qg           : -1.403832
Total Load P       : 3.150000
Total Load Q       : 1.150000
Total Active Loss  : 0.037696
Total Reactive Loss: -2.553674
Total Load Supplied: 100.010538%

========================================================================================================================
Update time: 2026-06-10 22:31:53
Iteration: 209
rho: 120
alpha: 0.01
objective_value: 4.09997006005
feasible: False
max_abs_h: 1.705712188724e-04
l2_norm_h: 3.227929971527e-04
lambda_inf_norm: 1.424748485057e+00
lambda_l2_norm: 7.208499385873e+00
------------------------------------------------------------------------------------------------------------------------
Bus Results
BusID	V_R		V_I		Vmag		Pg		Qg		Pl		Ql
1	1.000171	0.000004	1.000170	0.872259	-0.528921	0.000000	0.000000
2	1.032548	0.071768	1.035041	1.166967	-0.372691	0.000000	0.000000
3	1.034761	0.081397	1.037959	1.148824	-0.502627	0.000000	0.000000
4	1.030630	-0.050219	1.031853	0.000000	0.000000	0.000000	0.000000
5	1.043727	-0.080307	1.046813	0.000000	0.000000	0.900000	0.300000
6	1.068136	0.018963	1.068306	0.000000	0.000000	0.000000	0.000000
7	1.059585	-0.030111	1.060014	0.000000	0.000000	1.000000	0.350000
8	1.059884	0.003031	1.059891	0.000000	0.000000	0.000000	0.000000
9	1.023999	-0.098051	1.028684	0.000000	0.000000	1.250000	0.500000

Branch Results
LineID	From	To	Pik		Pki		Qik		Qki		LossP		LossQ
1	1	4	0.872163	-0.872005	-0.528910	0.588762	0.000158	0.059852
2	4	5	0.289922	-0.287708	-0.384971	0.054855	0.002214	-0.330116
3	5	6	-0.612350	0.625834	-0.354822	-0.387711	0.013484	-0.742533
4	3	6	1.148837	-1.148815	-0.502628	0.588147	0.000022	0.085519
5	6	7	0.522947	-0.520012	-0.200423	-0.248686	0.002935	-0.449109
6	7	8	-0.480023	0.481864	-0.101305	-0.218465	0.001841	-0.319770
7	8	2	-1.166963	1.166978	0.460239	-0.372692	0.000015	0.087548
8	8	9	0.685071	-0.671333	-0.241769	-0.357086	0.013738	-0.598855
9	9	4	-0.578718	0.582020	-0.142880	-0.203757	0.003302	-0.346638

Summary
Total Pg           : 3.188049
Total Qg           : -1.404239
Total Load P       : 3.150000
Total Load Q       : 1.150000
Total Active Loss  : 0.037709
Total Reactive Loss: -2.554102
Total Load Supplied: 100.010803%

========================================================================================================================
Update time: 2026-06-10 22:34:07
Iteration: 210
rho: 120
alpha: 0.01
objective_value: 4.10003638678
feasible: False
max_abs_h: 1.585867521150e-04
l2_norm_h: 3.168761542426e-04
lambda_inf_norm: 1.424747891596e+00
lambda_l2_norm: 7.208497223707e+00
------------------------------------------------------------------------------------------------------------------------
Bus Results
BusID	V_R		V_I		Vmag		Pg		Qg		Pl		Ql
1	1.000159	-0.000001	1.000159	0.872291	-0.529469	0.000000	0.000000
2	1.032660	0.071720	1.035150	1.166922	-0.372466	0.000000	0.000000
3	1.034837	0.081366	1.038033	1.148884	-0.502665	0.000000	0.000000
4	1.030650	-0.050227	1.031873	0.000000	0.000000	0.000000	0.000000
5	1.043767	-0.080320	1.046854	0.000000	0.000000	0.900000	0.300000
6	1.068210	0.018932	1.068380	0.000000	0.000000	0.000000	0.000000
7	1.059671	-0.030145	1.060102	0.000000	0.000000	1.000000	0.350000
8	1.059976	0.002992	1.059983	0.000000	0.000000	0.000000	0.000000
9	1.024047	-0.098066	1.028733	0.000000	0.000000	1.250000	0.500000

Branch Results
LineID	From	To	Pik		Pki		Qik		Qki		LossP		LossQ
1	1	4	0.872196	-0.872045	-0.529457	0.589353	0.000151	0.059896
2	4	5	0.289937	-0.287723	-0.385210	0.055093	0.002214	-0.330117
3	5	6	-0.612335	0.625824	-0.355065	-0.387561	0.013489	-0.742626
4	3	6	1.148897	-1.148871	-0.502667	0.588182	0.000026	0.085515
5	6	7	0.523007	-0.520060	-0.200606	-0.248578	0.002947	-0.449184
6	7	8	-0.479981	0.481832	-0.101410	-0.218428	0.001851	-0.319838
7	8	2	-1.166899	1.166933	0.459975	-0.372467	0.000033	0.087508
8	8	9	0.685033	-0.671295	-0.241537	-0.357424	0.013738	-0.598961
9	9	4	-0.578753	0.582049	-0.142543	-0.204113	0.003295	-0.346656

Summary
Total Pg           : 3.188098
Total Qg           : -1.404599
Total Load P       : 3.150000
Total Load Q       : 1.150000
Total Active Loss  : 0.037745
Total Reactive Loss: -2.554464
Total Load Supplied: 100.011205%

========================================================================================================================
Update time: 2026-06-10 22:36:21
Iteration: 211
rho: 120
alpha: 0.01
objective_value: 4.09998572643
feasible: False
max_abs_h: 1.356272948034e-04
l2_norm_h: 3.040128577527e-04
lambda_inf_norm: 1.424747277449e+00
lambda_l2_norm: 7.208495128498e+00
------------------------------------------------------------------------------------------------------------------------
Bus Results
BusID	V_R		V_I		Vmag		Pg		Qg		Pl		Ql
1	1.000136	-0.000033	1.000136	0.872367	-0.529935	0.000000	0.000000
2	1.032749	0.071642	1.035233	1.166802	-0.372264	0.000000	0.000000
3	1.034900	0.081302	1.038091	1.148890	-0.502644	0.000000	0.000000
4	1.030652	-0.050265	1.031878	0.000000	0.000000	0.000000	0.000000
5	1.043787	-0.080366	1.046878	0.000000	0.000000	0.900000	0.300000
6	1.068266	0.018869	1.068435	0.000000	0.000000	0.000000	0.000000
7	1.059734	-0.030209	1.060167	0.000000	0.000000	1.000000	0.350000
8	1.060044	0.002923	1.060051	0.000000	0.000000	0.000000	0.000000
9	1.024071	-0.098111	1.028762	0.000000	0.000000	1.250000	0.500000

Branch Results
LineID	From	To	Pik		Pki		Qik		Qki		LossP		LossQ
1	1	4	0.872272	-0.872118	-0.529921	0.589858	0.000155	0.059937
2	4	5	0.289968	-0.287748	-0.385428	0.055316	0.002220	-0.330112
3	5	6	-0.612313	0.625800	-0.355290	-0.387404	0.013488	-0.742694
4	3	6	1.148902	-1.148872	-0.502646	0.588152	0.000031	0.085506
5	6	7	0.523033	-0.520089	-0.200735	-0.248506	0.002943	-0.449241
6	7	8	-0.479947	0.481788	-0.101482	-0.218407	0.001841	-0.319889
7	8	2	-1.166800	1.166813	0.459734	-0.372264	0.000013	0.087470
8	8	9	0.684985	-0.671256	-0.241316	-0.357717	0.013728	-0.599033
9	9	4	-0.578791	0.582088	-0.142253	-0.204404	0.003298	-0.346657

Summary
Total Pg           : 3.188058
Total Qg           : -1.404843
Total Load P       : 3.150000
Total Load Q       : 1.150000
Total Active Loss  : 0.037716
Total Reactive Loss: -2.554712
Total Load Supplied: 100.010864%

========================================================================================================================
Update time: 2026-06-10 22:38:34
Iteration: 212
rho: 120
alpha: 0.01
objective_value: 4.10005530614
feasible: False
max_abs_h: 1.498457588651e-04
l2_norm_h: 3.371961240161e-04
lambda_inf_norm: 1.424746678888e+00
lambda_l2_norm: 7.208492931982e+00
------------------------------------------------------------------------------------------------------------------------
Bus Results
BusID	V_R		V_I		Vmag		Pg		Qg		Pl		Ql
1	1.000150	-0.000109	1.000150	0.872469	-0.530298	0.000000	0.000000
2	1.032843	0.071516	1.035318	1.166689	-0.372097	0.000000	0.000000
3	1.034948	0.081202	1.038131	1.148949	-0.502817	0.000000	0.000000
4	1.030683	-0.050349	1.031913	0.000000	0.000000	0.000000	0.000000
5	1.043824	-0.080455	1.046922	0.000000	0.000000	0.900000	0.300000
6	1.068317	0.018766	1.068484	0.000000	0.000000	0.000000	0.000000
7	1.059795	-0.030318	1.060231	0.000000	0.000000	1.000000	0.350000
8	1.060117	0.002805	1.060122	0.000000	0.000000	0.000000	0.000000
9	1.024116	-0.098202	1.028814	0.000000	0.000000	1.250000	0.500000

Branch Results
LineID	From	To	Pik		Pki		Qik		Qki		LossP		LossQ
1	1	4	0.872375	-0.872223	-0.530285	0.590243	0.000152	0.059958
2	4	5	0.290001	-0.287781	-0.385563	0.055415	0.002220	-0.330148
3	5	6	-0.612279	0.625765	-0.355382	-0.387401	0.013486	-0.742783
4	3	6	1.148962	-1.148925	-0.502820	0.588335	0.000037	0.085516
5	6	7	0.523118	-0.520167	-0.200921	-0.248363	0.002951	-0.449284
6	7	8	-0.479876	0.481726	-0.101625	-0.218309	0.001851	-0.319934
7	8	2	-1.166671	1.166699	0.459533	-0.372098	0.000028	0.087435
8	8	9	0.684912	-0.671183	-0.241217	-0.357917	0.013730	-0.599134
9	9	4	-0.578865	0.582162	-0.142048	-0.204647	0.003297	-0.346695

Summary
Total Pg           : 3.188107
Total Qg           : -1.405212
Total Load P       : 3.150000
Total Load Q       : 1.150000
Total Active Loss  : 0.037751
Total Reactive Loss: -2.555069
Total Load Supplied: 100.011314%

========================================================================================================================
Update time: 2026-06-10 22:40:49
Iteration: 213
rho: 120
alpha: 0.01
objective_value: 4.10004018264
feasible: False
max_abs_h: 1.771056147910e-04
l2_norm_h: 3.330875271689e-04
lambda_inf_norm: 1.424746048504e+00
lambda_l2_norm: 7.208490750611e+00
------------------------------------------------------------------------------------------------------------------------
Bus Results
BusID	V_R		V_I		Vmag		Pg		Qg		Pl		Ql
1	1.000177	-0.000027	1.000177	0.872397	-0.530956	0.000000	0.000000
2	1.032980	0.071581	1.035459	1.166639	-0.372003	0.000000	0.000000
3	1.035069	0.081288	1.038258	1.149063	-0.502847	0.000000	0.000000
4	1.030752	-0.050258	1.031977	0.000000	0.000000	0.000000	0.000000
5	1.043923	-0.080361	1.047012	0.000000	0.000000	0.900000	0.300000
6	1.068440	0.018855	1.068608	0.000000	0.000000	0.000000	0.000000
7	1.059931	-0.030231	1.060364	0.000000	0.000000	1.000000	0.350000
8	1.060248	0.002883	1.060254	0.000000	0.000000	0.000000	0.000000
9	1.024219	-0.098111	1.028908	0.000000	0.000000	1.250000	0.500000

Branch Results
LineID	From	To	Pik		Pki		Qik		Qki		LossP		LossQ
1	1	4	0.872302	-0.872143	-0.530945	0.590936	0.000159	0.059991
2	4	5	0.289934	-0.287708	-0.385876	0.055687	0.002226	-0.330190
3	5	6	-0.612352	0.625833	-0.355655	-0.387285	0.013480	-0.742940
4	3	6	1.149076	-1.149046	-0.502849	0.588358	0.000030	0.085510
5	6	7	0.523177	-0.520236	-0.201062	-0.248334	0.002941	-0.449396
6	7	8	-0.479802	0.481647	-0.101656	-0.218365	0.001845	-0.320021
7	8	2	-1.166625	1.166649	0.459410	-0.372005	0.000025	0.087404
8	8	9	0.684945	-0.671213	-0.241040	-0.358235	0.013732	-0.599274
9	9	4	-0.578838	0.582144	-0.141732	-0.205025	0.003305	-0.346757

Summary
Total Pg           : 3.188099
Total Qg           : -1.405807
Total Load P       : 3.150000
Total Load Q       : 1.150000
Total Active Loss  : 0.037743
Total Reactive Loss: -2.555674
Total Load Supplied: 100.011277%

========================================================================================================================
Update time: 2026-06-10 22:43:02
Iteration: 214
rho: 120
alpha: 0.01
objective_value: 4.10005173011
feasible: False
max_abs_h: 1.301022740867e-04
l2_norm_h: 3.258631766484e-04
lambda_inf_norm: 1.424745398358e+00
lambda_l2_norm: 7.208488550861e+00
------------------------------------------------------------------------------------------------------------------------
Bus Results
BusID	V_R		V_I		Vmag		Pg		Qg		Pl		Ql
1	1.000130	-0.000060	1.000131	0.872404	-0.531319	0.000000	0.000000
2	1.033027	0.071519	1.035502	1.166557	-0.371786	0.000000	0.000000
3	1.035088	0.081247	1.038275	1.149147	-0.502832	0.000000	0.000000
4	1.030725	-0.050296	1.031953	0.000000	0.000000	0.000000	0.000000
5	1.043909	-0.080402	1.047002	0.000000	0.000000	0.900000	0.300000
6	1.068456	0.018809	1.068624	0.000000	0.000000	0.000000	0.000000
7	1.059953	-0.030283	1.060389	0.000000	0.000000	1.000000	0.350000
8	1.060276	0.002826	1.060282	0.000000	0.000000	0.000000	0.000000
9	1.024208	-0.098155	1.028903	0.000000	0.000000	1.250000	0.500000

Branch Results
LineID	From	To	Pik		Pki		Qik		Qki		LossP		LossQ
1	1	4	0.872309	-0.872153	-0.531306	0.591320	0.000156	0.060014
2	4	5	0.289922	-0.287695	-0.386030	0.055847	0.002228	-0.330183
3	5	6	-0.612367	0.625853	-0.355809	-0.387150	0.013486	-0.742959
4	3	6	1.149159	-1.149130	-0.502832	0.588339	0.000028	0.085508
5	6	7	0.523239	-0.520294	-0.201171	-0.248248	0.002944	-0.449419
6	7	8	-0.479742	0.481586	-0.101738	-0.218314	0.001844	-0.320052
7	8	2	-1.166547	1.166567	0.459158	-0.371786	0.000020	0.087372
8	8	9	0.684931	-0.671196	-0.240837	-0.358462	0.013735	-0.599299
9	9	4	-0.578856	0.582165	-0.141499	-0.205251	0.003309	-0.346750

Summary
Total Pg           : 3.188108
Total Qg           : -1.405936
Total Load P       : 3.150000
Total Load Q       : 1.150000
Total Active Loss  : 0.037750
Total Reactive Loss: -2.555769
Total Load Supplied: 100.011342%

========================================================================================================================
Update time: 2026-06-10 22:45:13
Iteration: 215
rho: 120
alpha: 0.01
objective_value: 4.10002483651
feasible: False
max_abs_h: 1.843883690471e-04
l2_norm_h: 3.370977627539e-04
lambda_inf_norm: 1.424744768239e+00
lambda_l2_norm: 7.208486382149e+00
------------------------------------------------------------------------------------------------------------------------
Bus Results
BusID	V_R		V_I		Vmag		Pg		Qg		Pl		Ql
1	1.000184	-0.000050	1.000184	0.872380	-0.531972	0.000000	0.000000
2	1.033194	0.071489	1.035666	1.166460	-0.371702	0.000000	0.000000
3	1.035236	0.081242	1.038420	1.149249	-0.502901	0.000000	0.000000
4	1.030816	-0.050281	1.032042	0.000000	0.000000	0.000000	0.000000
5	1.044026	-0.080388	1.047117	0.000000	0.000000	0.900000	0.300000
6	1.068602	0.018807	1.068769	0.000000	0.000000	0.000000	0.000000
7	1.060109	-0.030287	1.060543	0.000000	0.000000	1.000000	0.350000
8	1.060431	0.002812	1.060436	0.000000	0.000000	0.000000	0.000000
9	1.024330	-0.098142	1.029022	0.000000	0.000000	1.250000	0.500000

Branch Results
LineID	From	To	Pik		Pki		Qik		Qki		LossP		LossQ
1	1	4	0.872285	-0.872130	-0.531960	0.592014	0.000155	0.060054
2	4	5	0.289887	-0.287663	-0.386348	0.056120	0.002224	-0.330228
3	5	6	-0.612396	0.625877	-0.356089	-0.387064	0.013481	-0.743153
4	3	6	1.149262	-1.149243	-0.502902	0.588410	0.000019	0.085508
5	6	7	0.523329	-0.520380	-0.201331	-0.248212	0.002948	-0.449543
6	7	8	-0.479663	0.481515	-0.101781	-0.218361	0.001852	-0.320142
7	8	2	-1.166456	1.166471	0.459045	-0.371705	0.000015	0.087341
8	8	9	0.684908	-0.671173	-0.240682	-0.358794	0.013734	-0.599475
9	9	4	-0.578879	0.582182	-0.141177	-0.205636	0.003303	-0.346813

Summary
Total Pg           : 3.188089
Total Qg           : -1.406575
Total Load P       : 3.150000
Total Load Q       : 1.150000
Total Active Loss  : 0.037731
Total Reactive Loss: -2.556452
Total Load Supplied: 100.011356%

========================================================================================================================
Update time: 2026-06-10 22:47:27
Iteration: 216
rho: 120
alpha: 0.01
objective_value: 4.09991087356
feasible: False
max_abs_h: 2.033276989055e-04
l2_norm_h: 3.377575702058e-04
lambda_inf_norm: 1.424744171546e+00
lambda_l2_norm: 7.208484367633e+00
------------------------------------------------------------------------------------------------------------------------
Bus Results
BusID	V_R		V_I		Vmag		Pg		Qg		Pl		Ql
1	1.000203	0.000007	1.000203	0.872288	-0.532447	0.000000	0.000000
2	1.033289	0.071530	1.035764	1.166367	-0.371654	0.000000	0.000000
3	1.035308	0.081308	1.038498	1.149354	-0.502980	0.000000	0.000000
4	1.030865	-0.050217	1.032088	0.000000	0.000000	0.000000	0.000000
5	1.044094	-0.080320	1.047180	0.000000	0.000000	0.900000	0.300000
6	1.068681	0.018874	1.068849	0.000000	0.000000	0.000000	0.000000
7	1.060201	-0.030224	1.060634	0.000000	0.000000	1.000000	0.350000
8	1.060523	0.002866	1.060528	0.000000	0.000000	0.000000	0.000000
9	1.024404	-0.098078	1.029089	0.000000	0.000000	1.250000	0.500000

Branch Results
LineID	From	To	Pik		Pki		Qik		Qki		LossP		LossQ
1	1	4	0.872192	-0.872044	-0.532435	0.592504	0.000148	0.060069
2	4	5	0.289826	-0.287607	-0.386552	0.056281	0.002220	-0.330271
3	5	6	-0.612450	0.625924	-0.356247	-0.387013	0.013474	-0.743259
4	3	6	1.149366	-1.149344	-0.502982	0.588498	0.000022	0.085517
5	6	7	0.523386	-0.520450	-0.201474	-0.248141	0.002937	-0.449615
6	7	8	-0.479585	0.481420	-0.101848	-0.218369	0.001834	-0.320217
7	8	2	-1.166357	1.166378	0.458952	-0.371655	0.000020	0.087297
8	8	9	0.684910	-0.671190	-0.240577	-0.359017	0.013720	-0.599593
9	9	4	-0.578859	0.582157	-0.140949	-0.205916	0.003299	-0.346865

Summary
Total Pg           : 3.188009
Total Qg           : -1.407080
Total Load P       : 3.150000
Total Load Q       : 1.150000
Total Active Loss  : 0.037673
Total Reactive Loss: -2.556938
Total Load Supplied: 100.010647%

========================================================================================================================
Update time: 2026-06-10 22:49:41
Iteration: 217
rho: 120
alpha: 0.01
objective_value: 4.10006671436
feasible: False
max_abs_h: 1.670825370952e-04
l2_norm_h: 3.396827680175e-04
lambda_inf_norm: 1.424743507618e+00
lambda_l2_norm: 7.208482132247e+00
------------------------------------------------------------------------------------------------------------------------
Bus Results
BusID	V_R		V_I		Vmag		Pg		Qg		Pl		Ql
1	1.000167	0.000013	1.000167	0.872312	-0.533015	0.000000	0.000000
2	1.033378	0.071507	1.035852	1.166332	-0.371423	0.000000	0.000000
3	1.035374	0.081305	1.038563	1.149478	-0.502911	0.000000	0.000000
4	1.030862	-0.050213	1.032085	0.000000	0.000000	0.000000	0.000000
5	1.044114	-0.080320	1.047200	0.000000	0.000000	0.900000	0.300000
6	1.068740	0.018867	1.068909	0.000000	0.000000	0.000000	0.000000
7	1.060269	-0.030235	1.060702	0.000000	0.000000	1.000000	0.350000
8	1.060593	0.002849	1.060599	0.000000	0.000000	0.000000	0.000000
9	1.024429	-0.098080	1.029115	0.000000	0.000000	1.250000	0.500000

Branch Results
LineID	From	To	Pik		Pki		Qik		Qki		LossP		LossQ
1	1	4	0.872216	-0.872055	-0.533002	0.593104	0.000161	0.060102
2	4	5	0.289811	-0.287575	-0.386804	0.056532	0.002236	-0.330272
3	5	6	-0.612489	0.625975	-0.356497	-0.386819	0.013486	-0.743316
4	3	6	1.149492	-1.149470	-0.502913	0.588428	0.000021	0.085516
5	6	7	0.523460	-0.520515	-0.201596	-0.248074	0.002945	-0.449670
6	7	8	-0.479524	0.481366	-0.101915	-0.218357	0.001842	-0.320272
7	8	2	-1.166322	1.166343	0.458691	-0.371424	0.000021	0.087267
8	8	9	0.684924	-0.671190	-0.240324	-0.359338	0.013734	-0.599662
9	9	4	-0.578864	0.582177	-0.140621	-0.206261	0.003313	-0.346882

Summary
Total Pg           : 3.188123
Total Qg           : -1.407349
Total Load P       : 3.150000
Total Load Q       : 1.150000
Total Active Loss  : 0.037758
Total Reactive Loss: -2.557190
Total Load Supplied: 100.011583%

========================================================================================================================
Update time: 2026-06-10 22:51:52
Iteration: 218
rho: 120
alpha: 0.01
objective_value: 4.10000899986
feasible: False
max_abs_h: 1.486835859323e-04
l2_norm_h: 3.245141710344e-04
lambda_inf_norm: 1.424742860084e+00
lambda_l2_norm: 7.208479974444e+00
------------------------------------------------------------------------------------------------------------------------
Bus Results
BusID	V_R		V_I		Vmag		Pg		Qg		Pl		Ql
1	1.000149	0.000009	1.000150	0.872301	-0.533383	0.000000	0.000000
2	1.033454	0.071475	1.035925	1.166249	-0.371199	0.000000	0.000000
3	1.035412	0.081294	1.038600	1.149532	-0.502966	0.000000	0.000000
4	1.030865	-0.050218	1.032089	0.000000	0.000000	0.000000	0.000000
5	1.044131	-0.080326	1.047218	0.000000	0.000000	0.900000	0.300000
6	1.068779	0.018855	1.068948	0.000000	0.000000	0.000000	0.000000
7	1.060320	-0.030252	1.060754	0.000000	0.000000	1.000000	0.350000
8	1.060650	0.002825	1.060656	0.000000	0.000000	0.000000	0.000000
9	1.024452	-0.098089	1.029138	0.000000	0.000000	1.250000	0.500000

Branch Results
LineID	From	To	Pik		Pki		Qik		Qki		LossP		LossQ
1	1	4	0.872205	-0.872044	-0.533370	0.593498	0.000161	0.060128
2	4	5	0.289791	-0.287558	-0.386959	0.056687	0.002233	-0.330272
3	5	6	-0.612503	0.625981	-0.356651	-0.386718	0.013479	-0.743369
4	3	6	1.149545	-1.149524	-0.502968	0.588484	0.000021	0.085517
5	6	7	0.523508	-0.520569	-0.201751	-0.247965	0.002939	-0.449716
6	7	8	-0.479467	0.481305	-0.102022	-0.218291	0.001837	-0.320314
7	8	2	-1.166240	1.166259	0.458434	-0.371200	0.000020	0.087234
8	8	9	0.684905	-0.671177	-0.240133	-0.359581	0.013728	-0.599714
9	9	4	-0.578876	0.582186	-0.140382	-0.206503	0.003310	-0.346884

Summary
Total Pg           : 3.188081
Total Qg           : -1.407549
Total Load P       : 3.150000
Total Load Q       : 1.150000
Total Active Loss  : 0.037728
Total Reactive Loss: -2.557390
Total Load Supplied: 100.011235%

========================================================================================================================
Update time: 2026-06-10 22:54:06
Iteration: 219
rho: 120
alpha: 0.01
objective_value: 4.0998858431
feasible: False
max_abs_h: 1.963858584926e-04
l2_norm_h: 3.287921167189e-04
lambda_inf_norm: 1.424742262414e+00
lambda_l2_norm: 7.208477982030e+00
------------------------------------------------------------------------------------------------------------------------
Bus Results
BusID	V_R		V_I		Vmag		Pg		Qg		Pl		Ql
1	1.000196	-0.000011	1.000196	0.872277	-0.533983	0.000000	0.000000
2	1.033622	0.071412	1.036087	1.166138	-0.371006	0.000000	0.000000
3	1.035525	0.081254	1.038710	1.149577	-0.503178	0.000000	0.000000
4	1.030945	-0.050235	1.032169	0.000000	0.000000	0.000000	0.000000
5	1.044230	-0.080345	1.047317	0.000000	0.000000	0.900000	0.300000
6	1.068899	0.018818	1.069065	0.000000	0.000000	0.000000	0.000000
7	1.060459	-0.030291	1.060893	0.000000	0.000000	1.000000	0.350000
8	1.060797	0.002776	1.060802	0.000000	0.000000	0.000000	0.000000
9	1.024561	-0.098108	1.029249	0.000000	0.000000	1.250000	0.500000

Branch Results
LineID	From	To	Pik		Pki		Qik		Qki		LossP		LossQ
1	1	4	0.872182	-0.872029	-0.533971	0.594130	0.000153	0.060159
2	4	5	0.289777	-0.287555	-0.387204	0.056891	0.002222	-0.330313
3	5	6	-0.612501	0.625970	-0.356859	-0.386675	0.013469	-0.743534
4	3	6	1.149590	-1.149570	-0.503179	0.588698	0.000021	0.085519
5	6	7	0.523567	-0.520630	-0.202013	-0.247805	0.002937	-0.449818
6	7	8	-0.479406	0.481236	-0.102185	-0.218218	0.001830	-0.320403
7	8	2	-1.166129	1.166148	0.458193	-0.371008	0.000019	0.087186
8	8	9	0.684867	-0.671151	-0.239969	-0.359918	0.013716	-0.599887
9	9	4	-0.578898	0.582194	-0.140051	-0.206893	0.003296	-0.346945

Summary
Total Pg           : 3.187992
Total Qg           : -1.408167
Total Load P       : 3.150000
Total Load Q       : 1.150000
Total Active Loss  : 0.037662
Total Reactive Loss: -2.558036
Total Load Supplied: 100.010467%

========================================================================================================================
Update time: 2026-06-10 22:56:19
Iteration: 220
rho: 120
alpha: 0.01
objective_value: 4.09998726146
feasible: False
max_abs_h: 2.000343853037e-04
l2_norm_h: 3.473385518730e-04
lambda_inf_norm: 1.424741631321e+00
lambda_l2_norm: 7.208475844005e+00
------------------------------------------------------------------------------------------------------------------------
Bus Results
BusID	V_R		V_I		Vmag		Pg		Qg		Pl		Ql
1	1.000200	0.000012	1.000200	0.872312	-0.534461	0.000000	0.000000
2	1.033705	0.071403	1.036171	1.166044	-0.370970	0.000000	0.000000
3	1.035602	0.081270	1.038788	1.149710	-0.503169	0.000000	0.000000
4	1.030978	-0.050212	1.032200	0.000000	0.000000	0.000000	0.000000
5	1.044281	-0.080324	1.047367	0.000000	0.000000	0.900000	0.300000
6	1.068974	0.018832	1.069142	0.000000	0.000000	0.000000	0.000000
7	1.060539	-0.030281	1.060973	0.000000	0.000000	1.000000	0.350000
8	1.060875	0.002778	1.060881	0.000000	0.000000	0.000000	0.000000
9	1.024616	-0.098090	1.029302	0.000000	0.000000	1.250000	0.500000

Branch Results
LineID	From	To	Pik		Pki		Qik		Qki		LossP		LossQ
1	1	4	0.872216	-0.872059	-0.534449	0.594642	0.000157	0.060193
2	4	5	0.289766	-0.287532	-0.387433	0.057091	0.002234	-0.330342
3	5	6	-0.612528	0.626006	-0.357058	-0.386577	0.013478	-0.743635
4	3	6	1.149724	-1.149693	-0.503170	0.588691	0.000030	0.085521
5	6	7	0.523651	-0.520712	-0.202102	-0.247790	0.002940	-0.449892
6	7	8	-0.479325	0.481161	-0.102198	-0.218272	0.001836	-0.320470
7	8	2	-1.166034	1.166054	0.458129	-0.370972	0.000020	0.087157
8	8	9	0.684844	-0.671128	-0.239848	-0.360148	0.013716	-0.599996
9	9	4	-0.578922	0.582228	-0.139813	-0.207173	0.003306	-0.346985

Summary
Total Pg           : 3.188066
Total Qg           : -1.408599
Total Load P       : 3.150000
Total Load Q       : 1.150000
Total Active Loss  : 0.037716
Total Reactive Loss: -2.558449
Total Load Supplied: 100.011121%

========================================================================================================================
Update time: 2026-06-10 22:58:32
Iteration: 221
rho: 120
alpha: 0.01
objective_value: 4.09988261318
feasible: False
max_abs_h: 2.305774904912e-04
l2_norm_h: 3.492946073980e-04
lambda_inf_norm: 1.424741010448e+00
lambda_l2_norm: 7.208473845666e+00
------------------------------------------------------------------------------------------------------------------------
Bus Results
BusID	V_R		V_I		Vmag		Pg		Qg		Pl		Ql
1	1.000231	0.000008	1.000230	0.872224	-0.535180	0.000000	0.000000
2	1.033869	0.071361	1.036330	1.165919	-0.370852	0.000000	0.000000
3	1.035746	0.081261	1.038931	1.149849	-0.503202	0.000000	0.000000
4	1.031049	-0.050210	1.032271	0.000000	0.000000	0.000000	0.000000
5	1.044384	-0.080320	1.047469	0.000000	0.000000	0.900000	0.300000
6	1.069114	0.018823	1.069282	0.000000	0.000000	0.000000	0.000000
7	1.060688	-0.030295	1.061122	0.000000	0.000000	1.000000	0.350000
8	1.061023	0.002752	1.061028	0.000000	0.000000	0.000000	0.000000
9	1.024720	-0.098091	1.029405	0.000000	0.000000	1.250000	0.500000

Branch Results
LineID	From	To	Pik		Pki		Qik		Qki		LossP		LossQ
1	1	4	0.872127	-0.871976	-0.535169	0.595402	0.000151	0.060233
2	4	5	0.289682	-0.287462	-0.387792	0.057409	0.002219	-0.330383
3	5	6	-0.612590	0.626054	-0.357377	-0.386445	0.013464	-0.743822
4	3	6	1.149862	-1.149840	-0.503203	0.588719	0.000022	0.085515
5	6	7	0.523755	-0.520823	-0.202259	-0.247756	0.002932	-0.450015
6	7	8	-0.479212	0.481043	-0.102234	-0.218329	0.001830	-0.320564
7	8	2	-1.165912	1.165928	0.457964	-0.370853	0.000016	0.087111
8	8	9	0.684839	-0.671118	-0.239631	-0.360519	0.013720	-0.600150
9	9	4	-0.578933	0.582235	-0.139452	-0.207581	0.003301	-0.347033

Summary
Total Pg           : 3.187993
Total Qg           : -1.409234
Total Load P       : 3.150000
Total Load Q       : 1.150000
Total Active Loss  : 0.037657
Total Reactive Loss: -2.559107
Total Load Supplied: 100.010649%

========================================================================================================================
Update time: 2026-06-10 23:00:45
Iteration: 222
rho: 120
alpha: 0.01
objective_value: 4.09998102161
feasible: False
max_abs_h: 1.702730193736e-04
l2_norm_h: 3.335254037361e-04
lambda_inf_norm: 1.424740380849e+00
lambda_l2_norm: 7.208471707669e+00
------------------------------------------------------------------------------------------------------------------------
Bus Results
BusID	V_R		V_I		Vmag		Pg		Qg		Pl		Ql
1	1.000170	-0.000008	1.000171	0.872247	-0.535637	0.000000	0.000000
2	1.033926	0.071316	1.036385	1.165874	-0.370550	0.000000	0.000000
3	1.035764	0.081236	1.038947	1.149944	-0.503181	0.000000	0.000000
4	1.031015	-0.050231	1.032239	0.000000	0.000000	0.000000	0.000000
5	1.044366	-0.080345	1.047453	0.000000	0.000000	0.900000	0.300000
6	1.069129	0.018793	1.069297	0.000000	0.000000	0.000000	0.000000
7	1.060714	-0.030331	1.061150	0.000000	0.000000	1.000000	0.350000
8	1.061058	0.002711	1.061063	0.000000	0.000000	0.000000	0.000000
9	1.024709	-0.098118	1.029398	0.000000	0.000000	1.250000	0.500000

Branch Results
LineID	From	To	Pik		Pki		Qik		Qki		LossP		LossQ
1	1	4	0.872151	-0.871994	-0.535625	0.595881	0.000157	0.060257
2	4	5	0.289683	-0.287451	-0.387966	0.057593	0.002232	-0.330373
3	5	6	-0.612607	0.626079	-0.357556	-0.386273	0.013472	-0.743829
4	3	6	1.149958	-1.149935	-0.503182	0.588701	0.000022	0.085519
5	6	7	0.523821	-0.520876	-0.202411	-0.247629	0.002944	-0.450040
6	7	8	-0.479162	0.480999	-0.102358	-0.218240	0.001837	-0.320598
7	8	2	-1.165860	1.165884	0.457627	-0.370551	0.000023	0.087076
8	8	9	0.684830	-0.671109	-0.239378	-0.360803	0.013720	-0.600181
9	9	4	-0.578942	0.582248	-0.139157	-0.207877	0.003306	-0.347034

Summary
Total Pg           : 3.188065
Total Qg           : -1.409369
Total Load P       : 3.150000
Total Load Q       : 1.150000
Total Active Loss  : 0.037714
Total Reactive Loss: -2.559204
Total Load Supplied: 100.011153%

========================================================================================================================
Update time: 2026-06-10 23:02:58
Iteration: 223
rho: 120
alpha: 0.01
objective_value: 4.09991612081
feasible: False
max_abs_h: 1.486488626674e-04
l2_norm_h: 3.270742778961e-04
lambda_inf_norm: 1.424739777295e+00
lambda_l2_norm: 7.208469656782e+00
------------------------------------------------------------------------------------------------------------------------
Bus Results
BusID	V_R		V_I		Vmag		Pg		Qg		Pl		Ql
1	1.000149	0.000089	1.000149	0.872062	-0.536165	0.000000	0.000000
2	1.034026	0.071414	1.036492	1.165854	-0.370233	0.000000	0.000000
3	1.035812	0.081360	1.039005	1.150107	-0.503220	0.000000	0.000000
4	1.031030	-0.050121	1.032248	0.000000	0.000000	0.000000	0.000000
5	1.044402	-0.080229	1.047481	0.000000	0.000000	0.900000	0.300000
6	1.069186	0.018916	1.069355	0.000000	0.000000	0.000000	0.000000
7	1.060793	-0.030215	1.061226	0.000000	0.000000	1.000000	0.350000
8	1.061141	0.002818	1.061147	0.000000	0.000000	0.000000	0.000000
9	1.024757	-0.098007	1.029434	0.000000	0.000000	1.250000	0.500000

Branch Results
LineID	From	To	Pik		Pki		Qik		Qki		LossP		LossQ
1	1	4	0.871964	-0.871810	-0.536154	0.596422	0.000154	0.060268
2	4	5	0.289576	-0.287353	-0.388165	0.057784	0.002223	-0.330382
3	5	6	-0.612702	0.626174	-0.357747	-0.386131	0.013472	-0.743879
4	3	6	1.150120	-1.150097	-0.503222	0.588759	0.000023	0.085537
5	6	7	0.523889	-0.520947	-0.202613	-0.247475	0.002942	-0.450088
6	7	8	-0.479090	0.480921	-0.102515	-0.218138	0.001831	-0.320653
7	8	2	-1.165844	1.165864	0.457269	-0.370233	0.000020	0.087035
8	8	9	0.684894	-0.671175	-0.239121	-0.361122	0.013720	-0.600243
9	9	4	-0.578873	0.582174	-0.138840	-0.208216	0.003301	-0.347057

Summary
Total Pg           : 3.188023
Total Qg           : -1.409618
Total Load P       : 3.150000
Total Load Q       : 1.150000
Total Active Loss  : 0.037687
Total Reactive Loss: -2.559460
Total Load Supplied: 100.010670%

========================================================================================================================
Update time: 2026-06-10 23:05:12
Iteration: 224
rho: 120
alpha: 0.01
objective_value: 4.0999198161
feasible: False
max_abs_h: 1.967418018320e-04
l2_norm_h: 3.343700532176e-04
lambda_inf_norm: 1.424739176663e+00
lambda_l2_norm: 7.208467594791e+00
------------------------------------------------------------------------------------------------------------------------
Bus Results
BusID	V_R		V_I		Vmag		Pg		Qg		Pl		Ql
1	1.000197	0.000002	1.000196	0.872061	-0.536767	0.000000	0.000000
2	1.034192	0.071289	1.036648	1.165791	-0.370108	0.000000	0.000000
3	1.035945	0.081253	1.039128	1.150174	-0.503363	0.000000	0.000000
4	1.031107	-0.050209	1.032329	0.000000	0.000000	0.000000	0.000000
5	1.044499	-0.080320	1.047583	0.000000	0.000000	0.900000	0.300000
6	1.069316	0.018808	1.069483	0.000000	0.000000	0.000000	0.000000
7	1.060934	-0.030322	1.061368	0.000000	0.000000	1.000000	0.350000
8	1.061287	0.002703	1.061292	0.000000	0.000000	0.000000	0.000000
9	1.024860	-0.098096	1.029545	0.000000	0.000000	1.250000	0.500000

Branch Results
LineID	From	To	Pik		Pki		Qik		Qki		LossP		LossQ
1	1	4	0.871965	-0.871809	-0.536755	0.597068	0.000156	0.060313
2	4	5	0.289571	-0.287338	-0.388442	0.058019	0.002233	-0.330423
3	5	6	-0.612720	0.626196	-0.357989	-0.386065	0.013475	-0.744053
4	3	6	1.150187	-1.150168	-0.503364	0.588900	0.000019	0.085535
5	6	7	0.523937	-0.520996	-0.202822	-0.247389	0.002941	-0.450211
6	7	8	-0.479040	0.480869	-0.102602	-0.218145	0.001829	-0.320747
7	8	2	-1.165780	1.165801	0.457116	-0.370110	0.000022	0.087006
8	8	9	0.684883	-0.671171	-0.238966	-0.361446	0.013712	-0.600412
9	9	4	-0.578878	0.582176	-0.138522	-0.208593	0.003298	-0.347116

Summary
Total Pg           : 3.188026
Total Qg           : -1.410238
Total Load P       : 3.150000
Total Load Q       : 1.150000
Total Active Loss  : 0.037685
Total Reactive Loss: -2.560109
Total Load Supplied: 100.010837%

========================================================================================================================
Update time: 2026-06-10 23:07:25
Iteration: 225
rho: 120
alpha: 0.01
objective_value: 4.09990893562
feasible: False
max_abs_h: 1.735687401490e-04
l2_norm_h: 3.366604898324e-04
lambda_inf_norm: 1.424738551550e+00
lambda_l2_norm: 7.208465545035e+00
------------------------------------------------------------------------------------------------------------------------
Bus Results
BusID	V_R		V_I		Vmag		Pg		Qg		Pl		Ql
1	1.000174	0.000036	1.000174	0.872003	-0.537119	0.000000	0.000000
2	1.034249	0.071315	1.036707	1.165748	-0.369880	0.000000	0.000000
3	1.035957	0.081300	1.039145	1.150269	-0.503463	0.000000	0.000000
4	1.031106	-0.050172	1.032327	0.000000	0.000000	0.000000	0.000000
5	1.044509	-0.080280	1.047591	0.000000	0.000000	0.900000	0.300000
6	1.069336	0.018853	1.069505	0.000000	0.000000	0.000000	0.000000
7	1.060970	-0.030283	1.061404	0.000000	0.000000	1.000000	0.350000
8	1.061330	0.002735	1.061336	0.000000	0.000000	0.000000	0.000000
9	1.024879	-0.098060	1.029561	0.000000	0.000000	1.250000	0.500000

Branch Results
LineID	From	To	Pik		Pki		Qik		Qki		LossP		LossQ
1	1	4	0.871906	-0.871746	-0.537105	0.597424	0.000160	0.060319
2	4	5	0.289521	-0.287287	-0.388557	0.058115	0.002234	-0.330442
3	5	6	-0.612771	0.626243	-0.358075	-0.386006	0.013473	-0.744081
4	3	6	1.150283	-1.150262	-0.503465	0.589010	0.000021	0.085545
5	6	7	0.523987	-0.521053	-0.202989	-0.247248	0.002934	-0.450237
6	7	8	-0.478979	0.480801	-0.102741	-0.218039	0.001822	-0.320780
7	8	2	-1.165741	1.165758	0.456861	-0.369882	0.000017	0.086979
8	8	9	0.684914	-0.671198	-0.238815	-0.361642	0.013716	-0.600456
9	9	4	-0.578854	0.582160	-0.138317	-0.208825	0.003306	-0.347142

Summary
Total Pg           : 3.188021
Total Qg           : -1.410462
Total Load P       : 3.150000
Total Load Q       : 1.150000
Total Active Loss  : 0.037683
Total Reactive Loss: -2.560295
Total Load Supplied: 100.010728%

========================================================================================================================
Update time: 2026-06-10 23:09:38
Iteration: 226
rho: 120
alpha: 0.01
objective_value: 4.09995493376
feasible: False
max_abs_h: 1.646688939987e-04
l2_norm_h: 3.338398142331e-04
lambda_inf_norm: 1.424737932982e+00
lambda_l2_norm: 7.208463428046e+00
------------------------------------------------------------------------------------------------------------------------
Bus Results
BusID	V_R		V_I		Vmag		Pg		Qg		Pl		Ql
1	1.000165	0.000066	1.000165	0.871954	-0.537599	0.000000	0.000000
2	1.034348	0.071323	1.036806	1.165707	-0.369687	0.000000	0.000000
3	1.036030	0.081330	1.039219	1.150396	-0.503448	0.000000	0.000000
4	1.031127	-0.050138	1.032346	0.000000	0.000000	0.000000	0.000000
5	1.044551	-0.080247	1.047630	0.000000	0.000000	0.900000	0.300000
6	1.069408	0.018881	1.069577	0.000000	0.000000	0.000000	0.000000
7	1.061052	-0.030259	1.061486	0.000000	0.000000	1.000000	0.350000
8	1.061414	0.002752	1.061420	0.000000	0.000000	0.000000	0.000000
9	1.024926	-0.098029	1.029605	0.000000	0.000000	1.250000	0.500000

Branch Results
LineID	From	To	Pik		Pki		Qik		Qki		LossP		LossQ
1	1	4	0.871857	-0.871697	-0.537586	0.597936	0.000161	0.060350
2	4	5	0.289483	-0.287243	-0.388775	0.058333	0.002240	-0.330443
3	5	6	-0.612817	0.626295	-0.358298	-0.385859	0.013478	-0.744156
4	3	6	1.150409	-1.150388	-0.503448	0.588997	0.000021	0.085549
5	6	7	0.524059	-0.521119	-0.203124	-0.247176	0.002940	-0.450301
6	7	8	-0.478916	0.480742	-0.102814	-0.218027	0.001826	-0.320841
7	8	2	-1.165697	1.165717	0.456635	-0.369688	0.000019	0.086947
8	8	9	0.684927	-0.671208	-0.238601	-0.361934	0.013719	-0.600535
9	9	4	-0.578845	0.582148	-0.138029	-0.209126	0.003304	-0.347154

Summary
Total Pg           : 3.188056
Total Qg           : -1.410733
Total Load P       : 3.150000
Total Load Q       : 1.150000
Total Active Loss  : 0.037707
Total Reactive Loss: -2.560583
Total Load Supplied: 100.011090%

========================================================================================================================
Update time: 2026-06-10 23:11:49
Iteration: 227
rho: 120
alpha: 0.01
objective_value: 4.09999303601
feasible: False
max_abs_h: 1.959528833719e-04
l2_norm_h: 3.395684544848e-04
lambda_inf_norm: 1.424737285345e+00
lambda_l2_norm: 7.208461253520e+00
------------------------------------------------------------------------------------------------------------------------
Bus Results
BusID	V_R		V_I		Vmag		Pg		Qg		Pl		Ql
1	1.000196	-0.000052	1.000196	0.871988	-0.538101	0.000000	0.000000
2	1.034493	0.071158	1.036940	1.165642	-0.369542	0.000000	0.000000
3	1.036142	0.081184	1.039320	1.150454	-0.503554	0.000000	0.000000
4	1.031181	-0.050260	1.032405	0.000000	0.000000	0.000000	0.000000
5	1.044620	-0.080374	1.047709	0.000000	0.000000	0.900000	0.300000
6	1.069514	0.018733	1.069680	0.000000	0.000000	0.000000	0.000000
7	1.061166	-0.030409	1.061603	0.000000	0.000000	1.000000	0.350000
8	1.061536	0.002595	1.061540	0.000000	0.000000	0.000000	0.000000
9	1.025001	-0.098156	1.029690	0.000000	0.000000	1.250000	0.500000

Branch Results
LineID	From	To	Pik		Pki		Qik		Qki		LossP		LossQ
1	1	4	0.871892	-0.871736	-0.538090	0.598488	0.000156	0.060398
2	4	5	0.289486	-0.287251	-0.389007	0.058546	0.002235	-0.330461
3	5	6	-0.612808	0.626286	-0.358522	-0.385772	0.013477	-0.744294
4	3	6	1.150467	-1.150447	-0.503556	0.589104	0.000020	0.085548
5	6	7	0.524125	-0.521179	-0.203317	-0.247083	0.002946	-0.450400
6	7	8	-0.478861	0.480698	-0.102907	-0.218016	0.001837	-0.320923
7	8	2	-1.165623	1.165651	0.456454	-0.369544	0.000028	0.086910
8	8	9	0.684892	-0.671170	-0.238431	-0.362243	0.013723	-0.600674
9	9	4	-0.578884	0.582188	-0.137729	-0.209456	0.003304	-0.347184

Summary
Total Pg           : 3.188084
Total Qg           : -1.411197
Total Load P       : 3.150000
Total Load Q       : 1.150000
Total Active Loss  : 0.037726
Total Reactive Loss: -2.561080
Total Load Supplied: 100.011356%

========================================================================================================================
Update time: 2026-06-10 23:14:02
Iteration: 228
rho: 120
alpha: 0.01
objective_value: 4.09994369853
feasible: False
max_abs_h: 1.946079235253e-04
l2_norm_h: 3.443015817702e-04
lambda_inf_norm: 1.424736682808e+00
lambda_l2_norm: 7.208459142656e+00
------------------------------------------------------------------------------------------------------------------------
Bus Results
BusID	V_R		V_I		Vmag		Pg		Qg		Pl		Ql
1	1.000195	0.000008	1.000194	0.871947	-0.538684	0.000000	0.000000
2	1.034594	0.071198	1.037043	1.165569	-0.369357	0.000000	0.000000
3	1.036206	0.081241	1.039388	1.150533	-0.503659	0.000000	0.000000
4	1.031215	-0.050196	1.032437	0.000000	0.000000	0.000000	0.000000
5	1.044676	-0.080310	1.047760	0.000000	0.000000	0.900000	0.300000
6	1.069585	0.018793	1.069752	0.000000	0.000000	0.000000	0.000000
7	1.061252	-0.030351	1.061688	0.000000	0.000000	1.000000	0.350000
8	1.061625	0.002646	1.061630	0.000000	0.000000	0.000000	0.000000
9	1.025064	-0.098093	1.029748	0.000000	0.000000	1.250000	0.500000

Branch Results
LineID	From	To	Pik		Pki		Qik		Qki		LossP		LossQ
1	1	4	0.871850	-0.871692	-0.538671	0.599085	0.000158	0.060414
2	4	5	0.289460	-0.287220	-0.389254	0.058743	0.002239	-0.330511
3	5	6	-0.612839	0.626316	-0.358705	-0.385702	0.013477	-0.744406
4	3	6	1.150545	-1.150516	-0.503660	0.589206	0.000029	0.085546
5	6	7	0.524162	-0.521221	-0.203489	-0.246982	0.002941	-0.450471
6	7	8	-0.478816	0.480643	-0.103009	-0.217970	0.001827	-0.320979
7	8	2	-1.165560	1.165579	0.456242	-0.369359	0.000018	0.086883
8	8	9	0.684891	-0.671181	-0.238268	-0.362512	0.013710	-0.600779
9	9	4	-0.578868	0.582169	-0.137451	-0.209792	0.003300	-0.347243

Summary
Total Pg           : 3.188049
Total Qg           : -1.411699
Total Load P       : 3.150000
Total Load Q       : 1.150000
Total Active Loss  : 0.037700
Total Reactive Loss: -2.561547
Total Load Supplied: 100.011078%

========================================================================================================================
Update time: 2026-06-10 23:16:14
Iteration: 229
rho: 120
alpha: 0.01
objective_value: 4.09999855868
feasible: False
max_abs_h: 1.705240020780e-04
l2_norm_h: 3.405939204875e-04
lambda_inf_norm: 1.424736040093e+00
lambda_l2_norm: 7.208456952621e+00
------------------------------------------------------------------------------------------------------------------------
Bus Results
BusID	V_R		V_I		Vmag		Pg		Qg		Pl		Ql
1	1.000171	-0.000014	1.000171	0.871921	-0.539135	0.000000	0.000000
2	1.034675	0.071160	1.037121	1.165564	-0.369150	0.000000	0.000000
3	1.036259	0.081216	1.039439	1.150606	-0.503637	0.000000	0.000000
4	1.031217	-0.050218	1.032439	0.000000	0.000000	0.000000	0.000000
5	1.044694	-0.080333	1.047779	0.000000	0.000000	0.900000	0.300000
6	1.069634	0.018765	1.069800	0.000000	0.000000	0.000000	0.000000
7	1.061311	-0.030381	1.061748	0.000000	0.000000	1.000000	0.350000
8	1.061688	0.002611	1.061693	0.000000	0.000000	0.000000	0.000000
9	1.025087	-0.098117	1.029774	0.000000	0.000000	1.250000	0.500000

Branch Results
LineID	From	To	Pik		Pki		Qik		Qki		LossP		LossQ
1	1	4	0.871825	-0.871662	-0.539121	0.599555	0.000163	0.060434
2	4	5	0.289436	-0.287187	-0.389440	0.058927	0.002249	-0.330513
3	5	6	-0.612877	0.626360	-0.358890	-0.385558	0.013483	-0.744448
4	3	6	1.150619	-1.150597	-0.503638	0.589192	0.000022	0.085553
5	6	7	0.524200	-0.521257	-0.203621	-0.246895	0.002943	-0.450517
6	7	8	-0.478780	0.480606	-0.103094	-0.217935	0.001827	-0.321028
7	8	2	-1.165554	1.165574	0.456004	-0.369152	0.000020	0.086852
8	8	9	0.684919	-0.671204	-0.238062	-0.362775	0.013715	-0.600837
9	9	4	-0.578849	0.582157	-0.137185	-0.210074	0.003309	-0.347259

Summary
Total Pg           : 3.188091
Total Qg           : -1.411922
Total Load P       : 3.150000
Total Load Q       : 1.150000
Total Active Loss  : 0.037731
Total Reactive Loss: -2.561763
Total Load Supplied: 100.011425%

========================================================================================================================
Update time: 2026-06-10 23:18:26
Iteration: 230
rho: 120
alpha: 0.01
objective_value: 4.09997221442
feasible: False
max_abs_h: 1.600723146715e-04
l2_norm_h: 3.617230326968e-04
lambda_inf_norm: 1.424735433111e+00
lambda_l2_norm: 7.208454795790e+00
------------------------------------------------------------------------------------------------------------------------
Bus Results
BusID	V_R		V_I		Vmag		Pg		Qg		Pl		Ql
1	1.000160	-0.000151	1.000160	0.872054	-0.539572	0.000000	0.000000
2	1.034772	0.070948	1.037204	1.165387	-0.369016	0.000000	0.000000
3	1.036328	0.081029	1.039494	1.150626	-0.503709	0.000000	0.000000
4	1.031225	-0.050368	1.032455	0.000000	0.000000	0.000000	0.000000
5	1.044715	-0.080495	1.047813	0.000000	0.000000	0.900000	0.300000
6	1.069694	0.018575	1.069857	0.000000	0.000000	0.000000	0.000000
7	1.061373	-0.030576	1.061816	0.000000	0.000000	1.000000	0.350000
8	1.061760	0.002409	1.061764	0.000000	0.000000	0.000000	0.000000
9	1.025111	-0.098279	1.029813	0.000000	0.000000	1.250000	0.500000

Branch Results
LineID	From	To	Pik		Pki		Qik		Qki		LossP		LossQ
1	1	4	0.871959	-0.871807	-0.539559	0.600045	0.000152	0.060486
2	4	5	0.289491	-0.287254	-0.389647	0.059135	0.002237	-0.330511
3	5	6	-0.612805	0.626283	-0.359100	-0.385449	0.013478	-0.744548
4	3	6	1.150639	-1.150610	-0.503711	0.589251	0.000030	0.085540
5	6	7	0.524284	-0.521332	-0.203780	-0.246806	0.002952	-0.450586
6	7	8	-0.478709	0.480543	-0.103174	-0.217921	0.001834	-0.321096
7	8	2	-1.165371	1.165397	0.455820	-0.369017	0.000026	0.086802
8	8	9	0.684795	-0.671086	-0.237884	-0.363060	0.013709	-0.600945
9	9	4	-0.578961	0.582257	-0.136900	-0.210362	0.003296	-0.347262

Summary
Total Pg           : 3.188068
Total Qg           : -1.412298
Total Load P       : 3.150000
Total Load Q       : 1.150000
Total Active Loss  : 0.037712
Total Reactive Loss: -2.562120
Total Load Supplied: 100.011282%

========================================================================================================================
Update time: 2026-06-10 23:20:39
Iteration: 231
rho: 120
alpha: 0.01
objective_value: 4.09992692529
feasible: False
max_abs_h: 1.966232581474e-04
l2_norm_h: 3.444832146617e-04
lambda_inf_norm: 1.424734808880e+00
lambda_l2_norm: 7.208452696974e+00
------------------------------------------------------------------------------------------------------------------------
Bus Results
BusID	V_R		V_I		Vmag		Pg		Qg		Pl		Ql
1	1.000197	0.000045	1.000196	0.871992	-0.540110	0.000000	0.000000
2	1.034893	0.071135	1.037337	1.165339	-0.368872	0.000000	0.000000
3	1.036419	0.081235	1.039600	1.150705	-0.503775	0.000000	0.000000
4	1.031301	-0.050160	1.032521	0.000000	0.000000	0.000000	0.000000
5	1.044817	-0.080281	1.047897	0.000000	0.000000	0.900000	0.300000
6	1.069797	0.018789	1.069964	0.000000	0.000000	0.000000	0.000000
7	1.061498	-0.030364	1.061934	0.000000	0.000000	1.000000	0.350000
8	1.061880	0.002612	1.061885	0.000000	0.000000	0.000000	0.000000
9	1.025222	-0.098071	1.029903	0.000000	0.000000	1.250000	0.500000

Branch Results
LineID	From	To	Pik		Pki		Qik		Qki		LossP		LossQ
1	1	4	0.871896	-0.871741	-0.540098	0.600607	0.000155	0.060508
2	4	5	0.289436	-0.287194	-0.389883	0.059327	0.002242	-0.330556
3	5	6	-0.612865	0.626335	-0.359294	-0.385383	0.013471	-0.744677
4	3	6	1.150719	-1.150698	-0.503776	0.589324	0.000021	0.085548
5	6	7	0.524328	-0.521387	-0.203930	-0.246736	0.002940	-0.450665
6	7	8	-0.478648	0.480471	-0.103256	-0.217900	0.001823	-0.321156
7	8	2	-1.165327	1.165348	0.455649	-0.368873	0.000021	0.086776
8	8	9	0.684827	-0.671117	-0.237744	-0.363325	0.013710	-0.601069
9	9	4	-0.578936	0.582241	-0.136637	-0.210686	0.003305	-0.347323

Summary
Total Pg           : 3.188037
Total Qg           : -1.412757
Total Load P       : 3.150000
Total Load Q       : 1.150000
Total Active Loss  : 0.037690
Total Reactive Loss: -2.562615
Total Load Supplied: 100.011023%

========================================================================================================================
Update time: 2026-06-10 23:22:51
Iteration: 232
rho: 120
alpha: 0.01
objective_value: 4.09989881203
feasible: False
max_abs_h: 2.190280597176e-04
l2_norm_h: 3.506619620325e-04
lambda_inf_norm: 1.424734202846e+00
lambda_l2_norm: 7.208450632343e+00
------------------------------------------------------------------------------------------------------------------------
Bus Results
BusID	V_R		V_I		Vmag		Pg		Qg		Pl		Ql
1	1.000219	0.000037	1.000219	0.871952	-0.540735	0.000000	0.000000
2	1.035035	0.071097	1.037476	1.165289	-0.368735	0.000000	0.000000
3	1.036534	0.081212	1.039712	1.150776	-0.503854	0.000000	0.000000
4	1.031359	-0.050165	1.032579	0.000000	0.000000	0.000000	0.000000
5	1.044899	-0.080288	1.047979	0.000000	0.000000	0.900000	0.300000
6	1.069911	0.018768	1.070077	0.000000	0.000000	0.000000	0.000000
7	1.061623	-0.030385	1.062059	0.000000	0.000000	1.000000	0.350000
8	1.062007	0.002584	1.062012	0.000000	0.000000	0.000000	0.000000
9	1.025309	-0.098077	1.029990	0.000000	0.000000	1.250000	0.500000

Branch Results
LineID	From	To	Pik		Pki		Qik		Qki		LossP		LossQ
1	1	4	0.871856	-0.871699	-0.540724	0.601269	0.000156	0.060545
2	4	5	0.289405	-0.287166	-0.390178	0.059590	0.002239	-0.330589
3	5	6	-0.612891	0.626358	-0.359558	-0.385274	0.013467	-0.744832
4	3	6	1.150789	-1.150767	-0.503855	0.589396	0.000023	0.085541
5	6	7	0.524374	-0.521434	-0.204109	-0.246667	0.002940	-0.450776
6	7	8	-0.478601	0.480425	-0.103324	-0.217920	0.001824	-0.321244
7	8	2	-1.165278	1.165298	0.455478	-0.368738	0.000020	0.086740
8	8	9	0.684825	-0.671118	-0.237552	-0.363657	0.013706	-0.601209
9	9	4	-0.578931	0.582231	-0.136310	-0.211058	0.003300	-0.347368

Summary
Total Pg           : 3.188018
Total Qg           : -1.413325
Total Load P       : 3.150000
Total Load Q       : 1.150000
Total Active Loss  : 0.037676
Total Reactive Loss: -2.563192
Total Load Supplied: 100.010859%

========================================================================================================================
Update time: 2026-06-10 23:25:04
Iteration: 233
rho: 120
alpha: 0.01
objective_value: 4.09996596944
feasible: False
max_abs_h: 1.722514259124e-04
l2_norm_h: 3.375236241511e-04
lambda_inf_norm: 1.424733595321e+00
lambda_l2_norm: 7.208448471938e+00
------------------------------------------------------------------------------------------------------------------------
Bus Results
BusID	V_R		V_I		Vmag		Pg		Qg		Pl		Ql
1	1.000172	0.000029	1.000173	0.871921	-0.541165	0.000000	0.000000
2	1.035094	0.071070	1.037534	1.165261	-0.368473	0.000000	0.000000
3	1.036558	0.081204	1.039737	1.150887	-0.503845	0.000000	0.000000
4	1.031337	-0.050174	1.032558	0.000000	0.000000	0.000000	0.000000
5	1.044893	-0.080299	1.047975	0.000000	0.000000	0.900000	0.300000
6	1.069934	0.018755	1.070101	0.000000	0.000000	0.000000	0.000000
7	1.061657	-0.030403	1.062094	0.000000	0.000000	1.000000	0.350000
8	1.062047	0.002561	1.062052	0.000000	0.000000	0.000000	0.000000
9	1.025310	-0.098090	1.029993	0.000000	0.000000	1.250000	0.500000

Branch Results
LineID	From	To	Pik		Pki		Qik		Qki		LossP		LossQ
1	1	4	0.871824	-0.871665	-0.541152	0.601717	0.000159	0.060565
2	4	5	0.289380	-0.287135	-0.390349	0.059762	0.002245	-0.330587
3	5	6	-0.612924	0.626399	-0.359724	-0.385127	0.013475	-0.744851
4	3	6	1.150900	-1.150871	-0.503846	0.589391	0.000029	0.085545
5	6	7	0.524434	-0.521484	-0.204247	-0.246562	0.002950	-0.450809
6	7	8	-0.478556	0.480383	-0.103425	-0.217853	0.001827	-0.321278
7	8	2	-1.165248	1.165270	0.455186	-0.368474	0.000022	0.086712
8	8	9	0.684835	-0.671130	-0.237326	-0.363914	0.013705	-0.601239
9	9	4	-0.578920	0.582221	-0.136047	-0.211329	0.003302	-0.347376

Summary
Total Pg           : 3.188068
Total Qg           : -1.413484
Total Load P       : 3.150000
Total Load Q       : 1.150000
Total Active Loss  : 0.037715
Total Reactive Loss: -2.563318
Total Load Supplied: 100.011214%

========================================================================================================================
Update time: 2026-06-10 23:27:16
Iteration: 234
rho: 120
alpha: 0.01
objective_value: 4.09997656815
feasible: False
max_abs_h: 1.692598728877e-04
l2_norm_h: 3.260188420822e-04
lambda_inf_norm: 1.424732960460e+00
lambda_l2_norm: 7.208446293048e+00
------------------------------------------------------------------------------------------------------------------------
Bus Results
BusID	V_R		V_I		Vmag		Pg		Qg		Pl		Ql
1	1.000169	0.000002	1.000169	0.871917	-0.541711	0.000000	0.000000
2	1.035214	0.071001	1.037647	1.165146	-0.368290	0.000000	0.000000
3	1.036656	0.081166	1.039831	1.151014	-0.503789	0.000000	0.000000
4	1.031365	-0.050201	1.032587	0.000000	0.000000	0.000000	0.000000
5	1.044942	-0.080328	1.048027	0.000000	0.000000	0.900000	0.300000
6	1.070024	0.018714	1.070190	0.000000	0.000000	0.000000	0.000000
7	1.061753	-0.030450	1.062192	0.000000	0.000000	1.000000	0.350000
8	1.062147	0.002503	1.062151	0.000000	0.000000	0.000000	0.000000
9	1.025363	-0.098123	1.030049	0.000000	0.000000	1.250000	0.500000

Branch Results
LineID	From	To	Pik		Pki		Qik		Qki		LossP		LossQ
1	1	4	0.871820	-0.871663	-0.541699	0.602307	0.000157	0.060608
2	4	5	0.289347	-0.287100	-0.390604	0.060016	0.002247	-0.330588
3	5	6	-0.612960	0.626433	-0.359988	-0.384954	0.013473	-0.744942
4	3	6	1.151029	-1.151004	-0.503790	0.589339	0.000025	0.085549
5	6	7	0.524535	-0.521587	-0.204375	-0.246499	0.002948	-0.450874
6	7	8	-0.478453	0.480283	-0.103491	-0.217857	0.001830	-0.321348
7	8	2	-1.165129	1.165155	0.454962	-0.368292	0.000026	0.086670
8	8	9	0.684813	-0.671102	-0.237098	-0.364247	0.013711	-0.601345
9	9	4	-0.578948	0.582254	-0.135719	-0.211671	0.003305	-0.347390

Summary
Total Pg           : 3.188077
Total Qg           : -1.413790
Total Load P       : 3.150000
Total Load Q       : 1.150000
Total Active Loss  : 0.037722
Total Reactive Loss: -2.563658
Total Load Supplied: 100.011262%

========================================================================================================================
Update time: 2026-06-10 23:29:29
Iteration: 235
rho: 120
alpha: 0.01
objective_value: 4.0999427713
feasible: False
max_abs_h: 1.887122784356e-04
l2_norm_h: 3.348980497899e-04
lambda_inf_norm: 1.424732346666e+00
lambda_l2_norm: 7.208444155711e+00
------------------------------------------------------------------------------------------------------------------------
Bus Results
BusID	V_R		V_I		Vmag		Pg		Qg		Pl		Ql
1	1.000189	-0.000007	1.000188	0.871883	-0.542377	0.000000	0.000000
2	1.035365	0.070960	1.037796	1.165104	-0.368079	0.000000	0.000000
3	1.036762	0.081140	1.039935	1.151066	-0.503935	0.000000	0.000000
4	1.031422	-0.050208	1.032643	0.000000	0.000000	0.000000	0.000000
5	1.045023	-0.080337	1.048107	0.000000	0.000000	0.900000	0.300000
6	1.070133	0.018691	1.070298	0.000000	0.000000	0.000000	0.000000
7	1.061879	-0.030473	1.062318	0.000000	0.000000	1.000000	0.350000
8	1.062278	0.002474	1.062283	0.000000	0.000000	0.000000	0.000000
9	1.025452	-0.098132	1.030138	0.000000	0.000000	1.250000	0.500000

Branch Results
LineID	From	To	Pik		Pki		Qik		Qki		LossP		LossQ
1	1	4	0.871786	-0.871629	-0.542365	0.603011	0.000157	0.060646
2	4	5	0.289326	-0.287080	-0.390898	0.060269	0.002246	-0.330628
3	5	6	-0.612980	0.626450	-0.360239	-0.384859	0.013471	-0.745099
4	3	6	1.151079	-1.151054	-0.503937	0.589482	0.000025	0.085545
5	6	7	0.524568	-0.521621	-0.204611	-0.246375	0.002947	-0.450986
6	7	8	-0.478418	0.480245	-0.103615	-0.217819	0.001827	-0.321434
7	8	2	-1.165090	1.165113	0.454714	-0.368081	0.000023	0.086633
8	8	9	0.684816	-0.671111	-0.236888	-0.364604	0.013705	-0.601492
9	9	4	-0.578939	0.582240	-0.135363	-0.212081	0.003301	-0.347444

Summary
Total Pg           : 3.188054
Total Qg           : -1.414391
Total Load P       : 3.150000
Total Load Q       : 1.150000
Total Active Loss  : 0.037702
Total Reactive Loss: -2.564259
Total Load Supplied: 100.011172%

========================================================================================================================
Update time: 2026-06-10 23:31:42
Iteration: 236
rho: 120
alpha: 0.01
objective_value: 4.10000768782
feasible: False
max_abs_h: 1.273772420698e-04
l2_norm_h: 3.312607673463e-04
lambda_inf_norm: 1.424731694100e+00
lambda_l2_norm: 7.208441925727e+00
------------------------------------------------------------------------------------------------------------------------
Bus Results
BusID	V_R		V_I		Vmag		Pg		Qg		Pl		Ql
1	1.000127	0.000093	1.000128	0.871869	-0.542830	0.000000	0.000000
2	1.035424	0.071036	1.037860	1.165019	-0.367750	0.000000	0.000000
3	1.036776	0.081248	1.039957	1.151214	-0.503911	0.000000	0.000000
4	1.031393	-0.050107	1.032611	0.000000	0.000000	0.000000	0.000000
5	1.045015	-0.080236	1.048092	0.000000	0.000000	0.900000	0.300000
6	1.070152	0.018795	1.070319	0.000000	0.000000	0.000000	0.000000
7	1.061916	-0.030379	1.062353	0.000000	0.000000	1.000000	0.350000
8	1.062320	0.002559	1.062325	0.000000	0.000000	0.000000	0.000000
9	1.025454	-0.098038	1.030131	0.000000	0.000000	1.250000	0.500000

Branch Results
LineID	From	To	Pik		Pki		Qik		Qki		LossP		LossQ
1	1	4	0.871772	-0.871607	-0.542818	0.603494	0.000166	0.060677
2	4	5	0.289285	-0.287031	-0.391072	0.060464	0.002255	-0.330608
3	5	6	-0.613031	0.626505	-0.360433	-0.384665	0.013474	-0.745098
4	3	6	1.151228	-1.151200	-0.503912	0.589462	0.000028	0.085551
5	6	7	0.524659	-0.521713	-0.204782	-0.246232	0.002946	-0.451014
6	7	8	-0.478325	0.480148	-0.103752	-0.217726	0.001823	-0.321478
7	8	2	-1.165008	1.165028	0.454339	-0.367751	0.000020	0.086588
8	8	9	0.684828	-0.671114	-0.236600	-0.364917	0.013714	-0.601517
9	9	4	-0.578941	0.582253	-0.135046	-0.212388	0.003312	-0.347434

Summary
Total Pg           : 3.188102
Total Qg           : -1.414491
Total Load P       : 3.150000
Total Load Q       : 1.150000
Total Active Loss  : 0.037739
Total Reactive Loss: -2.564333
Total Load Supplied: 100.011549%

========================================================================================================================
Update time: 2026-06-10 23:33:55
Iteration: 237
rho: 120
alpha: 0.01
objective_value: 4.10008751662
feasible: False
max_abs_h: 1.682218382908e-04
l2_norm_h: 3.437782529996e-04
lambda_inf_norm: 1.424730999496e+00
lambda_l2_norm: 7.208439580130e+00
------------------------------------------------------------------------------------------------------------------------
Bus Results
BusID	V_R		V_I		Vmag		Pg		Qg		Pl		Ql
1	1.000168	0.000004	1.000168	0.871915	-0.543252	0.000000	0.000000
2	1.035542	0.070916	1.037969	1.164985	-0.367643	0.000000	0.000000
3	1.036869	0.081139	1.040041	1.151260	-0.504015	0.000000	0.000000
4	1.031453	-0.050199	1.032674	0.000000	0.000000	0.000000	0.000000
5	1.045085	-0.080331	1.048169	0.000000	0.000000	0.900000	0.300000
6	1.070241	0.018685	1.070406	0.000000	0.000000	0.000000	0.000000
7	1.062011	-0.030489	1.062450	0.000000	0.000000	1.000000	0.350000
8	1.062420	0.002444	1.062425	0.000000	0.000000	0.000000	0.000000
9	1.025528	-0.098132	1.030213	0.000000	0.000000	1.250000	0.500000

Branch Results
LineID	From	To	Pik		Pki		Qik		Qki		LossP		LossQ
1	1	4	0.871818	-0.871653	-0.543240	0.603938	0.000165	0.060698
2	4	5	0.289300	-0.287039	-0.391262	0.060607	0.002262	-0.330655
3	5	6	-0.613026	0.626504	-0.360573	-0.384652	0.013478	-0.745226
4	3	6	1.151274	-1.151245	-0.504017	0.589575	0.000028	0.085559
5	6	7	0.524701	-0.521746	-0.204911	-0.246170	0.002956	-0.451081
6	7	8	-0.478297	0.480130	-0.103824	-0.217701	0.001832	-0.321524
7	8	2	-1.164974	1.164995	0.454223	-0.367646	0.000021	0.086576
8	8	9	0.684811	-0.671095	-0.236520	-0.365117	0.013717	-0.601636
9	9	4	-0.578964	0.582284	-0.134849	-0.212638	0.003319	-0.347487

Summary
Total Pg           : 3.188160
Total Qg           : -1.414910
Total Load P       : 3.150000
Total Load Q       : 1.150000
Total Active Loss  : 0.037777
Total Reactive Loss: -2.564778
Total Load Supplied: 100.012152%

========================================================================================================================
Update time: 2026-06-10 23:36:08
Iteration: 238
rho: 120
alpha: 0.01
objective_value: 4.10002440128
feasible: False
max_abs_h: 1.842697309806e-04
l2_norm_h: 3.405099961083e-04
lambda_inf_norm: 1.424730350352e+00
lambda_l2_norm: 7.208437317456e+00
------------------------------------------------------------------------------------------------------------------------
Bus Results
BusID	V_R		V_I		Vmag		Pg		Qg		Pl		Ql
1	1.000184	0.000022	1.000184	0.871883	-0.543891	0.000000	0.000000
2	1.035696	0.070897	1.038122	1.164928	-0.367400	0.000000	0.000000
3	1.036965	0.081138	1.040137	1.151305	-0.504182	0.000000	0.000000
4	1.031506	-0.050178	1.032726	0.000000	0.000000	0.000000	0.000000
5	1.045161	-0.080313	1.048243	0.000000	0.000000	0.900000	0.300000
6	1.070344	0.018689	1.070509	0.000000	0.000000	0.000000	0.000000
7	1.062136	-0.030487	1.062575	0.000000	0.000000	1.000000	0.350000
8	1.062554	0.002438	1.062558	0.000000	0.000000	0.000000	0.000000
9	1.025616	-0.098114	1.030300	0.000000	0.000000	1.250000	0.500000

Branch Results
LineID	From	To	Pik		Pki		Qik		Qki		LossP		LossQ
1	1	4	0.871785	-0.871624	-0.543879	0.604620	0.000161	0.060740
2	4	5	0.289288	-0.287031	-0.391523	0.060843	0.002257	-0.330680
3	5	6	-0.613033	0.626508	-0.360815	-0.384548	0.013475	-0.745363
4	3	6	1.151317	-1.151288	-0.504184	0.589745	0.000029	0.085561
5	6	7	0.524741	-0.521790	-0.205189	-0.245995	0.002951	-0.451184
6	7	8	-0.478252	0.480080	-0.103996	-0.217625	0.001828	-0.321621
7	8	2	-1.164910	1.164936	0.453924	-0.367401	0.000027	0.086523
8	8	9	0.684797	-0.671088	-0.236292	-0.365499	0.013709	-0.601790
9	9	4	-0.578965	0.582273	-0.134467	-0.213066	0.003308	-0.347533

Summary
Total Pg           : 3.188115
Total Qg           : -1.415472
Total Load P       : 3.150000
Total Load Q       : 1.150000
Total Active Loss  : 0.037745
Total Reactive Loss: -2.565347
Total Load Supplied: 100.011738%

========================================================================================================================
Update time: 2026-06-10 23:38:21
Iteration: 239
rho: 120
alpha: 0.01
objective_value: 4.09997667086
feasible: False
max_abs_h: 1.808047608749e-04
l2_norm_h: 3.366702244511e-04
lambda_inf_norm: 1.424729706177e+00
lambda_l2_norm: 7.208435117135e+00
------------------------------------------------------------------------------------------------------------------------
Bus Results
BusID	V_R		V_I		Vmag		Pg		Qg		Pl		Ql
1	1.000181	0.000010	1.000181	0.871866	-0.544438	0.000000	0.000000
2	1.035804	0.070852	1.038227	1.164835	-0.367214	0.000000	0.000000
3	1.037043	0.081115	1.040213	1.151380	-0.504243	0.000000	0.000000
4	1.031534	-0.050190	1.032755	0.000000	0.000000	0.000000	0.000000
5	1.045209	-0.080327	1.048292	0.000000	0.000000	0.900000	0.300000
6	1.070421	0.018664	1.070586	0.000000	0.000000	0.000000	0.000000
7	1.062223	-0.030515	1.062663	0.000000	0.000000	1.000000	0.350000
8	1.062644	0.002402	1.062649	0.000000	0.000000	0.000000	0.000000
9	1.025669	-0.098130	1.030354	0.000000	0.000000	1.250000	0.500000

Branch Results
LineID	From	To	Pik		Pki		Qik		Qki		LossP		LossQ
1	1	4	0.871770	-0.871611	-0.544426	0.605197	0.000159	0.060770
2	4	5	0.289261	-0.287006	-0.391770	0.061066	0.002255	-0.330703
3	5	6	-0.613056	0.626526	-0.361036	-0.384436	0.013471	-0.745472
4	3	6	1.151393	-1.151368	-0.504245	0.589797	0.000025	0.085552
5	6	7	0.524805	-0.521857	-0.205347	-0.245914	0.002948	-0.451261
6	7	8	-0.478183	0.480008	-0.104077	-0.217607	0.001825	-0.321683
7	8	2	-1.164818	1.164843	0.453706	-0.367216	0.000025	0.086490
8	8	9	0.684779	-0.671074	-0.236095	-0.365793	0.013705	-0.601888
9	9	4	-0.578978	0.582285	-0.134172	-0.213393	0.003307	-0.347565

Summary
Total Pg           : 3.188081
Total Qg           : -1.415896
Total Load P       : 3.150000
Total Load Q       : 1.150000
Total Active Loss  : 0.037720
Total Reactive Loss: -2.565760
Total Load Supplied: 100.011454%

========================================================================================================================
Update time: 2026-06-10 23:40:34
Iteration: 240
rho: 120
alpha: 0.01
objective_value: 4.09993205238
feasible: False
max_abs_h: 2.376084758109e-04
l2_norm_h: 3.605136619937e-04
lambda_inf_norm: 1.424729084958e+00
lambda_l2_norm: 7.208432972476e+00
------------------------------------------------------------------------------------------------------------------------
Bus Results
BusID	V_R		V_I		Vmag		Pg		Qg		Pl		Ql
1	1.000238	-0.000017	1.000237	0.871774	-0.545278	0.000000	0.000000
2	1.035995	0.070794	1.038412	1.164782	-0.367214	0.000000	0.000000
3	1.037237	0.081073	1.040401	1.151495	-0.504235	0.000000	0.000000
4	1.031636	-0.050210	1.032857	0.000000	0.000000	0.000000	0.000000
5	1.045347	-0.080347	1.048430	0.000000	0.000000	0.900000	0.300000
6	1.070605	0.018626	1.070768	0.000000	0.000000	0.000000	0.000000
7	1.062410	-0.030550	1.062850	0.000000	0.000000	1.000000	0.350000
8	1.062825	0.002358	1.062829	0.000000	0.000000	0.000000	0.000000
9	1.025807	-0.098149	1.030492	0.000000	0.000000	1.250000	0.500000

Branch Results
LineID	From	To	Pik		Pki		Qik		Qki		LossP		LossQ
1	1	4	0.871677	-0.871518	-0.545269	0.606084	0.000159	0.060815
2	4	5	0.289196	-0.286945	-0.392204	0.061444	0.002251	-0.330760
3	5	6	-0.613113	0.626582	-0.361419	-0.384295	0.013469	-0.745714
4	3	6	1.151509	-1.151483	-0.504236	0.589775	0.000026	0.085539
5	6	7	0.524863	-0.521912	-0.205470	-0.245953	0.002951	-0.451423
6	7	8	-0.478127	0.479947	-0.104042	-0.217758	0.001820	-0.321800
7	8	2	-1.164767	1.164790	0.453672	-0.367217	0.000023	0.086455
8	8	9	0.684790	-0.671091	-0.235913	-0.366180	0.013699	-0.602092
9	9	4	-0.578960	0.582261	-0.133792	-0.213852	0.003301	-0.347644

Summary
Total Pg           : 3.188051
Total Qg           : -1.416727
Total Load P       : 3.150000
Total Load Q       : 1.150000
Total Active Loss  : 0.037699
Total Reactive Loss: -2.566624
Total Load Supplied: 100.011195%

========================================================================================================================
Update time: 2026-06-10 23:42:47
Iteration: 241
rho: 120
alpha: 0.01
objective_value: 4.09990284964
feasible: False
max_abs_h: 2.487220480178e-04
l2_norm_h: 3.736220885085e-04
lambda_inf_norm: 1.424728467176e+00
lambda_l2_norm: 7.208430862952e+00
------------------------------------------------------------------------------------------------------------------------
Bus Results
BusID	V_R		V_I		Vmag		Pg		Qg		Pl		Ql
1	1.000249	-0.000007	1.000250	0.871746	-0.545984	0.000000	0.000000
2	1.036130	0.070774	1.038548	1.164740	-0.367090	0.000000	0.000000
3	1.037339	0.081067	1.040505	1.151545	-0.504345	0.000000	0.000000
4	1.031688	-0.050197	1.032910	0.000000	0.000000	0.000000	0.000000
5	1.045424	-0.080337	1.048509	0.000000	0.000000	0.900000	0.300000
6	1.070710	0.018623	1.070875	0.000000	0.000000	0.000000	0.000000
7	1.062529	-0.030553	1.062972	0.000000	0.000000	1.000000	0.350000
8	1.062947	0.002348	1.062953	0.000000	0.000000	0.000000	0.000000
9	1.025891	-0.098139	1.030577	0.000000	0.000000	1.250000	0.500000

Branch Results
LineID	From	To	Pik		Pki		Qik		Qki		LossP		LossQ
1	1	4	0.871652	-0.871495	-0.545973	0.606818	0.000157	0.060845
2	4	5	0.289177	-0.286920	-0.392518	0.061711	0.002258	-0.330808
3	5	6	-0.613136	0.626599	-0.361677	-0.384198	0.013462	-0.745875
4	3	6	1.151552	-1.151529	-0.504353	0.589885	0.000024	0.085533
5	6	7	0.524895	-0.521951	-0.205673	-0.245864	0.002944	-0.451537
6	7	8	-0.478084	0.479904	-0.104126	-0.217768	0.001820	-0.321894
7	8	2	-1.164726	1.164749	0.453508	-0.367091	0.000023	0.086416
8	8	9	0.684793	-0.671095	-0.235729	-0.366519	0.013698	-0.602249
9	9	4	-0.578955	0.582257	-0.133445	-0.214266	0.003302	-0.347711

Summary
Total Pg           : 3.188031
Total Qg           : -1.417419
Total Load P       : 3.150000
Total Load Q       : 1.150000
Total Active Loss  : 0.037688
Total Reactive Loss: -2.567280
Total Load Supplied: 100.010896%

========================================================================================================================
Update time: 2026-06-10 23:44:59
Iteration: 242
rho: 120
alpha: 0.01
objective_value: 4.0999549153
feasible: False
max_abs_h: 2.100735271251e-04
l2_norm_h: 3.637100336572e-04
lambda_inf_norm: 1.424727829497e+00
lambda_l2_norm: 7.208428678340e+00
------------------------------------------------------------------------------------------------------------------------
Bus Results
BusID	V_R		V_I		Vmag		Pg		Qg		Pl		Ql
1	1.000210	0.000019	1.000210	0.871789	-0.546371	0.000000	0.000000
2	1.036194	0.070771	1.038610	1.164676	-0.366808	0.000000	0.000000
3	1.037353	0.081083	1.040520	1.151603	-0.504429	0.000000	0.000000
4	1.031674	-0.050174	1.032894	0.000000	0.000000	0.000000	0.000000
5	1.045423	-0.080317	1.048505	0.000000	0.000000	0.900000	0.300000
6	1.070729	0.018638	1.070894	0.000000	0.000000	0.000000	0.000000
7	1.062566	-0.030544	1.063007	0.000000	0.000000	1.000000	0.350000
8	1.062991	0.002351	1.062996	0.000000	0.000000	0.000000	0.000000
9	1.025900	-0.098122	1.030583	0.000000	0.000000	1.250000	0.500000

Branch Results
LineID	From	To	Pik		Pki		Qik		Qki		LossP		LossQ
1	1	4	0.871693	-0.871532	-0.546358	0.607233	0.000161	0.060875
2	4	5	0.289187	-0.286922	-0.392660	0.061854	0.002265	-0.330806
3	5	6	-0.613141	0.626608	-0.361815	-0.384080	0.013467	-0.745895
4	3	6	1.151616	-1.151592	-0.504430	0.589965	0.000023	0.085535
5	6	7	0.524947	-0.522003	-0.205864	-0.245707	0.002944	-0.451571
6	7	8	-0.478034	0.479854	-0.104275	-0.217663	0.001820	-0.321938
7	8	2	-1.164664	1.164685	0.453187	-0.366809	0.000021	0.086378
8	8	9	0.684779	-0.671080	-0.235511	-0.366781	0.013699	-0.602291
9	9	4	-0.578972	0.582280	-0.133178	-0.214534	0.003308	-0.347712

Summary
Total Pg           : 3.188068
Total Qg           : -1.417608
Total Load P       : 3.150000
Total Load Q       : 1.150000
Total Active Loss  : 0.037708
Total Reactive Loss: -2.567426
Total Load Supplied: 100.011438%

========================================================================================================================
Update time: 2026-06-10 23:47:11
Iteration: 243
rho: 120
alpha: 0.01
objective_value: 4.09996910426
feasible: False
max_abs_h: 2.057231524313e-04
l2_norm_h: 3.589867091043e-04
lambda_inf_norm: 1.424727202261e+00
lambda_l2_norm: 7.208426470759e+00
------------------------------------------------------------------------------------------------------------------------
Bus Results
BusID	V_R		V_I		Vmag		Pg		Qg		Pl		Ql
1	1.000206	0.000010	1.000206	0.871758	-0.546826	0.000000	0.000000
2	1.036298	0.070737	1.038712	1.164625	-0.366539	0.000000	0.000000
3	1.037412	0.081071	1.040577	1.151697	-0.504493	0.000000	0.000000
4	1.031695	-0.050182	1.032915	0.000000	0.000000	0.000000	0.000000
5	1.045460	-0.080326	1.048542	0.000000	0.000000	0.900000	0.300000
6	1.070789	0.018624	1.070953	0.000000	0.000000	0.000000	0.000000
7	1.062640	-0.030562	1.063081	0.000000	0.000000	1.000000	0.350000
8	1.063074	0.002325	1.063078	0.000000	0.000000	0.000000	0.000000
9	1.025945	-0.098132	1.030629	0.000000	0.000000	1.250000	0.500000

Branch Results
LineID	From	To	Pik		Pki		Qik		Qki		LossP		LossQ
1	1	4	0.871661	-0.871497	-0.546813	0.607711	0.000164	0.060898
2	4	5	0.289158	-0.286894	-0.392838	0.062019	0.002264	-0.330819
3	5	6	-0.613169	0.626640	-0.361981	-0.383982	0.013471	-0.745963
4	3	6	1.151710	-1.151686	-0.504494	0.590041	0.000024	0.085547
5	6	7	0.525009	-0.522061	-0.206045	-0.245572	0.002948	-0.451617
6	7	8	-0.477977	0.479796	-0.104417	-0.217566	0.001819	-0.321983
7	8	2	-1.164608	1.164633	0.452886	-0.366540	0.000026	0.086346
8	8	9	0.684782	-0.671083	-0.235313	-0.367059	0.013698	-0.602371
9	9	4	-0.578968	0.582273	-0.132901	-0.214834	0.003305	-0.347735

Summary
Total Pg           : 3.188080
Total Qg           : -1.417857
Total Load P       : 3.150000
Total Load Q       : 1.150000
Total Active Loss  : 0.037719
Total Reactive Loss: -2.567697
Total Load Supplied: 100.011456%

========================================================================================================================
Update time: 2026-06-10 23:49:23
Iteration: 244
rho: 120
alpha: 0.01
objective_value: 4.09998449815
feasible: False
max_abs_h: 1.556058099836e-04
l2_norm_h: 3.500258516202e-04
lambda_inf_norm: 1.424726552485e+00
lambda_l2_norm: 7.208424240467e+00
------------------------------------------------------------------------------------------------------------------------
Bus Results
BusID	V_R		V_I		Vmag		Pg		Qg		Pl		Ql
1	1.000156	0.000063	1.000156	0.871701	-0.547174	0.000000	0.000000
2	1.036335	0.070785	1.038752	1.164612	-0.366294	0.000000	0.000000
3	1.037422	0.081132	1.040592	1.151781	-0.504452	0.000000	0.000000
4	1.031669	-0.050126	1.032887	0.000000	0.000000	0.000000	0.000000
5	1.045449	-0.080269	1.048528	0.000000	0.000000	0.900000	0.300000
6	1.070800	0.018683	1.070965	0.000000	0.000000	0.000000	0.000000
7	1.062661	-0.030508	1.063101	0.000000	0.000000	1.000000	0.350000
8	1.063098	0.002376	1.063103	0.000000	0.000000	0.000000	0.000000
9	1.025940	-0.098079	1.030619	0.000000	0.000000	1.250000	0.500000

Branch Results
LineID	From	To	Pik		Pki		Qik		Qki		LossP		LossQ
1	1	4	0.871604	-0.871439	-0.547160	0.608077	0.000165	0.060917
2	4	5	0.289117	-0.286847	-0.392980	0.062167	0.002269	-0.330813
3	5	6	-0.613216	0.626687	-0.362125	-0.383838	0.013471	-0.745963
4	3	6	1.151794	-1.151771	-0.504452	0.589998	0.000023	0.085546
5	6	7	0.525048	-0.522101	-0.206141	-0.245493	0.002947	-0.451635
6	7	8	-0.477938	0.479759	-0.104494	-0.217508	0.001821	-0.322002
7	8	2	-1.164603	1.164621	0.452624	-0.366294	0.000017	0.086329
8	8	9	0.684814	-0.671113	-0.235107	-0.367271	0.013702	-0.602378
9	9	4	-0.578941	0.582253	-0.132683	-0.215052	0.003312	-0.347734

Summary
Total Pg           : 3.188093
Total Qg           : -1.417919
Total Load P       : 3.150000
Total Load Q       : 1.150000
Total Active Loss  : 0.037726
Total Reactive Loss: -2.567732
Total Load Supplied: 100.011653%

========================================================================================================================
Update time: 2026-06-10 23:51:35
Iteration: 245
rho: 120
alpha: 0.01
objective_value: 4.09999649715
feasible: False
max_abs_h: 1.850194167778e-04
l2_norm_h: 3.498258759070e-04
lambda_inf_norm: 1.424725880087e+00
lambda_l2_norm: 7.208421990333e+00
------------------------------------------------------------------------------------------------------------------------
Bus Results
BusID	V_R		V_I		Vmag		Pg		Qg		Pl		Ql
1	1.000185	-0.000015	1.000185	0.871744	-0.547499	0.000000	0.000000
2	1.036437	0.070669	1.038845	1.164531	-0.366182	0.000000	0.000000
3	1.037495	0.081034	1.040657	1.151826	-0.504554	0.000000	0.000000
4	1.031712	-0.050208	1.032934	0.000000	0.000000	0.000000	0.000000
5	1.045501	-0.080355	1.048585	0.000000	0.000000	0.900000	0.300000
6	1.070871	0.018583	1.071034	0.000000	0.000000	0.000000	0.000000
7	1.062738	-0.030609	1.063181	0.000000	0.000000	1.000000	0.350000
8	1.063182	0.002268	1.063187	0.000000	0.000000	0.000000	0.000000
9	1.025995	-0.098165	1.030682	0.000000	0.000000	1.250000	0.500000

Branch Results
LineID	From	To	Pik		Pki		Qik		Qki		LossP		LossQ
1	1	4	0.871647	-0.871485	-0.547485	0.608426	0.000162	0.060941
2	4	5	0.289123	-0.286858	-0.393121	0.062287	0.002265	-0.330834
3	5	6	-0.613203	0.626668	-0.362250	-0.383808	0.013465	-0.746057
4	3	6	1.151838	-1.151807	-0.504556	0.590108	0.000031	0.085552
5	6	7	0.525101	-0.522152	-0.206287	-0.245404	0.002949	-0.451691
6	7	8	-0.477888	0.479710	-0.104585	-0.217470	0.001822	-0.322055
7	8	2	-1.164520	1.164540	0.452485	-0.366184	0.000020	0.086301
8	8	9	0.684777	-0.671072	-0.235008	-0.367468	0.013705	-0.602476
9	9	4	-0.578983	0.582295	-0.132493	-0.215265	0.003312	-0.347758

Summary
Total Pg           : 3.188101
Total Qg           : -1.418235
Total Load P       : 3.150000
Total Load Q       : 1.150000
Total Active Loss  : 0.037732
Total Reactive Loss: -2.568078
Total Load Supplied: 100.011736%

========================================================================================================================
Update time: 2026-06-10 23:53:48
Iteration: 246
rho: 120
alpha: 0.01
objective_value: 4.09999329879
feasible: False
max_abs_h: 1.670680724948e-04
l2_norm_h: 3.436686835449e-04
lambda_inf_norm: 1.424725205708e+00
lambda_l2_norm: 7.208419742073e+00
------------------------------------------------------------------------------------------------------------------------
Bus Results
BusID	V_R		V_I		Vmag		Pg		Qg		Pl		Ql
1	1.000167	-0.000006	1.000167	0.871763	-0.547909	0.000000	0.000000
2	1.036505	0.070644	1.038912	1.164448	-0.366055	0.000000	0.000000
3	1.037545	0.081030	1.040707	1.151887	-0.504552	0.000000	0.000000
4	1.031719	-0.050202	1.032940	0.000000	0.000000	0.000000	0.000000
5	1.045524	-0.080351	1.048609	0.000000	0.000000	0.900000	0.300000
6	1.070919	0.018578	1.071082	0.000000	0.000000	0.000000	0.000000
7	1.062793	-0.030619	1.063237	0.000000	0.000000	1.000000	0.350000
8	1.063239	0.002252	1.063243	0.000000	0.000000	0.000000	0.000000
9	1.026022	-0.098164	1.030709	0.000000	0.000000	1.250000	0.500000

Branch Results
LineID	From	To	Pik		Pki		Qik		Qki		LossP		LossQ
1	1	4	0.871667	-0.871507	-0.547896	0.608865	0.000160	0.060969
2	4	5	0.289117	-0.286852	-0.393309	0.062469	0.002265	-0.330839
3	5	6	-0.613210	0.626675	-0.362431	-0.383689	0.013465	-0.746120
4	3	6	1.151900	-1.151878	-0.504552	0.590096	0.000022	0.085544
5	6	7	0.525166	-0.522216	-0.206389	-0.245353	0.002950	-0.451742
6	7	8	-0.477823	0.479648	-0.104634	-0.217470	0.001825	-0.322103
7	8	2	-1.164429	1.164456	0.452325	-0.366057	0.000027	0.086268
8	8	9	0.684745	-0.671042	-0.234844	-0.367700	0.013703	-0.602545
9	9	4	-0.579014	0.582326	-0.132257	-0.215515	0.003312	-0.347772

Summary
Total Pg           : 3.188099
Total Qg           : -1.418516
Total Load P       : 3.150000
Total Load Q       : 1.150000
Total Active Loss  : 0.037730
Total Reactive Loss: -2.568341
Total Load Supplied: 100.011722%

========================================================================================================================
Update time: 2026-06-10 23:56:00
Iteration: 247
rho: 120
alpha: 0.01
objective_value: 4.09997037336
feasible: False
max_abs_h: 1.924447125292e-04
l2_norm_h: 3.509854489150e-04
lambda_inf_norm: 1.424724556170e+00
lambda_l2_norm: 7.208417521624e+00
------------------------------------------------------------------------------------------------------------------------
Bus Results
BusID	V_R		V_I		Vmag		Pg		Qg		Pl		Ql
1	1.000192	0.000003	1.000192	0.871745	-0.548401	0.000000	0.000000
2	1.036625	0.070628	1.039031	1.164385	-0.365914	0.000000	0.000000
3	1.037635	0.081029	1.040796	1.151952	-0.504639	0.000000	0.000000
4	1.031773	-0.050189	1.032993	0.000000	0.000000	0.000000	0.000000
5	1.045596	-0.080340	1.048678	0.000000	0.000000	0.900000	0.300000
6	1.071010	0.018580	1.071173	0.000000	0.000000	0.000000	0.000000
7	1.062897	-0.030619	1.063340	0.000000	0.000000	1.000000	0.350000
8	1.063346	0.002246	1.063350	0.000000	0.000000	0.000000	0.000000
9	1.026100	-0.098153	1.030785	0.000000	0.000000	1.250000	0.500000

Branch Results
LineID	From	To	Pik		Pki		Qik		Qki		LossP		LossQ
1	1	4	0.871648	-0.871487	-0.548388	0.609388	0.000161	0.061000
2	4	5	0.289099	-0.286833	-0.393525	0.062657	0.002266	-0.330868
3	5	6	-0.613228	0.626694	-0.362622	-0.383621	0.013466	-0.746243
4	3	6	1.151966	-1.151939	-0.504640	0.590190	0.000027	0.085550
5	6	7	0.525207	-0.522259	-0.206555	-0.245269	0.002949	-0.451824
6	7	8	-0.477781	0.479599	-0.104720	-0.217450	0.001818	-0.322171
7	8	2	-1.164370	1.164393	0.452154	-0.365916	0.000023	0.086238
8	8	9	0.684739	-0.671041	-0.234695	-0.367967	0.013697	-0.602663
9	9	4	-0.579013	0.582322	-0.131994	-0.215822	0.003309	-0.347816

Summary
Total Pg           : 3.188083
Total Qg           : -1.418953
Total Load P       : 3.150000
Total Load Q       : 1.150000
Total Active Loss  : 0.037716
Total Reactive Loss: -2.568796
Total Load Supplied: 100.011658%

========================================================================================================================
Update time: 2026-06-10 23:58:12
Iteration: 248
rho: 120
alpha: 0.01
objective_value: 4.09994939556
feasible: False
max_abs_h: 1.944558989551e-04
l2_norm_h: 3.486668477208e-04
lambda_inf_norm: 1.424723893126e+00
lambda_l2_norm: 7.208415327229e+00
------------------------------------------------------------------------------------------------------------------------
Bus Results
BusID	V_R		V_I		Vmag		Pg		Qg		Pl		Ql
1	1.000194	0.000000	1.000195	0.871733	-0.548844	0.000000	0.000000
2	1.036723	0.070599	1.039126	1.164320	-0.365738	0.000000	0.000000
3	1.037702	0.081018	1.040862	1.152016	-0.504689	0.000000	0.000000
4	1.031800	-0.050191	1.033021	0.000000	0.000000	0.000000	0.000000
5	1.045640	-0.080343	1.048723	0.000000	0.000000	0.900000	0.300000
6	1.071078	0.018568	1.071241	0.000000	0.000000	0.000000	0.000000
7	1.062975	-0.030632	1.063419	0.000000	0.000000	1.000000	0.350000
8	1.063428	0.002225	1.063432	0.000000	0.000000	0.000000	0.000000
9	1.026150	-0.098158	1.030835	0.000000	0.000000	1.250000	0.500000

Branch Results
LineID	From	To	Pik		Pki		Qik		Qki		LossP		LossQ
1	1	4	0.871635	-0.871472	-0.548831	0.609857	0.000163	0.061026
2	4	5	0.289077	-0.286810	-0.393722	0.062838	0.002267	-0.330884
3	5	6	-0.613251	0.626715	-0.362802	-0.383525	0.013464	-0.746327
4	3	6	1.152029	-1.152003	-0.504689	0.590236	0.000026	0.085547
5	6	7	0.525253	-0.522309	-0.206698	-0.245187	0.002944	-0.451885
6	7	8	-0.477728	0.479542	-0.104805	-0.217417	0.001815	-0.322222
7	8	2	-1.164304	1.164327	0.451946	-0.365739	0.000023	0.086207
8	8	9	0.684732	-0.671037	-0.234525	-0.368221	0.013695	-0.602746
9	9	4	-0.579018	0.582329	-0.131742	-0.216097	0.003312	-0.347839

Summary
Total Pg           : 3.188068
Total Qg           : -1.419270
Total Load P       : 3.150000
Total Load Q       : 1.150000
Total Active Loss  : 0.037708
Total Reactive Loss: -2.569124
Total Load Supplied: 100.011430%

========================================================================================================================
Update time: 2026-06-11 00:00:24
Iteration: 249
rho: 120
alpha: 0.01
objective_value: 4.09996854646
feasible: False
max_abs_h: 2.097933078109e-04
l2_norm_h: 3.603708793893e-04
lambda_inf_norm: 1.424723235050e+00
lambda_l2_norm: 7.208413102609e+00
------------------------------------------------------------------------------------------------------------------------
Bus Results
BusID	V_R		V_I		Vmag		Pg		Qg		Pl		Ql
1	1.000210	0.000027	1.000210	0.871774	-0.549244	0.000000	0.000000
2	1.036815	0.070592	1.039218	1.164242	-0.365622	0.000000	0.000000
3	1.037766	0.081029	1.040926	1.152065	-0.504775	0.000000	0.000000
4	1.031839	-0.050166	1.033058	0.000000	0.000000	0.000000	0.000000
5	1.045693	-0.080320	1.048775	0.000000	0.000000	0.900000	0.300000
6	1.071145	0.018581	1.071308	0.000000	0.000000	0.000000	0.000000
7	1.063054	-0.030623	1.063497	0.000000	0.000000	1.000000	0.350000
8	1.063510	0.002229	1.063514	0.000000	0.000000	0.000000	0.000000
9	1.026210	-0.098137	1.030893	0.000000	0.000000	1.250000	0.500000

Branch Results
LineID	From	To	Pik		Pki		Qik		Qki		LossP		LossQ
1	1	4	0.871678	-0.871522	-0.549231	0.610289	0.000157	0.061057
2	4	5	0.289089	-0.286817	-0.393895	0.062987	0.002272	-0.330908
3	5	6	-0.613247	0.626711	-0.362951	-0.383474	0.013465	-0.746425
4	3	6	1.152078	-1.152052	-0.504776	0.590331	0.000027	0.085554
5	6	7	0.525303	-0.522358	-0.206845	-0.245102	0.002946	-0.451947
6	7	8	-0.477680	0.479493	-0.104889	-0.217390	0.001813	-0.322279
7	8	2	-1.164224	1.164249	0.451802	-0.365624	0.000026	0.086178
8	8	9	0.684701	-0.671003	-0.234408	-0.368441	0.013697	-0.602849
9	9	4	-0.579053	0.582365	-0.131520	-0.216355	0.003313	-0.347875

Summary
Total Pg           : 3.188082
Total Qg           : -1.419640
Total Load P       : 3.150000
Total Load Q       : 1.150000
Total Active Loss  : 0.037715
Total Reactive Loss: -2.569494
Total Load Supplied: 100.011637%

========================================================================================================================
Update time: 2026-06-11 00:02:37
Iteration: 250
rho: 120
alpha: 0.01
objective_value: 4.09994021476
feasible: False
max_abs_h: 1.841953950894e-04
l2_norm_h: 3.710078690158e-04
lambda_inf_norm: 1.424722583582e+00
lambda_l2_norm: 7.208410914989e+00
------------------------------------------------------------------------------------------------------------------------
Bus Results
BusID	V_R		V_I		Vmag		Pg		Qg		Pl		Ql
1	1.000184	0.000113	1.000184	0.871656	-0.549639	0.000000	0.000000
2	1.036879	0.070681	1.039288	1.164213	-0.365371	0.000000	0.000000
3	1.037786	0.081141	1.040956	1.152196	-0.504835	0.000000	0.000000
4	1.031841	-0.050070	1.033056	0.000000	0.000000	0.000000	0.000000
5	1.045711	-0.080219	1.048785	0.000000	0.000000	0.900000	0.300000
6	1.071175	0.018691	1.071340	0.000000	0.000000	0.000000	0.000000
7	1.063102	-0.030519	1.063543	0.000000	0.000000	1.000000	0.350000
8	1.063562	0.002325	1.063567	0.000000	0.000000	0.000000	0.000000
9	1.026237	-0.098041	1.030911	0.000000	0.000000	1.250000	0.500000

Branch Results
LineID	From	To	Pik		Pki		Qik		Qki		LossP		LossQ
1	1	4	0.871557	-0.871390	-0.549626	0.610690	0.000167	0.061064
2	4	5	0.289010	-0.286737	-0.394034	0.063110	0.002274	-0.330924
3	5	6	-0.613325	0.626793	-0.363070	-0.383377	0.013467	-0.746447
4	3	6	1.152210	-1.152193	-0.504835	0.590402	0.000016	0.085567
5	6	7	0.525367	-0.522423	-0.207012	-0.244969	0.002943	-0.451981
6	7	8	-0.477613	0.479424	-0.105023	-0.217296	0.001811	-0.322320
7	8	2	-1.164204	1.164221	0.451521	-0.365372	0.000017	0.086149
8	8	9	0.684752	-0.671059	-0.234218	-0.368672	0.013693	-0.602891
9	9	4	-0.578996	0.582309	-0.131285	-0.216610	0.003313	-0.347895

Summary
Total Pg           : 3.188065
Total Qg           : -1.419845
Total Load P       : 3.150000
Total Load Q       : 1.150000
Total Active Loss  : 0.037703
Total Reactive Loss: -2.569677
Total Load Supplied: 100.011491%

========================================================================================================================
Update time: 2026-06-11 00:04:49
Iteration: 251
rho: 120
alpha: 0.01
objective_value: 4.09995315728
feasible: False
max_abs_h: 1.956289018363e-04
l2_norm_h: 3.439150608504e-04
lambda_inf_norm: 1.424721954247e+00
lambda_l2_norm: 7.208408705475e+00
------------------------------------------------------------------------------------------------------------------------
Bus Results
BusID	V_R		V_I		Vmag		Pg		Qg		Pl		Ql
1	1.000196	-0.000019	1.000195	0.871630	-0.550336	0.000000	0.000000
2	1.037035	0.070498	1.039431	1.164124	-0.365253	0.000000	0.000000
3	1.037940	0.080982	1.041097	1.152321	-0.504734	0.000000	0.000000
4	1.031886	-0.050205	1.033107	0.000000	0.000000	0.000000	0.000000
5	1.045784	-0.080359	1.048868	0.000000	0.000000	0.900000	0.300000
6	1.071309	0.018528	1.071471	0.000000	0.000000	0.000000	0.000000
7	1.063233	-0.030684	1.063678	0.000000	0.000000	1.000000	0.350000
8	1.063694	0.002152	1.063699	0.000000	0.000000	0.000000	0.000000
9	1.026309	-0.098180	1.030995	0.000000	0.000000	1.250000	0.500000

Branch Results
LineID	From	To	Pik		Pki		Qik		Qki		LossP		LossQ
1	1	4	0.871533	-0.871372	-0.550325	0.611445	0.000160	0.061120
2	4	5	0.288979	-0.286711	-0.394397	0.063468	0.002268	-0.330929
3	5	6	-0.613350	0.626816	-0.363439	-0.383168	0.013466	-0.746607
4	3	6	1.152334	-1.152308	-0.504735	0.590290	0.000027	0.085555
5	6	7	0.525453	-0.522503	-0.207110	-0.244978	0.002951	-0.452088
6	7	8	-0.477537	0.479352	-0.105018	-0.217386	0.001815	-0.322404
7	8	2	-1.164106	1.164132	0.451363	-0.365254	0.000026	0.086109
8	8	9	0.684722	-0.671028	-0.233972	-0.369062	0.013694	-0.603034
9	9	4	-0.579025	0.582329	-0.130904	-0.217017	0.003304	-0.347920

Summary
Total Pg           : 3.188076
Total Qg           : -1.420323
Total Load P       : 3.150000
Total Load Q       : 1.150000
Total Active Loss  : 0.037712
Total Reactive Loss: -2.570199
Total Load Supplied: 100.011558%

========================================================================================================================
Update time: 2026-06-11 00:07:02
Iteration: 252
rho: 120
alpha: 0.01
objective_value: 4.09982507508
feasible: False
max_abs_h: 1.991846122511e-04
l2_norm_h: 3.713194564977e-04
lambda_inf_norm: 1.424721294838e+00
lambda_l2_norm: 7.208406670621e+00
------------------------------------------------------------------------------------------------------------------------
Bus Results
BusID	V_R		V_I		Vmag		Pg		Qg		Pl		Ql
1	1.000199	0.000122	1.000199	0.871493	-0.550766	0.000000	0.000000
2	1.037106	0.070645	1.039511	1.164049	-0.365135	0.000000	0.000000
3	1.037980	0.081154	1.041149	1.152444	-0.504837	0.000000	0.000000
4	1.031921	-0.050051	1.033135	0.000000	0.000000	0.000000	0.000000
5	1.045838	-0.080197	1.048910	0.000000	0.000000	0.900000	0.300000
6	1.071363	0.018701	1.071528	0.000000	0.000000	0.000000	0.000000
7	1.063307	-0.030516	1.063747	0.000000	0.000000	1.000000	0.350000
8	1.063765	0.002311	1.063770	0.000000	0.000000	0.000000	0.000000
9	1.026371	-0.098024	1.031042	0.000000	0.000000	1.250000	0.500000

Branch Results
LineID	From	To	Pik		Pki		Qik		Qki		LossP		LossQ
1	1	4	0.871395	-0.871229	-0.550753	0.611872	0.000166	0.061119
2	4	5	0.288882	-0.286610	-0.394564	0.063592	0.002272	-0.330972
3	5	6	-0.613450	0.626906	-0.363553	-0.383129	0.013456	-0.746682
4	3	6	1.152458	-1.152443	-0.504838	0.590402	0.000015	0.085564
5	6	7	0.525508	-0.522577	-0.207260	-0.244893	0.002931	-0.452152
6	7	8	-0.477453	0.479248	-0.105098	-0.217365	0.001795	-0.322463
7	8	2	-1.164049	1.164058	0.451224	-0.365137	0.000009	0.086087
8	8	9	0.684778	-0.671090	-0.233856	-0.369251	0.013689	-0.603106
9	9	4	-0.578965	0.582277	-0.130708	-0.217265	0.003313	-0.347972

Summary
Total Pg           : 3.187986
Total Qg           : -1.420738
Total Load P       : 3.150000
Total Load Q       : 1.150000
Total Active Loss  : 0.037647
Total Reactive Loss: -2.570578
Total Load Supplied: 100.010746%

========================================================================================================================
Update time: 2026-06-11 00:09:15
Iteration: 253
rho: 120
alpha: 0.01
objective_value: 4.09992924069
feasible: False
max_abs_h: 1.862975918783e-04
l2_norm_h: 3.568955828413e-04
lambda_inf_norm: 1.424720639010e+00
lambda_l2_norm: 7.208404488111e+00
------------------------------------------------------------------------------------------------------------------------
Bus Results
BusID	V_R		V_I		Vmag		Pg		Qg		Pl		Ql
1	1.000186	0.000030	1.000186	0.871489	-0.551171	0.000000	0.000000
2	1.037186	0.070525	1.039584	1.164012	-0.364980	0.000000	0.000000
3	1.038032	0.081055	1.041194	1.152562	-0.504870	0.000000	0.000000
4	1.031927	-0.050146	1.033146	0.000000	0.000000	0.000000	0.000000
5	1.045855	-0.080295	1.048935	0.000000	0.000000	0.900000	0.300000
6	1.071410	0.018596	1.071574	0.000000	0.000000	0.000000	0.000000
7	1.063360	-0.030626	1.063803	0.000000	0.000000	1.000000	0.350000
8	1.063826	0.002194	1.063830	0.000000	0.000000	0.000000	0.000000
9	1.026393	-0.098123	1.031074	0.000000	0.000000	1.250000	0.500000

Branch Results
LineID	From	To	Pik		Pki		Qik		Qki		LossP		LossQ
1	1	4	0.871392	-0.871224	-0.551157	0.612297	0.000168	0.061140
2	4	5	0.288866	-0.286592	-0.394724	0.063743	0.002273	-0.330981
3	5	6	-0.613468	0.626934	-0.363703	-0.383033	0.013465	-0.746736
4	3	6	1.152576	-1.152557	-0.504871	0.590446	0.000018	0.085575
5	6	7	0.525588	-0.522640	-0.207399	-0.244797	0.002947	-0.452195
6	7	8	-0.477395	0.479203	-0.105190	-0.217322	0.001808	-0.322511
7	8	2	-1.163998	1.164020	0.451033	-0.364981	0.000022	0.086052
8	8	9	0.684767	-0.671074	-0.233701	-0.369482	0.013693	-0.603183
9	9	4	-0.578979	0.582291	-0.130470	-0.217526	0.003313	-0.347997

Summary
Total Pg           : 3.188063
Total Qg           : -1.421020
Total Load P       : 3.150000
Total Load Q       : 1.150000
Total Active Loss  : 0.037707
Total Reactive Loss: -2.570836
Total Load Supplied: 100.011311%

========================================================================================================================
Update time: 2026-06-11 00:11:27
Iteration: 254
rho: 120
alpha: 0.01
objective_value: 4.09989359365
feasible: False
max_abs_h: 1.650766821160e-04
l2_norm_h: 3.428513040228e-04
lambda_inf_norm: 1.424720015556e+00
lambda_l2_norm: 7.208402353990e+00
------------------------------------------------------------------------------------------------------------------------
Bus Results
BusID	V_R		V_I		Vmag		Pg		Qg		Pl		Ql
1	1.000165	0.000064	1.000165	0.871487	-0.551483	0.000000	0.000000
2	1.037233	0.070533	1.039631	1.163920	-0.364843	0.000000	0.000000
3	1.038076	0.081081	1.041240	1.152631	-0.504781	0.000000	0.000000
4	1.031926	-0.050113	1.033143	0.000000	0.000000	0.000000	0.000000
5	1.045872	-0.080263	1.048949	0.000000	0.000000	0.900000	0.300000
6	1.071449	0.018621	1.071613	0.000000	0.000000	0.000000	0.000000
7	1.063399	-0.030605	1.063842	0.000000	0.000000	1.000000	0.350000
8	1.063863	0.002210	1.063868	0.000000	0.000000	0.000000	0.000000
9	1.026407	-0.098094	1.031085	0.000000	0.000000	1.250000	0.500000

Branch Results
LineID	From	To	Pik		Pki		Qik		Qki		LossP		LossQ
1	1	4	0.871389	-0.871228	-0.551469	0.612641	0.000161	0.061171
2	4	5	0.288849	-0.286579	-0.394908	0.063922	0.002270	-0.330987
3	5	6	-0.613480	0.626939	-0.363877	-0.382910	0.013459	-0.746787
4	3	6	1.152644	-1.152621	-0.504780	0.590343	0.000023	0.085562
5	6	7	0.525646	-0.522698	-0.207416	-0.244808	0.002948	-0.452224
6	7	8	-0.477339	0.479146	-0.105186	-0.217340	0.001806	-0.322525
7	8	2	-1.163903	1.163927	0.450879	-0.364844	0.000024	0.086034
8	8	9	0.684731	-0.671046	-0.233539	-0.369665	0.013685	-0.603203
9	9	4	-0.579006	0.582314	-0.130296	-0.217688	0.003307	-0.347984

Summary
Total Pg           : 3.188038
Total Qg           : -1.421107
Total Load P       : 3.150000
Total Load Q       : 1.150000
Total Active Loss  : 0.037685
Total Reactive Loss: -2.570942
Total Load Supplied: 100.011197%

========================================================================================================================
Update time: 2026-06-11 00:13:40
Iteration: 255
rho: 120
alpha: 0.01
objective_value: 4.09995924166
feasible: False
max_abs_h: 1.832805212354e-04
l2_norm_h: 3.462259691883e-04
lambda_inf_norm: 1.424719354686e+00
lambda_l2_norm: 7.208400124943e+00
------------------------------------------------------------------------------------------------------------------------
Bus Results
BusID	V_R		V_I		Vmag		Pg		Qg		Pl		Ql
1	1.000183	0.000030	1.000183	0.871450	-0.551982	0.000000	0.000000
2	1.037368	0.070485	1.039761	1.163949	-0.364625	0.000000	0.000000
3	1.038165	0.081039	1.041326	1.152688	-0.504902	0.000000	0.000000
4	1.031971	-0.050144	1.033189	0.000000	0.000000	0.000000	0.000000
5	1.045934	-0.080295	1.049012	0.000000	0.000000	0.900000	0.300000
6	1.071540	0.018580	1.071703	0.000000	0.000000	0.000000	0.000000
7	1.063507	-0.030644	1.063950	0.000000	0.000000	1.000000	0.350000
8	1.063978	0.002166	1.063982	0.000000	0.000000	0.000000	0.000000
9	1.026478	-0.098124	1.031158	0.000000	0.000000	1.250000	0.500000

Branch Results
LineID	From	To	Pik		Pki		Qik		Qki		LossP		LossQ
1	1	4	0.871351	-0.871179	-0.551970	0.613169	0.000173	0.061199
2	4	5	0.288829	-0.286548	-0.395112	0.064116	0.002281	-0.330996
3	5	6	-0.613516	0.626985	-0.364081	-0.382812	0.013469	-0.746893
4	3	6	1.152702	-1.152676	-0.504904	0.590471	0.000026	0.085567
5	6	7	0.525653	-0.522708	-0.207643	-0.244678	0.002945	-0.452321
6	7	8	-0.477326	0.479127	-0.105312	-0.217293	0.001801	-0.322606
7	8	2	-1.163932	1.163957	0.450632	-0.364627	0.000025	0.086005
8	8	9	0.684779	-0.671088	-0.233336	-0.369975	0.013691	-0.603312
9	9	4	-0.578967	0.582280	-0.129993	-0.218022	0.003313	-0.348015

Summary
Total Pg           : 3.188087
Total Qg           : -1.421510
Total Load P       : 3.150000
Total Load Q       : 1.150000
Total Active Loss  : 0.037723
Total Reactive Loss: -2.571371
Total Load Supplied: 100.011565%

========================================================================================================================
Update time: 2026-06-11 00:15:54
Iteration: 256
rho: 120
alpha: 0.01
objective_value: 4.09985634408
feasible: False
max_abs_h: 2.106712764967e-04
l2_norm_h: 3.514649189941e-04
lambda_inf_norm: 1.424718731986e+00
lambda_l2_norm: 7.208398034564e+00
------------------------------------------------------------------------------------------------------------------------
Bus Results
BusID	V_R		V_I		Vmag		Pg		Qg		Pl		Ql
1	1.000211	0.000041	1.000210	0.871391	-0.552569	0.000000	0.000000
2	1.037517	0.070472	1.039909	1.163936	-0.364379	0.000000	0.000000
3	1.038252	0.081035	1.041412	1.152687	-0.505130	0.000000	0.000000
4	1.032032	-0.050128	1.033249	0.000000	0.000000	0.000000	0.000000
5	1.046013	-0.080280	1.049090	0.000000	0.000000	0.900000	0.300000
6	1.071636	0.018582	1.071799	0.000000	0.000000	0.000000	0.000000
7	1.063626	-0.030642	1.064069	0.000000	0.000000	1.000000	0.350000
8	1.064107	0.002162	1.064111	0.000000	0.000000	0.000000	0.000000
9	1.026571	-0.098109	1.031249	0.000000	0.000000	1.250000	0.500000

Branch Results
LineID	From	To	Pik		Pki		Qik		Qki		LossP		LossQ
1	1	4	0.871292	-0.871129	-0.552556	0.613786	0.000163	0.061230
2	4	5	0.288809	-0.286538	-0.395334	0.064303	0.002271	-0.331031
3	5	6	-0.613522	0.626980	-0.364270	-0.382760	0.013459	-0.747031
4	3	6	1.152700	-1.152680	-0.505133	0.590700	0.000020	0.085567
5	6	7	0.525667	-0.522728	-0.207925	-0.244493	0.002940	-0.452419
6	7	8	-0.477307	0.479111	-0.105498	-0.217192	0.001804	-0.322690
7	8	2	-1.163925	1.163944	0.450351	-0.364380	0.000019	0.085971
8	8	9	0.684787	-0.671099	-0.233156	-0.370308	0.013687	-0.603464
9	9	4	-0.578952	0.582255	-0.129658	-0.218418	0.003303	-0.348075

Summary
Total Pg           : 3.188013
Total Qg           : -1.422078
Total Load P       : 3.150000
Total Load Q       : 1.150000
Total Active Loss  : 0.037666
Total Reactive Loss: -2.571943
Total Load Supplied: 100.011021%

========================================================================================================================
Update time: 2026-06-11 00:18:09
Iteration: 257
rho: 120
alpha: 0.01
objective_value: 4.09996475708
feasible: False
max_abs_h: 1.921780187824e-04
l2_norm_h: 3.669496934521e-04
lambda_inf_norm: 1.424718052600e+00
lambda_l2_norm: 7.208395790095e+00
------------------------------------------------------------------------------------------------------------------------
Bus Results
BusID	V_R		V_I		Vmag		Pg		Qg		Pl		Ql
1	1.000192	-0.000104	1.000192	0.871437	-0.552995	0.000000	0.000000
2	1.037621	0.070283	1.040000	1.163883	-0.364058	0.000000	0.000000
3	1.038292	0.080871	1.041439	1.152772	-0.505281	0.000000	0.000000
4	1.032031	-0.050282	1.033256	0.000000	0.000000	0.000000	0.000000
5	1.046019	-0.080440	1.049109	0.000000	0.000000	0.900000	0.300000
6	1.071674	0.018410	1.071834	0.000000	0.000000	0.000000	0.000000
7	1.063677	-0.030820	1.064126	0.000000	0.000000	1.000000	0.350000
8	1.064176	0.001977	1.064180	0.000000	0.000000	0.000000	0.000000
9	1.026587	-0.098270	1.031281	0.000000	0.000000	1.250000	0.500000

Branch Results
LineID	From	To	Pik		Pki		Qik		Qki		LossP		LossQ
1	1	4	0.871340	-0.871181	-0.552982	0.614243	0.000159	0.061261
2	4	5	0.288817	-0.286544	-0.395481	0.064435	0.002273	-0.331046
3	5	6	-0.613515	0.626975	-0.364397	-0.382684	0.013461	-0.747081
4	3	6	1.152785	-1.152763	-0.505283	0.590868	0.000022	0.085585
5	6	7	0.525750	-0.522797	-0.208172	-0.244282	0.002953	-0.452454
6	7	8	-0.477246	0.479067	-0.105709	-0.217033	0.001820	-0.322742
7	8	2	-1.163871	1.163891	0.449991	-0.364059	0.000020	0.085932
8	8	9	0.684769	-0.671068	-0.232950	-0.370594	0.013701	-0.603544
9	9	4	-0.578988	0.582299	-0.129368	-0.218723	0.003311	-0.348091

Summary
Total Pg           : 3.188092
Total Qg           : -1.422334
Total Load P       : 3.150000
Total Load Q       : 1.150000
Total Active Loss  : 0.037720
Total Reactive Loss: -2.572179
Total Load Supplied: 100.011805%

========================================================================================================================
Update time: 2026-06-11 00:20:24
Iteration: 258
rho: 120
alpha: 0.01
objective_value: 4.09998275653
feasible: False
max_abs_h: 2.273288646293e-04
l2_norm_h: 3.703161121614e-04
lambda_inf_norm: 1.424717346978e+00
lambda_l2_norm: 7.208393516582e+00
------------------------------------------------------------------------------------------------------------------------
Bus Results
BusID	V_R		V_I		Vmag		Pg		Qg		Pl		Ql
1	1.000227	-0.000022	1.000227	0.871495	-0.553419	0.000000	0.000000
2	1.037735	0.070335	1.040118	1.163833	-0.363923	0.000000	0.000000
3	1.038370	0.080933	1.041522	1.152776	-0.505424	0.000000	0.000000
4	1.032094	-0.050199	1.033315	0.000000	0.000000	0.000000	0.000000
5	1.046099	-0.080359	1.049182	0.000000	0.000000	0.900000	0.300000
6	1.071762	0.018479	1.071923	0.000000	0.000000	0.000000	0.000000
7	1.063782	-0.030751	1.064228	0.000000	0.000000	1.000000	0.350000
8	1.064282	0.002040	1.064286	0.000000	0.000000	0.000000	0.000000
9	1.026675	-0.098190	1.031360	0.000000	0.000000	1.250000	0.500000

Branch Results
LineID	From	To	Pik		Pki		Qik		Qki		LossP		LossQ
1	1	4	0.871397	-0.871233	-0.553406	0.614701	0.000164	0.061295
2	4	5	0.288838	-0.286558	-0.395667	0.064596	0.002280	-0.331071
3	5	6	-0.613504	0.626964	-0.364563	-0.382646	0.013460	-0.747209
4	3	6	1.152789	-1.152771	-0.505426	0.591008	0.000018	0.085582
5	6	7	0.525772	-0.522825	-0.208351	-0.244187	0.002947	-0.452538
6	7	8	-0.477215	0.479032	-0.105805	-0.217001	0.001817	-0.322807
7	8	2	-1.163813	1.163841	0.449831	-0.363926	0.000027	0.085905
8	8	9	0.684747	-0.671048	-0.232827	-0.370839	0.013699	-0.603665
9	9	4	-0.579012	0.582328	-0.129129	-0.219001	0.003316	-0.348130

Summary
Total Pg           : 3.188104
Total Qg           : -1.422766
Total Load P       : 3.150000
Total Load Q       : 1.150000
Total Active Loss  : 0.037728
Total Reactive Loss: -2.572637
Total Load Supplied: 100.011923%

========================================================================================================================
Update time: 2026-06-11 00:22:37
Iteration: 259
rho: 120
alpha: 0.01
objective_value: 4.09996617426
feasible: False
max_abs_h: 2.123982935627e-04
l2_norm_h: 3.631626173455e-04
lambda_inf_norm: 1.424716657940e+00
lambda_l2_norm: 7.208391263082e+00
------------------------------------------------------------------------------------------------------------------------
Bus Results
BusID	V_R		V_I		Vmag		Pg		Qg		Pl		Ql
1	1.000212	-0.000012	1.000212	0.871504	-0.553859	0.000000	0.000000
2	1.037835	0.070318	1.040217	1.163798	-0.363597	0.000000	0.000000
3	1.038401	0.080929	1.041552	1.152789	-0.505607	0.000000	0.000000
4	1.032105	-0.050190	1.033326	0.000000	0.000000	0.000000	0.000000
5	1.046122	-0.080354	1.049204	0.000000	0.000000	0.900000	0.300000
6	1.071801	0.018476	1.071962	0.000000	0.000000	0.000000	0.000000
7	1.063844	-0.030756	1.064291	0.000000	0.000000	1.000000	0.350000
8	1.064358	0.002030	1.064362	0.000000	0.000000	0.000000	0.000000
9	1.026712	-0.098184	1.031398	0.000000	0.000000	1.250000	0.500000

Branch Results
LineID	From	To	Pik		Pki		Qik		Qki		LossP		LossQ
1	1	4	0.871407	-0.871241	-0.553847	0.615167	0.000166	0.061320
2	4	5	0.288852	-0.286567	-0.395807	0.064726	0.002285	-0.331081
3	5	6	-0.613497	0.626958	-0.364693	-0.382569	0.013461	-0.747261
4	3	6	1.152803	-1.152778	-0.505610	0.591198	0.000025	0.085588
5	6	7	0.525785	-0.522837	-0.208618	-0.243969	0.002947	-0.452587
6	7	8	-0.477201	0.479009	-0.106022	-0.216837	0.001808	-0.322859
7	8	2	-1.163782	1.163806	0.449457	-0.363598	0.000024	0.085860
8	8	9	0.684742	-0.671050	-0.232615	-0.371132	0.013693	-0.603747
9	9	4	-0.579006	0.582321	-0.128831	-0.219324	0.003315	-0.348155

Summary
Total Pg           : 3.188091
Total Qg           : -1.423063
Total Load P       : 3.150000
Total Load Q       : 1.150000
Total Active Loss  : 0.037723
Total Reactive Loss: -2.572923
Total Load Supplied: 100.011684%

========================================================================================================================
Update time: 2026-06-11 00:24:52
Iteration: 260
rho: 120
alpha: 0.01
objective_value: 4.09988559065
feasible: False
max_abs_h: 2.012410365591e-04
l2_norm_h: 3.557961815875e-04
lambda_inf_norm: 1.424716005180e+00
lambda_l2_norm: 7.208389119543e+00
------------------------------------------------------------------------------------------------------------------------
Bus Results
BusID	V_R		V_I		Vmag		Pg		Qg		Pl		Ql
1	1.000201	-0.000031	1.000201	0.871435	-0.554269	0.000000	0.000000
2	1.037906	0.070287	1.040286	1.163771	-0.363463	0.000000	0.000000
3	1.038453	0.080907	1.041602	1.152828	-0.505625	0.000000	0.000000
4	1.032117	-0.050206	1.033339	0.000000	0.000000	0.000000	0.000000
5	1.046148	-0.080370	1.049232	0.000000	0.000000	0.900000	0.300000
6	1.071851	0.018454	1.072012	0.000000	0.000000	0.000000	0.000000
7	1.063901	-0.030778	1.064348	0.000000	0.000000	1.000000	0.350000
8	1.064417	0.002004	1.064421	0.000000	0.000000	0.000000	0.000000
9	1.026743	-0.098201	1.031430	0.000000	0.000000	1.250000	0.500000

Branch Results
LineID	From	To	Pik		Pki		Qik		Qki		LossP		LossQ
1	1	4	0.871337	-0.871182	-0.554256	0.615600	0.000155	0.061343
2	4	5	0.288817	-0.286539	-0.395988	0.064887	0.002277	-0.331101
3	5	6	-0.613521	0.626983	-0.364849	-0.382474	0.013462	-0.747323
4	3	6	1.152841	-1.152822	-0.505626	0.591208	0.000019	0.085582
5	6	7	0.525805	-0.522863	-0.208722	-0.243914	0.002942	-0.452636
6	7	8	-0.477172	0.478975	-0.106077	-0.216827	0.001803	-0.322904
7	8	2	-1.163758	1.163779	0.449309	-0.363465	0.000021	0.085844
8	8	9	0.684754	-0.671065	-0.232473	-0.371340	0.013689	-0.603814
9	9	4	-0.578990	0.582300	-0.128615	-0.219571	0.003310	-0.348186

Summary
Total Pg           : 3.188034
Total Qg           : -1.423357
Total Load P       : 3.150000
Total Load Q       : 1.150000
Total Active Loss  : 0.037678
Total Reactive Loss: -2.573193
Total Load Supplied: 100.011294%

========================================================================================================================
Update time: 2026-06-11 00:27:06
Iteration: 261
rho: 120
alpha: 0.01
objective_value: 4.10002658154
feasible: False
max_abs_h: 2.179410956744e-04
l2_norm_h: 3.830291026907e-04
lambda_inf_norm: 1.424715302497e+00
lambda_l2_norm: 7.208386776494e+00
------------------------------------------------------------------------------------------------------------------------
Bus Results
BusID	V_R		V_I		Vmag		Pg		Qg		Pl		Ql
1	1.000218	-0.000079	1.000218	0.871537	-0.554638	0.000000	0.000000
2	1.037998	0.070198	1.040372	1.163715	-0.363387	0.000000	0.000000
3	1.038527	0.080832	1.041670	1.152883	-0.505690	0.000000	0.000000
4	1.032152	-0.050261	1.033376	0.000000	0.000000	0.000000	0.000000
5	1.046196	-0.080431	1.049284	0.000000	0.000000	0.900000	0.300000
6	1.071922	0.018378	1.072081	0.000000	0.000000	0.000000	0.000000
7	1.063977	-0.030856	1.064426	0.000000	0.000000	1.000000	0.350000
8	1.064496	0.001921	1.064500	0.000000	0.000000	0.000000	0.000000
9	1.026793	-0.098262	1.031485	0.000000	0.000000	1.250000	0.500000

Branch Results
LineID	From	To	Pik		Pki		Qik		Qki		LossP		LossQ
1	1	4	0.871440	-0.871278	-0.554625	0.616001	0.000162	0.061375
2	4	5	0.288853	-0.286561	-0.396161	0.065050	0.002292	-0.331111
3	5	6	-0.613507	0.626974	-0.365015	-0.382409	0.013466	-0.747425
4	3	6	1.152896	-1.152874	-0.505691	0.591269	0.000022	0.085578
5	6	7	0.525860	-0.522907	-0.208845	-0.243864	0.002953	-0.452709
6	7	8	-0.477133	0.478945	-0.106121	-0.216840	0.001812	-0.322961
7	8	2	-1.163695	1.163723	0.449207	-0.363389	0.000028	0.085819
8	8	9	0.684716	-0.671022	-0.232359	-0.371554	0.013694	-0.603912
9	9	4	-0.579037	0.582355	-0.128406	-0.219802	0.003318	-0.348208

Summary
Total Pg           : 3.188135
Total Qg           : -1.423715
Total Load P       : 3.150000
Total Load Q       : 1.150000
Total Active Loss  : 0.037748
Total Reactive Loss: -2.573554
Total Load Supplied: 100.012300%

========================================================================================================================
Update time: 2026-06-11 00:29:21
Iteration: 262
rho: 120
alpha: 0.01
objective_value: 4.09999939937
feasible: False
max_abs_h: 1.925681016939e-04
l2_norm_h: 3.705963341655e-04
lambda_inf_norm: 1.424714630323e+00
lambda_l2_norm: 7.208384469604e+00
------------------------------------------------------------------------------------------------------------------------
Bus Results
BusID	V_R		V_I		Vmag		Pg		Qg		Pl		Ql
1	1.000193	-0.000011	1.000193	0.871573	-0.554835	0.000000	0.000000
2	1.038025	0.070245	1.040402	1.163628	-0.363170	0.000000	0.000000
3	1.038505	0.080898	1.041654	1.152914	-0.505810	0.000000	0.000000
4	1.032142	-0.050194	1.033363	0.000000	0.000000	0.000000	0.000000
5	1.046189	-0.080364	1.049273	0.000000	0.000000	0.900000	0.300000
6	1.071911	0.018445	1.072073	0.000000	0.000000	0.000000	0.000000
7	1.063984	-0.030796	1.064432	0.000000	0.000000	1.000000	0.350000
8	1.064511	0.001976	1.064515	0.000000	0.000000	0.000000	0.000000
9	1.026797	-0.098199	1.031484	0.000000	0.000000	1.250000	0.500000

Branch Results
LineID	From	To	Pik		Pki		Qik		Qki		LossP		LossQ
1	1	4	0.871476	-0.871307	-0.554821	0.616198	0.000169	0.061377
2	4	5	0.288858	-0.286569	-0.396197	0.065073	0.002288	-0.331124
3	5	6	-0.613496	0.626956	-0.365029	-0.382390	0.013460	-0.747420
4	3	6	1.152927	-1.152898	-0.505812	0.591403	0.000029	0.085591
5	6	7	0.525905	-0.522955	-0.208997	-0.243707	0.002950	-0.452703
6	7	8	-0.477084	0.478893	-0.106281	-0.216695	0.001809	-0.322975
7	8	2	-1.163607	1.163635	0.448958	-0.363170	0.000028	0.085788
8	8	9	0.684682	-0.670994	-0.232252	-0.371682	0.013688	-0.603935
9	9	4	-0.579063	0.582379	-0.128269	-0.219951	0.003317	-0.348219

Summary
Total Pg           : 3.188115
Total Qg           : -1.423815
Total Load P       : 3.150000
Total Load Q       : 1.150000
Total Active Loss  : 0.037737
Total Reactive Loss: -2.573620
Total Load Supplied: 100.011986%

========================================================================================================================
Update time: 2026-06-11 00:31:33
Iteration: 263
rho: 120
alpha: 0.01
objective_value: 4.09988973698
feasible: False
max_abs_h: 2.401997935244e-04
l2_norm_h: 3.740791156153e-04
lambda_inf_norm: 1.424713981692e+00
lambda_l2_norm: 7.208382311656e+00
------------------------------------------------------------------------------------------------------------------------
Bus Results
BusID	V_R		V_I		Vmag		Pg		Qg		Pl		Ql
1	1.000240	0.000002	1.000240	0.871496	-0.555309	0.000000	0.000000
2	1.038168	0.070242	1.040544	1.163591	-0.363026	0.000000	0.000000
3	1.038612	0.080907	1.041760	1.152949	-0.505955	0.000000	0.000000
4	1.032217	-0.050173	1.033436	0.000000	0.000000	0.000000	0.000000
5	1.046282	-0.080342	1.049363	0.000000	0.000000	0.900000	0.300000
6	1.072023	0.018459	1.072184	0.000000	0.000000	0.000000	0.000000
7	1.064111	-0.030781	1.064558	0.000000	0.000000	1.000000	0.350000
8	1.064642	0.001983	1.064646	0.000000	0.000000	0.000000	0.000000
9	1.026898	-0.098176	1.031581	0.000000	0.000000	1.250000	0.500000

Branch Results
LineID	From	To	Pik		Pki		Qik		Qki		LossP		LossQ
1	1	4	0.871398	-0.871231	-0.555297	0.616707	0.000167	0.061410
2	4	5	0.288817	-0.286531	-0.396409	0.065258	0.002286	-0.331150
3	5	6	-0.613532	0.626985	-0.365226	-0.382337	0.013453	-0.747564
4	3	6	1.152963	-1.152940	-0.505957	0.591546	0.000023	0.085588
5	6	7	0.525923	-0.522986	-0.209197	-0.243610	0.002937	-0.452808
6	7	8	-0.477045	0.478843	-0.106380	-0.216673	0.001798	-0.323053
7	8	2	-1.163567	1.163598	0.448785	-0.363028	0.000031	0.085757
8	8	9	0.684698	-0.671018	-0.232107	-0.371963	0.013680	-0.604069
9	9	4	-0.579036	0.582346	-0.128000	-0.220262	0.003311	-0.348262

Summary
Total Pg           : 3.188036
Total Qg           : -1.424291
Total Load P       : 3.150000
Total Load Q       : 1.150000
Total Active Loss  : 0.037685
Total Reactive Loss: -2.574151
Total Load Supplied: 100.011159%

========================================================================================================================
Update time: 2026-06-11 00:33:50
Iteration: 264
rho: 120
alpha: 0.01
objective_value: 4.09996081015
feasible: False
max_abs_h: 1.964811876212e-04
l2_norm_h: 3.593584132336e-04
lambda_inf_norm: 1.424713332966e+00
lambda_l2_norm: 7.208380053398e+00
------------------------------------------------------------------------------------------------------------------------
Bus Results
BusID	V_R		V_I		Vmag		Pg		Qg		Pl		Ql
1	1.000196	0.000002	1.000197	0.871520	-0.555636	0.000000	0.000000
2	1.038215	0.070215	1.040590	1.163558	-0.362739	0.000000	0.000000
3	1.038617	0.080895	1.041765	1.153010	-0.505990	0.000000	0.000000
4	1.032193	-0.050178	1.033413	0.000000	0.000000	0.000000	0.000000
5	1.046270	-0.080350	1.049352	0.000000	0.000000	0.900000	0.300000
6	1.072029	0.018443	1.072190	0.000000	0.000000	0.000000	0.000000
7	1.064129	-0.030802	1.064577	0.000000	0.000000	1.000000	0.350000
8	1.064668	0.001959	1.064673	0.000000	0.000000	0.000000	0.000000
9	1.026892	-0.098187	1.031577	0.000000	0.000000	1.250000	0.500000

Branch Results
LineID	From	To	Pik		Pki		Qik		Qki		LossP		LossQ
1	1	4	0.871423	-0.871260	-0.555622	0.617055	0.000163	0.061433
2	4	5	0.288825	-0.286541	-0.396534	0.065385	0.002283	-0.331149
3	5	6	-0.613520	0.626976	-0.365344	-0.382232	0.013456	-0.747576
4	3	6	1.153023	-1.152996	-0.505990	0.591585	0.000027	0.085595
5	6	7	0.525981	-0.523025	-0.209337	-0.243480	0.002956	-0.452817
6	7	8	-0.477016	0.478829	-0.106511	-0.216560	0.001812	-0.323071
7	8	2	-1.163537	1.163566	0.448475	-0.362741	0.000028	0.085735
8	8	9	0.684676	-0.670993	-0.231909	-0.372181	0.013683	-0.604090
9	9	4	-0.579060	0.582369	-0.127777	-0.220479	0.003310	-0.348256

Summary
Total Pg           : 3.188088
Total Qg           : -1.424365
Total Load P       : 3.150000
Total Load Q       : 1.150000
Total Active Loss  : 0.037718
Total Reactive Loss: -2.574197
Total Load Supplied: 100.011769%

========================================================================================================================
Update time: 2026-06-11 00:36:02
Iteration: 265
rho: 120
alpha: 0.01
objective_value: 4.09993398244
feasible: False
max_abs_h: 2.022066952498e-04
l2_norm_h: 3.567716900772e-04
lambda_inf_norm: 1.424712661329e+00
lambda_l2_norm: 7.208377829673e+00
------------------------------------------------------------------------------------------------------------------------
Bus Results
BusID	V_R		V_I		Vmag		Pg		Qg		Pl		Ql
1	1.000202	-0.000026	1.000202	0.871561	-0.556054	0.000000	0.000000
2	1.038311	0.070150	1.040681	1.163461	-0.362613	0.000000	0.000000
3	1.038694	0.080847	1.041837	1.153046	-0.506006	0.000000	0.000000
4	1.032221	-0.050208	1.033442	0.000000	0.000000	0.000000	0.000000
5	1.046314	-0.080384	1.049398	0.000000	0.000000	0.900000	0.300000
6	1.072101	0.018396	1.072261	0.000000	0.000000	0.000000	0.000000
7	1.064207	-0.030851	1.064656	0.000000	0.000000	1.000000	0.350000
8	1.064749	0.001903	1.064753	0.000000	0.000000	0.000000	0.000000
9	1.026939	-0.098222	1.031627	0.000000	0.000000	1.250000	0.500000

Branch Results
LineID	From	To	Pik		Pki		Qik		Qki		LossP		LossQ
1	1	4	0.871463	-0.871300	-0.556040	0.617508	0.000163	0.061468
2	4	5	0.288826	-0.286540	-0.396729	0.065573	0.002286	-0.331156
3	5	6	-0.613522	0.626976	-0.365537	-0.382126	0.013454	-0.747663
4	3	6	1.153059	-1.153038	-0.506007	0.591596	0.000021	0.085590
5	6	7	0.526027	-0.523080	-0.209456	-0.243425	0.002947	-0.452881
6	7	8	-0.476958	0.478764	-0.106566	-0.216561	0.001806	-0.323127
7	8	2	-1.163442	1.163468	0.448317	-0.362615	0.000027	0.085703
8	8	9	0.684646	-0.670962	-0.231751	-0.372430	0.013685	-0.604180
9	9	4	-0.579094	0.582407	-0.127533	-0.220741	0.003313	-0.348274

Summary
Total Pg           : 3.188068
Total Qg           : -1.424672
Total Load P       : 3.150000
Total Load Q       : 1.150000
Total Active Loss  : 0.037701
Total Reactive Loss: -2.574522
Total Load Supplied: 100.011657%

========================================================================================================================
Update time: 2026-06-11 00:38:18
Iteration: 266
rho: 120
alpha: 0.01
objective_value: 4.09998238682
feasible: False
max_abs_h: 2.045801208324e-04
l2_norm_h: 3.840065327766e-04
lambda_inf_norm: 1.424711960580e+00
lambda_l2_norm: 7.208375535971e+00
------------------------------------------------------------------------------------------------------------------------
Bus Results
BusID	V_R		V_I		Vmag		Pg		Qg		Pl		Ql
1	1.000205	-0.000123	1.000204	0.871669	-0.556343	0.000000	0.000000
2	1.038386	0.070009	1.040746	1.163374	-0.362475	0.000000	0.000000
3	1.038738	0.080721	1.041872	1.153058	-0.506094	0.000000	0.000000
4	1.032235	-0.050314	1.033461	0.000000	0.000000	0.000000	0.000000
5	1.046333	-0.080498	1.049426	0.000000	0.000000	0.900000	0.300000
6	1.072142	0.018267	1.072300	0.000000	0.000000	0.000000	0.000000
7	1.064253	-0.030982	1.064706	0.000000	0.000000	1.000000	0.350000
8	1.064804	0.001768	1.064807	0.000000	0.000000	0.000000	0.000000
9	1.026963	-0.098335	1.031661	0.000000	0.000000	1.250000	0.500000

Branch Results
LineID	From	To	Pik		Pki		Qik		Qki		LossP		LossQ
1	1	4	0.871573	-0.871411	-0.556329	0.617824	0.000162	0.061494
2	4	5	0.288876	-0.286583	-0.396846	0.065680	0.002293	-0.331166
3	5	6	-0.613483	0.626941	-0.365643	-0.382084	0.013458	-0.747727
4	3	6	1.153070	-1.153047	-0.506096	0.591688	0.000024	0.085592
5	6	7	0.526067	-0.523113	-0.209590	-0.243330	0.002954	-0.452919
6	7	8	-0.476926	0.478734	-0.106661	-0.216505	0.001807	-0.323166
7	8	2	-1.163356	1.163381	0.448154	-0.362477	0.000025	0.085677
8	8	9	0.684590	-0.670909	-0.231643	-0.372611	0.013681	-0.604254
9	9	4	-0.579147	0.582465	-0.127351	-0.220938	0.003318	-0.348288

Summary
Total Pg           : 3.188100
Total Qg           : -1.424913
Total Load P       : 3.150000
Total Load Q       : 1.150000
Total Active Loss  : 0.037721
Total Reactive Loss: -2.574759
Total Load Supplied: 100.012048%

========================================================================================================================
Update time: 2026-06-11 00:40:31
Iteration: 267
rho: 120
alpha: 0.01
objective_value: 4.09994337592
feasible: False
max_abs_h: 2.061223305665e-04
l2_norm_h: 3.617450391582e-04
lambda_inf_norm: 1.424711308125e+00
lambda_l2_norm: 7.208373293692e+00
------------------------------------------------------------------------------------------------------------------------
Bus Results
BusID	V_R		V_I		Vmag		Pg		Qg		Pl		Ql
1	1.000206	-0.000024	1.000206	0.871652	-0.556812	0.000000	0.000000
2	1.038474	0.070086	1.040839	1.163328	-0.362326	0.000000	0.000000
3	1.038799	0.080809	1.041940	1.153092	-0.506143	0.000000	0.000000
4	1.032269	-0.050211	1.033490	0.000000	0.000000	0.000000	0.000000
5	1.046387	-0.080396	1.049472	0.000000	0.000000	0.900000	0.300000
6	1.072209	0.018361	1.072368	0.000000	0.000000	0.000000	0.000000
7	1.064334	-0.030889	1.064785	0.000000	0.000000	1.000000	0.350000
8	1.064886	0.001855	1.064889	0.000000	0.000000	0.000000	0.000000
9	1.027024	-0.098235	1.031713	0.000000	0.000000	1.250000	0.500000

Branch Results
LineID	From	To	Pik		Pki		Qik		Qki		LossP		LossQ
1	1	4	0.871555	-0.871393	-0.556799	0.618322	0.000163	0.061523
2	4	5	0.288863	-0.286574	-0.397054	0.065866	0.002288	-0.331188
3	5	6	-0.613489	0.626943	-0.365828	-0.381989	0.013454	-0.747817
4	3	6	1.153105	-1.153076	-0.506145	0.591732	0.000029	0.085587
5	6	7	0.526095	-0.523143	-0.209730	-0.243256	0.002952	-0.452986
6	7	8	-0.476895	0.478698	-0.106734	-0.216486	0.001803	-0.323220
7	8	2	-1.163305	1.163335	0.447974	-0.362327	0.000030	0.085646
8	8	9	0.684576	-0.670900	-0.231483	-0.372861	0.013677	-0.604344
9	9	4	-0.579153	0.582464	-0.127098	-0.221227	0.003311	-0.348325

Summary
Total Pg           : 3.188073
Total Qg           : -1.425281
Total Load P       : 3.150000
Total Load Q       : 1.150000
Total Active Loss  : 0.037706
Total Reactive Loss: -2.575124
Total Load Supplied: 100.011641%

========================================================================================================================
Update time: 2026-06-11 00:42:47
Iteration: 268
rho: 120
alpha: 0.01
objective_value: 4.09991782852
feasible: False
max_abs_h: 1.978175885229e-04
l2_norm_h: 3.566505812854e-04
lambda_inf_norm: 1.424710643177e+00
lambda_l2_norm: 7.208371084316e+00
------------------------------------------------------------------------------------------------------------------------
Bus Results
BusID	V_R		V_I		Vmag		Pg		Qg		Pl		Ql
1	1.000198	0.000005	1.000198	0.871646	-0.557218	0.000000	0.000000
2	1.038563	0.070094	1.040928	1.163285	-0.362097	0.000000	0.000000
3	1.038843	0.080830	1.041985	1.153124	-0.506255	0.000000	0.000000
4	1.032286	-0.050182	1.033505	0.000000	0.000000	0.000000	0.000000
5	1.046418	-0.080367	1.049501	0.000000	0.000000	0.900000	0.300000
6	1.072258	0.018383	1.072418	0.000000	0.000000	0.000000	0.000000
7	1.064401	-0.030869	1.064850	0.000000	0.000000	1.000000	0.350000
8	1.064958	0.001870	1.064962	0.000000	0.000000	0.000000	0.000000
9	1.027065	-0.098208	1.031751	0.000000	0.000000	1.250000	0.500000

Branch Results
LineID	From	To	Pik		Pki		Qik		Qki		LossP		LossQ
1	1	4	0.871548	-0.871385	-0.557206	0.618758	0.000163	0.061552
2	4	5	0.288852	-0.286559	-0.397215	0.066019	0.002293	-0.331196
3	5	6	-0.613505	0.626958	-0.365981	-0.381903	0.013453	-0.747884
4	3	6	1.153137	-1.153117	-0.506256	0.591842	0.000021	0.085586
5	6	7	0.526122	-0.523176	-0.209924	-0.243120	0.002946	-0.453044
6	7	8	-0.476860	0.478658	-0.106868	-0.216405	0.001798	-0.323273
7	8	2	-1.163268	1.163292	0.447710	-0.362097	0.000023	0.085612
8	8	9	0.684583	-0.670906	-0.231297	-0.373121	0.013677	-0.604418
9	9	4	-0.579149	0.582465	-0.126838	-0.221503	0.003315	-0.348341

Summary
Total Pg           : 3.188054
Total Qg           : -1.425570
Total Load P       : 3.150000
Total Load Q       : 1.150000
Total Active Loss  : 0.037689
Total Reactive Loss: -2.575406
Total Load Supplied: 100.011588%

========================================================================================================================
Update time: 2026-06-11 00:45:01
Iteration: 269
rho: 120
alpha: 0.01
objective_value: 4.09987906589
feasible: False
max_abs_h: 2.057193237834e-04
l2_norm_h: 3.576932241755e-04
lambda_inf_norm: 1.424709996092e+00
lambda_l2_norm: 7.208368926006e+00
------------------------------------------------------------------------------------------------------------------------
Bus Results
BusID	V_R		V_I		Vmag		Pg		Qg		Pl		Ql
1	1.000206	-0.000001	1.000205	0.871642	-0.557609	0.000000	0.000000
2	1.038652	0.070059	1.041015	1.163203	-0.361944	0.000000	0.000000
3	1.038898	0.080815	1.042040	1.153181	-0.506348	0.000000	0.000000
4	1.032315	-0.050187	1.033535	0.000000	0.000000	0.000000	0.000000
5	1.046461	-0.080374	1.049544	0.000000	0.000000	0.900000	0.300000
6	1.072317	0.018368	1.072476	0.000000	0.000000	0.000000	0.000000
7	1.064471	-0.030888	1.064921	0.000000	0.000000	1.000000	0.350000
8	1.065033	0.001844	1.065037	0.000000	0.000000	0.000000	0.000000
9	1.027113	-0.098216	1.031800	0.000000	0.000000	1.250000	0.500000

Branch Results
LineID	From	To	Pik		Pki		Qik		Qki		LossP		LossQ
1	1	4	0.871545	-0.871383	-0.557596	0.619169	0.000161	0.061573
2	4	5	0.288839	-0.286550	-0.397376	0.066158	0.002289	-0.331218
3	5	6	-0.613511	0.626959	-0.366119	-0.381847	0.013448	-0.747966
4	3	6	1.153195	-1.153172	-0.506349	0.591940	0.000023	0.085592
5	6	7	0.526178	-0.523233	-0.210078	-0.243021	0.002945	-0.453099
6	7	8	-0.476804	0.478603	-0.106966	-0.216358	0.001799	-0.323325
7	8	2	-1.163188	1.163210	0.447530	-0.361945	0.000022	0.085585
8	8	9	0.684557	-0.670884	-0.231165	-0.373341	0.013673	-0.604506
9	9	4	-0.579168	0.582478	-0.126619	-0.221751	0.003310	-0.348369

Summary
Total Pg           : 3.188026
Total Qg           : -1.425900
Total Load P       : 3.150000
Total Load Q       : 1.150000
Total Active Loss  : 0.037669
Total Reactive Loss: -2.575734
Total Load Supplied: 100.011351%

========================================================================================================================
Update time: 2026-06-11 00:47:15
Iteration: 270
rho: 120
alpha: 0.01
objective_value: 4.09994107113
feasible: False
max_abs_h: 1.978117815711e-04
l2_norm_h: 3.581785154879e-04
lambda_inf_norm: 1.424709334430e+00
lambda_l2_norm: 7.208366679194e+00
------------------------------------------------------------------------------------------------------------------------
Bus Results
BusID	V_R		V_I		Vmag		Pg		Qg		Pl		Ql
1	1.000198	-0.000035	1.000198	0.871690	-0.557963	0.000000	0.000000
2	1.038732	0.069993	1.041090	1.163154	-0.361743	0.000000	0.000000
3	1.038945	0.080763	1.042082	1.153227	-0.506399	0.000000	0.000000
4	1.032326	-0.050225	1.033548	0.000000	0.000000	0.000000	0.000000
5	1.046483	-0.080417	1.049570	0.000000	0.000000	0.900000	0.300000
6	1.072362	0.018314	1.072521	0.000000	0.000000	0.000000	0.000000
7	1.064524	-0.030944	1.064976	0.000000	0.000000	1.000000	0.350000
8	1.065094	0.001783	1.065098	0.000000	0.000000	0.000000	0.000000
9	1.027141	-0.098259	1.031832	0.000000	0.000000	1.250000	0.500000

Branch Results
LineID	From	To	Pik		Pki		Qik		Qki		LossP		LossQ
1	1	4	0.871593	-0.871432	-0.557949	0.619551	0.000161	0.061602
2	4	5	0.288855	-0.286564	-0.397527	0.066303	0.002291	-0.331224
3	5	6	-0.613500	0.626951	-0.366264	-0.381761	0.013452	-0.748025
4	3	6	1.153240	-1.153215	-0.506401	0.591993	0.000026	0.085592
5	6	7	0.526224	-0.523271	-0.210216	-0.242923	0.002953	-0.453139
6	7	8	-0.476769	0.478573	-0.107067	-0.216295	0.001804	-0.323362
7	8	2	-1.163135	1.163161	0.447301	-0.361745	0.000026	0.085557
8	8	9	0.684531	-0.670855	-0.231002	-0.373567	0.013676	-0.604569
9	9	4	-0.579199	0.582511	-0.126395	-0.221984	0.003312	-0.348379

Summary
Total Pg           : 3.188071
Total Qg           : -1.426105
Total Load P       : 3.150000
Total Load Q       : 1.150000
Total Active Loss  : 0.037700
Total Reactive Loss: -2.575946
Total Load Supplied: 100.011761%

========================================================================================================================
Update time: 2026-06-11 00:49:29
Iteration: 271
rho: 120
alpha: 0.01
objective_value: 4.09991587005
feasible: False
max_abs_h: 1.615604712255e-04
l2_norm_h: 3.568747430551e-04
lambda_inf_norm: 1.424708689949e+00
lambda_l2_norm: 7.208364465975e+00
------------------------------------------------------------------------------------------------------------------------
Bus Results
BusID	V_R		V_I		Vmag		Pg		Qg		Pl		Ql
1	1.000162	-0.000106	1.000162	0.871763	-0.558220	0.000000	0.000000
2	1.038784	0.069877	1.041135	1.163028	-0.361451	0.000000	0.000000
3	1.038942	0.080673	1.042072	1.153260	-0.506503	0.000000	0.000000
4	1.032302	-0.050305	1.033528	0.000000	0.000000	0.000000	0.000000
5	1.046462	-0.080502	1.049555	0.000000	0.000000	0.900000	0.300000
6	1.072360	0.018220	1.072517	0.000000	0.000000	0.000000	0.000000
7	1.064536	-0.031047	1.064991	0.000000	0.000000	1.000000	0.350000
8	1.065119	0.001673	1.065123	0.000000	0.000000	0.000000	0.000000
9	1.027129	-0.098348	1.031829	0.000000	0.000000	1.250000	0.500000

Branch Results
LineID	From	To	Pik		Pki		Qik		Qki		LossP		LossQ
1	1	4	0.871666	-0.871507	-0.558206	0.619827	0.000159	0.061621
2	4	5	0.288876	-0.286589	-0.397589	0.066372	0.002287	-0.331217
3	5	6	-0.613473	0.626917	-0.366333	-0.381683	0.013445	-0.748016
4	3	6	1.153273	-1.153249	-0.506504	0.592109	0.000024	0.085605
5	6	7	0.526295	-0.523344	-0.210410	-0.242735	0.002951	-0.453145
6	7	8	-0.476694	0.478502	-0.107248	-0.216141	0.001808	-0.323389
7	8	2	-1.163006	1.163034	0.446973	-0.361452	0.000028	0.085521
8	8	9	0.684471	-0.670796	-0.230824	-0.373775	0.013675	-0.604599
9	9	4	-0.579256	0.582566	-0.126181	-0.222191	0.003310	-0.348372

Summary
Total Pg           : 3.188050
Total Qg           : -1.426174
Total Load P       : 3.150000
Total Load Q       : 1.150000
Total Active Loss  : 0.037687
Total Reactive Loss: -2.575991
Total Load Supplied: 100.011536%

========================================================================================================================
Update time: 2026-06-11 00:51:43
Iteration: 272
rho: 120
alpha: 0.01
objective_value: 4.09996032585
feasible: False
max_abs_h: 1.818995589784e-04
l2_norm_h: 3.542031165857e-04
lambda_inf_norm: 1.424708016792e+00
lambda_l2_norm: 7.208362187828e+00
------------------------------------------------------------------------------------------------------------------------
Bus Results
BusID	V_R		V_I		Vmag		Pg		Qg		Pl		Ql
1	1.000182	-0.000084	1.000182	0.871861	-0.558604	0.000000	0.000000
2	1.038897	0.069858	1.041245	1.162966	-0.361252	0.000000	0.000000
3	1.039010	0.080664	1.042139	1.153253	-0.506636	0.000000	0.000000
4	1.032345	-0.050287	1.033570	0.000000	0.000000	0.000000	0.000000
5	1.046518	-0.080489	1.049610	0.000000	0.000000	0.900000	0.300000
6	1.072432	0.018216	1.072589	0.000000	0.000000	0.000000	0.000000
7	1.064624	-0.031051	1.065079	0.000000	0.000000	1.000000	0.350000
8	1.065216	0.001664	1.065219	0.000000	0.000000	0.000000	0.000000
9	1.027196	-0.098335	1.031893	0.000000	0.000000	1.250000	0.500000

Branch Results
LineID	From	To	Pik		Pki		Qik		Qki		LossP		LossQ
1	1	4	0.871765	-0.871605	-0.558591	0.620254	0.000160	0.061664
2	4	5	0.288926	-0.286630	-0.397747	0.066527	0.002296	-0.331220
3	5	6	-0.613435	0.626884	-0.366496	-0.381619	0.013449	-0.748115
4	3	6	1.153266	-1.153238	-0.506638	0.592239	0.000028	0.085601
5	6	7	0.526316	-0.523363	-0.210609	-0.242600	0.002953	-0.453209
6	7	8	-0.476677	0.478482	-0.107390	-0.216057	0.001805	-0.323448
7	8	2	-1.162943	1.162973	0.446733	-0.361253	0.000029	0.085480
8	8	9	0.684429	-0.670756	-0.230667	-0.374044	0.013673	-0.604711
9	9	4	-0.579299	0.582612	-0.125919	-0.222472	0.003314	-0.348391

Summary
Total Pg           : 3.188080
Total Qg           : -1.426491
Total Load P       : 3.150000
Total Load Q       : 1.150000
Total Active Loss  : 0.037707
Total Reactive Loss: -2.576349
Total Load Supplied: 100.011866%

========================================================================================================================
Update time: 2026-06-11 00:53:57
Iteration: 273
rho: 120
alpha: 0.01
objective_value: 4.09999762841
feasible: False
max_abs_h: 1.840510974307e-04
l2_norm_h: 3.583044584518e-04
lambda_inf_norm: 1.424707329607e+00
lambda_l2_norm: 7.208359854846e+00
------------------------------------------------------------------------------------------------------------------------
Bus Results
BusID	V_R		V_I		Vmag		Pg		Qg		Pl		Ql
1	1.000184	-0.000066	1.000184	0.871923	-0.558949	0.000000	0.000000
2	1.038975	0.069841	1.041322	1.162881	-0.361076	0.000000	0.000000
3	1.039051	0.080668	1.042180	1.153303	-0.506739	0.000000	0.000000
4	1.032368	-0.050271	1.033592	0.000000	0.000000	0.000000	0.000000
5	1.046553	-0.080477	1.049644	0.000000	0.000000	0.900000	0.300000
6	1.072478	0.018220	1.072635	0.000000	0.000000	0.000000	0.000000
7	1.064682	-0.031052	1.065137	0.000000	0.000000	1.000000	0.350000
8	1.065279	0.001657	1.065282	0.000000	0.000000	0.000000	0.000000
9	1.027236	-0.098325	1.031933	0.000000	0.000000	1.250000	0.500000

Branch Results
LineID	From	To	Pik		Pki		Qik		Qki		LossP		LossQ
1	1	4	0.871827	-0.871665	-0.558935	0.620627	0.000162	0.061692
2	4	5	0.288939	-0.286639	-0.397890	0.066649	0.002300	-0.331241
3	5	6	-0.613427	0.626874	-0.366612	-0.381575	0.013447	-0.748188
4	3	6	1.153316	-1.153290	-0.506741	0.592350	0.000027	0.085609
5	6	7	0.526377	-0.523422	-0.210762	-0.242491	0.002955	-0.453253
6	7	8	-0.476619	0.478427	-0.107500	-0.215988	0.001807	-0.323488
7	8	2	-1.162853	1.162886	0.446530	-0.361078	0.000033	0.085452
8	8	9	0.684392	-0.670717	-0.230537	-0.374247	0.013675	-0.604784
9	9	4	-0.579340	0.582658	-0.125715	-0.222699	0.003318	-0.348414

Summary
Total Pg           : 3.188106
Total Qg           : -1.426765
Total Load P       : 3.150000
Total Load Q       : 1.150000
Total Active Loss  : 0.037725
Total Reactive Loss: -2.576614
Total Load Supplied: 100.012108%

========================================================================================================================
Update time: 2026-06-11 00:56:11
Iteration: 274
rho: 120
alpha: 0.01
objective_value: 4.09990585015
feasible: False
max_abs_h: 1.779632470937e-04
l2_norm_h: 3.475008324625e-04
lambda_inf_norm: 1.424706680260e+00
lambda_l2_norm: 7.208357647096e+00
------------------------------------------------------------------------------------------------------------------------
Bus Results
BusID	V_R		V_I		Vmag		Pg		Qg		Pl		Ql
1	1.000178	0.000009	1.000178	0.871898	-0.559328	0.000000	0.000000
2	1.039050	0.069903	1.041401	1.162851	-0.360856	0.000000	0.000000
3	1.039079	0.080736	1.042213	1.153290	-0.506885	0.000000	0.000000
4	1.032388	-0.050192	1.033608	0.000000	0.000000	0.000000	0.000000
5	1.046586	-0.080399	1.049671	0.000000	0.000000	0.900000	0.300000
6	1.072517	0.018293	1.072675	0.000000	0.000000	0.000000	0.000000
7	1.064740	-0.030980	1.065193	0.000000	0.000000	1.000000	0.350000
8	1.065343	0.001725	1.065347	0.000000	0.000000	0.000000	0.000000
9	1.027280	-0.098248	1.031969	0.000000	0.000000	1.250000	0.500000

Branch Results
LineID	From	To	Pik		Pki		Qik		Qki		LossP		LossQ
1	1	4	0.871802	-0.871643	-0.559315	0.621025	0.000159	0.061710
2	4	5	0.288934	-0.286637	-0.398025	0.066766	0.002297	-0.331260
3	5	6	-0.613426	0.626868	-0.366726	-0.381522	0.013442	-0.748248
4	3	6	1.153303	-1.153281	-0.506887	0.592491	0.000023	0.085605
5	6	7	0.526377	-0.523428	-0.210954	-0.242351	0.002948	-0.453306
6	7	8	-0.476610	0.478411	-0.107639	-0.215892	0.001801	-0.323531
7	8	2	-1.162832	1.162858	0.446285	-0.360858	0.000026	0.085427
8	8	9	0.684392	-0.670725	-0.230387	-0.374468	0.013667	-0.604855
9	9	4	-0.579327	0.582641	-0.125489	-0.222957	0.003314	-0.348446

Summary
Total Pg           : 3.188040
Total Qg           : -1.427069
Total Load P       : 3.150000
Total Load Q       : 1.150000
Total Active Loss  : 0.037676
Total Reactive Loss: -2.576903
Total Load Supplied: 100.011548%

========================================================================================================================
Update time: 2026-06-11 00:58:26
Iteration: 275
rho: 120
alpha: 0.01
objective_value: 4.09992094607
feasible: False
max_abs_h: 2.417058802857e-04
l2_norm_h: 3.845737220501e-04
lambda_inf_norm: 1.424706013077e+00
lambda_l2_norm: 7.208355413941e+00
------------------------------------------------------------------------------------------------------------------------
Bus Results
BusID	V_R		V_I		Vmag		Pg		Qg		Pl		Ql
1	1.000242	-0.000101	1.000241	0.871983	-0.559789	0.000000	0.000000
2	1.039207	0.069738	1.041546	1.162745	-0.360774	0.000000	0.000000
3	1.039205	0.080589	1.042327	1.153320	-0.507038	0.000000	0.000000
4	1.032471	-0.050308	1.033696	0.000000	0.000000	0.000000	0.000000
5	1.046681	-0.080520	1.049774	0.000000	0.000000	0.900000	0.300000
6	1.072639	0.018147	1.072794	0.000000	0.000000	0.000000	0.000000
7	1.064869	-0.031126	1.065326	0.000000	0.000000	1.000000	0.350000
8	1.065479	0.001571	1.065482	0.000000	0.000000	0.000000	0.000000
9	1.027381	-0.098368	1.032080	0.000000	0.000000	1.250000	0.500000

Branch Results
LineID	From	To	Pik		Pki		Qik		Qki		LossP		LossQ
1	1	4	0.871888	-0.871730	-0.559776	0.621529	0.000158	0.061752
2	4	5	0.288963	-0.286669	-0.398240	0.066948	0.002294	-0.331292
3	5	6	-0.613393	0.626832	-0.366919	-0.381499	0.013439	-0.748418
4	3	6	1.153334	-1.153306	-0.507041	0.592647	0.000027	0.085607
5	6	7	0.526436	-0.523482	-0.211139	-0.242265	0.002954	-0.453404
6	7	8	-0.476559	0.478362	-0.107729	-0.215884	0.001803	-0.323613
7	8	2	-1.162724	1.162751	0.446172	-0.360777	0.000027	0.085395
8	8	9	0.684330	-0.670665	-0.230286	-0.374735	0.013665	-0.605021
9	9	4	-0.579390	0.582702	-0.125233	-0.223257	0.003312	-0.348490

Summary
Total Pg           : 3.188049
Total Qg           : -1.427601
Total Load P       : 3.150000
Total Load Q       : 1.150000
Total Active Loss  : 0.037679
Total Reactive Loss: -2.577485
Total Load Supplied: 100.011722%

========================================================================================================================
Update time: 2026-06-11 01:00:40
Iteration: 276
rho: 120
alpha: 0.01
objective_value: 4.09992967607
feasible: False
max_abs_h: 2.089130243690e-04
l2_norm_h: 3.639431651589e-04
lambda_inf_norm: 1.424705353996e+00
lambda_l2_norm: 7.208353166543e+00
------------------------------------------------------------------------------------------------------------------------
Bus Results
BusID	V_R		V_I		Vmag		Pg		Qg		Pl		Ql
1	1.000209	-0.000010	1.000209	0.871961	-0.560178	0.000000	0.000000
2	1.039254	0.069816	1.041599	1.162701	-0.360595	0.000000	0.000000
3	1.039223	0.080684	1.042353	1.153395	-0.507067	0.000000	0.000000
4	1.032466	-0.050215	1.033687	0.000000	0.000000	0.000000	0.000000
5	1.046693	-0.080426	1.049780	0.000000	0.000000	0.900000	0.300000
6	1.072663	0.018242	1.072820	0.000000	0.000000	0.000000	0.000000
7	1.064908	-0.031035	1.065362	0.000000	0.000000	1.000000	0.350000
8	1.065519	0.001657	1.065523	0.000000	0.000000	0.000000	0.000000
9	1.027399	-0.098278	1.032090	0.000000	0.000000	1.250000	0.500000

Branch Results
LineID	From	To	Pik		Pki		Qik		Qki		LossP		LossQ
1	1	4	0.871865	-0.871701	-0.560165	0.621936	0.000164	0.061771
2	4	5	0.288938	-0.286637	-0.398399	0.067093	0.002301	-0.331306
3	5	6	-0.613427	0.626869	-0.367056	-0.381395	0.013441	-0.748450
4	3	6	1.153409	-1.153384	-0.507068	0.592675	0.000025	0.085607
5	6	7	0.526477	-0.523527	-0.211265	-0.242174	0.002950	-0.453440
6	7	8	-0.476511	0.478310	-0.107815	-0.215837	0.001798	-0.323652
7	8	2	-1.162680	1.162707	0.445960	-0.360597	0.000027	0.085363
8	8	9	0.684340	-0.670676	-0.230117	-0.374947	0.013664	-0.605064
9	9	4	-0.579378	0.582694	-0.125012	-0.223498	0.003316	-0.348509

Summary
Total Pg           : 3.188056
Total Qg           : -1.427840
Total Load P       : 3.150000
Total Load Q       : 1.150000
Total Active Loss  : 0.037687
Total Reactive Loss: -2.577679
Total Load Supplied: 100.011706%

========================================================================================================================
Update time: 2026-06-11 01:02:55
Iteration: 277
rho: 120
alpha: 0.01
objective_value: 4.099954307
feasible: False
max_abs_h: 2.100559541056e-04
l2_norm_h: 3.717109733565e-04
lambda_inf_norm: 1.424704670037e+00
lambda_l2_norm: 7.208350883013e+00
------------------------------------------------------------------------------------------------------------------------
Bus Results
BusID	V_R		V_I		Vmag		Pg		Qg		Pl		Ql
1	1.000210	0.000010	1.000210	0.872014	-0.560308	0.000000	0.000000
2	1.039295	0.069813	1.041640	1.162620	-0.360415	0.000000	0.000000
3	1.039220	0.080701	1.042352	1.153439	-0.507212	0.000000	0.000000
4	1.032475	-0.050197	1.033696	0.000000	0.000000	0.000000	0.000000
5	1.046703	-0.080410	1.049789	0.000000	0.000000	0.900000	0.300000
6	1.072670	0.018257	1.072828	0.000000	0.000000	0.000000	0.000000
7	1.064928	-0.031026	1.065382	0.000000	0.000000	1.000000	0.350000
8	1.065548	0.001661	1.065552	0.000000	0.000000	0.000000	0.000000
9	1.027417	-0.098264	1.032107	0.000000	0.000000	1.250000	0.500000

Branch Results
LineID	From	To	Pik		Pki		Qik		Qki		LossP		LossQ
1	1	4	0.871919	-0.871758	-0.560293	0.622073	0.000161	0.061780
2	4	5	0.288956	-0.286649	-0.398421	0.067102	0.002306	-0.331319
3	5	6	-0.613417	0.626863	-0.367060	-0.381412	0.013446	-0.748472
4	3	6	1.153452	-1.153434	-0.507214	0.592835	0.000018	0.085622
5	6	7	0.526533	-0.523578	-0.211409	-0.242038	0.002954	-0.453447
6	7	8	-0.476463	0.478264	-0.107954	-0.215712	0.001801	-0.323666
7	8	2	-1.162605	1.162627	0.445761	-0.360419	0.000022	0.085342
8	8	9	0.684311	-0.670646	-0.230045	-0.375051	0.013664	-0.605096
9	9	4	-0.579411	0.582732	-0.124909	-0.223609	0.003321	-0.348518

Summary
Total Pg           : 3.188073
Total Qg           : -1.427935
Total Load P       : 3.150000
Total Load Q       : 1.150000
Total Active Loss  : 0.037693
Total Reactive Loss: -2.577774
Total Load Supplied: 100.012057%

========================================================================================================================
Update time: 2026-06-11 01:05:07
Iteration: 278
rho: 120
alpha: 0.01
objective_value: 4.09990512597
feasible: False
max_abs_h: 1.831193011566e-04
l2_norm_h: 3.506289699188e-04
lambda_inf_norm: 1.424703994085e+00
lambda_l2_norm: 7.208348667255e+00
------------------------------------------------------------------------------------------------------------------------
Bus Results
BusID	V_R		V_I		Vmag		Pg		Qg		Pl		Ql
1	1.000183	0.000032	1.000183	0.872007	-0.560532	0.000000	0.000000
2	1.039333	0.069811	1.041678	1.162505	-0.360244	0.000000	0.000000
3	1.039234	0.080725	1.042367	1.153526	-0.507191	0.000000	0.000000
4	1.032463	-0.050175	1.033683	0.000000	0.000000	0.000000	0.000000
5	1.046701	-0.080387	1.049785	0.000000	0.000000	0.900000	0.300000
6	1.072684	0.018279	1.072842	0.000000	0.000000	0.000000	0.000000
7	1.064951	-0.031012	1.065405	0.000000	0.000000	1.000000	0.350000
8	1.065574	0.001667	1.065578	0.000000	0.000000	0.000000	0.000000
9	1.027420	-0.098247	1.032108	0.000000	0.000000	1.250000	0.500000

Branch Results
LineID	From	To	Pik		Pki		Qik		Qki		LossP		LossQ
1	1	4	0.871911	-0.871748	-0.560518	0.622316	0.000163	0.061798
2	4	5	0.288927	-0.286624	-0.398503	0.067201	0.002303	-0.331303
3	5	6	-0.613440	0.626879	-0.367163	-0.381309	0.013439	-0.748472
4	3	6	1.153540	-1.153521	-0.507192	0.592822	0.000019	0.085630
5	6	7	0.526606	-0.523658	-0.211500	-0.241956	0.002948	-0.453456
6	7	8	-0.476379	0.478173	-0.108036	-0.215655	0.001794	-0.323691
7	8	2	-1.162486	1.162511	0.445557	-0.360246	0.000025	0.085311
8	8	9	0.684284	-0.670622	-0.229896	-0.375225	0.013662	-0.605121
9	9	4	-0.579433	0.582752	-0.124735	-0.223771	0.003319	-0.348506

Summary
Total Pg           : 3.188038
Total Qg           : -1.427967
Total Load P       : 3.150000
Total Load Q       : 1.150000
Total Active Loss  : 0.037673
Total Reactive Loss: -2.577808
Total Load Supplied: 100.011585%

========================================================================================================================
Update time: 2026-06-11 01:07:22
Iteration: 279
rho: 120
alpha: 0.01
objective_value: 4.09991306751
feasible: False
max_abs_h: 2.018061145206e-04
l2_norm_h: 3.605183910387e-04
lambda_inf_norm: 1.424703322344e+00
lambda_l2_norm: 7.208346438073e+00
------------------------------------------------------------------------------------------------------------------------
Bus Results
BusID	V_R		V_I		Vmag		Pg		Qg		Pl		Ql
1	1.000202	-0.000012	1.000202	0.872045	-0.560832	0.000000	0.000000
2	1.039400	0.069737	1.041739	1.162445	-0.360223	0.000000	0.000000
3	1.039296	0.080662	1.042424	1.153552	-0.507232	0.000000	0.000000
4	1.032496	-0.050222	1.033717	0.000000	0.000000	0.000000	0.000000
5	1.046744	-0.080437	1.049832	0.000000	0.000000	0.900000	0.300000
6	1.072742	0.018216	1.072899	0.000000	0.000000	0.000000	0.000000
7	1.065008	-0.031076	1.065464	0.000000	0.000000	1.000000	0.350000
8	1.065632	0.001599	1.065636	0.000000	0.000000	0.000000	0.000000
9	1.027462	-0.098297	1.032154	0.000000	0.000000	1.250000	0.500000

Branch Results
LineID	From	To	Pik		Pki		Qik		Qki		LossP		LossQ
1	1	4	0.871950	-0.871790	-0.560818	0.622633	0.000160	0.061816
2	4	5	0.288929	-0.286637	-0.398658	0.067326	0.002293	-0.331332
3	5	6	-0.613422	0.626854	-0.367283	-0.381286	0.013432	-0.748569
4	3	6	1.153565	-1.153543	-0.507233	0.592856	0.000022	0.085623
5	6	7	0.526652	-0.523698	-0.211553	-0.241954	0.002955	-0.453506
6	7	8	-0.476343	0.478145	-0.108041	-0.215681	0.001802	-0.323722
7	8	2	-1.162422	1.162452	0.445520	-0.360224	0.000030	0.085297
8	8	9	0.684243	-0.670577	-0.229840	-0.375354	0.013666	-0.605195
9	9	4	-0.579479	0.582796	-0.124605	-0.223930	0.003316	-0.348536

Summary
Total Pg           : 3.188043
Total Qg           : -1.428286
Total Load P       : 3.150000
Total Load Q       : 1.150000
Total Active Loss  : 0.037676
Total Reactive Loss: -2.578125
Total Load Supplied: 100.011643%

========================================================================================================================
Update time: 2026-06-11 01:09:38
Iteration: 280
rho: 120
alpha: 0.01
objective_value: 4.09985251083
feasible: False
max_abs_h: 2.506557609456e-04
l2_norm_h: 4.330239572609e-04
lambda_inf_norm: 1.424702685960e+00
lambda_l2_norm: 7.208344289531e+00
------------------------------------------------------------------------------------------------------------------------
Bus Results
BusID	V_R		V_I		Vmag		Pg		Qg		Pl		Ql
1	1.000251	0.000193	1.000250	0.871915	-0.561235	0.000000	0.000000
2	1.039488	0.069958	1.041842	1.162427	-0.360253	0.000000	0.000000
3	1.039377	0.080896	1.042522	1.153661	-0.507292	0.000000	0.000000
4	1.032577	-0.049999	1.033787	0.000000	0.000000	0.000000	0.000000
5	1.046846	-0.080206	1.049915	0.000000	0.000000	0.900000	0.300000
6	1.072837	0.018456	1.072998	0.000000	0.000000	0.000000	0.000000
7	1.065120	-0.030836	1.065568	0.000000	0.000000	1.000000	0.350000
8	1.065734	0.001833	1.065737	0.000000	0.000000	0.000000	0.000000
9	1.027571	-0.098069	1.032241	0.000000	0.000000	1.250000	0.500000

Branch Results
LineID	From	To	Pik		Pki		Qik		Qki		LossP		LossQ
1	1	4	0.871817	-0.871648	-0.561222	0.623038	0.000169	0.061817
2	4	5	0.288852	-0.286551	-0.398841	0.067462	0.002300	-0.331379
3	5	6	-0.613511	0.626947	-0.367422	-0.381267	0.013436	-0.748689
4	3	6	1.153675	-1.153655	-0.507294	0.592921	0.000020	0.085628
5	6	7	0.526676	-0.523735	-0.211644	-0.241948	0.002940	-0.453592
6	7	8	-0.476297	0.478083	-0.108047	-0.215745	0.001786	-0.323792
7	8	2	-1.162414	1.162433	0.445539	-0.360255	0.000018	0.085283
8	8	9	0.684305	-0.670643	-0.229796	-0.375513	0.013662	-0.605309
9	9	4	-0.579412	0.582727	-0.124447	-0.224153	0.003315	-0.348601

Summary
Total Pg           : 3.188002
Total Qg           : -1.428780
Total Load P       : 3.150000
Total Load Q       : 1.150000
Total Active Loss  : 0.037647
Total Reactive Loss: -2.578634
Total Load Supplied: 100.011271%

========================================================================================================================
Update time: 2026-06-11 01:11:50
Iteration: 281
rho: 120
alpha: 0.01
objective_value: 4.09988375034
feasible: False
max_abs_h: 2.043200693362e-04
l2_norm_h: 3.635842869419e-04
lambda_inf_norm: 1.424702073179e+00
lambda_l2_norm: 7.208342096200e+00
------------------------------------------------------------------------------------------------------------------------
Bus Results
BusID	V_R		V_I		Vmag		Pg		Qg		Pl		Ql
1	1.000204	0.000026	1.000205	0.871826	-0.561728	0.000000	0.000000
2	1.039584	0.069771	1.041925	1.162475	-0.359940	0.000000	0.000000
3	1.039423	0.080717	1.042555	1.153727	-0.507369	0.000000	0.000000
4	1.032553	-0.050170	1.033772	0.000000	0.000000	0.000000	0.000000
5	1.046836	-0.080381	1.049919	0.000000	0.000000	0.900000	0.300000
6	1.072876	0.018270	1.073034	0.000000	0.000000	0.000000	0.000000
7	1.065168	-0.031024	1.065622	0.000000	0.000000	1.000000	0.350000
8	1.065796	0.001642	1.065799	0.000000	0.000000	0.000000	0.000000
9	1.027567	-0.098242	1.032254	0.000000	0.000000	1.250000	0.500000

Branch Results
LineID	From	To	Pik		Pki		Qik		Qki		LossP		LossQ
1	1	4	0.871729	-0.871568	-0.561716	0.623572	0.000161	0.061857
2	4	5	0.288820	-0.286524	-0.399042	0.067672	0.002296	-0.331369
3	5	6	-0.613537	0.626979	-0.367629	-0.381107	0.013442	-0.748736
4	3	6	1.153741	-1.153726	-0.507370	0.592997	0.000015	0.085626
5	6	7	0.526709	-0.523754	-0.211867	-0.241791	0.002954	-0.453658
6	7	8	-0.476285	0.478083	-0.108192	-0.215662	0.001798	-0.323854
7	8	2	-1.162450	1.162482	0.445192	-0.359941	0.000032	0.085251
8	8	9	0.684335	-0.670673	-0.229520	-0.375843	0.013661	-0.605364
9	9	4	-0.579378	0.582684	-0.124114	-0.224488	0.003306	-0.348602

Summary
Total Pg           : 3.188028
Total Qg           : -1.429037
Total Load P       : 3.150000
Total Load Q       : 1.150000
Total Active Loss  : 0.037666
Total Reactive Loss: -2.578850
Total Load Supplied: 100.011501%

========================================================================================================================
Update time: 2026-06-11 01:14:07
Iteration: 282
rho: 120
alpha: 0.01
objective_value: 4.09991753617
feasible: False
max_abs_h: 1.908693131250e-04
l2_norm_h: 3.578079200756e-04
lambda_inf_norm: 1.424701413667e+00
lambda_l2_norm: 7.208339854170e+00
------------------------------------------------------------------------------------------------------------------------
Bus Results
BusID	V_R		V_I		Vmag		Pg		Qg		Pl		Ql
1	1.000191	0.000006	1.000191	0.871832	-0.562028	0.000000	0.000000
2	1.039648	0.069729	1.041987	1.162418	-0.359727	0.000000	0.000000
3	1.039454	0.080694	1.042584	1.153804	-0.507387	0.000000	0.000000
4	1.032556	-0.050192	1.033776	0.000000	0.000000	0.000000	0.000000
5	1.046848	-0.080404	1.049932	0.000000	0.000000	0.900000	0.300000
6	1.072906	0.018244	1.073064	0.000000	0.000000	0.000000	0.000000
7	1.065208	-0.031054	1.065663	0.000000	0.000000	1.000000	0.350000
8	1.065843	0.001606	1.065846	0.000000	0.000000	0.000000	0.000000
9	1.027585	-0.098267	1.032274	0.000000	0.000000	1.250000	0.500000

Branch Results
LineID	From	To	Pik		Pki		Qik		Qki		LossP		LossQ
1	1	4	0.871735	-0.871574	-0.562014	0.623887	0.000161	0.061873
2	4	5	0.288808	-0.286505	-0.399149	0.067778	0.002304	-0.331372
3	5	6	-0.613559	0.626998	-0.367736	-0.381020	0.013440	-0.748756
4	3	6	1.153817	-1.153792	-0.507388	0.593023	0.000025	0.085635
5	6	7	0.526756	-0.523805	-0.211988	-0.241685	0.002952	-0.453673
6	7	8	-0.476235	0.478032	-0.108303	-0.215577	0.001797	-0.323880
7	8	2	-1.162397	1.162424	0.444953	-0.359728	0.000026	0.085225
8	8	9	0.684335	-0.670672	-0.229369	-0.376037	0.013663	-0.605406
9	9	4	-0.579382	0.582698	-0.123919	-0.224693	0.003316	-0.348613

Summary
Total Pg           : 3.188053
Total Qg           : -1.429142
Total Load P       : 3.150000
Total Load Q       : 1.150000
Total Active Loss  : 0.037683
Total Reactive Loss: -2.578967
Total Load Supplied: 100.011747%

========================================================================================================================
Update time: 2026-06-11 01:16:21
Iteration: 283
rho: 120
alpha: 0.01
objective_value: 4.09985855122
feasible: False
max_abs_h: 1.991133851456e-04
l2_norm_h: 3.572893723827e-04
lambda_inf_norm: 1.424700766095e+00
lambda_l2_norm: 7.208337692183e+00
------------------------------------------------------------------------------------------------------------------------
Bus Results
BusID	V_R		V_I		Vmag		Pg		Qg		Pl		Ql
1	1.000199	0.000062	1.000199	0.871772	-0.562339	0.000000	0.000000
2	1.039738	0.069775	1.042078	1.162406	-0.359487	0.000000	0.000000
3	1.039485	0.080753	1.042619	1.153834	-0.507558	0.000000	0.000000
4	1.032585	-0.050130	1.033802	0.000000	0.000000	0.000000	0.000000
5	1.046886	-0.080340	1.049966	0.000000	0.000000	0.900000	0.300000
6	1.072949	0.018306	1.073107	0.000000	0.000000	0.000000	0.000000
7	1.065273	-0.030996	1.065726	0.000000	0.000000	1.000000	0.350000
8	1.065918	0.001658	1.065921	0.000000	0.000000	0.000000	0.000000
9	1.027637	-0.098206	1.032320	0.000000	0.000000	1.250000	0.500000

Branch Results
LineID	From	To	Pik		Pki		Qik		Qki		LossP		LossQ
1	1	4	0.871675	-0.871519	-0.562326	0.624222	0.000155	0.061895
2	4	5	0.288778	-0.286480	-0.399239	0.067858	0.002298	-0.331381
3	5	6	-0.613580	0.627007	-0.367822	-0.380982	0.013428	-0.748804
4	3	6	1.153848	-1.153827	-0.507560	0.593210	0.000021	0.085650
5	6	7	0.526787	-0.523841	-0.212218	-0.241497	0.002947	-0.453715
6	7	8	-0.476199	0.477998	-0.108491	-0.215443	0.001799	-0.323934
7	8	2	-1.162383	1.162412	0.444681	-0.359487	0.000029	0.085194
8	8	9	0.684352	-0.670689	-0.229227	-0.376263	0.013663	-0.605490
9	9	4	-0.579364	0.582675	-0.123693	-0.224942	0.003311	-0.348635

Summary
Total Pg           : 3.188012
Total Qg           : -1.429384
Total Load P       : 3.150000
Total Load Q       : 1.150000
Total Active Loss  : 0.037652
Total Reactive Loss: -2.579220
Total Load Supplied: 100.011418%

========================================================================================================================
Update time: 2026-06-11 01:18:35
Iteration: 284
rho: 120
alpha: 0.01
objective_value: 4.09986010785
feasible: False
max_abs_h: 2.025775868362e-04
l2_norm_h: 3.582827543460e-04
lambda_inf_norm: 1.424700120153e+00
lambda_l2_norm: 7.208335525438e+00
------------------------------------------------------------------------------------------------------------------------
Bus Results
BusID	V_R		V_I		Vmag		Pg		Qg		Pl		Ql
1	1.000203	0.000005	1.000203	0.871792	-0.562696	0.000000	0.000000
2	1.039817	0.069693	1.042152	1.162340	-0.359333	0.000000	0.000000
3	1.039540	0.080684	1.042669	1.153880	-0.507622	0.000000	0.000000
4	1.032605	-0.050189	1.033825	0.000000	0.000000	0.000000	0.000000
5	1.046918	-0.080402	1.050002	0.000000	0.000000	0.900000	0.300000
6	1.073002	0.018236	1.073159	0.000000	0.000000	0.000000	0.000000
7	1.065331	-0.031067	1.065786	0.000000	0.000000	1.000000	0.350000
8	1.065981	0.001582	1.065984	0.000000	0.000000	0.000000	0.000000
9	1.027671	-0.098267	1.032361	0.000000	0.000000	1.250000	0.500000

Branch Results
LineID	From	To	Pik		Pki		Qik		Qki		LossP		LossQ
1	1	4	0.871696	-0.871532	-0.562682	0.624589	0.000164	0.061907
2	4	5	0.288779	-0.286475	-0.399392	0.067991	0.002304	-0.331401
3	5	6	-0.613588	0.627024	-0.367952	-0.380928	0.013436	-0.748880
4	3	6	1.153894	-1.153873	-0.507624	0.593270	0.000021	0.085646
5	6	7	0.526815	-0.523871	-0.212329	-0.241436	0.002944	-0.453765
6	7	8	-0.476164	0.477951	-0.108557	-0.215406	0.001787	-0.323963
7	8	2	-1.162321	1.162346	0.444510	-0.359335	0.000025	0.085175
8	8	9	0.684342	-0.670682	-0.229101	-0.376451	0.013660	-0.605552
9	9	4	-0.579373	0.582686	-0.123507	-0.225153	0.003313	-0.348660

Summary
Total Pg           : 3.188012
Total Qg           : -1.429652
Total Load P       : 3.150000
Total Load Q       : 1.150000
Total Active Loss  : 0.037654
Total Reactive Loss: -2.579493
Total Load Supplied: 100.011385%

========================================================================================================================
Update time: 2026-06-11 01:20:49
Iteration: 285
rho: 120
alpha: 0.01
objective_value: 4.09984163282
feasible: False
max_abs_h: 2.230606104117e-04
l2_norm_h: 3.645701655095e-04
lambda_inf_norm: 1.424699480292e+00
lambda_l2_norm: 7.208333381696e+00
------------------------------------------------------------------------------------------------------------------------
Bus Results
BusID	V_R		V_I		Vmag		Pg		Qg		Pl		Ql
1	1.000223	0.000028	1.000223	0.871725	-0.563088	0.000000	0.000000
2	1.039920	0.069703	1.042255	1.162319	-0.359172	0.000000	0.000000
3	1.039604	0.080709	1.042735	1.153957	-0.507741	0.000000	0.000000
4	1.032649	-0.050161	1.033867	0.000000	0.000000	0.000000	0.000000
5	1.046976	-0.080372	1.050057	0.000000	0.000000	0.900000	0.300000
6	1.073072	0.018261	1.073230	0.000000	0.000000	0.000000	0.000000
7	1.065417	-0.031043	1.065871	0.000000	0.000000	1.000000	0.350000
8	1.066071	0.001600	1.066074	0.000000	0.000000	0.000000	0.000000
9	1.027737	-0.098239	1.032423	0.000000	0.000000	1.250000	0.500000

Branch Results
LineID	From	To	Pik		Pki		Qik		Qki		LossP		LossQ
1	1	4	0.871629	-0.871472	-0.563076	0.625007	0.000157	0.061930
2	4	5	0.288742	-0.286440	-0.399555	0.068128	0.002302	-0.331426
3	5	6	-0.613621	0.627054	-0.368092	-0.380881	0.013433	-0.748973
4	3	6	1.153971	-1.153947	-0.507743	0.593399	0.000023	0.085656
5	6	7	0.526859	-0.523910	-0.212507	-0.241324	0.002949	-0.453831
6	7	8	-0.476127	0.477917	-0.108670	-0.215355	0.001790	-0.324025
7	8	2	-1.162301	1.162324	0.444324	-0.359173	0.000024	0.085151
8	8	9	0.684356	-0.670700	-0.228966	-0.376678	0.013656	-0.605645
9	9	4	-0.579351	0.582664	-0.123283	-0.225411	0.003312	-0.348694

Summary
Total Pg           : 3.188001
Total Qg           : -1.430002
Total Load P       : 3.150000
Total Load Q       : 1.150000
Total Active Loss  : 0.037646
Total Reactive Loss: -2.579857
Total Load Supplied: 100.011278%

========================================================================================================================
Update time: 2026-06-11 01:23:01
Iteration: 286
rho: 120
alpha: 0.01
objective_value: 4.09982073153
feasible: False
max_abs_h: 2.207750049521e-04
l2_norm_h: 3.915547702981e-04
lambda_inf_norm: 1.424698819859e+00
lambda_l2_norm: 7.208331265112e+00
------------------------------------------------------------------------------------------------------------------------
Bus Results
BusID	V_R		V_I		Vmag		Pg		Qg		Pl		Ql
1	1.000221	0.000132	1.000221	0.871650	-0.563387	0.000000	0.000000
2	1.039978	0.069819	1.042321	1.162367	-0.359008	0.000000	0.000000
3	1.039626	0.080824	1.042766	1.153971	-0.507863	0.000000	0.000000
4	1.032669	-0.050049	1.033882	0.000000	0.000000	0.000000	0.000000
5	1.047009	-0.080257	1.050081	0.000000	0.000000	0.900000	0.300000
6	1.073107	0.018381	1.073266	0.000000	0.000000	0.000000	0.000000
7	1.065470	-0.030922	1.065921	0.000000	0.000000	1.000000	0.350000
8	1.066125	0.001719	1.066129	0.000000	0.000000	0.000000	0.000000
9	1.027779	-0.098125	1.032454	0.000000	0.000000	1.250000	0.500000

Branch Results
LineID	From	To	Pik		Pki		Qik		Qki		LossP		LossQ
1	1	4	0.871552	-0.871386	-0.563374	0.625314	0.000166	0.061941
2	4	5	0.288705	-0.286398	-0.399661	0.068219	0.002306	-0.331442
3	5	6	-0.613664	0.627097	-0.368180	-0.380841	0.013432	-0.749021
4	3	6	1.153985	-1.153968	-0.507865	0.593519	0.000017	0.085655
5	6	7	0.526840	-0.523901	-0.212663	-0.241220	0.002939	-0.453884
6	7	8	-0.476131	0.477912	-0.108770	-0.215295	0.001781	-0.324065
7	8	2	-1.162356	1.162374	0.444147	-0.359009	0.000018	0.085138
8	8	9	0.684420	-0.670761	-0.228847	-0.376846	0.013659	-0.605693
9	9	4	-0.579293	0.582612	-0.123111	-0.225610	0.003319	-0.348722

Summary
Total Pg           : 3.187988
Total Qg           : -1.430258
Total Load P       : 3.150000
Total Load Q       : 1.150000
Total Active Loss  : 0.037639
Total Reactive Loss: -2.580092
Total Load Supplied: 100.011088%

========================================================================================================================
Update time: 2026-06-11 01:25:16
Iteration: 287
rho: 120
alpha: 0.01
objective_value: 4.0998528326
feasible: False
max_abs_h: 2.476024508669e-04
l2_norm_h: 3.808679795111e-04
lambda_inf_norm: 1.424698143435e+00
lambda_l2_norm: 7.208329100687e+00
------------------------------------------------------------------------------------------------------------------------
Bus Results
BusID	V_R		V_I		Vmag		Pg		Qg		Pl		Ql
1	1.000248	0.000011	1.000248	0.871616	-0.563856	0.000000	0.000000
2	1.040106	0.069670	1.042439	1.162349	-0.358850	0.000000	0.000000
3	1.039721	0.080690	1.042850	1.154048	-0.507967	0.000000	0.000000
4	1.032716	-0.050171	1.033935	0.000000	0.000000	0.000000	0.000000
5	1.047068	-0.080381	1.050150	0.000000	0.000000	0.900000	0.300000
6	1.073197	0.018244	1.073354	0.000000	0.000000	0.000000	0.000000
7	1.065567	-0.031060	1.066021	0.000000	0.000000	1.000000	0.350000
8	1.066231	0.001574	1.066234	0.000000	0.000000	0.000000	0.000000
9	1.027843	-0.098248	1.032529	0.000000	0.000000	1.250000	0.500000

Branch Results
LineID	From	To	Pik		Pki		Qik		Qki		LossP		LossQ
1	1	4	0.871518	-0.871357	-0.563843	0.625806	0.000161	0.061964
2	4	5	0.288678	-0.286376	-0.399863	0.068392	0.002302	-0.331471
3	5	6	-0.613684	0.627116	-0.368355	-0.380782	0.013431	-0.749137
4	3	6	1.154062	-1.154041	-0.507969	0.593628	0.000022	0.085659
5	6	7	0.526892	-0.523946	-0.212835	-0.241123	0.002946	-0.453957
6	7	8	-0.476090	0.477878	-0.108871	-0.215259	0.001788	-0.324130
7	8	2	-1.162329	1.162354	0.443963	-0.358852	0.000026	0.085111
8	8	9	0.684423	-0.670763	-0.228704	-0.377105	0.013661	-0.605809
9	9	4	-0.579294	0.582612	-0.122859	-0.225903	0.003318	-0.348761

Summary
Total Pg           : 3.188013
Total Qg           : -1.430673
Total Load P       : 3.150000
Total Load Q       : 1.150000
Total Active Loss  : 0.037655
Total Reactive Loss: -2.580532
Total Load Supplied: 100.011372%

========================================================================================================================
Update time: 2026-06-11 01:27:31
Iteration: 288
rho: 120
alpha: 0.01
objective_value: 4.09987786554
feasible: False
max_abs_h: 1.875121110766e-04
l2_norm_h: 3.666222484031e-04
lambda_inf_norm: 1.424697480685e+00
lambda_l2_norm: 7.208326900812e+00
------------------------------------------------------------------------------------------------------------------------
Bus Results
BusID	V_R		V_I		Vmag		Pg		Qg		Pl		Ql
1	1.000188	0.000083	1.000188	0.871615	-0.564138	0.000000	0.000000
2	1.040137	0.069727	1.042474	1.162326	-0.358500	0.000000	0.000000
3	1.039694	0.080761	1.042829	1.154090	-0.508046	0.000000	0.000000
4	1.032677	-0.050100	1.033893	0.000000	0.000000	0.000000	0.000000
5	1.047040	-0.080311	1.050117	0.000000	0.000000	0.900000	0.300000
6	1.073180	0.018315	1.073338	0.000000	0.000000	0.000000	0.000000
7	1.065570	-0.030996	1.066023	0.000000	0.000000	1.000000	0.350000
8	1.066243	0.001636	1.066247	0.000000	0.000000	0.000000	0.000000
9	1.027826	-0.098181	1.032506	0.000000	0.000000	1.250000	0.500000

Branch Results
LineID	From	To	Pik		Pki		Qik		Qki		LossP		LossQ
1	1	4	0.871519	-0.871351	-0.564123	0.626104	0.000168	0.061981
2	4	5	0.288677	-0.286373	-0.399940	0.068486	0.002304	-0.331454
3	5	6	-0.613688	0.627123	-0.368442	-0.380669	0.013435	-0.749112
4	3	6	1.154103	-1.154077	-0.508048	0.593709	0.000026	0.085662
5	6	7	0.526920	-0.523974	-0.213020	-0.240943	0.002946	-0.453963
6	7	8	-0.476062	0.477852	-0.109044	-0.215102	0.001789	-0.324146
7	8	2	-1.162308	1.162332	0.443588	-0.358501	0.000024	0.085088
8	8	9	0.684428	-0.670765	-0.228481	-0.377326	0.013663	-0.605806
9	9	4	-0.579289	0.582606	-0.122630	-0.226118	0.003317	-0.348748

Summary
Total Pg           : 3.188031
Total Qg           : -1.430684
Total Load P       : 3.150000
Total Load Q       : 1.150000
Total Active Loss  : 0.037672
Total Reactive Loss: -2.580499
Total Load Supplied: 100.011399%

========================================================================================================================
Update time: 2026-06-11 01:29:45
Iteration: 289
rho: 120
alpha: 0.01
objective_value: 4.09997767048
feasible: False
max_abs_h: 1.336726113266e-04
l2_norm_h: 3.459409620535e-04
lambda_inf_norm: 1.424696787101e+00
lambda_l2_norm: 7.208324562123e+00
------------------------------------------------------------------------------------------------------------------------
Bus Results
BusID	V_R		V_I		Vmag		Pg		Qg		Pl		Ql
1	1.000134	0.000003	1.000134	0.871656	-0.564343	0.000000	0.000000
2	1.040158	0.069626	1.042489	1.162304	-0.358271	0.000000	0.000000
3	1.039695	0.080670	1.042822	1.154144	-0.507969	0.000000	0.000000
4	1.032633	-0.050187	1.033853	0.000000	0.000000	0.000000	0.000000
5	1.047001	-0.080404	1.050086	0.000000	0.000000	0.900000	0.300000
6	1.073171	0.018217	1.073328	0.000000	0.000000	0.000000	0.000000
7	1.065562	-0.031097	1.066019	0.000000	0.000000	1.000000	0.350000
8	1.066243	0.001533	1.066247	0.000000	0.000000	0.000000	0.000000
9	1.027790	-0.098273	1.032479	0.000000	0.000000	1.250000	0.500000

Branch Results
LineID	From	To	Pik		Pki		Qik		Qki		LossP		LossQ
1	1	4	0.871559	-0.871392	-0.564328	0.626333	0.000167	0.062004
2	4	5	0.288694	-0.286380	-0.400025	0.068593	0.002313	-0.331432
3	5	6	-0.613685	0.627131	-0.368547	-0.380535	0.013446	-0.749082
4	3	6	1.154157	-1.154125	-0.507969	0.593634	0.000032	0.085665
5	6	7	0.526954	-0.523996	-0.213081	-0.240871	0.002957	-0.453952
6	7	8	-0.476046	0.477841	-0.109118	-0.215031	0.001795	-0.324149
7	8	2	-1.162292	1.162310	0.443339	-0.358271	0.000018	0.085067
8	8	9	0.684421	-0.670753	-0.228300	-0.377489	0.013667	-0.605789
9	9	4	-0.579304	0.582628	-0.122465	-0.226259	0.003324	-0.348723

Summary
Total Pg           : 3.188104
Total Qg           : -1.430583
Total Load P       : 3.150000
Total Load Q       : 1.150000
Total Active Loss  : 0.037719
Total Reactive Loss: -2.580390
Total Load Supplied: 100.012210%

========================================================================================================================
Update time: 2026-06-11 01:32:03
Iteration: 290
rho: 120
alpha: 0.01
objective_value: 4.0999389064
feasible: False
max_abs_h: 1.843877337364e-04
l2_norm_h: 3.565033463065e-04
lambda_inf_norm: 1.424696086714e+00
lambda_l2_norm: 7.208322274069e+00
------------------------------------------------------------------------------------------------------------------------
Bus Results
BusID	V_R		V_I		Vmag		Pg		Qg		Pl		Ql
1	1.000184	0.000022	1.000184	0.871638	-0.564701	0.000000	0.000000
2	1.040270	0.069624	1.042600	1.162235	-0.358203	0.000000	0.000000
3	1.039787	0.080685	1.042915	1.154202	-0.508056	0.000000	0.000000
4	1.032704	-0.050164	1.033922	0.000000	0.000000	0.000000	0.000000
5	1.047086	-0.080380	1.050168	0.000000	0.000000	0.900000	0.300000
6	1.073265	0.018234	1.073422	0.000000	0.000000	0.000000	0.000000
7	1.065666	-0.031080	1.066121	0.000000	0.000000	1.000000	0.350000
8	1.066348	0.001542	1.066351	0.000000	0.000000	0.000000	0.000000
9	1.027879	-0.098250	1.032565	0.000000	0.000000	1.250000	0.500000

Branch Results
LineID	From	To	Pik		Pki		Qik		Qki		LossP		LossQ
1	1	4	0.871541	-0.871371	-0.564688	0.626717	0.000170	0.062029
2	4	5	0.288674	-0.286354	-0.400194	0.068725	0.002320	-0.331468
3	5	6	-0.613714	0.627159	-0.368684	-0.380518	0.013445	-0.749203
4	3	6	1.154216	-1.154191	-0.508058	0.593731	0.000025	0.085673
5	6	7	0.526996	-0.524048	-0.213202	-0.240822	0.002948	-0.454024
6	7	8	-0.475989	0.477777	-0.109176	-0.215024	0.001788	-0.324200
7	8	2	-1.162220	1.162241	0.443249	-0.358205	0.000022	0.085044
8	8	9	0.684415	-0.670755	-0.228226	-0.377678	0.013660	-0.605904
9	9	4	-0.579301	0.582624	-0.122286	-0.226480	0.003323	-0.348766

Summary
Total Pg           : 3.188076
Total Qg           : -1.430961
Total Load P       : 3.150000
Total Load Q       : 1.150000
Total Active Loss  : 0.037699
Total Reactive Loss: -2.580819
Total Load Supplied: 100.011977%

========================================================================================================================
Update time: 2026-06-11 01:34:18
Iteration: 291
rho: 120
alpha: 0.01
objective_value: 4.09986713468
feasible: False
max_abs_h: 1.995802398169e-04
l2_norm_h: 3.607912826030e-04
lambda_inf_norm: 1.424695430868e+00
lambda_l2_norm: 7.208320083522e+00
------------------------------------------------------------------------------------------------------------------------
Bus Results
BusID	V_R		V_I		Vmag		Pg		Qg		Pl		Ql
1	1.000200	0.000056	1.000200	0.871622	-0.565004	0.000000	0.000000
2	1.040346	0.069636	1.042676	1.162168	-0.358092	0.000000	0.000000
3	1.039825	0.080713	1.042955	1.154234	-0.508212	0.000000	0.000000
4	1.032738	-0.050128	1.033954	0.000000	0.000000	0.000000	0.000000
5	1.047129	-0.080343	1.050208	0.000000	0.000000	0.900000	0.300000
6	1.073312	0.018265	1.073470	0.000000	0.000000	0.000000	0.000000
7	1.065728	-0.031053	1.066183	0.000000	0.000000	1.000000	0.350000
8	1.066415	0.001563	1.066419	0.000000	0.000000	0.000000	0.000000
9	1.027931	-0.098216	1.032614	0.000000	0.000000	1.250000	0.500000

Branch Results
LineID	From	To	Pik		Pki		Qik		Qki		LossP		LossQ
1	1	4	0.871525	-0.871364	-0.564990	0.627038	0.000161	0.062048
2	4	5	0.288658	-0.286350	-0.400296	0.068810	0.002308	-0.331486
3	5	6	-0.613713	0.627149	-0.368771	-0.380504	0.013436	-0.749275
4	3	6	1.154247	-1.154225	-0.508213	0.593891	0.000022	0.085678
5	6	7	0.527041	-0.524093	-0.213376	-0.240702	0.002947	-0.454078
6	7	8	-0.475943	0.477729	-0.109290	-0.214968	0.001786	-0.324258
7	8	2	-1.162147	1.162174	0.443113	-0.358095	0.000027	0.085018
8	8	9	0.684390	-0.670732	-0.228141	-0.377854	0.013658	-0.605996
9	9	4	-0.579323	0.582639	-0.122104	-0.226699	0.003316	-0.348803

Summary
Total Pg           : 3.188024
Total Qg           : -1.431308
Total Load P       : 3.150000
Total Load Q       : 1.150000
Total Active Loss  : 0.037661
Total Reactive Loss: -2.581152
Total Load Supplied: 100.011537%

========================================================================================================================
Update time: 2026-06-11 01:36:33
Iteration: 292
rho: 120
alpha: 0.01
objective_value: 4.09996292932
feasible: False
max_abs_h: 1.415485327678e-04
l2_norm_h: 3.521860333874e-04
lambda_inf_norm: 1.424694709747e+00
lambda_l2_norm: 7.208317759455e+00
------------------------------------------------------------------------------------------------------------------------
Bus Results
BusID	V_R		V_I		Vmag		Pg		Qg		Pl		Ql
1	1.000142	0.000028	1.000142	0.871697	-0.565077	0.000000	0.000000
2	1.040352	0.069588	1.042679	1.162126	-0.357743	0.000000	0.000000
3	1.039766	0.080682	1.042895	1.154270	-0.508332	0.000000	0.000000
4	1.032684	-0.050164	1.033903	0.000000	0.000000	0.000000	0.000000
5	1.047072	-0.080382	1.050155	0.000000	0.000000	0.900000	0.300000
6	1.073261	0.018227	1.073419	0.000000	0.000000	0.000000	0.000000
7	1.065693	-0.031098	1.066150	0.000000	0.000000	1.000000	0.350000
8	1.066396	0.001514	1.066400	0.000000	0.000000	0.000000	0.000000
9	1.027884	-0.098258	1.032572	0.000000	0.000000	1.250000	0.500000

Branch Results
LineID	From	To	Pik		Pki		Qik		Qki		LossP		LossQ
1	1	4	0.871600	-0.871434	-0.565061	0.627117	0.000167	0.062056
2	4	5	0.288685	-0.286366	-0.400260	0.068793	0.002319	-0.331467
3	5	6	-0.613701	0.627140	-0.368747	-0.380458	0.013439	-0.749205
4	3	6	1.154284	-1.154261	-0.508334	0.594030	0.000023	0.085696
5	6	7	0.527084	-0.524131	-0.213557	-0.240485	0.002953	-0.454043
6	7	8	-0.475908	0.477697	-0.109504	-0.214746	0.001789	-0.324250
7	8	2	-1.162107	1.162132	0.442733	-0.357743	0.000024	0.084990
8	8	9	0.684381	-0.670716	-0.227981	-0.377983	0.013665	-0.605963
9	9	4	-0.579344	0.582674	-0.121969	-0.226807	0.003330	-0.348776

Summary
Total Pg           : 3.188093
Total Qg           : -1.431152
Total Load P       : 3.150000
Total Load Q       : 1.150000
Total Active Loss  : 0.037709
Total Reactive Loss: -2.580961
Total Load Supplied: 100.012168%

========================================================================================================================
Update time: 2026-06-11 01:38:48
Iteration: 293
rho: 120
alpha: 0.01
objective_value: 4.10001129563
feasible: False
max_abs_h: 1.699770545807e-04
l2_norm_h: 3.534436420435e-04
lambda_inf_norm: 1.424694014291e+00
lambda_l2_norm: 7.208315366049e+00
------------------------------------------------------------------------------------------------------------------------
Bus Results
BusID	V_R		V_I		Vmag		Pg		Qg		Pl		Ql
1	1.000170	-0.000037	1.000170	0.871810	-0.565296	0.000000	0.000000
2	1.040440	0.069474	1.042759	1.162039	-0.357622	0.000000	0.000000
3	1.039820	0.080583	1.042940	1.154277	-0.508474	0.000000	0.000000
4	1.032721	-0.050236	1.033943	0.000000	0.000000	0.000000	0.000000
5	1.047112	-0.080461	1.050200	0.000000	0.000000	0.900000	0.300000
6	1.073315	0.018129	1.073470	0.000000	0.000000	0.000000	0.000000
7	1.065756	-0.031200	1.066215	0.000000	0.000000	1.000000	0.350000
8	1.066468	0.001408	1.066471	0.000000	0.000000	0.000000	0.000000
9	1.027932	-0.098337	1.032626	0.000000	0.000000	1.250000	0.500000

Branch Results
LineID	From	To	Pik		Pki		Qik		Qki		LossP		LossQ
1	1	4	0.871714	-0.871553	-0.565281	0.627370	0.000162	0.062090
2	4	5	0.288742	-0.286428	-0.400344	0.068875	0.002315	-0.331469
3	5	6	-0.613638	0.627081	-0.368838	-0.380447	0.013443	-0.749285
4	3	6	1.154290	-1.154260	-0.508476	0.594176	0.000030	0.085700
5	6	7	0.527136	-0.524170	-0.213717	-0.240373	0.002966	-0.454090
6	7	8	-0.475875	0.477677	-0.109618	-0.214679	0.001802	-0.324297
7	8	2	-1.162012	1.162044	0.442586	-0.357624	0.000032	0.084961
8	8	9	0.684299	-0.670636	-0.227900	-0.378158	0.013664	-0.606059
9	9	4	-0.579421	0.582742	-0.121800	-0.226986	0.003321	-0.348786

Summary
Total Pg           : 3.188125
Total Qg           : -1.431392
Total Load P       : 3.150000
Total Load Q       : 1.150000
Total Active Loss  : 0.037733
Total Reactive Loss: -2.581234
Total Load Supplied: 100.012445%

========================================================================================================================
Update time: 2026-06-11 01:41:03
Iteration: 294
rho: 120
alpha: 0.01
objective_value: 4.09994577746
feasible: False
max_abs_h: 1.842493224040e-04
l2_norm_h: 3.594248619555e-04
lambda_inf_norm: 1.424693334020e+00
lambda_l2_norm: 7.208313060899e+00
------------------------------------------------------------------------------------------------------------------------
Bus Results
BusID	V_R		V_I		Vmag		Pg		Qg		Pl		Ql
1	1.000184	0.000051	1.000184	0.871813	-0.565649	0.000000	0.000000
2	1.040525	0.069541	1.042848	1.161965	-0.357460	0.000000	0.000000
3	1.039861	0.080666	1.042987	1.154300	-0.508645	0.000000	0.000000
4	1.032760	-0.050145	1.033977	0.000000	0.000000	0.000000	0.000000
5	1.047165	-0.080370	1.050245	0.000000	0.000000	0.900000	0.300000
6	1.073369	0.018216	1.073525	0.000000	0.000000	0.000000	0.000000
7	1.065829	-0.031115	1.066285	0.000000	0.000000	1.000000	0.350000
8	1.066544	0.001486	1.066547	0.000000	0.000000	0.000000	0.000000
9	1.027993	-0.098248	1.032678	0.000000	0.000000	1.250000	0.500000

Branch Results
LineID	From	To	Pik		Pki		Qik		Qki		LossP		LossQ
1	1	4	0.871716	-0.871554	-0.565636	0.627747	0.000162	0.062111
2	4	5	0.288733	-0.286420	-0.400483	0.068986	0.002314	-0.331497
3	5	6	-0.613646	0.627082	-0.368946	-0.380427	0.013437	-0.749373
4	3	6	1.154314	-1.154288	-0.508648	0.594348	0.000026	0.085700
5	6	7	0.527168	-0.524213	-0.213904	-0.240247	0.002955	-0.454151
6	7	8	-0.475828	0.477624	-0.109741	-0.214608	0.001796	-0.324350
7	8	2	-1.161943	1.161970	0.442392	-0.357462	0.000027	0.084931
8	8	9	0.684287	-0.670626	-0.227780	-0.378364	0.013661	-0.606143
9	9	4	-0.579431	0.582752	-0.121596	-0.227221	0.003321	-0.348818

Summary
Total Pg           : 3.188077
Total Qg           : -1.431754
Total Load P       : 3.150000
Total Load Q       : 1.150000
Total Active Loss  : 0.037699
Total Reactive Loss: -2.581591
Total Load Supplied: 100.012011%

========================================================================================================================
Update time: 2026-06-11 01:43:16
Iteration: 295
rho: 120
alpha: 0.01
objective_value: 4.09986477333
feasible: False
max_abs_h: 2.116700022743e-04
l2_norm_h: 3.626518277543e-04
lambda_inf_norm: 1.424692675396e+00
lambda_l2_norm: 7.208310865303e+00
------------------------------------------------------------------------------------------------------------------------
Bus Results
BusID	V_R		V_I		Vmag		Pg		Qg		Pl		Ql
1	1.000212	-0.000020	1.000213	0.871799	-0.566074	0.000000	0.000000
2	1.040641	0.069443	1.042959	1.161907	-0.357318	0.000000	0.000000
3	1.039940	0.080579	1.043061	1.154313	-0.508784	0.000000	0.000000
4	1.032808	-0.050215	1.034029	0.000000	0.000000	0.000000	0.000000
5	1.047223	-0.080443	1.050311	0.000000	0.000000	0.900000	0.300000
6	1.073448	0.018130	1.073605	0.000000	0.000000	0.000000	0.000000
7	1.065918	-0.031201	1.066378	0.000000	0.000000	1.000000	0.350000
8	1.066642	0.001395	1.066646	0.000000	0.000000	0.000000	0.000000
9	1.028059	-0.098320	1.032752	0.000000	0.000000	1.250000	0.500000

Branch Results
LineID	From	To	Pik		Pki		Qik		Qki		LossP		LossQ
1	1	4	0.871703	-0.871542	-0.566060	0.628195	0.000161	0.062135
2	4	5	0.288725	-0.286416	-0.400655	0.069129	0.002309	-0.331526
3	5	6	-0.613647	0.627078	-0.369092	-0.380391	0.013431	-0.749482
4	3	6	1.154328	-1.154305	-0.508786	0.594487	0.000023	0.085701
5	6	7	0.527191	-0.524240	-0.214083	-0.240138	0.002951	-0.454221
6	7	8	-0.475798	0.477586	-0.109853	-0.214557	0.001788	-0.324409
7	8	2	-1.161889	1.161913	0.442223	-0.357319	0.000024	0.084904
8	8	9	0.684273	-0.670619	-0.227663	-0.378598	0.013654	-0.606261
9	9	4	-0.579435	0.582751	-0.121363	-0.227499	0.003315	-0.348862

Summary
Total Pg           : 3.188018
Total Qg           : -1.432176
Total Load P       : 3.150000
Total Load Q       : 1.150000
Total Active Loss  : 0.037657
Total Reactive Loss: -2.582023
Total Load Supplied: 100.011475%

========================================================================================================================
Update time: 2026-06-11 01:45:31
Iteration: 296
rho: 120
alpha: 0.01
objective_value: 4.09983868452
feasible: False
max_abs_h: 2.071542479178e-04
l2_norm_h: 3.624706392496e-04
lambda_inf_norm: 1.424692018147e+00
lambda_l2_norm: 7.208308704416e+00
------------------------------------------------------------------------------------------------------------------------
Bus Results
BusID	V_R		V_I		Vmag		Pg		Qg		Pl		Ql
1	1.000207	0.000048	1.000207	0.871774	-0.566351	0.000000	0.000000
2	1.040693	0.069497	1.043013	1.161849	-0.357202	0.000000	0.000000
3	1.039969	0.080649	1.043094	1.154377	-0.508851	0.000000	0.000000
4	1.032823	-0.050144	1.034040	0.000000	0.000000	0.000000	0.000000
5	1.047251	-0.080371	1.050333	0.000000	0.000000	0.900000	0.300000
6	1.073484	0.018201	1.073641	0.000000	0.000000	0.000000	0.000000
7	1.065965	-0.031133	1.066422	0.000000	0.000000	1.000000	0.350000
8	1.066689	0.001457	1.066692	0.000000	0.000000	0.000000	0.000000
9	1.028091	-0.098251	1.032776	0.000000	0.000000	1.250000	0.500000

Branch Results
LineID	From	To	Pik		Pki		Qik		Qki		LossP		LossQ
1	1	4	0.871677	-0.871517	-0.566338	0.628490	0.000160	0.062152
2	4	5	0.288701	-0.286390	-0.400780	0.069244	0.002311	-0.331536
3	5	6	-0.613671	0.627097	-0.369203	-0.380338	0.013426	-0.749541
4	3	6	1.154391	-1.154365	-0.508853	0.594551	0.000026	0.085698
5	6	7	0.527231	-0.524282	-0.214193	-0.240076	0.002949	-0.454269
6	7	8	-0.475754	0.477536	-0.109911	-0.214539	0.001783	-0.324451
7	8	2	-1.161834	1.161854	0.442091	-0.357205	0.000020	0.084886
8	8	9	0.684270	-0.670618	-0.227547	-0.378761	0.013652	-0.606308
9	9	4	-0.579435	0.582750	-0.121202	-0.227669	0.003315	-0.348871

Summary
Total Pg           : 3.188000
Total Qg           : -1.432404
Total Load P       : 3.150000
Total Load Q       : 1.150000
Total Active Loss  : 0.037642
Total Reactive Loss: -2.582239
Total Load Supplied: 100.011374%

========================================================================================================================
Update time: 2026-06-11 01:47:47
Iteration: 297
rho: 120
alpha: 0.01
objective_value: 4.09987441184
feasible: False
max_abs_h: 1.749910202802e-04
l2_norm_h: 3.396313067275e-04
lambda_inf_norm: 1.424691366310e+00
lambda_l2_norm: 7.208306492963e+00
------------------------------------------------------------------------------------------------------------------------
Bus Results
BusID	V_R		V_I		Vmag		Pg		Qg		Pl		Ql
1	1.000175	0.000010	1.000175	0.871837	-0.566664	0.000000	0.000000
2	1.040760	0.069423	1.043075	1.161793	-0.356913	0.000000	0.000000
3	1.039994	0.080588	1.043114	1.154395	-0.508862	0.000000	0.000000
4	1.032808	-0.050188	1.034027	0.000000	0.000000	0.000000	0.000000
5	1.047245	-0.080421	1.050330	0.000000	0.000000	0.900000	0.300000
6	1.073505	0.018138	1.073661	0.000000	0.000000	0.000000	0.000000
7	1.065998	-0.031200	1.066457	0.000000	0.000000	1.000000	0.350000
8	1.066731	0.001387	1.066735	0.000000	0.000000	0.000000	0.000000
9	1.028094	-0.098302	1.032784	0.000000	0.000000	1.250000	0.500000

Branch Results
LineID	From	To	Pik		Pki		Qik		Qki		LossP		LossQ
1	1	4	0.871741	-0.871585	-0.566651	0.628837	0.000156	0.062186
2	4	5	0.288736	-0.286421	-0.400894	0.069378	0.002315	-0.331516
3	5	6	-0.613643	0.627080	-0.369343	-0.380203	0.013437	-0.749546
4	3	6	1.154410	-1.154390	-0.508864	0.594570	0.000019	0.085706
5	6	7	0.527271	-0.524313	-0.214353	-0.239937	0.002958	-0.454289
6	7	8	-0.475727	0.477515	-0.110049	-0.214430	0.001788	-0.324479
7	8	2	-1.161772	1.161798	0.441767	-0.356914	0.000026	0.084853
8	8	9	0.684229	-0.670585	-0.227333	-0.379009	0.013644	-0.606342
9	9	4	-0.579467	0.582782	-0.120954	-0.227907	0.003315	-0.348861

Summary
Total Pg           : 3.188025
Total Qg           : -1.432440
Total Load P       : 3.150000
Total Load Q       : 1.150000
Total Active Loss  : 0.037658
Total Reactive Loss: -2.582289
Total Load Supplied: 100.011630%

========================================================================================================================
Update time: 2026-06-11 01:50:03
Iteration: 298
rho: 120
alpha: 0.01
objective_value: 4.09990794511
feasible: False
max_abs_h: 1.632253089361e-04
l2_norm_h: 3.486093003280e-04
lambda_inf_norm: 1.424690689071e+00
lambda_l2_norm: 7.208304232767e+00
------------------------------------------------------------------------------------------------------------------------
Bus Results
BusID	V_R		V_I		Vmag		Pg		Qg		Pl		Ql
1	1.000163	0.000023	1.000163	0.871866	-0.566976	0.000000	0.000000
2	1.040810	0.069415	1.043124	1.161745	-0.356787	0.000000	0.000000
3	1.040020	0.080595	1.043140	1.154439	-0.508908	0.000000	0.000000
4	1.032815	-0.050177	1.034033	0.000000	0.000000	0.000000	0.000000
5	1.047262	-0.080411	1.050346	0.000000	0.000000	0.900000	0.300000
6	1.073533	0.018145	1.073689	0.000000	0.000000	0.000000	0.000000
7	1.066034	-0.031197	1.066493	0.000000	0.000000	1.000000	0.350000
8	1.066772	0.001385	1.066775	0.000000	0.000000	0.000000	0.000000
9	1.028115	-0.098294	1.032805	0.000000	0.000000	1.250000	0.500000

Branch Results
LineID	From	To	Pik		Pki		Qik		Qki		LossP		LossQ
1	1	4	0.871770	-0.871609	-0.566961	0.629160	0.000161	0.062199
2	4	5	0.288730	-0.286413	-0.401014	0.069479	0.002317	-0.331535
3	5	6	-0.613652	0.627083	-0.369438	-0.380148	0.013431	-0.749586
4	3	6	1.154453	-1.154432	-0.508910	0.594617	0.000021	0.085707
5	6	7	0.527312	-0.524359	-0.214453	-0.239860	0.002953	-0.454313
6	7	8	-0.475680	0.477468	-0.110128	-0.214381	0.001788	-0.324509
7	8	2	-1.161723	1.161750	0.441618	-0.356789	0.000028	0.084829
8	8	9	0.684224	-0.670569	-0.227230	-0.379169	0.013655	-0.606399
9	9	4	-0.579487	0.582808	-0.120785	-0.228100	0.003322	-0.348885

Summary
Total Pg           : 3.188049
Total Qg           : -1.432671
Total Load P       : 3.150000
Total Load Q       : 1.150000
Total Active Loss  : 0.037676
Total Reactive Loss: -2.582492
Total Load Supplied: 100.011835%

========================================================================================================================
Update time: 2026-06-11 01:52:18
Iteration: 299
rho: 120
alpha: 0.01
objective_value: 4.09994173469
feasible: False
max_abs_h: 1.830811094319e-04
l2_norm_h: 3.543462498930e-04
lambda_inf_norm: 1.424689997559e+00
lambda_l2_norm: 7.208301922729e+00
------------------------------------------------------------------------------------------------------------------------
Bus Results
BusID	V_R		V_I		Vmag		Pg		Qg		Pl		Ql
1	1.000183	-0.000020	1.000183	0.871851	-0.567404	0.000000	0.000000
2	1.040924	0.069345	1.043233	1.161700	-0.356624	0.000000	0.000000
3	1.040101	0.080543	1.043217	1.154523	-0.508993	0.000000	0.000000
4	1.032856	-0.050220	1.034077	0.000000	0.000000	0.000000	0.000000
5	1.047319	-0.080455	1.050405	0.000000	0.000000	0.900000	0.300000
6	1.073614	0.018092	1.073768	0.000000	0.000000	0.000000	0.000000
7	1.066124	-0.031252	1.066585	0.000000	0.000000	1.000000	0.350000
8	1.066868	0.001323	1.066871	0.000000	0.000000	0.000000	0.000000
9	1.028177	-0.098339	1.032870	0.000000	0.000000	1.250000	0.500000

Branch Results
LineID	From	To	Pik		Pki		Qik		Qki		LossP		LossQ
1	1	4	0.871755	-0.871594	-0.567391	0.629620	0.000162	0.062229
2	4	5	0.288708	-0.286389	-0.401201	0.069648	0.002319	-0.331552
3	5	6	-0.613677	0.627110	-0.369611	-0.380079	0.013433	-0.749690
4	3	6	1.154537	-1.154513	-0.508994	0.594705	0.000024	0.085711
5	6	7	0.527367	-0.524414	-0.214612	-0.239768	0.002953	-0.454379
6	7	8	-0.475627	0.477420	-0.110226	-0.214340	0.001793	-0.324566
7	8	2	-1.161676	1.161705	0.441424	-0.356625	0.000029	0.084799
8	8	9	0.684224	-0.670566	-0.227079	-0.379423	0.013658	-0.606502
9	9	4	-0.579493	0.582817	-0.120536	-0.228378	0.003324	-0.348915

Summary
Total Pg           : 3.188075
Total Qg           : -1.433021
Total Load P       : 3.150000
Total Load Q       : 1.150000
Total Active Loss  : 0.037694
Total Reactive Loss: -2.582866
Total Load Supplied: 100.012067%

========================================================================================================================
Update time: 2026-06-11 01:54:34
Iteration: 300
rho: 120
alpha: 0.01
objective_value: 4.09999208808
feasible: False
max_abs_h: 1.862019732419e-04
l2_norm_h: 3.643088787365e-04
lambda_inf_norm: 1.424689292752e+00
lambda_l2_norm: 7.208299540765e+00
------------------------------------------------------------------------------------------------------------------------
Bus Results
BusID	V_R		V_I		Vmag		Pg		Qg		Pl		Ql
1	1.000186	-0.000033	1.000186	0.871882	-0.567624	0.000000	0.000000
2	1.040980	0.069312	1.043287	1.161659	-0.356486	0.000000	0.000000
3	1.040124	0.080523	1.043239	1.154570	-0.509099	0.000000	0.000000
4	1.032871	-0.050235	1.034093	0.000000	0.000000	0.000000	0.000000
5	1.047339	-0.080472	1.050427	0.000000	0.000000	0.900000	0.300000
6	1.073641	0.018070	1.073796	0.000000	0.000000	0.000000	0.000000
7	1.066162	-0.031277	1.066623	0.000000	0.000000	1.000000	0.350000
8	1.066912	0.001294	1.066915	0.000000	0.000000	0.000000	0.000000
9	1.028204	-0.098357	1.032899	0.000000	0.000000	1.250000	0.500000

Branch Results
LineID	From	To	Pik		Pki		Qik		Qki		LossP		LossQ
1	1	4	0.871786	-0.871621	-0.567610	0.629857	0.000165	0.062247
2	4	5	0.288717	-0.286395	-0.401276	0.069709	0.002322	-0.331567
3	5	6	-0.613672	0.627110	-0.369669	-0.380062	0.013438	-0.749732
4	3	6	1.154584	-1.154556	-0.509101	0.594819	0.000028	0.085718
5	6	7	0.527406	-0.524446	-0.214743	-0.239666	0.002959	-0.454409
6	7	8	-0.475596	0.477391	-0.110327	-0.214268	0.001794	-0.324595
7	8	2	-1.161634	1.161664	0.441268	-0.356488	0.000030	0.084780
8	8	9	0.684209	-0.670550	-0.226995	-0.379558	0.013659	-0.606553
9	9	4	-0.579508	0.582834	-0.120398	-0.228538	0.003326	-0.348936

Summary
Total Pg           : 3.188111
Total Qg           : -1.433209
Total Load P       : 3.150000
Total Load Q       : 1.150000
Total Active Loss  : 0.037721
Total Reactive Loss: -2.583047
Total Load Supplied: 100.012377%

========================================================================================================================
Update time: 2026-06-11 01:56:48
Iteration: 301
rho: 120
alpha: 0.01
objective_value: 4.10010456333
feasible: False
max_abs_h: 1.761246186032e-04
l2_norm_h: 3.756460885065e-04
lambda_inf_norm: 1.424688559712e+00
lambda_l2_norm: 7.208297000769e+00
------------------------------------------------------------------------------------------------------------------------
Bus Results
BusID	V_R		V_I		Vmag		Pg		Qg		Pl		Ql
1	1.000176	0.000042	1.000176	0.871940	-0.567828	0.000000	0.000000
2	1.041018	0.069371	1.043330	1.161642	-0.356320	0.000000	0.000000
3	1.040131	0.080593	1.043251	1.154611	-0.509166	0.000000	0.000000
4	1.032877	-0.050161	1.034095	0.000000	0.000000	0.000000	0.000000
5	1.047352	-0.080400	1.050435	0.000000	0.000000	0.900000	0.300000
6	1.073656	0.018140	1.073811	0.000000	0.000000	0.000000	0.000000
7	1.066189	-0.031211	1.066649	0.000000	0.000000	1.000000	0.350000
8	1.066943	0.001357	1.066947	0.000000	0.000000	0.000000	0.000000
9	1.028224	-0.098287	1.032913	0.000000	0.000000	1.250000	0.500000

Branch Results
LineID	From	To	Pik		Pki		Qik		Qki		LossP		LossQ
1	1	4	0.871844	-0.871676	-0.567814	0.630078	0.000168	0.062264
2	4	5	0.288739	-0.286410	-0.401349	0.069773	0.002329	-0.331576
3	5	6	-0.613661	0.627110	-0.369730	-0.380025	0.013449	-0.749755
4	3	6	1.154625	-1.154602	-0.509168	0.594897	0.000023	0.085729
5	6	7	0.527447	-0.524476	-0.214859	-0.239566	0.002972	-0.454425
6	7	8	-0.475573	0.477379	-0.110426	-0.214192	0.001806	-0.324618
7	8	2	-1.161611	1.161646	0.441090	-0.356322	0.000036	0.084768
8	8	9	0.684194	-0.670532	-0.226893	-0.379695	0.013662	-0.606588
9	9	4	-0.579529	0.582863	-0.120260	-0.228683	0.003334	-0.348944

Summary
Total Pg           : 3.188192
Total Qg           : -1.433313
Total Load P       : 3.150000
Total Load Q       : 1.150000
Total Active Loss  : 0.037778
Total Reactive Loss: -2.583144
Total Load Supplied: 100.013148%

========================================================================================================================
Update time: 2026-06-11 01:59:04
Iteration: 302
rho: 120
alpha: 0.01
objective_value: 4.09993662714
feasible: False
max_abs_h: 1.775493624814e-04
l2_norm_h: 3.653558197198e-04
lambda_inf_norm: 1.424687898795e+00
lambda_l2_norm: 7.208294692648e+00
------------------------------------------------------------------------------------------------------------------------
Bus Results
BusID	V_R		V_I		Vmag		Pg		Qg		Pl		Ql
1	1.000178	0.000098	1.000177	0.871808	-0.568247	0.000000	0.000000
2	1.041116	0.069418	1.043430	1.161579	-0.356099	0.000000	0.000000
3	1.040181	0.080660	1.043306	1.154686	-0.509274	0.000000	0.000000
4	1.032906	-0.050096	1.034121	0.000000	0.000000	0.000000	0.000000
5	1.047396	-0.080330	1.050473	0.000000	0.000000	0.900000	0.300000
6	1.073714	0.018209	1.073870	0.000000	0.000000	0.000000	0.000000
7	1.066268	-0.031146	1.066725	0.000000	0.000000	1.000000	0.350000
8	1.067028	0.001415	1.067031	0.000000	0.000000	0.000000	0.000000
9	1.028280	-0.098221	1.032962	0.000000	0.000000	1.250000	0.500000

Branch Results
LineID	From	To	Pik		Pki		Qik		Qki		LossP		LossQ
1	1	4	0.871711	-0.871551	-0.568234	0.630515	0.000160	0.062281
2	4	5	0.288673	-0.286352	-0.401491	0.069911	0.002321	-0.331581
3	5	6	-0.613714	0.627149	-0.369876	-0.379935	0.013435	-0.749811
4	3	6	1.154700	-1.154672	-0.509277	0.595013	0.000028	0.085736
5	6	7	0.527485	-0.524525	-0.215068	-0.239416	0.002960	-0.454484
6	7	8	-0.475518	0.477309	-0.110575	-0.214106	0.001791	-0.324681
7	8	2	-1.161558	1.161585	0.440829	-0.356100	0.000027	0.084729
8	8	9	0.684217	-0.670566	-0.226715	-0.379961	0.013651	-0.606676
9	9	4	-0.579489	0.582809	-0.119993	-0.228980	0.003320	-0.348973

Summary
Total Pg           : 3.188073
Total Qg           : -1.433620
Total Load P       : 3.150000
Total Load Q       : 1.150000
Total Active Loss  : 0.037693
Total Reactive Loss: -2.583459
Total Load Supplied: 100.012072%

========================================================================================================================
Update time: 2026-06-11 02:01:18
Iteration: 303
rho: 120
alpha: 0.01
objective_value: 4.09990819259
feasible: False
max_abs_h: 1.759588531127e-04
l2_norm_h: 3.535838295224e-04
lambda_inf_norm: 1.424687233527e+00
lambda_l2_norm: 7.208292422368e+00
------------------------------------------------------------------------------------------------------------------------
Bus Results
BusID	V_R		V_I		Vmag		Pg		Qg		Pl		Ql
1	1.000176	0.000019	1.000176	0.871818	-0.568509	0.000000	0.000000
2	1.041173	0.069314	1.043480	1.161510	-0.356004	0.000000	0.000000
3	1.040219	0.080571	1.043337	1.154724	-0.509341	0.000000	0.000000
4	1.032915	-0.050178	1.034134	0.000000	0.000000	0.000000	0.000000
5	1.047412	-0.080415	1.050496	0.000000	0.000000	0.900000	0.300000
6	1.073749	0.018117	1.073904	0.000000	0.000000	0.000000	0.000000
7	1.066306	-0.031240	1.066766	0.000000	0.000000	1.000000	0.350000
8	1.067070	0.001315	1.067073	0.000000	0.000000	0.000000	0.000000
9	1.028298	-0.098306	1.032988	0.000000	0.000000	1.250000	0.500000

Branch Results
LineID	From	To	Pik		Pki		Qik		Qki		LossP		LossQ
1	1	4	0.871722	-0.871561	-0.568495	0.630790	0.000161	0.062296
2	4	5	0.288665	-0.286346	-0.401605	0.070010	0.002319	-0.331596
3	5	6	-0.613718	0.627149	-0.369971	-0.379898	0.013431	-0.749869
4	3	6	1.154738	-1.154714	-0.509343	0.595076	0.000024	0.085733
5	6	7	0.527527	-0.524569	-0.215163	-0.239361	0.002957	-0.454524
6	7	8	-0.475471	0.477259	-0.110626	-0.214085	0.001788	-0.324712
7	8	2	-1.161486	1.161515	0.440715	-0.356007	0.000029	0.084709
8	8	9	0.684195	-0.670545	-0.226623	-0.380102	0.013650	-0.606726
9	9	4	-0.579509	0.582828	-0.119850	-0.229139	0.003319	-0.348989

Summary
Total Pg           : 3.188052
Total Qg           : -1.433854
Total Load P       : 3.150000
Total Load Q       : 1.150000
Total Active Loss  : 0.037679
Total Reactive Loss: -2.583677
Total Load Supplied: 100.011853%

========================================================================================================================
Update time: 2026-06-11 02:03:33
Iteration: 304
rho: 120
alpha: 0.01
objective_value: 4.09991395307
feasible: False
max_abs_h: 2.011479683908e-04
l2_norm_h: 3.652832804895e-04
lambda_inf_norm: 1.424686538562e+00
lambda_l2_norm: 7.208290141495e+00
------------------------------------------------------------------------------------------------------------------------
Bus Results
BusID	V_R		V_I		Vmag		Pg		Qg		Pl		Ql
1	1.000201	0.000011	1.000201	0.871845	-0.568797	0.000000	0.000000
2	1.041261	0.069286	1.043566	1.161489	-0.355855	0.000000	0.000000
3	1.040267	0.080549	1.043383	1.154722	-0.509502	0.000000	0.000000
4	1.032956	-0.050187	1.034175	0.000000	0.000000	0.000000	0.000000
5	1.047460	-0.080425	1.050545	0.000000	0.000000	0.900000	0.300000
6	1.073804	0.018098	1.073958	0.000000	0.000000	0.000000	0.000000
7	1.066373	-0.031259	1.066834	0.000000	0.000000	1.000000	0.350000
8	1.067145	0.001292	1.067148	0.000000	0.000000	0.000000	0.000000
9	1.028353	-0.098316	1.033044	0.000000	0.000000	1.250000	0.500000

Branch Results
LineID	From	To	Pik		Pki		Qik		Qki		LossP		LossQ
1	1	4	0.871749	-0.871588	-0.568783	0.631098	0.000161	0.062315
2	4	5	0.288673	-0.286352	-0.401717	0.070093	0.002321	-0.331623
3	5	6	-0.613712	0.627139	-0.370054	-0.379899	0.013428	-0.749952
4	3	6	1.154735	-1.154712	-0.509505	0.595244	0.000023	0.085739
5	6	7	0.527537	-0.524585	-0.215332	-0.239241	0.002952	-0.454573
6	7	8	-0.475453	0.477239	-0.110752	-0.214004	0.001786	-0.324756
7	8	2	-1.161463	1.161494	0.440543	-0.355857	0.000030	0.084687
8	8	9	0.684193	-0.670538	-0.226534	-0.380275	0.013655	-0.606809
9	9	4	-0.579520	0.582844	-0.119681	-0.229336	0.003325	-0.349017

Summary
Total Pg           : 3.188056
Total Qg           : -1.434155
Total Load P       : 3.150000
Total Load Q       : 1.150000
Total Active Loss  : 0.037679
Total Reactive Loss: -2.583991
Total Load Supplied: 100.011946%

========================================================================================================================
Update time: 2026-06-11 02:05:50
Iteration: 305
rho: 120
alpha: 0.01
objective_value: 4.09993395652
feasible: False
max_abs_h: 2.020814476957e-04
l2_norm_h: 3.678288230740e-04
lambda_inf_norm: 1.424685854230e+00
lambda_l2_norm: 7.208287831023e+00
------------------------------------------------------------------------------------------------------------------------
Bus Results
BusID	V_R		V_I		Vmag		Pg		Qg		Pl		Ql
1	1.000202	0.000021	1.000202	0.871844	-0.569071	0.000000	0.000000
2	1.041328	0.069279	1.043633	1.161447	-0.355684	0.000000	0.000000
3	1.040301	0.080557	1.043417	1.154780	-0.509587	0.000000	0.000000
4	1.032973	-0.050175	1.034191	0.000000	0.000000	0.000000	0.000000
5	1.047487	-0.080415	1.050570	0.000000	0.000000	0.900000	0.300000
6	1.073841	0.018106	1.073996	0.000000	0.000000	0.000000	0.000000
7	1.066423	-0.031255	1.066883	0.000000	0.000000	1.000000	0.350000
8	1.067200	0.001292	1.067203	0.000000	0.000000	0.000000	0.000000
9	1.028386	-0.098307	1.033075	0.000000	0.000000	1.250000	0.500000

Branch Results
LineID	From	To	Pik		Pki		Qik		Qki		LossP		LossQ
1	1	4	0.871748	-0.871579	-0.569057	0.631388	0.000169	0.062331
2	4	5	0.288666	-0.286341	-0.401820	0.070189	0.002325	-0.331631
3	5	6	-0.613726	0.627157	-0.370150	-0.379850	0.013431	-0.750001
4	3	6	1.154794	-1.154772	-0.509588	0.595332	0.000022	0.085744
5	6	7	0.527577	-0.524622	-0.215468	-0.239141	0.002955	-0.454610
6	7	8	-0.475417	0.477204	-0.110852	-0.213937	0.001786	-0.324789
7	8	2	-1.161424	1.161452	0.440353	-0.355686	0.000028	0.084666
8	8	9	0.684189	-0.670538	-0.226412	-0.380451	0.013652	-0.606863
9	9	4	-0.579519	0.582843	-0.119507	-0.229524	0.003323	-0.349031

Summary
Total Pg           : 3.188071
Total Qg           : -1.434342
Total Load P       : 3.150000
Total Load Q       : 1.150000
Total Active Loss  : 0.037691
Total Reactive Loss: -2.584184
Total Load Supplied: 100.012043%

========================================================================================================================
Update time: 2026-06-11 02:08:04
Iteration: 306
rho: 120
alpha: 0.01
objective_value: 4.10002314411
feasible: False
max_abs_h: 1.458710590825e-04
l2_norm_h: 3.610620669577e-04
lambda_inf_norm: 1.424685115637e+00
lambda_l2_norm: 7.208285395824e+00
------------------------------------------------------------------------------------------------------------------------
Bus Results
BusID	V_R		V_I		Vmag		Pg		Qg		Pl		Ql
1	1.000146	-0.000038	1.000146	0.871872	-0.569346	0.000000	0.000000
2	1.041356	0.069190	1.043655	1.161355	-0.355471	0.000000	0.000000
3	1.040302	0.080497	1.043414	1.154909	-0.509554	0.000000	0.000000
4	1.032931	-0.050241	1.034153	0.000000	0.000000	0.000000	0.000000
5	1.047454	-0.080483	1.050544	0.000000	0.000000	0.900000	0.300000
6	1.073837	0.018036	1.073992	0.000000	0.000000	0.000000	0.000000
7	1.066424	-0.031334	1.066887	0.000000	0.000000	1.000000	0.350000
8	1.067207	0.001206	1.067211	0.000000	0.000000	0.000000	0.000000
9	1.028356	-0.098379	1.033053	0.000000	0.000000	1.250000	0.500000

Branch Results
LineID	From	To	Pik		Pki		Qik		Qki		LossP		LossQ
1	1	4	0.871777	-0.871606	-0.569331	0.631683	0.000171	0.062352
2	4	5	0.288651	-0.286318	-0.401928	0.070310	0.002333	-0.331618
3	5	6	-0.613751	0.627189	-0.370264	-0.379719	0.013438	-0.749984
4	3	6	1.154924	-1.154901	-0.509555	0.595306	0.000023	0.085751
5	6	7	0.527674	-0.524713	-0.215569	-0.239047	0.002961	-0.454615
6	7	8	-0.475330	0.477121	-0.110939	-0.213874	0.001791	-0.324813
7	8	2	-1.161329	1.161359	0.440106	-0.355471	0.000030	0.084636
8	8	9	0.684171	-0.670512	-0.226221	-0.380644	0.013659	-0.606865
9	9	4	-0.579548	0.582882	-0.119308	-0.229706	0.003334	-0.349013

Summary
Total Pg           : 3.188136
Total Qg           : -1.434371
Total Load P       : 3.150000
Total Load Q       : 1.150000
Total Active Loss  : 0.037739
Total Reactive Loss: -2.584170
Total Load Supplied: 100.012618%

========================================================================================================================
Update time: 2026-06-11 02:10:21
Iteration: 307
rho: 120
alpha: 0.01
objective_value: 4.0999665572
feasible: False
max_abs_h: 1.835707195463e-04
l2_norm_h: 3.628325873687e-04
lambda_inf_norm: 1.424684418653e+00
lambda_l2_norm: 7.208283036603e+00
------------------------------------------------------------------------------------------------------------------------
Bus Results
BusID	V_R		V_I		Vmag		Pg		Qg		Pl		Ql
1	1.000184	-0.000008	1.000183	0.871904	-0.569666	0.000000	0.000000
2	1.041454	0.069191	1.043753	1.161267	-0.355366	0.000000	0.000000
3	1.040371	0.080509	1.043484	1.154923	-0.509676	0.000000	0.000000
4	1.032988	-0.050211	1.034208	0.000000	0.000000	0.000000	0.000000
5	1.047521	-0.080455	1.050608	0.000000	0.000000	0.900000	0.300000
6	1.073912	0.018053	1.074066	0.000000	0.000000	0.000000	0.000000
7	1.066510	-0.031317	1.066971	0.000000	0.000000	1.000000	0.350000
8	1.067297	0.001218	1.067299	0.000000	0.000000	0.000000	0.000000
9	1.028431	-0.098351	1.033124	0.000000	0.000000	1.250000	0.500000

Branch Results
LineID	From	To	Pik		Pki		Qik		Qki		LossP		LossQ
1	1	4	0.871808	-0.871642	-0.569652	0.632031	0.000165	0.062379
2	4	5	0.288668	-0.286336	-0.402066	0.070424	0.002332	-0.331642
3	5	6	-0.613735	0.627173	-0.370385	-0.379705	0.013439	-0.750089
4	3	6	1.154937	-1.154908	-0.509677	0.595430	0.000029	0.085753
5	6	7	0.527694	-0.524734	-0.215711	-0.238968	0.002960	-0.454679
6	7	8	-0.475306	0.477089	-0.111023	-0.213837	0.001783	-0.324860
7	8	2	-1.161252	1.161271	0.439979	-0.355368	0.000019	0.084610
8	8	9	0.684135	-0.670487	-0.226138	-0.380829	0.013648	-0.606968
9	9	4	-0.579572	0.582900	-0.119128	-0.229921	0.003329	-0.349049

Summary
Total Pg           : 3.188094
Total Qg           : -1.434708
Total Load P       : 3.150000
Total Load Q       : 1.150000
Total Active Loss  : 0.037703
Total Reactive Loss: -2.584545
Total Load Supplied: 100.012400%

========================================================================================================================
Update time: 2026-06-11 02:12:36
Iteration: 308
rho: 120
alpha: 0.01
objective_value: 4.10000215324
feasible: False
max_abs_h: 1.456644933697e-04
l2_norm_h: 3.570476298618e-04
lambda_inf_norm: 1.424683693261e+00
lambda_l2_norm: 7.208280627341e+00
------------------------------------------------------------------------------------------------------------------------
Bus Results
BusID	V_R		V_I		Vmag		Pg		Qg		Pl		Ql
1	1.000146	0.000031	1.000146	0.871894	-0.569889	0.000000	0.000000
2	1.041478	0.069219	1.043779	1.161236	-0.355171	0.000000	0.000000
3	1.040367	0.080554	1.043484	1.154991	-0.509674	0.000000	0.000000
4	1.032966	-0.050171	1.034184	0.000000	0.000000	0.000000	0.000000
5	1.047508	-0.080415	1.050592	0.000000	0.000000	0.900000	0.300000
6	1.073911	0.018095	1.074066	0.000000	0.000000	0.000000	0.000000
7	1.066519	-0.031280	1.066980	0.000000	0.000000	1.000000	0.350000
8	1.067310	0.001250	1.067313	0.000000	0.000000	0.000000	0.000000
9	1.028423	-0.098315	1.033113	0.000000	0.000000	1.250000	0.500000

Branch Results
LineID	From	To	Pik		Pki		Qik		Qki		LossP		LossQ
1	1	4	0.871798	-0.871627	-0.569874	0.632267	0.000171	0.062392
2	4	5	0.288644	-0.286310	-0.402145	0.070509	0.002334	-0.331635
3	5	6	-0.613760	0.627196	-0.370465	-0.379611	0.013435	-0.750077
4	3	6	1.155005	-1.154981	-0.509676	0.595434	0.000024	0.085758
5	6	7	0.527746	-0.524786	-0.215806	-0.238876	0.002960	-0.454682
6	7	8	-0.475253	0.477041	-0.111112	-0.213765	0.001788	-0.324877
7	8	2	-1.161216	1.161241	0.439763	-0.355172	0.000025	0.084591
8	8	9	0.684142	-0.670488	-0.225992	-0.380983	0.013653	-0.606975
9	9	4	-0.579573	0.582906	-0.118969	-0.230074	0.003333	-0.349043

Summary
Total Pg           : 3.188121
Total Qg           : -1.434734
Total Load P       : 3.150000
Total Load Q       : 1.150000
Total Active Loss  : 0.037724
Total Reactive Loss: -2.584548
Total Load Supplied: 100.012593%

========================================================================================================================
Update time: 2026-06-11 02:14:50
Iteration: 309
rho: 120
alpha: 0.01
objective_value: 4.0999297224
feasible: False
max_abs_h: 1.481009174509e-04
l2_norm_h: 3.399456268972e-04
lambda_inf_norm: 1.424683016651e+00
lambda_l2_norm: 7.208278317792e+00
------------------------------------------------------------------------------------------------------------------------
Bus Results
BusID	V_R		V_I		Vmag		Pg		Qg		Pl		Ql
1	1.000148	-0.000030	1.000148	0.871927	-0.570123	0.000000	0.000000
2	1.041553	0.069122	1.043846	1.161165	-0.354958	0.000000	0.000000
3	1.040398	0.080470	1.043507	1.154975	-0.509790	0.000000	0.000000
4	1.032979	-0.050236	1.034200	0.000000	0.000000	0.000000	0.000000
5	1.047526	-0.080485	1.050614	0.000000	0.000000	0.900000	0.300000
6	1.073942	0.018011	1.074095	0.000000	0.000000	0.000000	0.000000
7	1.066561	-0.031367	1.067024	0.000000	0.000000	1.000000	0.350000
8	1.067363	0.001158	1.067366	0.000000	0.000000	0.000000	0.000000
9	1.028447	-0.098385	1.033144	0.000000	0.000000	1.250000	0.500000

Branch Results
LineID	From	To	Pik		Pki		Qik		Qki		LossP		LossQ
1	1	4	0.871831	-0.871670	-0.570109	0.632524	0.000162	0.062415
2	4	5	0.288664	-0.286342	-0.402223	0.070587	0.002322	-0.331636
3	5	6	-0.613721	0.627147	-0.370547	-0.379575	0.013426	-0.750122
4	3	6	1.154988	-1.154963	-0.509792	0.595556	0.000025	0.085764
5	6	7	0.527778	-0.524818	-0.215968	-0.238738	0.002960	-0.454706
6	7	8	-0.475225	0.477015	-0.111254	-0.213653	0.001790	-0.324907
7	8	2	-1.161139	1.161169	0.439523	-0.354960	0.000030	0.084563
8	8	9	0.684090	-0.670439	-0.225866	-0.381167	0.013651	-0.607033
9	9	4	-0.579617	0.582938	-0.118790	-0.230256	0.003321	-0.349047

Summary
Total Pg           : 3.188066
Total Qg           : -1.434872
Total Load P       : 3.150000
Total Load Q       : 1.150000
Total Active Loss  : 0.037686
Total Reactive Loss: -2.584709
Total Load Supplied: 100.012070%

========================================================================================================================
Update time: 2026-06-11 02:17:04
Iteration: 310
rho: 120
alpha: 0.01
objective_value: 4.09987383217
feasible: False
max_abs_h: 2.154115865889e-04
l2_norm_h: 3.607548876444e-04
lambda_inf_norm: 1.424682345150e+00
lambda_l2_norm: 7.208276081696e+00
------------------------------------------------------------------------------------------------------------------------
Bus Results
BusID	V_R		V_I		Vmag		Pg		Qg		Pl		Ql
1	1.000215	-0.000005	1.000215	0.871906	-0.570583	0.000000	0.000000
2	1.041697	0.069121	1.043990	1.161087	-0.354890	0.000000	0.000000
3	1.040506	0.080487	1.043616	1.155033	-0.509995	0.000000	0.000000
4	1.033072	-0.050206	1.034292	0.000000	0.000000	0.000000	0.000000
5	1.047634	-0.080453	1.050720	0.000000	0.000000	0.900000	0.300000
6	1.074059	0.018033	1.074212	0.000000	0.000000	0.000000	0.000000
7	1.066694	-0.031346	1.067156	0.000000	0.000000	1.000000	0.350000
8	1.067499	0.001171	1.067501	0.000000	0.000000	0.000000	0.000000
9	1.028565	-0.098355	1.033257	0.000000	0.000000	1.250000	0.500000

Branch Results
LineID	From	To	Pik		Pki		Qik		Qki		LossP		LossQ
1	1	4	0.871810	-0.871649	-0.570571	0.633016	0.000161	0.062445
2	4	5	0.288642	-0.286321	-0.402419	0.070737	0.002321	-0.331682
3	5	6	-0.613742	0.627164	-0.370704	-0.379582	0.013422	-0.750286
4	3	6	1.155047	-1.155024	-0.509998	0.595769	0.000023	0.085771
5	6	7	0.527824	-0.524870	-0.216177	-0.238639	0.002954	-0.454815
6	7	8	-0.475169	0.476951	-0.111356	-0.213636	0.001782	-0.324993
7	8	2	-1.161063	1.161091	0.439424	-0.354892	0.000029	0.084532
8	8	9	0.684082	-0.670436	-0.225787	-0.381410	0.013646	-0.607197
9	9	4	-0.579620	0.582939	-0.118554	-0.230559	0.003320	-0.349113

Summary
Total Pg           : 3.188026
Total Qg           : -1.435468
Total Load P       : 3.150000
Total Load Q       : 1.150000
Total Active Loss  : 0.037657
Total Reactive Loss: -2.585338
Total Load Supplied: 100.011740%

========================================================================================================================
Update time: 2026-06-11 02:19:21
Iteration: 311
rho: 120
alpha: 0.01
objective_value: 4.09988116631
feasible: False
max_abs_h: 2.344540144368e-04
l2_norm_h: 3.743515496898e-04
lambda_inf_norm: 1.424681661062e+00
lambda_l2_norm: 7.208273832288e+00
------------------------------------------------------------------------------------------------------------------------
Bus Results
BusID	V_R		V_I		Vmag		Pg		Qg		Pl		Ql
1	1.000234	-0.000007	1.000234	0.871936	-0.570982	0.000000	0.000000
2	1.041795	0.069085	1.044085	1.161001	-0.354774	0.000000	0.000000
3	1.040569	0.080473	1.043678	1.155094	-0.510135	0.000000	0.000000
4	1.033113	-0.050209	1.034333	0.000000	0.000000	0.000000	0.000000
5	1.047688	-0.080458	1.050774	0.000000	0.000000	0.900000	0.300000
6	1.074127	0.018019	1.074280	0.000000	0.000000	0.000000	0.000000
7	1.066774	-0.031365	1.067237	0.000000	0.000000	1.000000	0.350000
8	1.067584	0.001145	1.067586	0.000000	0.000000	0.000000	0.000000
9	1.028626	-0.098362	1.033319	0.000000	0.000000	1.250000	0.500000

Branch Results
LineID	From	To	Pik		Pki		Qik		Qki		LossP		LossQ
1	1	4	0.871840	-0.871679	-0.570970	0.633441	0.000161	0.062472
2	4	5	0.288639	-0.286318	-0.402584	0.070873	0.002321	-0.331711
3	5	6	-0.613745	0.627164	-0.370839	-0.379550	0.013419	-0.750389
4	3	6	1.155108	-1.155085	-0.510138	0.595910	0.000024	0.085772
5	6	7	0.527887	-0.524933	-0.216348	-0.238532	0.002954	-0.454880
6	7	8	-0.475105	0.476886	-0.111462	-0.213594	0.001780	-0.325056
7	8	2	-1.160969	1.161005	0.439270	-0.354776	0.000036	0.084494
8	8	9	0.684051	-0.670405	-0.225674	-0.381631	0.013645	-0.607305
9	9	4	-0.579652	0.582974	-0.118331	-0.230818	0.003322	-0.349149

Summary
Total Pg           : 3.188031
Total Qg           : -1.435892
Total Load P       : 3.150000
Total Load Q       : 1.150000
Total Active Loss  : 0.037662
Total Reactive Loss: -2.585753
Total Load Supplied: 100.011729%

========================================================================================================================
Update time: 2026-06-11 02:21:35
Iteration: 312
rho: 120
alpha: 0.01
objective_value: 4.09991268488
feasible: False
max_abs_h: 2.305317020297e-04
l2_norm_h: 3.860153224564e-04
lambda_inf_norm: 1.424680982966e+00
lambda_l2_norm: 7.208271536610e+00
------------------------------------------------------------------------------------------------------------------------
Bus Results
BusID	V_R		V_I		Vmag		Pg		Qg		Pl		Ql
1	1.000231	-0.000056	1.000230	0.871996	-0.571379	0.000000	0.000000
2	1.041861	0.068998	1.044146	1.160904	-0.354732	0.000000	0.000000
3	1.040628	0.080402	1.043732	1.155154	-0.510155	0.000000	0.000000
4	1.033129	-0.050263	1.034352	0.000000	0.000000	0.000000	0.000000
5	1.047719	-0.080517	1.050809	0.000000	0.000000	0.900000	0.300000
6	1.074181	0.017946	1.074333	0.000000	0.000000	0.000000	0.000000
7	1.066829	-0.031440	1.067295	0.000000	0.000000	1.000000	0.350000
8	1.067640	0.001065	1.067642	0.000000	0.000000	0.000000	0.000000
9	1.028656	-0.098421	1.033355	0.000000	0.000000	1.250000	0.500000

Branch Results
LineID	From	To	Pik		Pki		Qik		Qki		LossP		LossQ
1	1	4	0.871901	-0.871743	-0.571365	0.633861	0.000158	0.062496
2	4	5	0.288656	-0.286334	-0.402779	0.071045	0.002322	-0.331734
3	5	6	-0.613729	0.627153	-0.371003	-0.379477	0.013424	-0.750480
4	3	6	1.155167	-1.155135	-0.510156	0.595919	0.000033	0.085763
5	6	7	0.527943	-0.524983	-0.216423	-0.238518	0.002960	-0.454941
6	7	8	-0.475058	0.476842	-0.111472	-0.213632	0.001784	-0.325103
7	8	2	-1.160874	1.160908	0.439205	-0.354735	0.000033	0.084470
8	8	9	0.684000	-0.670356	-0.225568	-0.381817	0.013643	-0.607385
9	9	4	-0.579700	0.583021	-0.118140	-0.231038	0.003322	-0.349178

Summary
Total Pg           : 3.188053
Total Qg           : -1.436266
Total Load P       : 3.150000
Total Load Q       : 1.150000
Total Active Loss  : 0.037680
Total Reactive Loss: -2.586092
Total Load Supplied: 100.011856%

========================================================================================================================
Update time: 2026-06-11 02:23:50
Iteration: 313
rho: 120
alpha: 0.01
objective_value: 4.09985181919
feasible: False
max_abs_h: 1.971228031834e-04
l2_norm_h: 3.679694724902e-04
lambda_inf_norm: 1.424680337207e+00
lambda_l2_norm: 7.208269324591e+00
------------------------------------------------------------------------------------------------------------------------
Bus Results
BusID	V_R		V_I		Vmag		Pg		Qg		Pl		Ql
1	1.000197	0.000016	1.000197	0.871903	-0.571703	0.000000	0.000000
2	1.041911	0.069075	1.044201	1.160897	-0.354471	0.000000	0.000000
3	1.040634	0.080490	1.043745	1.155211	-0.510212	0.000000	0.000000
4	1.033119	-0.050184	1.034338	0.000000	0.000000	0.000000	0.000000
5	1.047721	-0.080436	1.050806	0.000000	0.000000	0.900000	0.300000
6	1.074195	0.018034	1.074349	0.000000	0.000000	0.000000	0.000000
7	1.066861	-0.031354	1.067325	0.000000	0.000000	1.000000	0.350000
8	1.067678	0.001146	1.067681	0.000000	0.000000	0.000000	0.000000
9	1.028668	-0.098341	1.033360	0.000000	0.000000	1.250000	0.500000

Branch Results
LineID	From	To	Pik		Pki		Qik		Qki		LossP		LossQ
1	1	4	0.871806	-0.871642	-0.571689	0.634196	0.000165	0.062507
2	4	5	0.288612	-0.286282	-0.402887	0.071151	0.002329	-0.331736
3	5	6	-0.613783	0.627210	-0.371106	-0.379378	0.013427	-0.750484
4	3	6	1.155224	-1.155197	-0.510213	0.595984	0.000028	0.085771
5	6	7	0.527951	-0.525001	-0.216587	-0.238378	0.002950	-0.454965
6	7	8	-0.475035	0.476809	-0.111609	-0.213524	0.001774	-0.325133
7	8	2	-1.160882	1.160902	0.438914	-0.354471	0.000020	0.084443
8	8	9	0.684048	-0.670413	-0.225382	-0.382027	0.013634	-0.607409
9	9	4	-0.579640	0.582961	-0.117925	-0.231262	0.003321	-0.349187

Summary
Total Pg           : 3.188011
Total Qg           : -1.436387
Total Load P       : 3.150000
Total Load Q       : 1.150000
Total Active Loss  : 0.037648
Total Reactive Loss: -2.586192
Total Load Supplied: 100.011539%

========================================================================================================================
Update time: 2026-06-11 02:26:06
Iteration: 314
rho: 120
alpha: 0.01
objective_value: 4.0999642178
feasible: False
max_abs_h: 1.771182777497e-04
l2_norm_h: 3.703979771743e-04
lambda_inf_norm: 1.424679632479e+00
lambda_l2_norm: 7.208266955472e+00
------------------------------------------------------------------------------------------------------------------------
Bus Results
BusID	V_R		V_I		Vmag		Pg		Qg		Pl		Ql
1	1.000177	-0.000066	1.000177	0.871977	-0.571870	0.000000	0.000000
2	1.041955	0.068959	1.044237	1.160849	-0.354254	0.000000	0.000000
3	1.040644	0.080392	1.043747	1.155266	-0.510259	0.000000	0.000000
4	1.033105	-0.050275	1.034329	0.000000	0.000000	0.000000	0.000000
5	1.047709	-0.080531	1.050801	0.000000	0.000000	0.900000	0.300000
6	1.074202	0.017930	1.074354	0.000000	0.000000	0.000000	0.000000
7	1.066873	-0.031464	1.067340	0.000000	0.000000	1.000000	0.350000
8	1.067700	0.001032	1.067703	0.000000	0.000000	0.000000	0.000000
9	1.028660	-0.098439	1.033361	0.000000	0.000000	1.250000	0.500000

Branch Results
LineID	From	To	Pik		Pki		Qik		Qki		LossP		LossQ
1	1	4	0.871882	-0.871719	-0.571855	0.634382	0.000163	0.062526
2	4	5	0.288633	-0.286301	-0.402942	0.071215	0.002332	-0.331728
3	5	6	-0.613766	0.627195	-0.371168	-0.379321	0.013429	-0.750489
4	3	6	1.155280	-1.155253	-0.510260	0.596039	0.000027	0.085780
5	6	7	0.528018	-0.525054	-0.216700	-0.238268	0.002964	-0.454968
6	7	8	-0.474988	0.476773	-0.111720	-0.213426	0.001785	-0.325146
7	8	2	-1.160822	1.160853	0.438681	-0.354255	0.000031	0.084426
8	8	9	0.684016	-0.670370	-0.225249	-0.382174	0.013646	-0.607423
9	9	4	-0.579688	0.583016	-0.117781	-0.231392	0.003328	-0.349173

Summary
Total Pg           : 3.188092
Total Qg           : -1.436383
Total Load P       : 3.150000
Total Load Q       : 1.150000
Total Active Loss  : 0.037704
Total Reactive Loss: -2.586194
Total Load Supplied: 100.012334%

========================================================================================================================
Update time: 2026-06-11 02:28:21
Iteration: 315
rho: 120
alpha: 0.01
objective_value: 4.09986798597
feasible: False
max_abs_h: 2.147517632263e-04
l2_norm_h: 3.703166049633e-04
lambda_inf_norm: 1.424678954988e+00
lambda_l2_norm: 7.208264717903e+00
------------------------------------------------------------------------------------------------------------------------
Bus Results
BusID	V_R		V_I		Vmag		Pg		Qg		Pl		Ql
1	1.000215	0.000010	1.000214	0.871998	-0.572102	0.000000	0.000000
2	1.042034	0.069016	1.044319	1.160766	-0.354158	0.000000	0.000000
3	1.040688	0.080459	1.043796	1.155257	-0.510414	0.000000	0.000000
4	1.033159	-0.050195	1.034378	0.000000	0.000000	0.000000	0.000000
5	1.047770	-0.080451	1.050856	0.000000	0.000000	0.900000	0.300000
6	1.074257	0.018003	1.074410	0.000000	0.000000	0.000000	0.000000
7	1.066944	-0.031391	1.067408	0.000000	0.000000	1.000000	0.350000
8	1.067774	0.001100	1.067777	0.000000	0.000000	0.000000	0.000000
9	1.028731	-0.098360	1.033424	0.000000	0.000000	1.250000	0.500000

Branch Results
LineID	From	To	Pik		Pki		Qik		Qki		LossP		LossQ
1	1	4	0.871902	-0.871740	-0.572087	0.634631	0.000163	0.062544
2	4	5	0.288642	-0.286312	-0.403019	0.071270	0.002330	-0.331749
3	5	6	-0.613751	0.627173	-0.371230	-0.379339	0.013422	-0.750570
4	3	6	1.155270	-1.155239	-0.510415	0.596197	0.000032	0.085782
5	6	7	0.528027	-0.525073	-0.216845	-0.238166	0.002954	-0.455011
6	7	8	-0.474962	0.476734	-0.111827	-0.213357	0.001772	-0.325185
7	8	2	-1.160745	1.160769	0.438559	-0.354160	0.000024	0.084400
8	8	9	0.683984	-0.670352	-0.225202	-0.382312	0.013633	-0.607514
9	9	4	-0.579703	0.583028	-0.117644	-0.231567	0.003325	-0.349211

Summary
Total Pg           : 3.188021
Total Qg           : -1.436673
Total Load P       : 3.150000
Total Load Q       : 1.150000
Total Active Loss  : 0.037653
Total Reactive Loss: -2.586514
Total Load Supplied: 100.011678%

========================================================================================================================
Update time: 2026-06-11 02:30:38
Iteration: 316
rho: 120
alpha: 0.01
objective_value: 4.09993825874
feasible: False
max_abs_h: 1.944215021952e-04
l2_norm_h: 3.700214756097e-04
lambda_inf_norm: 1.424678253716e+00
lambda_l2_norm: 7.208262381387e+00
------------------------------------------------------------------------------------------------------------------------
Bus Results
BusID	V_R		V_I		Vmag		Pg		Qg		Pl		Ql
1	1.000194	-0.000046	1.000195	0.872052	-0.572371	0.000000	0.000000
2	1.042089	0.068930	1.044369	1.160725	-0.353986	0.000000	0.000000
3	1.040715	0.080386	1.043817	1.155294	-0.510453	0.000000	0.000000
4	1.033152	-0.050258	1.034375	0.000000	0.000000	0.000000	0.000000
5	1.047771	-0.080519	1.050862	0.000000	0.000000	0.900000	0.300000
6	1.074281	0.017927	1.074433	0.000000	0.000000	0.000000	0.000000
7	1.066974	-0.031471	1.067441	0.000000	0.000000	1.000000	0.350000
8	1.067811	0.001017	1.067814	0.000000	0.000000	0.000000	0.000000
9	1.028736	-0.098428	1.033435	0.000000	0.000000	1.250000	0.500000

Branch Results
LineID	From	To	Pik		Pki		Qik		Qki		LossP		LossQ
1	1	4	0.871957	-0.871792	-0.572357	0.634926	0.000165	0.062570
2	4	5	0.288660	-0.286324	-0.403133	0.071386	0.002336	-0.331747
3	5	6	-0.613744	0.627170	-0.371344	-0.379256	0.013426	-0.750600
4	3	6	1.155308	-1.155282	-0.510454	0.596239	0.000026	0.085785
5	6	7	0.528073	-0.525114	-0.216968	-0.238074	0.002959	-0.455042
6	7	8	-0.474926	0.476706	-0.111915	-0.213304	0.001780	-0.325219
7	8	2	-1.160702	1.160729	0.438364	-0.353988	0.000027	0.084377
8	8	9	0.683965	-0.670325	-0.225055	-0.382500	0.013640	-0.607556
9	9	4	-0.579733	0.583061	-0.117457	-0.231749	0.003328	-0.349205

Summary
Total Pg           : 3.188071
Total Qg           : -1.436809
Total Load P       : 3.150000
Total Load Q       : 1.150000
Total Active Loss  : 0.037687
Total Reactive Loss: -2.586637
Total Load Supplied: 100.012203%

========================================================================================================================
Update time: 2026-06-11 02:32:50
Iteration: 317
rho: 120
alpha: 0.01
objective_value: 4.09976510231
feasible: False
max_abs_h: 2.511881691802e-04
l2_norm_h: 3.799401454747e-04
lambda_inf_norm: 1.424677613595e+00
lambda_l2_norm: 7.208260282083e+00
------------------------------------------------------------------------------------------------------------------------
Bus Results
BusID	V_R		V_I		Vmag		Pg		Qg		Pl		Ql
1	1.000251	0.000039	1.000251	0.871999	-0.572881	0.000000	0.000000
2	1.042234	0.068995	1.044517	1.160682	-0.353844	0.000000	0.000000
3	1.040813	0.080458	1.043920	1.155264	-0.510674	0.000000	0.000000
4	1.033241	-0.050164	1.034458	0.000000	0.000000	0.000000	0.000000
5	1.047879	-0.080424	1.050961	0.000000	0.000000	0.900000	0.300000
6	1.074393	0.018010	1.074545	0.000000	0.000000	0.000000	0.000000
7	1.067108	-0.031386	1.067571	0.000000	0.000000	1.000000	0.350000
8	1.067948	0.001095	1.067950	0.000000	0.000000	0.000000	0.000000
9	1.028855	-0.098334	1.033544	0.000000	0.000000	1.250000	0.500000

Branch Results
LineID	From	To	Pik		Pki		Qik		Qki		LossP		LossQ
1	1	4	0.871903	-0.871744	-0.572869	0.635464	0.000160	0.062596
2	4	5	0.288637	-0.286315	-0.403343	0.071550	0.002322	-0.331792
3	5	6	-0.613746	0.627153	-0.371516	-0.379245	0.013407	-0.750761
4	3	6	1.155277	-1.155258	-0.510677	0.596459	0.000020	0.085782
5	6	7	0.528074	-0.525130	-0.217202	-0.237947	0.002944	-0.455148
6	7	8	-0.474905	0.476675	-0.112048	-0.213252	0.001769	-0.325301
7	8	2	-1.160659	1.160687	0.438190	-0.353846	0.000028	0.084345
8	8	9	0.683957	-0.670327	-0.224937	-0.382776	0.013630	-0.607713
9	9	4	-0.579727	0.583042	-0.117188	-0.232080	0.003316	-0.349268

Summary
Total Pg           : 3.187945
Total Qg           : -1.437399
Total Load P       : 3.150000
Total Load Q       : 1.150000
Total Active Loss  : 0.037595
Total Reactive Loss: -2.587261
Total Load Supplied: 100.011109%

========================================================================================================================
Update time: 2026-06-11 02:35:05
Iteration: 318
rho: 120
alpha: 0.01
objective_value: 4.09988253749
feasible: False
max_abs_h: 2.012744266575e-04
l2_norm_h: 3.697863401235e-04
lambda_inf_norm: 1.424676921243e+00
lambda_l2_norm: 7.208258018621e+00
------------------------------------------------------------------------------------------------------------------------
Bus Results
BusID	V_R		V_I		Vmag		Pg		Qg		Pl		Ql
1	1.000201	-0.000021	1.000202	0.872040	-0.573111	0.000000	0.000000
2	1.042268	0.068914	1.044547	1.160676	-0.353539	0.000000	0.000000
3	1.040795	0.080391	1.043898	1.155315	-0.510761	0.000000	0.000000
4	1.033202	-0.050231	1.034424	0.000000	0.000000	0.000000	0.000000
5	1.047844	-0.080494	1.050933	0.000000	0.000000	0.900000	0.300000
6	1.074376	0.017937	1.074528	0.000000	0.000000	0.000000	0.000000
7	1.067104	-0.031464	1.067570	0.000000	0.000000	1.000000	0.350000
8	1.067958	0.001013	1.067961	0.000000	0.000000	0.000000	0.000000
9	1.028828	-0.098406	1.033526	0.000000	0.000000	1.250000	0.500000

Branch Results
LineID	From	To	Pik		Pki		Qik		Qki		LossP		LossQ
1	1	4	0.871945	-0.871781	-0.573096	0.635711	0.000163	0.062614
2	4	5	0.288651	-0.286320	-0.403395	0.071614	0.002331	-0.331782
3	5	6	-0.613744	0.627159	-0.371570	-0.379167	0.013415	-0.750737
4	3	6	1.155329	-1.155307	-0.510763	0.596558	0.000021	0.085794
5	6	7	0.528113	-0.525160	-0.217375	-0.237769	0.002953	-0.455144
6	7	8	-0.474878	0.476655	-0.112221	-0.213094	0.001777	-0.325315
7	8	2	-1.160651	1.160680	0.437862	-0.353540	0.000029	0.084323
8	8	9	0.683964	-0.670323	-0.224761	-0.382959	0.013641	-0.607720
9	9	4	-0.579734	0.583061	-0.116995	-0.232268	0.003327	-0.349263

Summary
Total Pg           : 3.188031
Total Qg           : -1.437411
Total Load P       : 3.150000
Total Load Q       : 1.150000
Total Active Loss  : 0.037658
Total Reactive Loss: -2.587229
Total Load Supplied: 100.011838%

========================================================================================================================
Update time: 2026-06-11 02:37:19
Iteration: 319
rho: 120
alpha: 0.01
objective_value: 4.09988936636
feasible: False
max_abs_h: 1.863490588729e-04
l2_norm_h: 3.526381671743e-04
lambda_inf_norm: 1.424676255551e+00
lambda_l2_norm: 7.208255744659e+00
------------------------------------------------------------------------------------------------------------------------
Bus Results
BusID	V_R		V_I		Vmag		Pg		Qg		Pl		Ql
1	1.000186	-0.000002	1.000186	0.871997	-0.573554	0.000000	0.000000
2	1.042351	0.068914	1.044628	1.160634	-0.353370	0.000000	0.000000
3	1.040870	0.080404	1.043973	1.155406	-0.510655	0.000000	0.000000
4	1.033215	-0.050210	1.034435	0.000000	0.000000	0.000000	0.000000
5	1.047877	-0.080474	1.050964	0.000000	0.000000	0.900000	0.300000
6	1.074443	0.017949	1.074596	0.000000	0.000000	0.000000	0.000000
7	1.067175	-0.031453	1.067641	0.000000	0.000000	1.000000	0.350000
8	1.068028	0.001020	1.068030	0.000000	0.000000	0.000000	0.000000
9	1.028863	-0.098387	1.033558	0.000000	0.000000	1.250000	0.500000

Branch Results
LineID	From	To	Pik		Pki		Qik		Qki		LossP		LossQ
1	1	4	0.871901	-0.871738	-0.573541	0.636190	0.000163	0.062649
2	4	5	0.288620	-0.286287	-0.403624	0.071847	0.002333	-0.331777
3	5	6	-0.613777	0.627199	-0.371809	-0.378991	0.013422	-0.750801
4	3	6	1.155421	-1.155396	-0.510656	0.596440	0.000025	0.085784
5	6	7	0.528159	-0.525202	-0.217434	-0.237764	0.002957	-0.455197
6	7	8	-0.474837	0.476614	-0.112231	-0.213124	0.001777	-0.325355
7	8	2	-1.160616	1.160639	0.437675	-0.353372	0.000023	0.084303
8	8	9	0.683970	-0.670328	-0.224548	-0.383222	0.013642	-0.607770
9	9	4	-0.579728	0.583050	-0.116740	-0.232525	0.003322	-0.349265

Summary
Total Pg           : 3.188037
Total Qg           : -1.437579
Total Load P       : 3.150000
Total Load Q       : 1.150000
Total Active Loss  : 0.037663
Total Reactive Loss: -2.587428
Total Load Supplied: 100.011888%

========================================================================================================================
Update time: 2026-06-11 02:39:35
Iteration: 320
rho: 120
alpha: 0.01
objective_value: 4.09990539858
feasible: False
max_abs_h: 1.856044285005e-04
l2_norm_h: 3.612844197474e-04
lambda_inf_norm: 1.424675580247e+00
lambda_l2_norm: 7.208253446738e+00
------------------------------------------------------------------------------------------------------------------------
Bus Results
BusID	V_R		V_I		Vmag		Pg		Qg		Pl		Ql
1	1.000186	0.000017	1.000186	0.872035	-0.573731	0.000000	0.000000
2	1.042388	0.068913	1.044667	1.160574	-0.353246	0.000000	0.000000
3	1.040874	0.080419	1.043979	1.155439	-0.510772	0.000000	0.000000
4	1.033225	-0.050192	1.034444	0.000000	0.000000	0.000000	0.000000
5	1.047891	-0.080457	1.050977	0.000000	0.000000	0.900000	0.300000
6	1.074455	0.017963	1.074607	0.000000	0.000000	0.000000	0.000000
7	1.067198	-0.031444	1.067664	0.000000	0.000000	1.000000	0.350000
8	1.068057	0.001025	1.068060	0.000000	0.000000	0.000000	0.000000
9	1.028883	-0.098372	1.033577	0.000000	0.000000	1.250000	0.500000

Branch Results
LineID	From	To	Pik		Pki		Qik		Qki		LossP		LossQ
1	1	4	0.871940	-0.871779	-0.573716	0.636371	0.000162	0.062655
2	4	5	0.288631	-0.286298	-0.403668	0.071872	0.002333	-0.331796
3	5	6	-0.613766	0.627186	-0.371829	-0.379000	0.013419	-0.750829
4	3	6	1.155453	-1.155426	-0.510774	0.596573	0.000027	0.085799
5	6	7	0.528203	-0.525242	-0.217560	-0.237651	0.002960	-0.455211
6	7	8	-0.474799	0.476577	-0.112342	-0.213036	0.001778	-0.325378
7	8	2	-1.160547	1.160577	0.437531	-0.353249	0.000030	0.084283
8	8	9	0.683938	-0.670302	-0.224492	-0.383323	0.013637	-0.607816
9	9	4	-0.579754	0.583079	-0.116631	-0.232654	0.003324	-0.349285

Summary
Total Pg           : 3.188048
Total Qg           : -1.437748
Total Load P       : 3.150000
Total Load Q       : 1.150000
Total Active Loss  : 0.037671
Total Reactive Loss: -2.587577
Total Load Supplied: 100.011993%

========================================================================================================================
Update time: 2026-06-11 02:41:50
Iteration: 321
rho: 120
alpha: 0.01
objective_value: 4.09969766299
feasible: False
max_abs_h: 2.169366113489e-04
l2_norm_h: 3.558270647238e-04
lambda_inf_norm: 1.424674971870e+00
lambda_l2_norm: 7.208251435620e+00
------------------------------------------------------------------------------------------------------------------------
Bus Results
BusID	V_R		V_I		Vmag		Pg		Qg		Pl		Ql
1	1.000217	0.000023	1.000217	0.871964	-0.574052	0.000000	0.000000
2	1.042486	0.068899	1.044763	1.160468	-0.353123	0.000000	0.000000
3	1.040934	0.080426	1.044038	1.155466	-0.510925	0.000000	0.000000
4	1.033274	-0.050181	1.034493	0.000000	0.000000	0.000000	0.000000
5	1.047950	-0.080443	1.051035	0.000000	0.000000	0.900000	0.300000
6	1.074522	0.017973	1.074674	0.000000	0.000000	0.000000	0.000000
7	1.067279	-0.031438	1.067744	0.000000	0.000000	1.000000	0.350000
8	1.068143	0.001022	1.068145	0.000000	0.000000	0.000000	0.000000
9	1.028951	-0.098361	1.033642	0.000000	0.000000	1.250000	0.500000

Branch Results
LineID	From	To	Pik		Pki		Qik		Qki		LossP		LossQ
1	1	4	0.871868	-0.871708	-0.574039	0.636711	0.000161	0.062671
2	4	5	0.288581	-0.286261	-0.403789	0.071970	0.002320	-0.331819
3	5	6	-0.613795	0.627194	-0.371930	-0.378992	0.013399	-0.750922
4	3	6	1.155480	-1.155465	-0.510928	0.596735	0.000015	0.085807
5	6	7	0.528244	-0.525302	-0.217731	-0.237538	0.002941	-0.455269
6	7	8	-0.474730	0.476494	-0.112459	-0.212971	0.001764	-0.325430
7	8	2	-1.160446	1.160471	0.437373	-0.353124	0.000025	0.084248
8	8	9	0.683925	-0.670298	-0.224401	-0.383513	0.013627	-0.607914
9	9	4	-0.579751	0.583063	-0.116445	-0.232877	0.003312	-0.349322

Summary
Total Pg           : 3.187898
Total Qg           : -1.438101
Total Load P       : 3.150000
Total Load Q       : 1.150000
Total Active Loss  : 0.037563
Total Reactive Loss: -2.587951
Total Load Supplied: 100.010644%

========================================================================================================================
Update time: 2026-06-11 02:44:05
Iteration: 322
rho: 120
alpha: 0.01
objective_value: 4.09990944901
feasible: False
max_abs_h: 1.332716398152e-04
l2_norm_h: 3.486276090722e-04
lambda_inf_norm: 1.424674293188e+00
lambda_l2_norm: 7.208249130639e+00
------------------------------------------------------------------------------------------------------------------------
Bus Results
BusID	V_R		V_I		Vmag		Pg		Qg		Pl		Ql
1	1.000133	-0.000021	1.000134	0.872108	-0.574062	0.000000	0.000000
2	1.042461	0.068827	1.044734	1.160450	-0.352771	0.000000	0.000000
3	1.040853	0.080366	1.043954	1.155492	-0.510990	0.000000	0.000000
4	1.033191	-0.050239	1.034413	0.000000	0.000000	0.000000	0.000000
5	1.047861	-0.080509	1.050952	0.000000	0.000000	0.900000	0.300000
6	1.074444	0.017905	1.074596	0.000000	0.000000	0.000000	0.000000
7	1.067213	-0.031513	1.067682	0.000000	0.000000	1.000000	0.350000
8	1.068093	0.000947	1.068097	0.000000	0.000000	0.000000	0.000000
9	1.028871	-0.098428	1.033570	0.000000	0.000000	1.250000	0.500000

Branch Results
LineID	From	To	Pik		Pki		Qik		Qki		LossP		LossQ
1	1	4	0.872014	-0.871850	-0.574046	0.636731	0.000163	0.062686
2	4	5	0.288655	-0.286318	-0.403733	0.071951	0.002337	-0.331782
3	5	6	-0.613747	0.627165	-0.371901	-0.378914	0.013418	-0.750816
4	3	6	1.155507	-1.155489	-0.510993	0.596810	0.000017	0.085817
5	6	7	0.528286	-0.525325	-0.217877	-0.237341	0.002961	-0.455218
6	7	8	-0.474718	0.476499	-0.112647	-0.212766	0.001781	-0.325412
7	8	2	-1.160421	1.160453	0.437001	-0.352771	0.000032	0.084230
8	8	9	0.683889	-0.670256	-0.224228	-0.383622	0.013633	-0.607850
9	9	4	-0.579798	0.583124	-0.116328	-0.232946	0.003326	-0.349274

Summary
Total Pg           : 3.188050
Total Qg           : -1.437823
Total Load P       : 3.150000
Total Load Q       : 1.150000
Total Active Loss  : 0.037670
Total Reactive Loss: -2.587619
Total Load Supplied: 100.012056%

========================================================================================================================
Update time: 2026-06-11 02:46:21
Iteration: 323
rho: 120
alpha: 0.01
objective_value: 4.09997424385
feasible: False
max_abs_h: 1.607909753349e-04
l2_norm_h: 3.557555370983e-04
lambda_inf_norm: 1.424673580663e+00
lambda_l2_norm: 7.208246733374e+00
------------------------------------------------------------------------------------------------------------------------
Bus Results
BusID	V_R		V_I		Vmag		Pg		Qg		Pl		Ql
1	1.000161	0.000037	1.000160	0.872133	-0.574333	0.000000	0.000000
2	1.042551	0.068867	1.044826	1.160431	-0.352595	0.000000	0.000000
3	1.040902	0.080416	1.044006	1.155532	-0.511127	0.000000	0.000000
4	1.033237	-0.050179	1.034455	0.000000	0.000000	0.000000	0.000000
5	1.047917	-0.080450	1.051002	0.000000	0.000000	0.900000	0.300000
6	1.074502	0.017959	1.074655	0.000000	0.000000	0.000000	0.000000
7	1.067288	-0.031461	1.067754	0.000000	0.000000	1.000000	0.350000
8	1.068173	0.000994	1.068175	0.000000	0.000000	0.000000	0.000000
9	1.028935	-0.098370	1.033627	0.000000	0.000000	1.250000	0.500000

Branch Results
LineID	From	To	Pik		Pki		Qik		Qki		LossP		LossQ
1	1	4	0.872039	-0.871877	-0.574318	0.637029	0.000162	0.062711
2	4	5	0.288662	-0.286321	-0.403840	0.072041	0.002341	-0.331799
3	5	6	-0.613746	0.627168	-0.371998	-0.378896	0.013422	-0.750894
4	3	6	1.155546	-1.155520	-0.511129	0.596953	0.000026	0.085824
5	6	7	0.528313	-0.525350	-0.218041	-0.237227	0.002963	-0.455268
6	7	8	-0.474692	0.476475	-0.112765	-0.212687	0.001783	-0.325452
7	8	2	-1.160400	1.160435	0.436809	-0.352597	0.000035	0.084213
8	8	9	0.683891	-0.670249	-0.224120	-0.383806	0.013642	-0.607927
9	9	4	-0.579811	0.583144	-0.116152	-0.233142	0.003333	-0.349294

Summary
Total Pg           : 3.188097
Total Qg           : -1.438055
Total Load P       : 3.150000
Total Load Q       : 1.150000
Total Active Loss  : 0.037706
Total Reactive Loss: -2.587887
Total Load Supplied: 100.012415%

========================================================================================================================
Update time: 2026-06-11 02:48:36
Iteration: 324
rho: 120
alpha: 0.01
objective_value: 4.09988474885
feasible: False
max_abs_h: 1.813130832518e-04
l2_norm_h: 3.558021477836e-04
lambda_inf_norm: 1.424672912775e+00
lambda_l2_norm: 7.208244458912e+00
------------------------------------------------------------------------------------------------------------------------
Bus Results
BusID	V_R		V_I		Vmag		Pg		Qg		Pl		Ql
1	1.000181	0.000027	1.000181	0.872106	-0.574560	0.000000	0.000000
2	1.042611	0.068842	1.044884	1.160361	-0.352561	0.000000	0.000000
3	1.040945	0.080404	1.044048	1.155565	-0.511208	0.000000	0.000000
4	1.033269	-0.050186	1.034488	0.000000	0.000000	0.000000	0.000000
5	1.047956	-0.080457	1.051041	0.000000	0.000000	0.900000	0.300000
6	1.074547	0.017946	1.074699	0.000000	0.000000	0.000000	0.000000
7	1.067340	-0.031475	1.067806	0.000000	0.000000	1.000000	0.350000
8	1.068227	0.000975	1.068229	0.000000	0.000000	0.000000	0.000000
9	1.028978	-0.098378	1.033671	0.000000	0.000000	1.250000	0.500000

Branch Results
LineID	From	To	Pik		Pki		Qik		Qki		LossP		LossQ
1	1	4	0.872011	-0.871854	-0.574546	0.637265	0.000157	0.062719
2	4	5	0.288645	-0.286311	-0.403926	0.072107	0.002334	-0.331819
3	5	6	-0.613754	0.627170	-0.372066	-0.378890	0.013416	-0.750956
4	3	6	1.155579	-1.155555	-0.511210	0.597040	0.000024	0.085830
5	6	7	0.528346	-0.525386	-0.218138	-0.237170	0.002960	-0.455308
6	7	8	-0.474656	0.476432	-0.112824	-0.212670	0.001776	-0.325494
7	8	2	-1.160334	1.160364	0.436755	-0.352564	0.000030	0.084192
8	8	9	0.683871	-0.670239	-0.224081	-0.383922	0.013632	-0.608003
9	9	4	-0.579816	0.583141	-0.116034	-0.233291	0.003324	-0.349325

Summary
Total Pg           : 3.188032
Total Qg           : -1.438329
Total Load P       : 3.150000
Total Load Q       : 1.150000
Total Active Loss  : 0.037655
Total Reactive Loss: -2.588164
Total Load Supplied: 100.011984%

========================================================================================================================
Update time: 2026-06-11 02:50:55
Iteration: 325
rho: 120
alpha: 0.01
objective_value: 4.09984201898
feasible: False
max_abs_h: 1.764912773015e-04
l2_norm_h: 3.554771560208e-04
lambda_inf_norm: 1.424672251551e+00
lambda_l2_norm: 7.208242242948e+00
------------------------------------------------------------------------------------------------------------------------
Bus Results
BusID	V_R		V_I		Vmag		Pg		Qg		Pl		Ql
1	1.000176	-0.000064	1.000176	0.872107	-0.574811	0.000000	0.000000
2	1.042662	0.068732	1.044928	1.160319	-0.352504	0.000000	0.000000
3	1.040991	0.080299	1.044086	1.155574	-0.511205	0.000000	0.000000
4	1.033274	-0.050280	1.034498	0.000000	0.000000	0.000000	0.000000
5	1.047969	-0.080554	1.051062	0.000000	0.000000	0.900000	0.300000
6	1.074586	0.017840	1.074736	0.000000	0.000000	0.000000	0.000000
7	1.067376	-0.031580	1.067846	0.000000	0.000000	1.000000	0.350000
8	1.068266	0.000867	1.068268	0.000000	0.000000	0.000000	0.000000
9	1.028990	-0.098474	1.033693	0.000000	0.000000	1.250000	0.500000

Branch Results
LineID	From	To	Pik		Pki		Qik		Qki		LossP		LossQ
1	1	4	0.872012	-0.871854	-0.574796	0.637534	0.000158	0.062737
2	4	5	0.288642	-0.286308	-0.404052	0.072229	0.002334	-0.331823
3	5	6	-0.613757	0.627173	-0.372186	-0.378821	0.013416	-0.751007
4	3	6	1.155588	-1.155566	-0.511205	0.597024	0.000022	0.085819
5	6	7	0.528355	-0.525400	-0.218190	-0.237159	0.002956	-0.455349
6	7	8	-0.474639	0.476411	-0.112831	-0.212693	0.001772	-0.325524
7	8	2	-1.160298	1.160323	0.436683	-0.352506	0.000025	0.084177
8	8	9	0.683859	-0.670233	-0.223987	-0.384057	0.013626	-0.608044
9	9	4	-0.579821	0.583142	-0.115898	-0.233436	0.003321	-0.349333

Summary
Total Pg           : 3.188001
Total Qg           : -1.438519
Total Load P       : 3.150000
Total Load Q       : 1.150000
Total Active Loss  : 0.037629
Total Reactive Loss: -2.588346
Total Load Supplied: 100.011794%

========================================================================================================================
Update time: 2026-06-11 02:53:09
Iteration: 326
rho: 120
alpha: 0.01
objective_value: 4.09986176803
feasible: False
max_abs_h: 2.033773196930e-04
l2_norm_h: 3.661700177089e-04
lambda_inf_norm: 1.424671558547e+00
lambda_l2_norm: 7.208239997087e+00
------------------------------------------------------------------------------------------------------------------------
Bus Results
BusID	V_R		V_I		Vmag		Pg		Qg		Pl		Ql
1	1.000203	0.000002	1.000203	0.872091	-0.575068	0.000000	0.000000
2	1.042736	0.068790	1.045005	1.160294	-0.352405	0.000000	0.000000
3	1.041033	0.080371	1.044133	1.155630	-0.511337	0.000000	0.000000
4	1.033318	-0.050210	1.034538	0.000000	0.000000	0.000000	0.000000
5	1.048022	-0.080481	1.051110	0.000000	0.000000	0.900000	0.300000
6	1.074638	0.017914	1.074789	0.000000	0.000000	0.000000	0.000000
7	1.067443	-0.031509	1.067910	0.000000	0.000000	1.000000	0.350000
8	1.068335	0.000933	1.068338	0.000000	0.000000	0.000000	0.000000
9	1.029052	-0.098403	1.033747	0.000000	0.000000	1.250000	0.500000

Branch Results
LineID	From	To	Pik		Pki		Qik		Qki		LossP		LossQ
1	1	4	0.871996	-0.871832	-0.575054	0.637804	0.000165	0.062750
2	4	5	0.288620	-0.286280	-0.404146	0.072296	0.002340	-0.331850
3	5	6	-0.613786	0.627200	-0.372256	-0.378822	0.013414	-0.751078
4	3	6	1.155645	-1.155625	-0.511340	0.597167	0.000020	0.085828
5	6	7	0.528390	-0.525438	-0.218332	-0.237065	0.002952	-0.455397
6	7	8	-0.474598	0.476368	-0.112927	-0.212640	0.001769	-0.325568
7	8	2	-1.160272	1.160298	0.436563	-0.352407	0.000026	0.084156
8	8	9	0.683876	-0.670245	-0.223920	-0.384201	0.013630	-0.608121
9	9	4	-0.579810	0.583140	-0.115756	-0.233613	0.003330	-0.349369

Summary
Total Pg           : 3.188016
Total Qg           : -1.438810
Total Load P       : 3.150000
Total Load Q       : 1.150000
Total Active Loss  : 0.037646
Total Reactive Loss: -2.588650
Total Load Supplied: 100.011744%

========================================================================================================================
Update time: 2026-06-11 02:55:22
Iteration: 327
rho: 120
alpha: 0.01
objective_value: 4.09989917203
feasible: False
max_abs_h: 1.714081270781e-04
l2_norm_h: 3.557000738284e-04
lambda_inf_norm: 1.424670864093e+00
lambda_l2_norm: 7.208237698814e+00
------------------------------------------------------------------------------------------------------------------------
Bus Results
BusID	V_R		V_I		Vmag		Pg		Qg		Pl		Ql
1	1.000171	0.000012	1.000172	0.872041	-0.575338	0.000000	0.000000
2	1.042770	0.068791	1.045039	1.160277	-0.352250	0.000000	0.000000
3	1.041051	0.080386	1.044153	1.155727	-0.511297	0.000000	0.000000
4	1.033303	-0.050199	1.034523	0.000000	0.000000	0.000000	0.000000
5	1.048019	-0.080470	1.051106	0.000000	0.000000	0.900000	0.300000
6	1.074654	0.017926	1.074806	0.000000	0.000000	0.000000	0.000000
7	1.067465	-0.031501	1.067932	0.000000	0.000000	1.000000	0.350000
8	1.068359	0.000937	1.068362	0.000000	0.000000	0.000000	0.000000
9	1.029051	-0.098394	1.033746	0.000000	0.000000	1.250000	0.500000

Branch Results
LineID	From	To	Pik		Pki		Qik		Qki		LossP		LossQ
1	1	4	0.871947	-0.871782	-0.575323	0.638088	0.000165	0.062765
2	4	5	0.288584	-0.286244	-0.404262	0.072418	0.002340	-0.331844
3	5	6	-0.613822	0.627240	-0.372374	-0.378714	0.013417	-0.751089
4	3	6	1.155740	-1.155716	-0.511299	0.597130	0.000024	0.085831
5	6	7	0.528439	-0.525481	-0.218399	-0.237017	0.002957	-0.455416
6	7	8	-0.474557	0.476329	-0.112973	-0.212616	0.001772	-0.325589
7	8	2	-1.160253	1.160281	0.436392	-0.352252	0.000028	0.084140
8	8	9	0.683893	-0.670260	-0.223771	-0.384365	0.013633	-0.608137
9	9	4	-0.579798	0.583128	-0.115588	-0.233780	0.003330	-0.349368

Summary
Total Pg           : 3.188045
Total Qg           : -1.438885
Total Load P       : 3.150000
Total Load Q       : 1.150000
Total Active Loss  : 0.037667
Total Reactive Loss: -2.588707
Total Load Supplied: 100.012014%

========================================================================================================================
Update time: 2026-06-11 02:57:38
Iteration: 328
rho: 120
alpha: 0.01
objective_value: 4.09979116751
feasible: False
max_abs_h: 2.093785886659e-04
l2_norm_h: 3.706753487115e-04
lambda_inf_norm: 1.424670216423e+00
lambda_l2_norm: 7.208235548415e+00
------------------------------------------------------------------------------------------------------------------------
Bus Results
BusID	V_R		V_I		Vmag		Pg		Qg		Pl		Ql
1	1.000209	0.000097	1.000209	0.871956	-0.575698	0.000000	0.000000
2	1.042871	0.068869	1.045144	1.160226	-0.352149	0.000000	0.000000
3	1.041121	0.080479	1.044228	1.155786	-0.511416	0.000000	0.000000
4	1.033365	-0.050104	1.034580	0.000000	0.000000	0.000000	0.000000
5	1.048096	-0.080370	1.051174	0.000000	0.000000	0.900000	0.300000
6	1.074734	0.018023	1.074887	0.000000	0.000000	0.000000	0.000000
7	1.067561	-0.031406	1.068024	0.000000	0.000000	1.000000	0.350000
8	1.068456	0.001026	1.068458	0.000000	0.000000	0.000000	0.000000
9	1.029136	-0.098298	1.033821	0.000000	0.000000	1.250000	0.500000

Branch Results
LineID	From	To	Pik		Pki		Qik		Qki		LossP		LossQ
1	1	4	0.871861	-0.871700	-0.575684	0.638465	0.000161	0.062781
2	4	5	0.288534	-0.286202	-0.404406	0.072534	0.002332	-0.331872
3	5	6	-0.613860	0.627270	-0.372499	-0.378689	0.013410	-0.751188
4	3	6	1.155801	-1.155773	-0.511417	0.597252	0.000028	0.085835
5	6	7	0.528470	-0.525523	-0.218554	-0.236929	0.002948	-0.455483
6	7	8	-0.474511	0.476273	-0.113065	-0.212584	0.001762	-0.325649
7	8	2	-1.160203	1.160229	0.436267	-0.352152	0.000026	0.084115
8	8	9	0.683904	-0.670278	-0.223681	-0.384564	0.013626	-0.608245
9	9	4	-0.579777	0.583099	-0.115397	-0.234014	0.003322	-0.349411

Summary
Total Pg           : 3.187969
Total Qg           : -1.439263
Total Load P       : 3.150000
Total Load Q       : 1.150000
Total Active Loss  : 0.037614
Total Reactive Loss: -2.589117
Total Load Supplied: 100.011255%

========================================================================================================================
Update time: 2026-06-11 02:59:54
Iteration: 329
rho: 120
alpha: 0.01
objective_value: 4.0998021404
feasible: False
max_abs_h: 2.309286012201e-04
l2_norm_h: 3.748232656045e-04
lambda_inf_norm: 1.424669571413e+00
lambda_l2_norm: 7.208233379996e+00
------------------------------------------------------------------------------------------------------------------------
Bus Results
BusID	V_R		V_I		Vmag		Pg		Qg		Pl		Ql
1	1.000231	-0.000016	1.000231	0.871955	-0.576091	0.000000	0.000000
2	1.042970	0.068731	1.045235	1.160218	-0.352061	0.000000	0.000000
3	1.041193	0.080347	1.044291	1.155803	-0.511565	0.000000	0.000000
4	1.033403	-0.050219	1.034623	0.000000	0.000000	0.000000	0.000000
5	1.048143	-0.080490	1.051230	0.000000	0.000000	0.900000	0.300000
6	1.074804	0.017890	1.074955	0.000000	0.000000	0.000000	0.000000
7	1.067636	-0.031538	1.068104	0.000000	0.000000	1.000000	0.350000
8	1.068538	0.000890	1.068540	0.000000	0.000000	0.000000	0.000000
9	1.029187	-0.098414	1.033883	0.000000	0.000000	1.250000	0.500000

Branch Results
LineID	From	To	Pik		Pki		Qik		Qki		LossP		LossQ
1	1	4	0.871860	-0.871702	-0.576077	0.638880	0.000158	0.062803
2	4	5	0.288535	-0.286206	-0.404581	0.072674	0.002329	-0.331907
3	5	6	-0.613854	0.627263	-0.372633	-0.378672	0.013408	-0.751305
4	3	6	1.155817	-1.155794	-0.511567	0.597399	0.000024	0.085832
5	6	7	0.528495	-0.525539	-0.218710	-0.236852	0.002956	-0.455562
6	7	8	-0.474500	0.476270	-0.113139	-0.212570	0.001770	-0.325709
7	8	2	-1.160196	1.160222	0.436159	-0.352063	0.000026	0.084096
8	8	9	0.683896	-0.670270	-0.223586	-0.384760	0.013626	-0.608346
9	9	4	-0.579784	0.583102	-0.115197	-0.234255	0.003318	-0.349452

Summary
Total Pg           : 3.187977
Total Qg           : -1.439716
Total Load P       : 3.150000
Total Load Q       : 1.150000
Total Active Loss  : 0.037616
Total Reactive Loss: -2.589550
Total Load Supplied: 100.011444%

========================================================================================================================
Update time: 2026-06-11 03:02:08
Iteration: 330
rho: 120
alpha: 0.01
objective_value: 4.09982896796
feasible: False
max_abs_h: 2.142439876101e-04
l2_norm_h: 3.745544583157e-04
lambda_inf_norm: 1.424668907548e+00
lambda_l2_norm: 7.208231172982e+00
------------------------------------------------------------------------------------------------------------------------
Bus Results
BusID	V_R		V_I		Vmag		Pg		Qg		Pl		Ql
1	1.000214	0.000003	1.000214	0.871985	-0.576326	0.000000	0.000000
2	1.043004	0.068726	1.045268	1.160129	-0.351929	0.000000	0.000000
3	1.041209	0.080364	1.044308	1.155882	-0.511552	0.000000	0.000000
4	1.033401	-0.050202	1.034621	0.000000	0.000000	0.000000	0.000000
5	1.048150	-0.080474	1.051236	0.000000	0.000000	0.900000	0.300000
6	1.074820	0.017904	1.074972	0.000000	0.000000	0.000000	0.000000
7	1.067658	-0.031530	1.068126	0.000000	0.000000	1.000000	0.350000
8	1.068563	0.000892	1.068565	0.000000	0.000000	0.000000	0.000000
9	1.029196	-0.098402	1.033891	0.000000	0.000000	1.250000	0.500000

Branch Results
LineID	From	To	Pik		Pki		Qik		Qki		LossP		LossQ
1	1	4	0.871890	-0.871731	-0.576311	0.639126	0.000159	0.062815
2	4	5	0.288528	-0.286196	-0.404675	0.072758	0.002333	-0.331917
3	5	6	-0.613866	0.627278	-0.372711	-0.378612	0.013412	-0.751323
4	3	6	1.155896	-1.155878	-0.511554	0.597396	0.000018	0.085842
5	6	7	0.528565	-0.525608	-0.218771	-0.236795	0.002957	-0.455566
6	7	8	-0.474430	0.476200	-0.113200	-0.212520	0.001770	-0.325720
7	8	2	-1.160101	1.160132	0.436008	-0.351933	0.000031	0.084075
8	8	9	0.683871	-0.670239	-0.223488	-0.384889	0.013632	-0.608378
9	9	4	-0.579816	0.583136	-0.115062	-0.234399	0.003320	-0.349461

Summary
Total Pg           : 3.187996
Total Qg           : -1.439807
Total Load P       : 3.150000
Total Load Q       : 1.150000
Total Active Loss  : 0.037631
Total Reactive Loss: -2.589632
Total Load Supplied: 100.011592%

========================================================================================================================
Update time: 2026-06-11 03:04:24
Iteration: 331
rho: 120
alpha: 0.01
objective_value: 4.09988251896
feasible: False
max_abs_h: 2.319760358238e-04
l2_norm_h: 3.792112759525e-04
lambda_inf_norm: 1.424668252619e+00
lambda_l2_norm: 7.208228889788e+00
------------------------------------------------------------------------------------------------------------------------
Bus Results
BusID	V_R		V_I		Vmag		Pg		Qg		Pl		Ql
1	1.000232	0.000011	1.000232	0.872058	-0.576597	0.000000	0.000000
2	1.043085	0.068701	1.045347	1.160075	-0.351834	0.000000	0.000000
3	1.041263	0.080348	1.044360	1.155901	-0.511661	0.000000	0.000000
4	1.033435	-0.050198	1.034654	0.000000	0.000000	0.000000	0.000000
5	1.048193	-0.080474	1.051279	0.000000	0.000000	0.900000	0.300000
6	1.074877	0.017890	1.075028	0.000000	0.000000	0.000000	0.000000
7	1.067725	-0.031545	1.068193	0.000000	0.000000	1.000000	0.350000
8	1.068633	0.000874	1.068636	0.000000	0.000000	0.000000	0.000000
9	1.029245	-0.098402	1.033940	0.000000	0.000000	1.250000	0.500000

Branch Results
LineID	From	To	Pik		Pki		Qik		Qki		LossP		LossQ
1	1	4	0.871963	-0.871805	-0.576584	0.639433	0.000157	0.062849
2	4	5	0.288565	-0.286230	-0.404797	0.072879	0.002335	-0.331918
3	5	6	-0.613834	0.627250	-0.372840	-0.378567	0.013416	-0.751407
4	3	6	1.155914	-1.155885	-0.511663	0.597501	0.000029	0.085837
5	6	7	0.528595	-0.525631	-0.218917	-0.236715	0.002964	-0.455632
6	7	8	-0.474412	0.476189	-0.113276	-0.212501	0.001777	-0.325776
7	8	2	-1.160047	1.160078	0.435885	-0.351835	0.000031	0.084050
8	8	9	0.683826	-0.670199	-0.223380	-0.385081	0.013626	-0.608461
9	9	4	-0.579855	0.583175	-0.114878	-0.234593	0.003320	-0.349471

Summary
Total Pg           : 3.188034
Total Qg           : -1.440092
Total Load P       : 3.150000
Total Load Q       : 1.150000
Total Active Loss  : 0.037656
Total Reactive Loss: -2.589930
Total Load Supplied: 100.011997%

========================================================================================================================
Update time: 2026-06-11 03:06:40
Iteration: 332
rho: 120
alpha: 0.01
objective_value: 4.09987358158
feasible: False
max_abs_h: 2.088288146713e-04
l2_norm_h: 3.691526408319e-04
lambda_inf_norm: 1.424667606442e+00
lambda_l2_norm: 7.208226618197e+00
------------------------------------------------------------------------------------------------------------------------
Bus Results
BusID	V_R		V_I		Vmag		Pg		Qg		Pl		Ql
1	1.000209	-0.000040	1.000209	0.872077	-0.576882	0.000000	0.000000
2	1.043149	0.068630	1.045407	1.160095	-0.351546	0.000000	0.000000
3	1.041272	0.080275	1.044364	1.155854	-0.511803	0.000000	0.000000
4	1.033426	-0.050253	1.034648	0.000000	0.000000	0.000000	0.000000
5	1.048190	-0.080534	1.051281	0.000000	0.000000	0.900000	0.300000
6	1.074890	0.017819	1.075040	0.000000	0.000000	0.000000	0.000000
7	1.067753	-0.031615	1.068223	0.000000	0.000000	1.000000	0.350000
8	1.068674	0.000803	1.068676	0.000000	0.000000	0.000000	0.000000
9	1.029251	-0.098460	1.033952	0.000000	0.000000	1.250000	0.500000

Branch Results
LineID	From	To	Pik		Pki		Qik		Qki		LossP		LossQ
1	1	4	0.871982	-0.871832	-0.576867	0.639739	0.000150	0.062871
2	4	5	0.288591	-0.286261	-0.404887	0.072966	0.002330	-0.331921
3	5	6	-0.613800	0.627215	-0.372921	-0.378510	0.013415	-0.751431
4	3	6	1.155867	-1.155831	-0.511805	0.597641	0.000037	0.085836
5	6	7	0.528574	-0.525609	-0.219113	-0.236542	0.002965	-0.455656
6	7	8	-0.474433	0.476207	-0.113447	-0.212355	0.001773	-0.325802
7	8	2	-1.160062	1.160098	0.435572	-0.351546	0.000036	0.084026
8	8	9	0.683823	-0.670194	-0.223212	-0.385286	0.013629	-0.608498
9	9	4	-0.579861	0.583179	-0.114670	-0.234807	0.003318	-0.349477

Summary
Total Pg           : 3.188026
Total Qg           : -1.440231
Total Load P       : 3.150000
Total Load Q       : 1.150000
Total Active Loss  : 0.037652
Total Reactive Loss: -2.590052
Total Load Supplied: 100.011877%

========================================================================================================================
Update time: 2026-06-11 03:08:53
Iteration: 333
rho: 120
alpha: 0.01
objective_value: 4.09990074473
feasible: False
max_abs_h: 2.190289313475e-04
l2_norm_h: 3.832854741764e-04
lambda_inf_norm: 1.424666915538e+00
lambda_l2_norm: 7.208224306839e+00
------------------------------------------------------------------------------------------------------------------------
Bus Results
BusID	V_R		V_I		Vmag		Pg		Qg		Pl		Ql
1	1.000219	-0.000072	1.000219	0.872178	-0.577075	0.000000	0.000000
2	1.043212	0.068563	1.045465	1.159991	-0.351404	0.000000	0.000000
3	1.041300	0.080228	1.044389	1.155874	-0.511900	0.000000	0.000000
4	1.033445	-0.050290	1.034669	0.000000	0.000000	0.000000	0.000000
5	1.048211	-0.080575	1.051305	0.000000	0.000000	0.900000	0.300000
6	1.074920	0.017771	1.075069	0.000000	0.000000	0.000000	0.000000
7	1.067792	-0.031668	1.068264	0.000000	0.000000	1.000000	0.350000
8	1.068722	0.000744	1.068724	0.000000	0.000000	0.000000	0.000000
9	1.029281	-0.098503	1.033985	0.000000	0.000000	1.250000	0.500000

Branch Results
LineID	From	To	Pik		Pki		Qik		Qki		LossP		LossQ
1	1	4	0.872084	-0.871925	-0.577061	0.639952	0.000159	0.062891
2	4	5	0.288624	-0.286282	-0.404942	0.073014	0.002342	-0.331927
3	5	6	-0.613784	0.627196	-0.372975	-0.378492	0.013413	-0.751467
4	3	6	1.155888	-1.155862	-0.511902	0.597751	0.000025	0.085849
5	6	7	0.528628	-0.525664	-0.219248	-0.236426	0.002963	-0.455673
6	7	8	-0.474378	0.476155	-0.113567	-0.212266	0.001777	-0.325833
7	8	2	-1.159966	1.159994	0.435404	-0.351405	0.000028	0.083999
8	8	9	0.683779	-0.670151	-0.223134	-0.385429	0.013627	-0.608562
9	9	4	-0.579905	0.583232	-0.114527	-0.234966	0.003327	-0.349493

Summary
Total Pg           : 3.188044
Total Qg           : -1.440379
Total Load P       : 3.150000
Total Load Q       : 1.150000
Total Active Loss  : 0.037662
Total Reactive Loss: -2.590215
Total Load Supplied: 100.012112%

========================================================================================================================
Update time: 2026-06-11 03:11:09
Iteration: 334
rho: 120
alpha: 0.01
objective_value: 4.09994849848
feasible: False
max_abs_h: 2.374456947452e-04
l2_norm_h: 3.952284164904e-04
lambda_inf_norm: 1.424666229509e+00
lambda_l2_norm: 7.208221926514e+00
------------------------------------------------------------------------------------------------------------------------
Bus Results
BusID	V_R		V_I		Vmag		Pg		Qg		Pl		Ql
1	1.000237	-0.000008	1.000237	0.872246	-0.577350	0.000000	0.000000
2	1.043281	0.068602	1.045536	1.159936	-0.351303	0.000000	0.000000
3	1.041335	0.080281	1.044428	1.155895	-0.512058	0.000000	0.000000
4	1.033482	-0.050227	1.034702	0.000000	0.000000	0.000000	0.000000
5	1.048258	-0.080513	1.051346	0.000000	0.000000	0.900000	0.300000
6	1.074965	0.017826	1.075115	0.000000	0.000000	0.000000	0.000000
7	1.067852	-0.031615	1.068322	0.000000	0.000000	1.000000	0.350000
8	1.068785	0.000792	1.068787	0.000000	0.000000	0.000000	0.000000
9	1.029334	-0.098443	1.034032	0.000000	0.000000	1.250000	0.500000

Branch Results
LineID	From	To	Pik		Pki		Qik		Qki		LossP		LossQ
1	1	4	0.872151	-0.871978	-0.577335	0.640245	0.000173	0.062909
2	4	5	0.288641	-0.286299	-0.405049	0.073095	0.002342	-0.331953
3	5	6	-0.613766	0.627178	-0.373052	-0.378495	0.013412	-0.751546
4	3	6	1.155909	-1.155885	-0.512060	0.597912	0.000024	0.085852
5	6	7	0.528668	-0.525702	-0.219402	-0.236324	0.002966	-0.455726
6	7	8	-0.474342	0.476120	-0.113665	-0.212214	0.001778	-0.325879
7	8	2	-1.159900	1.159938	0.435277	-0.351305	0.000038	0.083972
8	8	9	0.683746	-0.670121	-0.223059	-0.385583	0.013625	-0.608641
9	9	4	-0.579938	0.583266	-0.114372	-0.235149	0.003328	-0.349521

Summary
Total Pg           : 3.188077
Total Qg           : -1.440710
Total Load P       : 3.150000
Total Load Q       : 1.150000
Total Active Loss  : 0.037687
Total Reactive Loss: -2.590535
Total Load Supplied: 100.012368%

========================================================================================================================
Update time: 2026-06-11 03:13:23
Iteration: 335
rho: 120
alpha: 0.01
objective_value: 4.09995082274
feasible: False
max_abs_h: 2.256421394644e-04
l2_norm_h: 3.900066488436e-04
lambda_inf_norm: 1.424665517324e+00
lambda_l2_norm: 7.208219542120e+00
------------------------------------------------------------------------------------------------------------------------
Bus Results
BusID	V_R		V_I		Vmag		Pg		Qg		Pl		Ql
1	1.000226	0.000026	1.000226	0.872186	-0.577586	0.000000	0.000000
2	1.043326	0.068633	1.045583	1.159905	-0.351145	0.000000	0.000000
3	1.041359	0.080327	1.044455	1.155990	-0.512053	0.000000	0.000000
4	1.033486	-0.050189	1.034705	0.000000	0.000000	0.000000	0.000000
5	1.048272	-0.080473	1.051358	0.000000	0.000000	0.900000	0.300000
6	1.074991	0.017870	1.075142	0.000000	0.000000	0.000000	0.000000
7	1.067887	-0.031575	1.068356	0.000000	0.000000	1.000000	0.350000
8	1.068821	0.000827	1.068824	0.000000	0.000000	0.000000	0.000000
9	1.029352	-0.098406	1.034047	0.000000	0.000000	1.250000	0.500000

Branch Results
LineID	From	To	Pik		Pki		Qik		Qki		LossP		LossQ
1	1	4	0.872091	-0.871923	-0.577572	0.640493	0.000167	0.062921
2	4	5	0.288601	-0.286251	-0.405145	0.073188	0.002350	-0.331957
3	5	6	-0.613818	0.627233	-0.373145	-0.378418	0.013416	-0.751564
4	3	6	1.156004	-1.155978	-0.512055	0.597912	0.000026	0.085857
5	6	7	0.528706	-0.525744	-0.219481	-0.236265	0.002961	-0.455746
6	7	8	-0.474296	0.476069	-0.113727	-0.212172	0.001773	-0.325899
7	8	2	-1.159878	1.159908	0.435110	-0.351146	0.000030	0.083964
8	8	9	0.683777	-0.670148	-0.222936	-0.385730	0.013629	-0.608666
9	9	4	-0.579913	0.583249	-0.114227	-0.235301	0.003336	-0.349528

Summary
Total Pg           : 3.188081
Total Qg           : -1.440784
Total Load P       : 3.150000
Total Load Q       : 1.150000
Total Active Loss  : 0.037689
Total Reactive Loss: -2.590617
Total Load Supplied: 100.012449%

========================================================================================================================
Update time: 2026-06-11 03:15:42
Iteration: 336
rho: 120
alpha: 0.01
objective_value: 4.09989826576
feasible: False
max_abs_h: 2.263449143840e-04
l2_norm_h: 3.802963893410e-04
lambda_inf_norm: 1.424664831672e+00
lambda_l2_norm: 7.208217229654e+00
------------------------------------------------------------------------------------------------------------------------
Bus Results
BusID	V_R		V_I		Vmag		Pg		Qg		Pl		Ql
1	1.000226	-0.000009	1.000226	0.872193	-0.577868	0.000000	0.000000
2	1.043401	0.068571	1.045654	1.159856	-0.350952	0.000000	0.000000
3	1.041395	0.080275	1.044487	1.155993	-0.512171	0.000000	0.000000
4	1.033501	-0.050226	1.034722	0.000000	0.000000	0.000000	0.000000
5	1.048295	-0.080513	1.051384	0.000000	0.000000	0.900000	0.300000
6	1.075029	0.017819	1.075179	0.000000	0.000000	0.000000	0.000000
7	1.067936	-0.031628	1.068406	0.000000	0.000000	1.000000	0.350000
8	1.068879	0.000771	1.068881	0.000000	0.000000	0.000000	0.000000
9	1.029382	-0.098446	1.034080	0.000000	0.000000	1.250000	0.500000

Branch Results
LineID	From	To	Pik		Pki		Qik		Qki		LossP		LossQ
1	1	4	0.872098	-0.871937	-0.577853	0.640799	0.000161	0.062946
2	4	5	0.288606	-0.286263	-0.405254	0.073290	0.002343	-0.331964
3	5	6	-0.613801	0.627208	-0.373248	-0.378375	0.013407	-0.751623
4	3	6	1.156007	-1.155977	-0.512173	0.598031	0.000030	0.085857
5	6	7	0.528731	-0.525769	-0.219641	-0.236144	0.002963	-0.455785
6	7	8	-0.474274	0.476048	-0.113848	-0.212086	0.001775	-0.325935
7	8	2	-1.159830	1.159859	0.434892	-0.350954	0.000029	0.083938
8	8	9	0.683750	-0.670124	-0.222804	-0.385922	0.013626	-0.608726
9	9	4	-0.579933	0.583262	-0.114037	-0.235501	0.003329	-0.349538

Summary
Total Pg           : 3.188042
Total Qg           : -1.440991
Total Load P       : 3.150000
Total Load Q       : 1.150000
Total Active Loss  : 0.037661
Total Reactive Loss: -2.590829
Total Load Supplied: 100.012093%

========================================================================================================================
Update time: 2026-06-11 03:17:58
Iteration: 337
rho: 120
alpha: 0.01
objective_value: 4.09992016824
feasible: False
max_abs_h: 2.038461662626e-04
l2_norm_h: 3.911678018830e-04
lambda_inf_norm: 1.424664125740e+00
lambda_l2_norm: 7.208214885795e+00
------------------------------------------------------------------------------------------------------------------------
Bus Results
BusID	V_R		V_I		Vmag		Pg		Qg		Pl		Ql
1	1.000204	0.000071	1.000204	0.872207	-0.577957	0.000000	0.000000
2	1.043411	0.068652	1.045670	1.159860	-0.350739	0.000000	0.000000
3	1.041354	0.080361	1.044453	1.155991	-0.512325	0.000000	0.000000
4	1.033488	-0.050145	1.034705	0.000000	0.000000	0.000000	0.000000
5	1.048281	-0.080431	1.051364	0.000000	0.000000	0.900000	0.300000
6	1.075003	0.017907	1.075155	0.000000	0.000000	0.000000	0.000000
7	1.067929	-0.031543	1.068398	0.000000	0.000000	1.000000	0.350000
8	1.068881	0.000853	1.068884	0.000000	0.000000	0.000000	0.000000
9	1.029380	-0.098366	1.034071	0.000000	0.000000	1.250000	0.500000

Branch Results
LineID	From	To	Pik		Pki		Qik		Qki		LossP		LossQ
1	1	4	0.872113	-0.871949	-0.577941	0.640886	0.000164	0.062944
2	4	5	0.288618	-0.286269	-0.405227	0.073257	0.002349	-0.331971
3	5	6	-0.613798	0.627209	-0.373207	-0.378386	0.013411	-0.751593
4	3	6	1.156005	-1.155979	-0.512327	0.598200	0.000026	0.085872
5	6	7	0.528732	-0.525772	-0.219799	-0.235975	0.002960	-0.455774
6	7	8	-0.474268	0.476039	-0.114015	-0.211926	0.001771	-0.325941
7	8	2	-1.159834	1.159863	0.434665	-0.350741	0.000029	0.083924
8	8	9	0.683763	-0.670137	-0.222733	-0.385999	0.013627	-0.608732
9	9	4	-0.579922	0.583257	-0.113950	-0.235602	0.003335	-0.349552

Summary
Total Pg           : 3.188058
Total Qg           : -1.441022
Total Load P       : 3.150000
Total Load Q       : 1.150000
Total Active Loss  : 0.037672
Total Reactive Loss: -2.590823
Total Load Supplied: 100.012243%

========================================================================================================================
Update time: 2026-06-11 03:20:11
Iteration: 338
rho: 120
alpha: 0.01
objective_value: 4.09984340902
feasible: False
max_abs_h: 2.337418677039e-04
l2_norm_h: 3.827685766655e-04
lambda_inf_norm: 1.424663428330e+00
lambda_l2_norm: 7.208212647100e+00
------------------------------------------------------------------------------------------------------------------------
Bus Results
BusID	V_R		V_I		Vmag		Pg		Qg		Pl		Ql
1	1.000234	0.000017	1.000233	0.872116	-0.578310	0.000000	0.000000
2	1.043521	0.068593	1.045775	1.159892	-0.350600	0.000000	0.000000
3	1.041436	0.080303	1.044529	1.155996	-0.512429	0.000000	0.000000
4	1.033535	-0.050194	1.034754	0.000000	0.000000	0.000000	0.000000
5	1.048341	-0.080479	1.051427	0.000000	0.000000	0.900000	0.300000
6	1.075085	0.017852	1.075235	0.000000	0.000000	0.000000	0.000000
7	1.068019	-0.031595	1.068489	0.000000	0.000000	1.000000	0.350000
8	1.068976	0.000797	1.068978	0.000000	0.000000	0.000000	0.000000
9	1.029444	-0.098412	1.034138	0.000000	0.000000	1.250000	0.500000

Branch Results
LineID	From	To	Pik		Pki		Qik		Qki		LossP		LossQ
1	1	4	0.872020	-0.871856	-0.578296	0.641261	0.000164	0.062965
2	4	5	0.288574	-0.286230	-0.405384	0.073399	0.002344	-0.331985
3	5	6	-0.613834	0.627236	-0.373358	-0.378337	0.013402	-0.751695
4	3	6	1.156011	-1.155991	-0.512430	0.598298	0.000020	0.085868
5	6	7	0.528721	-0.525772	-0.219948	-0.235902	0.002949	-0.455851
6	7	8	-0.474264	0.476027	-0.114092	-0.211903	0.001763	-0.325995
7	8	2	-1.159863	1.159895	0.434512	-0.350603	0.000032	0.083909
8	8	9	0.683807	-0.670179	-0.222607	-0.386212	0.013628	-0.608819
9	9	4	-0.579879	0.583211	-0.113746	-0.235831	0.003332	-0.349577

Summary
Total Pg           : 3.188004
Total Qg           : -1.441339
Total Load P       : 3.150000
Total Load Q       : 1.150000
Total Active Loss  : 0.037634
Total Reactive Loss: -2.591180
Total Load Supplied: 100.011732%

========================================================================================================================
Update time: 2026-06-11 03:22:27
Iteration: 339
rho: 120
alpha: 0.01
objective_value: 4.09977381236
feasible: False
max_abs_h: 2.735785364558e-04
l2_norm_h: 4.003621426052e-04
lambda_inf_norm: 1.424662775234e+00
lambda_l2_norm: 7.208210502189e+00
------------------------------------------------------------------------------------------------------------------------
Bus Results
BusID	V_R		V_I		Vmag		Pg		Qg		Pl		Ql
1	1.000274	0.000017	1.000273	0.872058	-0.578776	0.000000	0.000000
2	1.043640	0.068576	1.045892	1.159865	-0.350549	0.000000	0.000000
3	1.041529	0.080294	1.044621	1.156031	-0.512563	0.000000	0.000000
4	1.033601	-0.050189	1.034819	0.000000	0.000000	0.000000	0.000000
5	1.048422	-0.080474	1.051507	0.000000	0.000000	0.900000	0.300000
6	1.075181	0.017846	1.075331	0.000000	0.000000	0.000000	0.000000
7	1.068129	-0.031599	1.068598	0.000000	0.000000	1.000000	0.350000
8	1.069087	0.000788	1.069089	0.000000	0.000000	0.000000	0.000000
9	1.029533	-0.098406	1.034226	0.000000	0.000000	1.250000	0.500000

Branch Results
LineID	From	To	Pik		Pki		Qik		Qki		LossP		LossQ
1	1	4	0.871962	-0.871800	-0.578764	0.641756	0.000162	0.062992
2	4	5	0.288551	-0.286212	-0.405589	0.073565	0.002339	-0.332024
3	5	6	-0.613850	0.627248	-0.373528	-0.378302	0.013398	-0.751829
4	3	6	1.156045	-1.156023	-0.512565	0.598432	0.000022	0.085867
5	6	7	0.528741	-0.525787	-0.220120	-0.235826	0.002954	-0.455945
6	7	8	-0.474249	0.476011	-0.114165	-0.211914	0.001761	-0.326078
7	8	2	-1.159849	1.159869	0.434432	-0.350551	0.000020	0.083881
8	8	9	0.683811	-0.670192	-0.222514	-0.386446	0.013619	-0.608960
9	9	4	-0.579862	0.583182	-0.113512	-0.236123	0.003321	-0.349635

Summary
Total Pg           : 3.187955
Total Qg           : -1.441888
Total Load P       : 3.150000
Total Load Q       : 1.150000
Total Active Loss  : 0.037597
Total Reactive Loss: -2.591732
Total Load Supplied: 100.011367%

========================================================================================================================
Update time: 2026-06-11 03:24:41
Iteration: 340
rho: 120
alpha: 0.01
objective_value: 4.09983030909
feasible: False
max_abs_h: 2.552205485167e-04
l2_norm_h: 3.975724944493e-04
lambda_inf_norm: 1.424662101017e+00
lambda_l2_norm: 7.208208277147e+00
------------------------------------------------------------------------------------------------------------------------
Bus Results
BusID	V_R		V_I		Vmag		Pg		Qg		Pl		Ql
1	1.000255	0.000010	1.000255	0.872021	-0.579144	0.000000	0.000000
2	1.043708	0.068558	1.045960	1.159858	-0.350329	0.000000	0.000000
3	1.041564	0.080290	1.044656	1.156118	-0.512610	0.000000	0.000000
4	1.033604	-0.050195	1.034823	0.000000	0.000000	0.000000	0.000000
5	1.048438	-0.080480	1.051524	0.000000	0.000000	0.900000	0.300000
6	1.075218	0.017839	1.075368	0.000000	0.000000	0.000000	0.000000
7	1.068175	-0.031609	1.068645	0.000000	0.000000	1.000000	0.350000
8	1.069139	0.000774	1.069142	0.000000	0.000000	0.000000	0.000000
9	1.029554	-0.098413	1.034248	0.000000	0.000000	1.250000	0.500000

Branch Results
LineID	From	To	Pik		Pki		Qik		Qki		LossP		LossQ
1	1	4	0.871926	-0.871764	-0.579131	0.642139	0.000162	0.063009
2	4	5	0.288524	-0.286177	-0.405737	0.073702	0.002347	-0.332034
3	5	6	-0.613888	0.627295	-0.373659	-0.378214	0.013407	-0.751873
4	3	6	1.156132	-1.156112	-0.512611	0.598482	0.000020	0.085871
5	6	7	0.528782	-0.525829	-0.220255	-0.235728	0.002954	-0.455983
6	7	8	-0.474208	0.475970	-0.114263	-0.211847	0.001763	-0.326110
7	8	2	-1.159836	1.159862	0.434192	-0.350330	0.000026	0.083862
8	8	9	0.683837	-0.670214	-0.222343	-0.386660	0.013623	-0.609003
9	9	4	-0.579843	0.583171	-0.113295	-0.236356	0.003328	-0.349651

Summary
Total Pg           : 3.187998
Total Qg           : -1.442083
Total Load P       : 3.150000
Total Load Q       : 1.150000
Total Active Loss  : 0.037628
Total Reactive Loss: -2.591913
Total Load Supplied: 100.011722%

========================================================================================================================
Update time: 2026-06-11 03:27:00
Iteration: 341
rho: 120
alpha: 0.01
objective_value: 4.09990513512
feasible: False
max_abs_h: 2.130978309693e-04
l2_norm_h: 3.836273150983e-04
lambda_inf_norm: 1.424661416929e+00
lambda_l2_norm: 7.208205948035e+00
------------------------------------------------------------------------------------------------------------------------
Bus Results
BusID	V_R		V_I		Vmag		Pg		Qg		Pl		Ql
1	1.000213	0.000009	1.000214	0.872085	-0.579294	0.000000	0.000000
2	1.043719	0.068532	1.045969	1.159806	-0.350130	0.000000	0.000000
3	1.041549	0.080278	1.044641	1.156160	-0.512601	0.000000	0.000000
4	1.033571	-0.050201	1.034791	0.000000	0.000000	0.000000	0.000000
5	1.048410	-0.080491	1.051497	0.000000	0.000000	0.900000	0.300000
6	1.075203	0.017824	1.075353	0.000000	0.000000	0.000000	0.000000
7	1.068166	-0.031630	1.068638	0.000000	0.000000	1.000000	0.350000
8	1.069136	0.000750	1.069139	0.000000	0.000000	0.000000	0.000000
9	1.029530	-0.098426	1.034226	0.000000	0.000000	1.250000	0.500000

Branch Results
LineID	From	To	Pik		Pki		Qik		Qki		LossP		LossQ
1	1	4	0.871990	-0.871826	-0.579279	0.642303	0.000164	0.063025
2	4	5	0.288548	-0.286199	-0.405785	0.073766	0.002349	-0.332019
3	5	6	-0.613868	0.627280	-0.373719	-0.378131	0.013411	-0.751850
4	3	6	1.156174	-1.156148	-0.512602	0.598477	0.000026	0.085875
5	6	7	0.528829	-0.525865	-0.220329	-0.235644	0.002964	-0.455973
6	7	8	-0.474176	0.475946	-0.114346	-0.211763	0.001770	-0.326110
7	8	2	-1.159781	1.159809	0.433978	-0.350132	0.000028	0.083846
8	8	9	0.683804	-0.670177	-0.222210	-0.386785	0.013627	-0.608996
9	9	4	-0.579880	0.583208	-0.113166	-0.236467	0.003329	-0.349633

Summary
Total Pg           : 3.188051
Total Qg           : -1.442026
Total Load P       : 3.150000
Total Load Q       : 1.150000
Total Active Loss  : 0.037667
Total Reactive Loss: -2.591836
Total Load Supplied: 100.012190%

========================================================================================================================
Update time: 2026-06-11 03:29:16
Iteration: 342
rho: 120
alpha: 0.01
objective_value: 4.09998211333
feasible: False
max_abs_h: 1.702612462724e-04
l2_norm_h: 3.681076843107e-04
lambda_inf_norm: 1.424660708443e+00
lambda_l2_norm: 7.208203512180e+00
------------------------------------------------------------------------------------------------------------------------
Bus Results
BusID	V_R		V_I		Vmag		Pg		Qg		Pl		Ql
1	1.000170	-0.000020	1.000171	0.872118	-0.579444	0.000000	0.000000
2	1.043745	0.068483	1.045992	1.159778	-0.349874	0.000000	0.000000
3	1.041536	0.080243	1.044626	1.156211	-0.512620	0.000000	0.000000
4	1.033537	-0.050236	1.034758	0.000000	0.000000	0.000000	0.000000
5	1.048379	-0.080528	1.051470	0.000000	0.000000	0.900000	0.300000
6	1.075190	0.017784	1.075340	0.000000	0.000000	0.000000	0.000000
7	1.068163	-0.031675	1.068636	0.000000	0.000000	1.000000	0.350000
8	1.069143	0.000702	1.069146	0.000000	0.000000	0.000000	0.000000
9	1.029506	-0.098465	1.034206	0.000000	0.000000	1.250000	0.500000

Branch Results
LineID	From	To	Pik		Pki		Qik		Qki		LossP		LossQ
1	1	4	0.872023	-0.871859	-0.579429	0.642472	0.000164	0.063043
2	4	5	0.288557	-0.286203	-0.405820	0.073828	0.002354	-0.331992
3	5	6	-0.613866	0.627284	-0.373782	-0.378035	0.013417	-0.751817
4	3	6	1.156225	-1.156198	-0.512621	0.598505	0.000027	0.085885
5	6	7	0.528872	-0.525903	-0.220453	-0.235513	0.002969	-0.455966
6	7	8	-0.474141	0.475919	-0.114474	-0.211648	0.001778	-0.326122
7	8	2	-1.159748	1.159781	0.433698	-0.349875	0.000032	0.083823
8	8	9	0.683794	-0.670163	-0.222042	-0.386946	0.013631	-0.608988
9	9	4	-0.579895	0.583229	-0.113005	-0.236603	0.003334	-0.349608

Summary
Total Pg           : 3.188107
Total Qg           : -1.441938
Total Load P       : 3.150000
Total Load Q       : 1.150000
Total Active Loss  : 0.037707
Total Reactive Loss: -2.591743
Total Load Supplied: 100.012704%

========================================================================================================================
Update time: 2026-06-11 03:31:29
Iteration: 343
rho: 120
alpha: 0.0103
objective_value: 4.09989246641
feasible: False
max_abs_h: 1.762965002836e-04
l2_norm_h: 3.617388310698e-04
lambda_inf_norm: 1.424660015053e+00
lambda_l2_norm: 7.208201200132e+00
------------------------------------------------------------------------------------------------------------------------
Bus Results
BusID	V_R		V_I		Vmag		Pg		Qg		Pl		Ql
1	1.000176	-0.000007	1.000175	0.872156	-0.579555	0.000000	0.000000
2	1.043786	0.068477	1.046031	1.159716	-0.349720	0.000000	0.000000
3	1.041539	0.080244	1.044627	1.156168	-0.512755	0.000000	0.000000
4	1.033550	-0.050225	1.034769	0.000000	0.000000	0.000000	0.000000
5	1.048393	-0.080519	1.051480	0.000000	0.000000	0.900000	0.300000
6	1.075200	0.017788	1.075348	0.000000	0.000000	0.000000	0.000000
7	1.068186	-0.031673	1.068656	0.000000	0.000000	1.000000	0.350000
8	1.069173	0.000701	1.069174	0.000000	0.000000	0.000000	0.000000
9	1.029527	-0.098457	1.034225	0.000000	0.000000	1.250000	0.500000

Branch Results
LineID	From	To	Pik		Pki		Qik		Qki		LossP		LossQ
1	1	4	0.872062	-0.871899	-0.579538	0.642588	0.000163	0.063050
2	4	5	0.288580	-0.286229	-0.405834	0.073834	0.002351	-0.332000
3	5	6	-0.613838	0.627248	-0.373788	-0.378047	0.013410	-0.751835
4	3	6	1.156183	-1.156157	-0.512756	0.598646	0.000027	0.085890
5	6	7	0.528870	-0.525909	-0.220581	-0.235391	0.002961	-0.455973
6	7	8	-0.474129	0.475897	-0.114598	-0.211537	0.001768	-0.326136
7	8	2	-1.159691	1.159720	0.433527	-0.349722	0.000029	0.083805
8	8	9	0.683764	-0.670139	-0.221984	-0.387038	0.013625	-0.609022
9	9	4	-0.579917	0.583248	-0.112914	-0.236704	0.003331	-0.349619

Summary
Total Pg           : 3.188040
Total Qg           : -1.442030
Total Load P       : 3.150000
Total Load Q       : 1.150000
Total Active Loss  : 0.037664
Total Reactive Loss: -2.591840
Total Load Supplied: 100.011927%

========================================================================================================================
Update time: 2026-06-11 03:33:45
Iteration: 344
rho: 120
alpha: 0.0103
objective_value: 4.09987893936
feasible: False
max_abs_h: 2.141095508106e-04
l2_norm_h: 3.692863053385e-04
lambda_inf_norm: 1.424659293286e+00
lambda_l2_norm: 7.208198835493e+00
------------------------------------------------------------------------------------------------------------------------
Bus Results
BusID	V_R		V_I		Vmag		Pg		Qg		Pl		Ql
1	1.000214	0.000036	1.000214	0.872074	-0.580025	0.000000	0.000000
2	1.043919	0.068511	1.046167	1.159721	-0.349552	0.000000	0.000000
3	1.041639	0.080288	1.044731	1.156238	-0.512853	0.000000	0.000000
4	1.033616	-0.050173	1.034834	0.000000	0.000000	0.000000	0.000000
5	1.048479	-0.080465	1.051563	0.000000	0.000000	0.900000	0.300000
6	1.075305	0.017836	1.075454	0.000000	0.000000	0.000000	0.000000
7	1.068306	-0.031624	1.068775	0.000000	0.000000	1.000000	0.350000
8	1.069295	0.000744	1.069297	0.000000	0.000000	0.000000	0.000000
9	1.029621	-0.098404	1.034313	0.000000	0.000000	1.250000	0.500000

Branch Results
LineID	From	To	Pik		Pki		Qik		Qki		LossP		LossQ
1	1	4	0.871978	-0.871812	-0.580013	0.643097	0.000165	0.063083
2	4	5	0.288528	-0.286178	-0.406049	0.074025	0.002350	-0.332023
3	5	6	-0.613888	0.627294	-0.373990	-0.377974	0.013406	-0.751964
4	3	6	1.156251	-1.156230	-0.512855	0.598746	0.000021	0.085890
5	6	7	0.528901	-0.525943	-0.220761	-0.235307	0.002958	-0.456068
6	7	8	-0.474096	0.475864	-0.114688	-0.211517	0.001768	-0.326205
7	8	2	-1.159698	1.159725	0.433337	-0.349554	0.000026	0.083783
8	8	9	0.683805	-0.670176	-0.221822	-0.387315	0.013629	-0.609137
9	9	4	-0.579882	0.583215	-0.112646	-0.237009	0.003332	-0.349655

Summary
Total Pg           : 3.188032
Total Qg           : -1.442431
Total Load P       : 3.150000
Total Load Q       : 1.150000
Total Active Loss  : 0.037655
Total Reactive Loss: -2.592296
Total Load Supplied: 100.011971%

========================================================================================================================
Update time: 2026-06-11 03:36:02
Iteration: 345
rho: 120
alpha: 0.0103
objective_value: 4.09989931755
feasible: False
max_abs_h: 1.904115209461e-04
l2_norm_h: 3.719436890853e-04
lambda_inf_norm: 1.424658568353e+00
lambda_l2_norm: 7.208196440680e+00
------------------------------------------------------------------------------------------------------------------------
Bus Results
BusID	V_R		V_I		Vmag		Pg		Qg		Pl		Ql
1	1.000190	0.000049	1.000191	0.872065	-0.580236	0.000000	0.000000
2	1.043937	0.068513	1.046185	1.159683	-0.349467	0.000000	0.000000
3	1.041642	0.080304	1.044735	1.156300	-0.512870	0.000000	0.000000
4	1.033606	-0.050161	1.034823	0.000000	0.000000	0.000000	0.000000
5	1.048475	-0.080453	1.051559	0.000000	0.000000	0.900000	0.300000
6	1.075309	0.017849	1.075459	0.000000	0.000000	0.000000	0.000000
7	1.068315	-0.031615	1.068786	0.000000	0.000000	1.000000	0.350000
8	1.069306	0.000749	1.069309	0.000000	0.000000	0.000000	0.000000
9	1.029620	-0.098394	1.034312	0.000000	0.000000	1.250000	0.500000

Branch Results
LineID	From	To	Pik		Pki		Qik		Qki		LossP		LossQ
1	1	4	0.871970	-0.871805	-0.580221	0.643310	0.000165	0.063089
2	4	5	0.288516	-0.286163	-0.406127	0.074091	0.002352	-0.332036
3	5	6	-0.613903	0.627312	-0.374047	-0.377927	0.013408	-0.751975
4	3	6	1.156314	-1.156290	-0.512871	0.598764	0.000024	0.085893
5	6	7	0.528941	-0.525980	-0.220823	-0.235256	0.002960	-0.456078
6	7	8	-0.474059	0.475826	-0.114736	-0.211487	0.001767	-0.326223
7	8	2	-1.159656	1.159686	0.433236	-0.349469	0.000030	0.083767
8	8	9	0.683798	-0.670173	-0.221744	-0.387415	0.013625	-0.609159
9	9	4	-0.579885	0.583218	-0.112538	-0.237133	0.003334	-0.349671

Summary
Total Pg           : 3.188048
Total Qg           : -1.442573
Total Load P       : 3.150000
Total Load Q       : 1.150000
Total Active Loss  : 0.037666
Total Reactive Loss: -2.592394
Total Load Supplied: 100.012136%

========================================================================================================================
Update time: 2026-06-11 03:38:17
Iteration: 346
rho: 120
alpha: 0.01
objective_value: 4.09983403933
feasible: False
max_abs_h: 2.352932619085e-04
l2_norm_h: 3.860256129480e-04
lambda_inf_norm: 1.424657853611e+00
lambda_l2_norm: 7.208194136490e+00
------------------------------------------------------------------------------------------------------------------------
Bus Results
BusID	V_R		V_I		Vmag		Pg		Qg		Pl		Ql
1	1.000235	0.000004	1.000235	0.871989	-0.580564	0.000000	0.000000
2	1.044042	0.068458	1.046286	1.159642	-0.349390	0.000000	0.000000
3	1.041713	0.080266	1.044803	1.156372	-0.513043	0.000000	0.000000
4	1.033666	-0.050200	1.034885	0.000000	0.000000	0.000000	0.000000
5	1.048544	-0.080489	1.051629	0.000000	0.000000	0.900000	0.300000
6	1.075386	0.017810	1.075535	0.000000	0.000000	0.000000	0.000000
7	1.068404	-0.031656	1.068875	0.000000	0.000000	1.000000	0.350000
8	1.069401	0.000701	1.069403	0.000000	0.000000	0.000000	0.000000
9	1.029695	-0.098431	1.034390	0.000000	0.000000	1.250000	0.500000

Branch Results
LineID	From	To	Pik		Pki		Qik		Qki		LossP		LossQ
1	1	4	0.871894	-0.871730	-0.580550	0.643649	0.000164	0.063099
2	4	5	0.288467	-0.286118	-0.406248	0.074174	0.002349	-0.332074
3	5	6	-0.613946	0.627347	-0.374133	-0.377946	0.013401	-0.752079
4	3	6	1.156386	-1.156366	-0.513046	0.598953	0.000020	0.085907
5	6	7	0.528985	-0.526032	-0.220996	-0.235151	0.002953	-0.456147
6	7	8	-0.474006	0.475770	-0.114842	-0.211444	0.001764	-0.326286
7	8	2	-1.159617	1.159644	0.433137	-0.349392	0.000028	0.083745
8	8	9	0.683818	-0.670194	-0.221690	-0.387583	0.013624	-0.609273
9	9	4	-0.579863	0.583193	-0.112371	-0.237352	0.003330	-0.349723

Summary
Total Pg           : 3.188003
Total Qg           : -1.442997
Total Load P       : 3.150000
Total Load Q       : 1.150000
Total Active Loss  : 0.037632
Total Reactive Loss: -2.592831
Total Load Supplied: 100.011763%

========================================================================================================================
Update time: 2026-06-11 03:40:31
Iteration: 347
rho: 120
alpha: 0.01
objective_value: 4.09991097144
feasible: False
max_abs_h: 2.245984582729e-04
l2_norm_h: 3.889071098305e-04
lambda_inf_norm: 1.424657197633e+00
lambda_l2_norm: 7.208191790972e+00
------------------------------------------------------------------------------------------------------------------------
Bus Results
BusID	V_R		V_I		Vmag		Pg		Qg		Pl		Ql
1	1.000225	0.000032	1.000224	0.872029	-0.580908	0.000000	0.000000
2	1.044108	0.068460	1.046352	1.159638	-0.349242	0.000000	0.000000
3	1.041745	0.080274	1.044836	1.156391	-0.513155	0.000000	0.000000
4	1.033677	-0.050175	1.034894	0.000000	0.000000	0.000000	0.000000
5	1.048567	-0.080469	1.051651	0.000000	0.000000	0.900000	0.300000
6	1.075423	0.017819	1.075573	0.000000	0.000000	0.000000	0.000000
7	1.068454	-0.031647	1.068925	0.000000	0.000000	1.000000	0.350000
8	1.069455	0.000708	1.069458	0.000000	0.000000	0.000000	0.000000
9	1.029725	-0.098411	1.034418	0.000000	0.000000	1.250000	0.500000

Branch Results
LineID	From	To	Pik		Pki		Qik		Qki		LossP		LossQ
1	1	4	0.871935	-0.871783	-0.580893	0.644018	0.000151	0.063125
2	4	5	0.288498	-0.286150	-0.406390	0.074311	0.002348	-0.332079
3	5	6	-0.613917	0.627332	-0.374267	-0.377881	0.013415	-0.752148
4	3	6	1.156405	-1.156378	-0.513156	0.599055	0.000027	0.085898
5	6	7	0.529003	-0.526032	-0.221153	-0.235051	0.002970	-0.456204
6	7	8	-0.474009	0.475771	-0.114937	-0.211396	0.001763	-0.326333
7	8	2	-1.159600	1.159641	0.432951	-0.349242	0.000041	0.083709
8	8	9	0.683798	-0.670167	-0.221545	-0.387795	0.013631	-0.609339
9	9	4	-0.579892	0.583218	-0.112157	-0.237579	0.003327	-0.349736

Summary
Total Pg           : 3.188058
Total Qg           : -1.443305
Total Load P       : 3.150000
Total Load Q       : 1.150000
Total Active Loss  : 0.037674
Total Reactive Loss: -2.593106
Total Load Supplied: 100.012201%

========================================================================================================================
Update time: 2026-06-11 03:42:47
Iteration: 348
rho: 120
alpha: 0.01
objective_value: 4.09993561701
feasible: False
max_abs_h: 2.293968834715e-04
l2_norm_h: 3.883438229274e-04
lambda_inf_norm: 1.424656508035e+00
lambda_l2_norm: 7.208189410319e+00
------------------------------------------------------------------------------------------------------------------------
Bus Results
BusID	V_R		V_I		Vmag		Pg		Qg		Pl		Ql
1	1.000229	-0.000044	1.000229	0.872105	-0.581091	0.000000	0.000000
2	1.044170	0.068355	1.046408	1.159629	-0.349064	0.000000	0.000000
3	1.041776	0.080168	1.044859	1.156340	-0.513241	0.000000	0.000000
4	1.033688	-0.050258	1.034910	0.000000	0.000000	0.000000	0.000000
5	1.048581	-0.080558	1.051672	0.000000	0.000000	0.900000	0.300000
6	1.075452	0.017715	1.075600	0.000000	0.000000	0.000000	0.000000
7	1.068488	-0.031751	1.068963	0.000000	0.000000	1.000000	0.350000
8	1.069499	0.000604	1.069501	0.000000	0.000000	0.000000	0.000000
9	1.029744	-0.098497	1.034445	0.000000	0.000000	1.250000	0.500000

Branch Results
LineID	From	To	Pik		Pki		Qik		Qki		LossP		LossQ
1	1	4	0.872011	-0.871857	-0.581077	0.644227	0.000154	0.063150
2	4	5	0.288539	-0.286195	-0.406463	0.074382	0.002345	-0.332082
3	5	6	-0.613870	0.627277	-0.374340	-0.377851	0.013408	-0.752190
4	3	6	1.156353	-1.156323	-0.513243	0.599142	0.000030	0.085899
5	6	7	0.529002	-0.526029	-0.221275	-0.234955	0.002973	-0.456230
6	7	8	-0.474016	0.475794	-0.115033	-0.211321	0.001777	-0.326354
7	8	2	-1.159593	1.159632	0.432772	-0.349066	0.000038	0.083706
8	8	9	0.683763	-0.670133	-0.221446	-0.387938	0.013630	-0.609384
9	9	4	-0.579925	0.583252	-0.112019	-0.237718	0.003327	-0.349737

Summary
Total Pg           : 3.188074
Total Qg           : -1.443396
Total Load P       : 3.150000
Total Load Q       : 1.150000
Total Active Loss  : 0.037682
Total Reactive Loss: -2.593222
Total Load Supplied: 100.012442%

========================================================================================================================
Update time: 2026-06-11 03:45:03
Iteration: 349
rho: 120
alpha: 0.01
objective_value: 4.09999857349
feasible: False
max_abs_h: 1.906294222471e-04
l2_norm_h: 3.815306696173e-04
lambda_inf_norm: 1.424655775021e+00
lambda_l2_norm: 7.208186941666e+00
------------------------------------------------------------------------------------------------------------------------
Bus Results
BusID	V_R		V_I		Vmag		Pg		Qg		Pl		Ql
1	1.000191	-0.000044	1.000191	0.872158	-0.581267	0.000000	0.000000
2	1.044191	0.068336	1.046427	1.159571	-0.348848	0.000000	0.000000
3	1.041766	0.080165	1.044849	1.156390	-0.513244	0.000000	0.000000
4	1.033660	-0.050262	1.034883	0.000000	0.000000	0.000000	0.000000
5	1.048558	-0.080564	1.051650	0.000000	0.000000	0.900000	0.300000
6	1.075442	0.017708	1.075590	0.000000	0.000000	0.000000	0.000000
7	1.068487	-0.031762	1.068962	0.000000	0.000000	1.000000	0.350000
8	1.069505	0.000588	1.069508	0.000000	0.000000	0.000000	0.000000
9	1.029727	-0.098506	1.034429	0.000000	0.000000	1.250000	0.500000

Branch Results
LineID	From	To	Pik		Pki		Qik		Qki		LossP		LossQ
1	1	4	0.872064	-0.871903	-0.581251	0.644414	0.000160	0.063163
2	4	5	0.288551	-0.286195	-0.406507	0.074441	0.002356	-0.332067
3	5	6	-0.613874	0.627289	-0.374397	-0.377766	0.013415	-0.752164
4	3	6	1.156404	-1.156376	-0.513245	0.599149	0.000028	0.085904
5	6	7	0.529044	-0.526071	-0.221367	-0.234852	0.002973	-0.456219
6	7	8	-0.473975	0.475752	-0.115138	-0.211219	0.001777	-0.326357
7	8	2	-1.159541	1.159573	0.432533	-0.348849	0.000032	0.083685
8	8	9	0.683753	-0.670120	-0.221309	-0.388075	0.013633	-0.609384
9	9	4	-0.579942	0.583281	-0.111875	-0.237857	0.003339	-0.349731

Summary
Total Pg           : 3.188119
Total Qg           : -1.443359
Total Load P       : 3.150000
Total Load Q       : 1.150000
Total Active Loss  : 0.037714
Total Reactive Loss: -2.593170
Total Load Supplied: 100.012855%

========================================================================================================================
Update time: 2026-06-11 03:47:16
Iteration: 350
rho: 120
alpha: 0.01
objective_value: 4.09990671399
feasible: False
max_abs_h: 2.348742477452e-04
l2_norm_h: 3.913297907556e-04
lambda_inf_norm: 1.424655089935e+00
lambda_l2_norm: 7.208184598478e+00
------------------------------------------------------------------------------------------------------------------------
Bus Results
BusID	V_R		V_I		Vmag		Pg		Qg		Pl		Ql
1	1.000235	-0.000005	1.000235	0.872164	-0.581551	0.000000	0.000000
2	1.044269	0.068356	1.046506	1.159501	-0.348892	0.000000	0.000000
3	1.041841	0.080191	1.044925	1.156386	-0.513317	0.000000	0.000000
4	1.033722	-0.050220	1.034942	0.000000	0.000000	0.000000	0.000000
5	1.048632	-0.080523	1.051719	0.000000	0.000000	0.900000	0.300000
6	1.075520	0.017740	1.075669	0.000000	0.000000	0.000000	0.000000
7	1.068570	-0.031729	1.069044	0.000000	0.000000	1.000000	0.350000
8	1.069584	0.000617	1.069587	0.000000	0.000000	0.000000	0.000000
9	1.029802	-0.098464	1.034499	0.000000	0.000000	1.250000	0.500000

Branch Results
LineID	From	To	Pik		Pki		Qik		Qki		LossP		LossQ
1	1	4	0.872069	-0.871903	-0.581538	0.644722	0.000166	0.063185
2	4	5	0.288551	-0.286195	-0.406666	0.074560	0.002357	-0.332105
3	5	6	-0.613872	0.627280	-0.374517	-0.377769	0.013408	-0.752286
4	3	6	1.156399	-1.156377	-0.513319	0.599220	0.000022	0.085901
5	6	7	0.529058	-0.526090	-0.221433	-0.234858	0.002967	-0.456291
6	7	8	-0.473952	0.475719	-0.115132	-0.211276	0.001767	-0.326408
7	8	2	-1.159471	1.159504	0.432564	-0.348895	0.000033	0.083669
8	8	9	0.683721	-0.670104	-0.221285	-0.388199	0.013617	-0.609484
9	9	4	-0.579952	0.583282	-0.111758	-0.238009	0.003329	-0.349768

Summary
Total Pg           : 3.188051
Total Qg           : -1.443760
Total Load P       : 3.150000
Total Load Q       : 1.150000
Total Active Loss  : 0.037667
Total Reactive Loss: -2.593589
Total Load Supplied: 100.012198%

========================================================================================================================
Update time: 2026-06-11 03:49:30
Iteration: 351
rho: 120
alpha: 0.01
objective_value: 4.0998639662
feasible: False
max_abs_h: 2.484391246156e-04
l2_norm_h: 3.922802498176e-04
lambda_inf_norm: 1.424654406352e+00
lambda_l2_norm: 7.208182312926e+00
------------------------------------------------------------------------------------------------------------------------
Bus Results
BusID	V_R		V_I		Vmag		Pg		Qg		Pl		Ql
1	1.000248	0.000005	1.000248	0.872140	-0.581916	0.000000	0.000000
2	1.044363	0.068349	1.046599	1.159473	-0.348721	0.000000	0.000000
3	1.041898	0.080193	1.044982	1.156409	-0.513436	0.000000	0.000000
4	1.033757	-0.050208	1.034976	0.000000	0.000000	0.000000	0.000000
5	1.048679	-0.080511	1.051766	0.000000	0.000000	0.900000	0.300000
6	1.075582	0.017745	1.075730	0.000000	0.000000	0.000000	0.000000
7	1.068646	-0.031725	1.069119	0.000000	0.000000	1.000000	0.350000
8	1.069665	0.000616	1.069667	0.000000	0.000000	0.000000	0.000000
9	1.029857	-0.098453	1.034553	0.000000	0.000000	1.250000	0.500000

Branch Results
LineID	From	To	Pik		Pki		Qik		Qki		LossP		LossQ
1	1	4	0.872045	-0.871882	-0.581903	0.645112	0.000162	0.063210
2	4	5	0.288534	-0.286181	-0.406811	0.074691	0.002354	-0.332120
3	5	6	-0.613885	0.627285	-0.374650	-0.377716	0.013400	-0.752366
4	3	6	1.156423	-1.156399	-0.513438	0.599337	0.000024	0.085899
5	6	7	0.529076	-0.526116	-0.221606	-0.234747	0.002960	-0.456353
6	7	8	-0.473923	0.475688	-0.115245	-0.211217	0.001765	-0.326463
7	8	2	-1.159447	1.159475	0.432368	-0.348723	0.000028	0.083645
8	8	9	0.683728	-0.670108	-0.221148	-0.388422	0.013620	-0.609569
9	9	4	-0.579949	0.583278	-0.111537	-0.238258	0.003329	-0.349795

Summary
Total Pg           : 3.188021
Total Qg           : -1.444073
Total Load P       : 3.150000
Total Load Q       : 1.150000
Total Active Loss  : 0.037642
Total Reactive Loss: -2.593912
Total Load Supplied: 100.012020%

========================================================================================================================
Update time: 2026-06-11 03:51:49
Iteration: 352
rho: 120
alpha: 0.01
objective_value: 4.09984245941
feasible: False
max_abs_h: 2.535104427293e-04
l2_norm_h: 3.936757355923e-04
lambda_inf_norm: 1.424653714913e+00
lambda_l2_norm: 7.208180055831e+00
------------------------------------------------------------------------------------------------------------------------
Bus Results
BusID	V_R		V_I		Vmag		Pg		Qg		Pl		Ql
1	1.000254	-0.000023	1.000254	0.872134	-0.582228	0.000000	0.000000
2	1.044431	0.068297	1.046665	1.159403	-0.348636	0.000000	0.000000
3	1.041953	0.080158	1.045034	1.156469	-0.513460	0.000000	0.000000
4	1.033778	-0.050236	1.034999	0.000000	0.000000	0.000000	0.000000
5	1.048712	-0.080540	1.051802	0.000000	0.000000	0.900000	0.300000
6	1.075634	0.017709	1.075782	0.000000	0.000000	0.000000	0.000000
7	1.068702	-0.031764	1.069176	0.000000	0.000000	1.000000	0.350000
8	1.069723	0.000572	1.069725	0.000000	0.000000	0.000000	0.000000
9	1.029891	-0.098484	1.034591	0.000000	0.000000	1.250000	0.500000

Branch Results
LineID	From	To	Pik		Pki		Qik		Qki		LossP		LossQ
1	1	4	0.872039	-0.871877	-0.582213	0.645441	0.000162	0.063228
2	4	5	0.288515	-0.286163	-0.406960	0.074827	0.002352	-0.332133
3	5	6	-0.613901	0.627300	-0.374786	-0.377653	0.013399	-0.752439
4	3	6	1.156483	-1.156463	-0.513461	0.599358	0.000020	0.085898
5	6	7	0.529127	-0.526169	-0.221688	-0.234713	0.002958	-0.456401
6	7	8	-0.473870	0.475632	-0.115279	-0.211223	0.001762	-0.326502
7	8	2	-1.159375	1.159405	0.432262	-0.348638	0.000030	0.083624
8	8	9	0.683713	-0.670095	-0.221038	-0.388593	0.013618	-0.609631
9	9	4	-0.579963	0.583294	-0.111369	-0.238440	0.003330	-0.349809

Summary
Total Pg           : 3.188005
Total Qg           : -1.444324
Total Load P       : 3.150000
Total Load Q       : 1.150000
Total Active Loss  : 0.037632
Total Reactive Loss: -2.594166
Total Load Supplied: 100.011868%

========================================================================================================================
Update time: 2026-06-11 03:54:05
Iteration: 353
rho: 120
alpha: 0.01
objective_value: 4.09982530951
feasible: False
max_abs_h: 1.873531405296e-04
l2_norm_h: 3.691947449911e-04
lambda_inf_norm: 1.424653071495e+00
lambda_l2_norm: 7.208177822428e+00
------------------------------------------------------------------------------------------------------------------------
Bus Results
BusID	V_R		V_I		Vmag		Pg		Qg		Pl		Ql
1	1.000187	0.000069	1.000188	0.871944	-0.582756	0.000000	0.000000
2	1.044496	0.068405	1.046736	1.159459	-0.348258	0.000000	0.000000
3	1.041970	0.080278	1.045060	1.156596	-0.513411	0.000000	0.000000
4	1.033749	-0.050132	1.034965	0.000000	0.000000	0.000000	0.000000
5	1.048706	-0.080431	1.051787	0.000000	0.000000	0.900000	0.300000
6	1.075655	0.017827	1.075805	0.000000	0.000000	0.000000	0.000000
7	1.068743	-0.031649	1.069214	0.000000	0.000000	1.000000	0.350000
8	1.069770	0.000682	1.069772	0.000000	0.000000	0.000000	0.000000
9	1.029896	-0.098379	1.034586	0.000000	0.000000	1.250000	0.500000

Branch Results
LineID	From	To	Pik		Pki		Qik		Qki		LossP		LossQ
1	1	4	0.871847	-0.871680	-0.582742	0.645987	0.000167	0.063245
2	4	5	0.288419	-0.286067	-0.407154	0.075025	0.002352	-0.332128
3	5	6	-0.613997	0.627401	-0.374980	-0.377444	0.013404	-0.752424
4	3	6	1.156610	-1.156587	-0.513412	0.599316	0.000024	0.085905
5	6	7	0.529151	-0.526196	-0.221859	-0.234566	0.002955	-0.456425
6	7	8	-0.473842	0.475600	-0.115425	-0.211114	0.001758	-0.326539
7	8	2	-1.159435	1.159462	0.431858	-0.348259	0.000027	0.083599
8	8	9	0.683807	-0.670187	-0.220738	-0.388909	0.013620	-0.609647
9	9	4	-0.579867	0.583193	-0.111041	-0.238782	0.003326	-0.349824

Summary
Total Pg           : 3.187999
Total Qg           : -1.444425
Total Load P       : 3.150000
Total Load Q       : 1.150000
Total Active Loss  : 0.037633
Total Reactive Loss: -2.594239
Total Load Supplied: 100.011616%

========================================================================================================================
Update time: 2026-06-11 03:56:20
Iteration: 354
rho: 120
alpha: 0.01
objective_value: 4.09993002017
feasible: False
max_abs_h: 1.565217858752e-04
l2_norm_h: 3.613071973499e-04
lambda_inf_norm: 1.424652334848e+00
lambda_l2_norm: 7.208175443350e+00
------------------------------------------------------------------------------------------------------------------------
Bus Results
BusID	V_R		V_I		Vmag		Pg		Qg		Pl		Ql
1	1.000157	-0.000002	1.000157	0.872024	-0.582788	0.000000	0.000000
2	1.044506	0.068311	1.046741	1.159418	-0.348035	0.000000	0.000000
3	1.041944	0.080199	1.045029	1.156632	-0.513467	0.000000	0.000000
4	1.033717	-0.050212	1.034937	0.000000	0.000000	0.000000	0.000000
5	1.048670	-0.080515	1.051758	0.000000	0.000000	0.900000	0.300000
6	1.075629	0.017742	1.075778	0.000000	0.000000	0.000000	0.000000
7	1.068723	-0.031741	1.069197	0.000000	0.000000	1.000000	0.350000
8	1.069761	0.000587	1.069764	0.000000	0.000000	0.000000	0.000000
9	1.029865	-0.098464	1.034563	0.000000	0.000000	1.250000	0.500000

Branch Results
LineID	From	To	Pik		Pki		Qik		Qki		LossP		LossQ
1	1	4	0.871929	-0.871761	-0.582771	0.646024	0.000168	0.063253
2	4	5	0.288446	-0.286083	-0.407135	0.075021	0.002362	-0.332113
3	5	6	-0.613985	0.627389	-0.374973	-0.377414	0.013405	-0.752388
4	3	6	1.156646	-1.156621	-0.513469	0.599389	0.000024	0.085920
5	6	7	0.529195	-0.526237	-0.221960	-0.234441	0.002958	-0.456402
6	7	8	-0.473803	0.475568	-0.115550	-0.210981	0.001765	-0.326532
7	8	2	-1.159389	1.159421	0.431620	-0.348036	0.000032	0.083584
8	8	9	0.683789	-0.670161	-0.220634	-0.388992	0.013628	-0.609627
9	9	4	-0.579901	0.583242	-0.110960	-0.238836	0.003341	-0.349796

Summary
Total Pg           : 3.188074
Total Qg           : -1.444290
Total Load P       : 3.150000
Total Load Q       : 1.150000
Total Active Loss  : 0.037683
Total Reactive Loss: -2.594101
Total Load Supplied: 100.012392%

========================================================================================================================
Update time: 2026-06-11 03:58:34
Iteration: 355
rho: 120
alpha: 0.01
objective_value: 4.09991300356
feasible: False
max_abs_h: 2.025519223463e-04
l2_norm_h: 3.729729823238e-04
lambda_inf_norm: 1.424651632541e+00
lambda_l2_norm: 7.208173085561e+00
------------------------------------------------------------------------------------------------------------------------
Bus Results
BusID	V_R		V_I		Vmag		Pg		Qg		Pl		Ql
1	1.000203	0.000002	1.000202	0.872031	-0.583063	0.000000	0.000000
2	1.044597	0.068290	1.046829	1.159344	-0.348006	0.000000	0.000000
3	1.042017	0.080194	1.045100	1.156686	-0.513576	0.000000	0.000000
4	1.033778	-0.050207	1.034997	0.000000	0.000000	0.000000	0.000000
5	1.048740	-0.080510	1.051827	0.000000	0.000000	0.900000	0.300000
6	1.075705	0.017738	1.075853	0.000000	0.000000	0.000000	0.000000
7	1.068807	-0.031746	1.069280	0.000000	0.000000	1.000000	0.350000
8	1.069846	0.000576	1.069848	0.000000	0.000000	0.000000	0.000000
9	1.029940	-0.098460	1.034636	0.000000	0.000000	1.250000	0.500000

Branch Results
LineID	From	To	Pik		Pki		Qik		Qki		LossP		LossQ
1	1	4	0.871936	-0.871771	-0.583049	0.646323	0.000165	0.063274
2	4	5	0.288443	-0.286084	-0.407258	0.075117	0.002359	-0.332140
3	5	6	-0.613983	0.627389	-0.375075	-0.377420	0.013406	-0.752496
4	3	6	1.156700	-1.156674	-0.513578	0.599503	0.000026	0.085925
5	6	7	0.529245	-0.526280	-0.222071	-0.234393	0.002965	-0.456464
6	7	8	-0.473762	0.475529	-0.115603	-0.210980	0.001767	-0.326582
7	8	2	-1.159320	1.159347	0.431577	-0.348010	0.000027	0.083567
8	8	9	0.683759	-0.670136	-0.220597	-0.389137	0.013623	-0.609734
9	9	4	-0.579923	0.583257	-0.110819	-0.239017	0.003334	-0.349837

Summary
Total Pg           : 3.188061
Total Qg           : -1.444645
Total Load P       : 3.150000
Total Load Q       : 1.150000
Total Active Loss  : 0.037672
Total Reactive Loss: -2.594487
Total Load Supplied: 100.012343%

========================================================================================================================
Update time: 2026-06-11 04:00:48
Iteration: 356
rho: 120
alpha: 0.01
objective_value: 4.0998446559
feasible: False
max_abs_h: 2.097852151963e-04
l2_norm_h: 3.735470654726e-04
lambda_inf_norm: 1.424650954401e+00
lambda_l2_norm: 7.208170821431e+00
------------------------------------------------------------------------------------------------------------------------
Bus Results
BusID	V_R		V_I		Vmag		Pg		Qg		Pl		Ql
1	1.000210	0.000010	1.000210	0.872003	-0.583317	0.000000	0.000000
2	1.044661	0.068290	1.046893	1.159337	-0.347867	0.000000	0.000000
3	1.042042	0.080197	1.045126	1.156672	-0.513731	0.000000	0.000000
4	1.033800	-0.050196	1.035019	0.000000	0.000000	0.000000	0.000000
5	1.048769	-0.080499	1.051855	0.000000	0.000000	0.900000	0.300000
6	1.075739	0.017744	1.075887	0.000000	0.000000	0.000000	0.000000
7	1.068854	-0.031739	1.069328	0.000000	0.000000	1.000000	0.350000
8	1.069900	0.000580	1.069902	0.000000	0.000000	0.000000	0.000000
9	1.029976	-0.098449	1.034671	0.000000	0.000000	1.250000	0.500000

Branch Results
LineID	From	To	Pik		Pki		Qik		Qki		LossP		LossQ
1	1	4	0.871907	-0.871739	-0.583302	0.646584	0.000168	0.063282
2	4	5	0.288432	-0.286077	-0.407340	0.075182	0.002355	-0.332157
3	5	6	-0.613987	0.627384	-0.375139	-0.377410	0.013397	-0.752549
4	3	6	1.156685	-1.156659	-0.513733	0.599658	0.000026	0.085925
5	6	7	0.529240	-0.526282	-0.222235	-0.234275	0.002957	-0.456509
6	7	8	-0.473756	0.475516	-0.115718	-0.210904	0.001760	-0.326622
7	8	2	-1.159309	1.159340	0.431413	-0.347868	0.000030	0.083545
8	8	9	0.683765	-0.670148	-0.220506	-0.389289	0.013616	-0.609795
9	9	4	-0.579908	0.583237	-0.110667	-0.239194	0.003330	-0.349862

Summary
Total Pg           : 3.188012
Total Qg           : -1.444915
Total Load P       : 3.150000
Total Load Q       : 1.150000
Total Active Loss  : 0.037640
Total Reactive Loss: -2.594743
Total Load Supplied: 100.011795%

========================================================================================================================
Update time: 2026-06-11 04:03:07
Iteration: 357
rho: 120
alpha: 0.01
objective_value: 4.09984589237
feasible: False
max_abs_h: 2.495687060298e-04
l2_norm_h: 3.959952528588e-04
lambda_inf_norm: 1.424650273673e+00
lambda_l2_norm: 7.208168552963e+00
------------------------------------------------------------------------------------------------------------------------
Bus Results
BusID	V_R		V_I		Vmag		Pg		Qg		Pl		Ql
1	1.000250	-0.000061	1.000249	0.872005	-0.583668	0.000000	0.000000
2	1.044776	0.068195	1.047001	1.159321	-0.347748	0.000000	0.000000
3	1.042120	0.080109	1.045197	1.156687	-0.513913	0.000000	0.000000
4	1.033855	-0.050268	1.035077	0.000000	0.000000	0.000000	0.000000
5	1.048833	-0.080573	1.051925	0.000000	0.000000	0.900000	0.300000
6	1.075819	0.017657	1.075966	0.000000	0.000000	0.000000	0.000000
7	1.068945	-0.031825	1.069421	0.000000	0.000000	1.000000	0.350000
8	1.069998	0.000490	1.070000	0.000000	0.000000	0.000000	0.000000
9	1.030047	-0.098521	1.034749	0.000000	0.000000	1.250000	0.500000

Branch Results
LineID	From	To	Pik		Pki		Qik		Qki		LossP		LossQ
1	1	4	0.871910	-0.871746	-0.583656	0.646969	0.000164	0.063313
2	4	5	0.288436	-0.286082	-0.407486	0.075301	0.002354	-0.332185
3	5	6	-0.613983	0.627381	-0.375261	-0.377408	0.013398	-0.752669
4	3	6	1.156701	-1.156673	-0.513916	0.599843	0.000028	0.085928
5	6	7	0.529256	-0.526299	-0.222421	-0.234166	0.002957	-0.456587
6	7	8	-0.473739	0.475501	-0.115826	-0.210858	0.001761	-0.326685
7	8	2	-1.159296	1.159323	0.431276	-0.347751	0.000028	0.083525
8	8	9	0.683764	-0.670143	-0.220417	-0.389494	0.013620	-0.609911
9	9	4	-0.579915	0.583243	-0.110465	-0.239439	0.003328	-0.349904

Summary
Total Pg           : 3.188013
Total Qg           : -1.445330
Total Load P       : 3.150000
Total Load Q       : 1.150000
Total Active Loss  : 0.037638
Total Reactive Loss: -2.595174
Total Load Supplied: 100.011903%

========================================================================================================================
Update time: 2026-06-11 04:05:23
Iteration: 358
rho: 120
alpha: 0.01
objective_value: 4.09988502395
feasible: False
max_abs_h: 2.332454647744e-04
l2_norm_h: 3.918016391313e-04
lambda_inf_norm: 1.424649584172e+00
lambda_l2_norm: 7.208166228984e+00
------------------------------------------------------------------------------------------------------------------------
Bus Results
BusID	V_R		V_I		Vmag		Pg		Qg		Pl		Ql
1	1.000233	-0.000036	1.000233	0.872075	-0.583878	0.000000	0.000000
2	1.044819	0.068196	1.047045	1.159294	-0.347544	0.000000	0.000000
3	1.042118	0.080117	1.045195	1.156670	-0.514049	0.000000	0.000000
4	1.033853	-0.050247	1.035074	0.000000	0.000000	0.000000	0.000000
5	1.048835	-0.080557	1.051926	0.000000	0.000000	0.900000	0.300000
6	1.075824	0.017667	1.075972	0.000000	0.000000	0.000000	0.000000
7	1.068966	-0.031818	1.069442	0.000000	0.000000	1.000000	0.350000
8	1.070027	0.000495	1.070030	0.000000	0.000000	0.000000	0.000000
9	1.030058	-0.098505	1.034759	0.000000	0.000000	1.250000	0.500000

Branch Results
LineID	From	To	Pik		Pki		Qik		Qki		LossP		LossQ
1	1	4	0.871980	-0.871815	-0.583864	0.647193	0.000165	0.063330
2	4	5	0.288473	-0.286116	-0.407545	0.075354	0.002356	-0.332191
3	5	6	-0.613948	0.627346	-0.375310	-0.377378	0.013397	-0.752688
4	3	6	1.156684	-1.156655	-0.514051	0.599980	0.000029	0.085929
5	6	7	0.529270	-0.526307	-0.222586	-0.234020	0.002963	-0.456606
6	7	8	-0.473734	0.475498	-0.115969	-0.210741	0.001764	-0.326710
7	8	2	-1.159265	1.159297	0.431047	-0.347545	0.000032	0.083502
8	8	9	0.683735	-0.670114	-0.220302	-0.389647	0.013621	-0.609948
9	9	4	-0.579943	0.583273	-0.110308	-0.239600	0.003330	-0.349908

Summary
Total Pg           : 3.188039
Total Qg           : -1.445470
Total Load P       : 3.150000
Total Load Q       : 1.150000
Total Active Loss  : 0.037657
Total Reactive Loss: -2.595291
Total Load Supplied: 100.012124%

========================================================================================================================
Update time: 2026-06-11 04:07:38
Iteration: 359
rho: 120
alpha: 0.01
objective_value: 4.09980352041
feasible: False
max_abs_h: 2.040208840366e-04
l2_norm_h: 3.750222942064e-04
lambda_inf_norm: 1.424648930722e+00
lambda_l2_norm: 7.208164018278e+00
------------------------------------------------------------------------------------------------------------------------
Bus Results
BusID	V_R		V_I		Vmag		Pg		Qg		Pl		Ql
1	1.000204	0.000094	1.000204	0.871982	-0.584248	0.000000	0.000000
2	1.044873	0.068322	1.047107	1.159247	-0.347336	0.000000	0.000000
3	1.042152	0.080260	1.045241	1.156753	-0.513975	0.000000	0.000000
4	1.033852	-0.050108	1.035067	0.000000	0.000000	0.000000	0.000000
5	1.048855	-0.080415	1.051935	0.000000	0.000000	0.900000	0.300000
6	1.075862	0.017812	1.076012	0.000000	0.000000	0.000000	0.000000
7	1.069016	-0.031677	1.069488	0.000000	0.000000	1.000000	0.350000
8	1.070075	0.000630	1.070078	0.000000	0.000000	0.000000	0.000000
9	1.030084	-0.098368	1.034771	0.000000	0.000000	1.250000	0.500000

Branch Results
LineID	From	To	Pik		Pki		Qik		Qki		LossP		LossQ
1	1	4	0.871886	-0.871727	-0.584235	0.647590	0.000160	0.063355
2	4	5	0.288416	-0.286060	-0.407714	0.075531	0.002356	-0.332183
3	5	6	-0.614004	0.627402	-0.375490	-0.377223	0.013397	-0.752712
4	3	6	1.156768	-1.156750	-0.513975	0.599904	0.000018	0.085929
5	6	7	0.529315	-0.526360	-0.222667	-0.233969	0.002955	-0.456636
6	7	8	-0.473677	0.475433	-0.116024	-0.210716	0.001756	-0.326740
7	8	2	-1.159219	1.159249	0.430815	-0.347337	0.000031	0.083477
8	8	9	0.683757	-0.670142	-0.220094	-0.389881	0.013616	-0.609975
9	9	4	-0.579915	0.583242	-0.110076	-0.239830	0.003327	-0.349907

Summary
Total Pg           : 3.187982
Total Qg           : -1.445558
Total Load P       : 3.150000
Total Load Q       : 1.150000
Total Active Loss  : 0.037615
Total Reactive Loss: -2.595391
Total Load Supplied: 100.011669%

========================================================================================================================
Update time: 2026-06-11 04:09:52
Iteration: 360
rho: 120
alpha: 0.01
objective_value: 4.09979803489
feasible: False
max_abs_h: 2.505202041132e-04
l2_norm_h: 3.894265761970e-04
lambda_inf_norm: 1.424648272919e+00
lambda_l2_norm: 7.208161812811e+00
------------------------------------------------------------------------------------------------------------------------
Bus Results
BusID	V_R		V_I		Vmag		Pg		Qg		Pl		Ql
1	1.000251	0.000028	1.000250	0.871942	-0.584498	0.000000	0.000000
2	1.044948	0.068243	1.047177	1.159206	-0.347389	0.000000	0.000000
3	1.042227	0.080194	1.045310	1.156832	-0.514046	0.000000	0.000000
4	1.033908	-0.050172	1.035126	0.000000	0.000000	0.000000	0.000000
5	1.048918	-0.080477	1.052002	0.000000	0.000000	0.900000	0.300000
6	1.075935	0.017743	1.076083	0.000000	0.000000	0.000000	0.000000
7	1.069088	-0.031746	1.069561	0.000000	0.000000	1.000000	0.350000
8	1.070147	0.000556	1.070149	0.000000	0.000000	0.000000	0.000000
9	1.030146	-0.098431	1.034839	0.000000	0.000000	1.250000	0.500000

Branch Results
LineID	From	To	Pik		Pki		Qik		Qki		LossP		LossQ
1	1	4	0.871846	-0.871689	-0.584484	0.647844	0.000157	0.063360
2	4	5	0.288383	-0.286032	-0.407834	0.075613	0.002351	-0.332221
3	5	6	-0.614030	0.627423	-0.375572	-0.377246	0.013393	-0.752818
4	3	6	1.156846	-1.156823	-0.514048	0.599981	0.000022	0.085933
5	6	7	0.529365	-0.526405	-0.222722	-0.233975	0.002960	-0.456697
6	7	8	-0.473635	0.475396	-0.116021	-0.210762	0.001761	-0.326783
7	8	2	-1.159179	1.159209	0.430861	-0.347393	0.000030	0.083468
8	8	9	0.683753	-0.670139	-0.220100	-0.389969	0.013614	-0.610069
9	9	4	-0.579916	0.583240	-0.109990	-0.239964	0.003324	-0.349954

Summary
Total Pg           : 3.187980
Total Qg           : -1.445934
Total Load P       : 3.150000
Total Load Q       : 1.150000
Total Active Loss  : 0.037613
Total Reactive Loss: -2.595781
Total Load Supplied: 100.011663%

========================================================================================================================
Update time: 2026-06-11 04:12:08
Iteration: 361
rho: 120
alpha: 0.01
objective_value: 4.0998592606
feasible: False
max_abs_h: 1.973963199309e-04
l2_norm_h: 3.686050603126e-04
lambda_inf_norm: 1.424647580348e+00
lambda_l2_norm: 7.208159522523e+00
------------------------------------------------------------------------------------------------------------------------
Bus Results
BusID	V_R		V_I		Vmag		Pg		Qg		Pl		Ql
1	1.000197	-0.000025	1.000198	0.871978	-0.584693	0.000000	0.000000
2	1.044972	0.068170	1.047196	1.159187	-0.347123	0.000000	0.000000
3	1.042213	0.080129	1.045292	1.156860	-0.514063	0.000000	0.000000
4	1.033866	-0.050232	1.035086	0.000000	0.000000	0.000000	0.000000
5	1.048880	-0.080542	1.051970	0.000000	0.000000	0.900000	0.300000
6	1.075919	0.017675	1.076067	0.000000	0.000000	0.000000	0.000000
7	1.069080	-0.031818	1.069556	0.000000	0.000000	1.000000	0.350000
8	1.070150	0.000481	1.070152	0.000000	0.000000	0.000000	0.000000
9	1.030113	-0.098496	1.034813	0.000000	0.000000	1.250000	0.500000

Branch Results
LineID	From	To	Pik		Pki		Qik		Qki		LossP		LossQ
1	1	4	0.871883	-0.871726	-0.584679	0.648060	0.000158	0.063381
2	4	5	0.288399	-0.286041	-0.407894	0.075693	0.002358	-0.332201
3	5	6	-0.614023	0.627423	-0.375648	-0.377138	0.013399	-0.752786
4	3	6	1.156874	-1.156841	-0.514065	0.599997	0.000033	0.085932
5	6	7	0.529381	-0.526422	-0.222842	-0.233848	0.002959	-0.456690
6	7	8	-0.473616	0.475377	-0.116143	-0.210649	0.001760	-0.326792
7	8	2	-1.159163	1.159189	0.430572	-0.347125	0.000026	0.083447
8	8	9	0.683754	-0.670130	-0.219919	-0.390139	0.013624	-0.610058
9	9	4	-0.579928	0.583258	-0.109816	-0.240117	0.003330	-0.349932

Summary
Total Pg           : 3.188024
Total Qg           : -1.445880
Total Load P       : 3.150000
Total Load Q       : 1.150000
Total Active Loss  : 0.037647
Total Reactive Loss: -2.595699
Total Load Supplied: 100.011967%

========================================================================================================================
Update time: 2026-06-11 04:14:21
Iteration: 362
rho: 120
alpha: 0.01
objective_value: 4.09988914941
feasible: False
max_abs_h: 2.375279845528e-04
l2_norm_h: 3.885567931889e-04
lambda_inf_norm: 1.424646870444e+00
lambda_l2_norm: 7.208157188125e+00
------------------------------------------------------------------------------------------------------------------------
Bus Results
BusID	V_R		V_I		Vmag		Pg		Qg		Pl		Ql
1	1.000238	-0.000053	1.000237	0.872019	-0.584987	0.000000	0.000000
2	1.045080	0.068110	1.047299	1.159131	-0.346980	0.000000	0.000000
3	1.042277	0.080087	1.045351	1.156895	-0.514252	0.000000	0.000000
4	1.033920	-0.050261	1.035142	0.000000	0.000000	0.000000	0.000000
5	1.048941	-0.080572	1.052033	0.000000	0.000000	0.900000	0.300000
6	1.075988	0.017633	1.076135	0.000000	0.000000	0.000000	0.000000
7	1.069164	-0.031863	1.069641	0.000000	0.000000	1.000000	0.350000
8	1.070242	0.000430	1.070244	0.000000	0.000000	0.000000	0.000000
9	1.030183	-0.098527	1.034885	0.000000	0.000000	1.250000	0.500000

Branch Results
LineID	From	To	Pik		Pki		Qik		Qki		LossP		LossQ
1	1	4	0.871924	-0.871766	-0.584974	0.648383	0.000158	0.063409
2	4	5	0.288408	-0.286050	-0.408003	0.075780	0.002358	-0.332223
3	5	6	-0.614015	0.627410	-0.375741	-0.377146	0.013395	-0.752887
4	3	6	1.156910	-1.156886	-0.514255	0.600203	0.000024	0.085949
5	6	7	0.529438	-0.526475	-0.223044	-0.233712	0.002963	-0.456756
6	7	8	-0.473569	0.475338	-0.116282	-0.210566	0.001769	-0.326848
7	8	2	-1.159098	1.159133	0.430398	-0.346982	0.000035	0.083416
8	8	9	0.683725	-0.670100	-0.219831	-0.390334	0.013625	-0.610165
9	9	4	-0.579959	0.583292	-0.109626	-0.240338	0.003333	-0.349965

Summary
Total Pg           : 3.188045
Total Qg           : -1.446219
Total Load P       : 3.150000
Total Load Q       : 1.150000
Total Active Loss  : 0.037660
Total Reactive Loss: -2.596070
Total Load Supplied: 100.012228%

========================================================================================================================
Update time: 2026-06-11 04:16:37
Iteration: 363
rho: 120
alpha: 0.01
objective_value: 4.09986009405
feasible: False
max_abs_h: 2.471242719992e-04
l2_norm_h: 3.989385037459e-04
lambda_inf_norm: 1.424646180007e+00
lambda_l2_norm: 7.208154892227e+00
------------------------------------------------------------------------------------------------------------------------
Bus Results
BusID	V_R		V_I		Vmag		Pg		Qg		Pl		Ql
1	1.000247	0.000014	1.000247	0.871957	-0.585251	0.000000	0.000000
2	1.045124	0.068180	1.047348	1.159097	-0.346947	0.000000	0.000000
3	1.042311	0.080169	1.045391	1.156972	-0.514300	0.000000	0.000000
4	1.033948	-0.050188	1.035166	0.000000	0.000000	0.000000	0.000000
5	1.048980	-0.080495	1.052066	0.000000	0.000000	0.900000	0.300000
6	1.076028	0.017716	1.076176	0.000000	0.000000	0.000000	0.000000
7	1.069212	-0.031782	1.069686	0.000000	0.000000	1.000000	0.350000
8	1.070288	0.000507	1.070290	0.000000	0.000000	0.000000	0.000000
9	1.030226	-0.098452	1.034920	0.000000	0.000000	1.250000	0.500000

Branch Results
LineID	From	To	Pik		Pki		Qik		Qki		LossP		LossQ
1	1	4	0.871861	-0.871693	-0.585236	0.648642	0.000168	0.063406
2	4	5	0.288365	-0.286002	-0.408110	0.075857	0.002363	-0.332253
3	5	6	-0.614064	0.627464	-0.375815	-0.377128	0.013400	-0.752943
4	3	6	1.156986	-1.156966	-0.514301	0.600249	0.000020	0.085948
5	6	7	0.529466	-0.526507	-0.223107	-0.233686	0.002959	-0.456794
6	7	8	-0.473532	0.475289	-0.116307	-0.210575	0.001757	-0.326882
7	8	2	-1.159070	1.159100	0.430359	-0.346950	0.000030	0.083409
8	8	9	0.683751	-0.670133	-0.219785	-0.390435	0.013617	-0.610220
9	9	4	-0.579923	0.583256	-0.109519	-0.240483	0.003332	-0.350002

Summary
Total Pg           : 3.188026
Total Qg           : -1.446498
Total Load P       : 3.150000
Total Load Q       : 1.150000
Total Active Loss  : 0.037647
Total Reactive Loss: -2.596330
Total Load Supplied: 100.012026%

========================================================================================================================
Update time: 2026-06-11 04:18:54
Iteration: 364
rho: 120
alpha: 0.01
objective_value: 4.09990193293
feasible: False
max_abs_h: 2.331927943366e-04
l2_norm_h: 3.924443248761e-04
lambda_inf_norm: 1.424645458951e+00
lambda_l2_norm: 7.208152537800e+00
------------------------------------------------------------------------------------------------------------------------
Bus Results
BusID	V_R		V_I		Vmag		Pg		Qg		Pl		Ql
1	1.000233	-0.000006	1.000233	0.872002	-0.585396	0.000000	0.000000
2	1.045149	0.068133	1.047370	1.159001	-0.346904	0.000000	0.000000
3	1.042329	0.080143	1.045408	1.157053	-0.514286	0.000000	0.000000
4	1.033942	-0.050212	1.035161	0.000000	0.000000	0.000000	0.000000
5	1.048980	-0.080522	1.052068	0.000000	0.000000	0.900000	0.300000
6	1.076044	0.017685	1.076192	0.000000	0.000000	0.000000	0.000000
7	1.069229	-0.031818	1.069705	0.000000	0.000000	1.000000	0.350000
8	1.070305	0.000465	1.070308	0.000000	0.000000	0.000000	0.000000
9	1.030226	-0.098481	1.034924	0.000000	0.000000	1.250000	0.500000

Branch Results
LineID	From	To	Pik		Pki		Qik		Qki		LossP		LossQ
1	1	4	0.871907	-0.871742	-0.585382	0.648808	0.000165	0.063427
2	4	5	0.288368	-0.286000	-0.408188	0.075942	0.002368	-0.332246
3	5	6	-0.614068	0.627471	-0.375898	-0.377064	0.013403	-0.752962
4	3	6	1.157067	-1.157042	-0.514288	0.600239	0.000025	0.085951
5	6	7	0.529534	-0.526574	-0.223155	-0.233661	0.002960	-0.456817
6	7	8	-0.473465	0.475226	-0.116325	-0.210589	0.001760	-0.326914
7	8	2	-1.158972	1.159002	0.430293	-0.346906	0.000031	0.083387
8	8	9	0.683715	-0.670095	-0.219700	-0.390544	0.013620	-0.610244
9	9	4	-0.579965	0.583303	-0.109413	-0.240576	0.003337	-0.349990

Summary
Total Pg           : 3.188056
Total Qg           : -1.446587
Total Load P       : 3.150000
Total Load Q       : 1.150000
Total Active Loss  : 0.037669
Total Reactive Loss: -2.596408
Total Load Supplied: 100.012283%

========================================================================================================================
Update time: 2026-06-11 04:21:07
Iteration: 365
rho: 120
alpha: 0.01
objective_value: 4.10000683792
feasible: False
max_abs_h: 2.232926156187e-04
l2_norm_h: 4.029987130997e-04
lambda_inf_norm: 1.424644706171e+00
lambda_l2_norm: 7.208150036389e+00
------------------------------------------------------------------------------------------------------------------------
Bus Results
BusID	V_R		V_I		Vmag		Pg		Qg		Pl		Ql
1	1.000223	0.000055	1.000223	0.871987	-0.585594	0.000000	0.000000
2	1.045184	0.068189	1.047409	1.158983	-0.346756	0.000000	0.000000
3	1.042340	0.080216	1.045425	1.157164	-0.514295	0.000000	0.000000
4	1.033946	-0.050148	1.035163	0.000000	0.000000	0.000000	0.000000
5	1.048993	-0.080456	1.052076	0.000000	0.000000	0.900000	0.300000
6	1.076060	0.017756	1.076209	0.000000	0.000000	0.000000	0.000000
7	1.069255	-0.031753	1.069729	0.000000	0.000000	1.000000	0.350000
8	1.070334	0.000526	1.070336	0.000000	0.000000	0.000000	0.000000
9	1.030244	-0.098420	1.034936	0.000000	0.000000	1.250000	0.500000

Branch Results
LineID	From	To	Pik		Pki		Qik		Qki		LossP		LossQ
1	1	4	0.871891	-0.871725	-0.585580	0.649021	0.000166	0.063441
2	4	5	0.288342	-0.285968	-0.408258	0.076002	0.002373	-0.332256
3	5	6	-0.614103	0.627514	-0.375956	-0.377017	0.013410	-0.752972
4	3	6	1.157178	-1.157147	-0.514296	0.600262	0.000031	0.085965
5	6	7	0.529592	-0.526624	-0.223231	-0.233588	0.002969	-0.456819
6	7	8	-0.473418	0.475183	-0.116404	-0.210520	0.001764	-0.326924
7	8	2	-1.158952	1.158985	0.430130	-0.346758	0.000033	0.083372
8	8	9	0.683735	-0.670104	-0.219606	-0.390662	0.013631	-0.610269
9	9	4	-0.579961	0.583308	-0.109291	-0.240713	0.003347	-0.350003

Summary
Total Pg           : 3.188134
Total Qg           : -1.446646
Total Load P       : 3.150000
Total Load Q       : 1.150000
Total Active Loss  : 0.037725
Total Reactive Loss: -2.596465
Total Load Supplied: 100.012989%

========================================================================================================================
Update time: 2026-06-11 04:23:27
Iteration: 366
rho: 120
alpha: 0.01
objective_value: 4.10001279975
feasible: False
max_abs_h: 2.172837031140e-04
l2_norm_h: 3.995263162807e-04
lambda_inf_norm: 1.424643959045e+00
lambda_l2_norm: 7.208147525854e+00
------------------------------------------------------------------------------------------------------------------------
Bus Results
BusID	V_R		V_I		Vmag		Pg		Qg		Pl		Ql
1	1.000217	-0.000055	1.000217	0.872015	-0.585776	0.000000	0.000000
2	1.045246	0.068056	1.047462	1.158969	-0.346522	0.000000	0.000000
3	1.042351	0.080090	1.045426	1.157153	-0.514463	0.000000	0.000000
4	1.033945	-0.050264	1.035167	0.000000	0.000000	0.000000	0.000000
5	1.048991	-0.080575	1.052083	0.000000	0.000000	0.900000	0.300000
6	1.076073	0.017627	1.076219	0.000000	0.000000	0.000000	0.000000
7	1.069278	-0.031884	1.069756	0.000000	0.000000	1.000000	0.350000
8	1.070372	0.000393	1.070374	0.000000	0.000000	0.000000	0.000000
9	1.030251	-0.098537	1.034954	0.000000	0.000000	1.250000	0.500000

Branch Results
LineID	From	To	Pik		Pki		Qik		Qki		LossP		LossQ
1	1	4	0.871920	-0.871753	-0.585760	0.649214	0.000167	0.063453
2	4	5	0.288363	-0.285991	-0.408293	0.076036	0.002371	-0.332257
3	5	6	-0.614079	0.627488	-0.375990	-0.377005	0.013409	-0.752995
4	3	6	1.157167	-1.157136	-0.514465	0.600437	0.000031	0.085972
5	6	7	0.529607	-0.526634	-0.223416	-0.233421	0.002973	-0.456837
6	7	8	-0.473411	0.475181	-0.116571	-0.210376	0.001770	-0.326947
7	8	2	-1.158936	1.158970	0.429873	-0.346523	0.000035	0.083350
8	8	9	0.683719	-0.670090	-0.219493	-0.390816	0.013628	-0.610309
9	9	4	-0.579973	0.583316	-0.109137	-0.240871	0.003343	-0.350008

Summary
Total Pg           : 3.188137
Total Qg           : -1.446761
Total Load P       : 3.150000
Total Load Q       : 1.150000
Total Active Loss  : 0.037727
Total Reactive Loss: -2.596578
Total Load Supplied: 100.013042%

========================================================================================================================
Update time: 2026-06-11 04:25:40
Iteration: 367
rho: 120
alpha: 0.01
objective_value: 4.0999069676
feasible: False
max_abs_h: 2.261502812531e-04
l2_norm_h: 3.905381800620e-04
lambda_inf_norm: 1.424643255262e+00
lambda_l2_norm: 7.208145161339e+00
------------------------------------------------------------------------------------------------------------------------
Bus Results
BusID	V_R		V_I		Vmag		Pg		Qg		Pl		Ql
1	1.000226	0.000017	1.000226	0.871963	-0.586047	0.000000	0.000000
2	1.045307	0.068119	1.047527	1.158907	-0.346405	0.000000	0.000000
3	1.042387	0.080167	1.045467	1.157192	-0.514529	0.000000	0.000000
4	1.033973	-0.050186	1.035191	0.000000	0.000000	0.000000	0.000000
5	1.049030	-0.080495	1.052116	0.000000	0.000000	0.900000	0.300000
6	1.076116	0.017707	1.076264	0.000000	0.000000	0.000000	0.000000
7	1.069334	-0.031807	1.069809	0.000000	0.000000	1.000000	0.350000
8	1.070428	0.000465	1.070430	0.000000	0.000000	0.000000	0.000000
9	1.030296	-0.098460	1.034991	0.000000	0.000000	1.250000	0.500000

Branch Results
LineID	From	To	Pik		Pki		Qik		Qki		LossP		LossQ
1	1	4	0.871867	-0.871701	-0.586032	0.649494	0.000166	0.063462
2	4	5	0.288331	-0.285964	-0.408398	0.076127	0.002367	-0.332271
3	5	6	-0.614104	0.627509	-0.376083	-0.376964	0.013405	-0.753048
4	3	6	1.157206	-1.157180	-0.514530	0.600508	0.000026	0.085977
5	6	7	0.529633	-0.526668	-0.223529	-0.233347	0.002965	-0.456876
6	7	8	-0.473372	0.475129	-0.116646	-0.210338	0.001757	-0.326984
7	8	2	-1.158878	1.158908	0.429737	-0.346407	0.000030	0.083330
8	8	9	0.683718	-0.670098	-0.219396	-0.390970	0.013620	-0.610367
9	9	4	-0.579962	0.583298	-0.108984	-0.241047	0.003336	-0.350031

Summary
Total Pg           : 3.188061
Total Qg           : -1.446981
Total Load P       : 3.150000
Total Load Q       : 1.150000
Total Active Loss  : 0.037672
Total Reactive Loss: -2.596807
Total Load Supplied: 100.012370%

========================================================================================================================
Update time: 2026-06-11 04:27:56
Iteration: 368
rho: 120
alpha: 0.01
objective_value: 4.09989574836
feasible: False
max_abs_h: 2.095417805221e-04
l2_norm_h: 3.803681939914e-04
lambda_inf_norm: 1.424642544938e+00
lambda_l2_norm: 7.208142812149e+00
------------------------------------------------------------------------------------------------------------------------
Bus Results
BusID	V_R		V_I		Vmag		Pg		Qg		Pl		Ql
1	1.000210	-0.000009	1.000209	0.871973	-0.586228	0.000000	0.000000
2	1.045345	0.068077	1.047562	1.158878	-0.346253	0.000000	0.000000
3	1.042400	0.080131	1.045478	1.157201	-0.514571	0.000000	0.000000
4	1.033966	-0.050214	1.035186	0.000000	0.000000	0.000000	0.000000
5	1.049029	-0.080526	1.052117	0.000000	0.000000	0.900000	0.300000
6	1.076129	0.017670	1.076276	0.000000	0.000000	0.000000	0.000000
7	1.069353	-0.031844	1.069830	0.000000	0.000000	1.000000	0.350000
8	1.070453	0.000425	1.070455	0.000000	0.000000	0.000000	0.000000
9	1.030298	-0.098491	1.034997	0.000000	0.000000	1.250000	0.500000

Branch Results
LineID	From	To	Pik		Pki		Qik		Qki		LossP		LossQ
1	1	4	0.871878	-0.871713	-0.586213	0.649693	0.000165	0.063481
2	4	5	0.288336	-0.285968	-0.408468	0.076203	0.002369	-0.332265
3	5	6	-0.614101	0.627504	-0.376158	-0.376905	0.013403	-0.753063
4	3	6	1.157216	-1.157191	-0.514572	0.600547	0.000026	0.085975
5	6	7	0.529648	-0.526684	-0.223625	-0.233271	0.002964	-0.456897
6	7	8	-0.473356	0.475113	-0.116719	-0.210284	0.001757	-0.327003
7	8	2	-1.158852	1.158880	0.429570	-0.346255	0.000029	0.083315
8	8	9	0.683709	-0.670091	-0.219283	-0.391105	0.013618	-0.610387
9	9	4	-0.579967	0.583305	-0.108851	-0.241177	0.003337	-0.350028

Summary
Total Pg           : 3.188053
Total Qg           : -1.447051
Total Load P       : 3.150000
Total Load Q       : 1.150000
Total Active Loss  : 0.037667
Total Reactive Loss: -2.596873
Total Load Supplied: 100.012261%

========================================================================================================================
Update time: 2026-06-11 04:30:13
Iteration: 369
rho: 120
alpha: 0.01
objective_value: 4.09988279795
feasible: False
max_abs_h: 2.047245404186e-04
l2_norm_h: 3.813485694979e-04
lambda_inf_norm: 1.424641897930e+00
lambda_l2_norm: 7.208140479611e+00
------------------------------------------------------------------------------------------------------------------------
Bus Results
BusID	V_R		V_I		Vmag		Pg		Qg		Pl		Ql
1	1.000205	-0.000027	1.000205	0.871854	-0.586629	0.000000	0.000000
2	1.045432	0.068064	1.047647	1.158939	-0.346013	0.000000	0.000000
3	1.042444	0.080119	1.045520	1.157254	-0.514666	0.000000	0.000000
4	1.033984	-0.050226	1.035204	0.000000	0.000000	0.000000	0.000000
5	1.049059	-0.080537	1.052147	0.000000	0.000000	0.900000	0.300000
6	1.076175	0.017658	1.076322	0.000000	0.000000	0.000000	0.000000
7	1.069414	-0.031855	1.069891	0.000000	0.000000	1.000000	0.350000
8	1.070522	0.000412	1.070524	0.000000	0.000000	0.000000	0.000000
9	1.030338	-0.098499	1.035037	0.000000	0.000000	1.250000	0.500000

Branch Results
LineID	From	To	Pik		Pki		Qik		Qki		LossP		LossQ
1	1	4	0.871758	-0.871587	-0.586616	0.650111	0.000170	0.063495
2	4	5	0.288297	-0.285929	-0.408612	0.076325	0.002368	-0.332287
3	5	6	-0.614141	0.627550	-0.376277	-0.376840	0.013409	-0.753117
4	3	6	1.157267	-1.157232	-0.514668	0.600651	0.000036	0.085983
5	6	7	0.529642	-0.526673	-0.223798	-0.233143	0.002969	-0.456941
6	7	8	-0.473370	0.475127	-0.116852	-0.210187	0.001757	-0.327039
7	8	2	-1.158914	1.158941	0.429317	-0.346015	0.000027	0.083303
8	8	9	0.683759	-0.670155	-0.219130	-0.391325	0.013604	-0.610455
9	9	4	-0.579896	0.583219	-0.108622	-0.241445	0.003323	-0.350068

Summary
Total Pg           : 3.188047
Total Qg           : -1.447308
Total Load P       : 3.150000
Total Load Q       : 1.150000
Total Active Loss  : 0.037664
Total Reactive Loss: -2.597126
Total Load Supplied: 100.012170%

========================================================================================================================
Update time: 2026-06-11 04:32:26
Iteration: 370
rho: 120
alpha: 0.01
objective_value: 4.09986659507
feasible: False
max_abs_h: 2.168949555224e-04
l2_norm_h: 3.807530303706e-04
lambda_inf_norm: 1.424641207954e+00
lambda_l2_norm: 7.208138168283e+00
------------------------------------------------------------------------------------------------------------------------
Bus Results
BusID	V_R		V_I		Vmag		Pg		Qg		Pl		Ql
1	1.000217	-0.000012	1.000217	0.871878	-0.586906	0.000000	0.000000
2	1.045500	0.068056	1.047714	1.158892	-0.345934	0.000000	0.000000
3	1.042493	0.080122	1.045569	1.157264	-0.514734	0.000000	0.000000
4	1.034012	-0.050211	1.035232	0.000000	0.000000	0.000000	0.000000
5	1.049098	-0.080524	1.052185	0.000000	0.000000	0.900000	0.300000
6	1.076227	0.017663	1.076374	0.000000	0.000000	0.000000	0.000000
7	1.069474	-0.031852	1.069950	0.000000	0.000000	1.000000	0.350000
8	1.070583	0.000411	1.070585	0.000000	0.000000	0.000000	0.000000
9	1.030380	-0.098488	1.035077	0.000000	0.000000	1.250000	0.500000

Branch Results
LineID	From	To	Pik		Pki		Qik		Qki		LossP		LossQ
1	1	4	0.871784	-0.871621	-0.586891	0.650406	0.000162	0.063515
2	4	5	0.288293	-0.285929	-0.408739	0.076445	0.002364	-0.332294
3	5	6	-0.614137	0.627538	-0.376400	-0.376791	0.013401	-0.753191
4	3	6	1.157278	-1.157253	-0.514735	0.600714	0.000025	0.085979
5	6	7	0.529676	-0.526710	-0.223907	-0.233088	0.002966	-0.456995
6	7	8	-0.473330	0.475088	-0.116904	-0.210186	0.001758	-0.327090
7	8	2	-1.158865	1.158894	0.429217	-0.345938	0.000029	0.083280
8	8	9	0.683745	-0.670129	-0.219028	-0.391494	0.013616	-0.610522
9	9	4	-0.579928	0.583259	-0.108461	-0.241618	0.003331	-0.350079

Summary
Total Pg           : 3.188034
Total Qg           : -1.447574
Total Load P       : 3.150000
Total Load Q       : 1.150000
Total Active Loss  : 0.037652
Total Reactive Loss: -2.597397
Total Load Supplied: 100.012131%

========================================================================================================================
Update time: 2026-06-11 04:34:42
Iteration: 371
rho: 120
alpha: 0.01
objective_value: 4.099855748
feasible: False
max_abs_h: 2.237654918413e-04
l2_norm_h: 3.817728636696e-04
lambda_inf_norm: 1.424640507794e+00
lambda_l2_norm: 7.208135871055e+00
------------------------------------------------------------------------------------------------------------------------
Bus Results
BusID	V_R		V_I		Vmag		Pg		Qg		Pl		Ql
1	1.000224	-0.000028	1.000224	0.871911	-0.587087	0.000000	0.000000
2	1.045554	0.068019	1.047766	1.158844	-0.345813	0.000000	0.000000
3	1.042522	0.080095	1.045597	1.157271	-0.514808	0.000000	0.000000
4	1.034029	-0.050229	1.035249	0.000000	0.000000	0.000000	0.000000
5	1.049119	-0.080544	1.052208	0.000000	0.000000	0.900000	0.300000
6	1.076257	0.017637	1.076404	0.000000	0.000000	0.000000	0.000000
7	1.069512	-0.031880	1.069989	0.000000	0.000000	1.000000	0.350000
8	1.070626	0.000379	1.070628	0.000000	0.000000	0.000000	0.000000
9	1.030406	-0.098509	1.035105	0.000000	0.000000	1.250000	0.500000

Branch Results
LineID	From	To	Pik		Pki		Qik		Qki		LossP		LossQ
1	1	4	0.871816	-0.871652	-0.587072	0.650606	0.000164	0.063534
2	4	5	0.288301	-0.285936	-0.408811	0.076511	0.002365	-0.332300
3	5	6	-0.614130	0.627527	-0.376469	-0.376765	0.013397	-0.753233
4	3	6	1.157285	-1.157263	-0.514810	0.600790	0.000021	0.085981
5	6	7	0.529700	-0.526737	-0.224011	-0.233012	0.002962	-0.457023
6	7	8	-0.473303	0.475060	-0.116982	-0.210132	0.001757	-0.327114
7	8	2	-1.158816	1.158846	0.429078	-0.345815	0.000029	0.083263
8	8	9	0.683727	-0.670112	-0.218945	-0.391622	0.013615	-0.610567
9	9	4	-0.579947	0.583281	-0.108336	-0.241749	0.003333	-0.350085

Summary
Total Pg           : 3.188026
Total Qg           : -1.447708
Total Load P       : 3.150000
Total Load Q       : 1.150000
Total Active Loss  : 0.037644
Total Reactive Loss: -2.597544
Total Load Supplied: 100.012099%

========================================================================================================================
Update time: 2026-06-11 04:36:59
Iteration: 372
rho: 120
alpha: 0.01
objective_value: 4.09980872322
feasible: False
max_abs_h: 2.463521827518e-04
l2_norm_h: 3.939660932012e-04
lambda_inf_norm: 1.424639842751e+00
lambda_l2_norm: 7.208133637449e+00
------------------------------------------------------------------------------------------------------------------------
Bus Results
BusID	V_R		V_I		Vmag		Pg		Qg		Pl		Ql
1	1.000246	0.000013	1.000246	0.871886	-0.587362	0.000000	0.000000
2	1.045611	0.068053	1.047826	1.158826	-0.345824	0.000000	0.000000
3	1.042573	0.080131	1.045650	1.157279	-0.514868	0.000000	0.000000
4	1.034068	-0.050184	1.035286	0.000000	0.000000	0.000000	0.000000
5	1.049170	-0.080498	1.052255	0.000000	0.000000	0.900000	0.300000
6	1.076312	0.017677	1.076460	0.000000	0.000000	0.000000	0.000000
7	1.069572	-0.031838	1.070048	0.000000	0.000000	1.000000	0.350000
8	1.070684	0.000418	1.070687	0.000000	0.000000	0.000000	0.000000
9	1.030459	-0.098463	1.035154	0.000000	0.000000	1.250000	0.500000

Branch Results
LineID	From	To	Pik		Pki		Qik		Qki		LossP		LossQ
1	1	4	0.871791	-0.871627	-0.587348	0.650892	0.000163	0.063544
2	4	5	0.288292	-0.285925	-0.408940	0.076611	0.002366	-0.332330
3	5	6	-0.614139	0.627532	-0.376566	-0.376752	0.013393	-0.753318
4	3	6	1.157294	-1.157270	-0.514869	0.600843	0.000024	0.085974
5	6	7	0.529701	-0.526744	-0.224075	-0.233004	0.002957	-0.457079
6	7	8	-0.473293	0.475047	-0.116989	-0.210166	0.001754	-0.327155
7	8	2	-1.158799	1.158828	0.429081	-0.345827	0.000030	0.083253
8	8	9	0.683722	-0.670116	-0.218913	-0.391731	0.013606	-0.610644
9	9	4	-0.579938	0.583265	-0.108222	-0.241903	0.003328	-0.350126

Summary
Total Pg           : 3.187992
Total Qg           : -1.448054
Total Load P       : 3.150000
Total Load Q       : 1.150000
Total Active Loss  : 0.037620
Total Reactive Loss: -2.597879
Total Load Supplied: 100.011807%

========================================================================================================================
Update time: 2026-06-11 04:39:12
Iteration: 373
rho: 120
alpha: 0.01
objective_value: 4.09980553452
feasible: False
max_abs_h: 2.610487477770e-04
l2_norm_h: 4.101377914371e-04
lambda_inf_norm: 1.424639159929e+00
lambda_l2_norm: 7.208131406687e+00
------------------------------------------------------------------------------------------------------------------------
Bus Results
BusID	V_R		V_I		Vmag		Pg		Qg		Pl		Ql
1	1.000261	0.000022	1.000261	0.871893	-0.587447	0.000000	0.000000
2	1.045649	0.068057	1.047864	1.158810	-0.345720	0.000000	0.000000
3	1.042570	0.080143	1.045648	1.157287	-0.515067	0.000000	0.000000
4	1.034088	-0.050175	1.035305	0.000000	0.000000	0.000000	0.000000
5	1.049188	-0.080487	1.052272	0.000000	0.000000	0.900000	0.300000
6	1.076321	0.017689	1.076469	0.000000	0.000000	0.000000	0.000000
7	1.069595	-0.031828	1.070071	0.000000	0.000000	1.000000	0.350000
8	1.070715	0.000425	1.070717	0.000000	0.000000	0.000000	0.000000
9	1.030485	-0.098453	1.035179	0.000000	0.000000	1.250000	0.500000

Branch Results
LineID	From	To	Pik		Pki		Qik		Qki		LossP		LossQ
1	1	4	0.871798	-0.871633	-0.587432	0.650976	0.000164	0.063544
2	4	5	0.288295	-0.285927	-0.408932	0.076582	0.002368	-0.332350
3	5	6	-0.614139	0.627532	-0.376534	-0.376809	0.013393	-0.753343
4	3	6	1.157301	-1.157278	-0.515070	0.601057	0.000023	0.085987
5	6	7	0.529711	-0.526756	-0.224231	-0.232867	0.002955	-0.457098
6	7	8	-0.473282	0.475029	-0.117123	-0.210059	0.001747	-0.327182
7	8	2	-1.158786	1.158812	0.428958	-0.345721	0.000026	0.083236
8	8	9	0.683730	-0.670121	-0.218894	-0.391794	0.013609	-0.610688
9	9	4	-0.579935	0.583268	-0.108156	-0.241992	0.003333	-0.350148

Summary
Total Pg           : 3.187989
Total Qg           : -1.448234
Total Load P       : 3.150000
Total Load Q       : 1.150000
Total Active Loss  : 0.037617
Total Reactive Loss: -2.598041
Total Load Supplied: 100.011809%

========================================================================================================================
Update time: 2026-06-11 04:41:32
Iteration: 374
rho: 120
alpha: 0.01
objective_value: 4.09988620235
feasible: False
max_abs_h: 2.231869793277e-04
l2_norm_h: 3.967273990410e-04
lambda_inf_norm: 1.424638448224e+00
lambda_l2_norm: 7.208129063873e+00
------------------------------------------------------------------------------------------------------------------------
Bus Results
BusID	V_R		V_I		Vmag		Pg		Qg		Pl		Ql
1	1.000223	0.000026	1.000223	0.871898	-0.587628	0.000000	0.000000
2	1.045672	0.068049	1.047887	1.158801	-0.345498	0.000000	0.000000
3	1.042567	0.080147	1.045645	1.157350	-0.515049	0.000000	0.000000
4	1.034062	-0.050172	1.035279	0.000000	0.000000	0.000000	0.000000
5	1.049169	-0.080487	1.052254	0.000000	0.000000	0.900000	0.300000
6	1.076317	0.017690	1.076465	0.000000	0.000000	0.000000	0.000000
7	1.069599	-0.031832	1.070075	0.000000	0.000000	1.000000	0.350000
8	1.070724	0.000419	1.070726	0.000000	0.000000	0.000000	0.000000
9	1.030470	-0.098455	1.035165	0.000000	0.000000	1.250000	0.500000

Branch Results
LineID	From	To	Pik		Pki		Qik		Qki		LossP		LossQ
1	1	4	0.871802	-0.871636	-0.587613	0.651173	0.000167	0.063560
2	4	5	0.288286	-0.285915	-0.409001	0.076662	0.002371	-0.332339
3	5	6	-0.614152	0.627553	-0.376611	-0.376716	0.013401	-0.753327
4	3	6	1.157364	-1.157346	-0.515050	0.601043	0.000018	0.085994
5	6	7	0.529755	-0.526791	-0.224310	-0.232786	0.002963	-0.457095
6	7	8	-0.473249	0.475006	-0.117204	-0.209980	0.001757	-0.327184
7	8	2	-1.158776	1.158803	0.428724	-0.345500	0.000027	0.083225
8	8	9	0.683738	-0.670119	-0.218742	-0.391935	0.013619	-0.610677
9	9	4	-0.579939	0.583277	-0.108016	-0.242117	0.003338	-0.350133

Summary
Total Pg           : 3.188049
Total Qg           : -1.448174
Total Load P       : 3.150000
Total Load Q       : 1.150000
Total Active Loss  : 0.037661
Total Reactive Loss: -2.597977
Total Load Supplied: 100.012317%

========================================================================================================================
Update time: 2026-06-11 04:43:48
Iteration: 375
rho: 120
alpha: 0.01
objective_value: 4.09994487555
feasible: False
max_abs_h: 2.442399728082e-04
l2_norm_h: 4.038202763922e-04
lambda_inf_norm: 1.424637704240e+00
lambda_l2_norm: 7.208126638427e+00
------------------------------------------------------------------------------------------------------------------------
Bus Results
BusID	V_R		V_I		Vmag		Pg		Qg		Pl		Ql
1	1.000244	-0.000007	1.000244	0.871953	-0.587704	0.000000	0.000000
2	1.045718	0.067989	1.047928	1.158710	-0.345456	0.000000	0.000000
3	1.042594	0.080108	1.045670	1.157428	-0.515132	0.000000	0.000000
4	1.034085	-0.050209	1.035304	0.000000	0.000000	0.000000	0.000000
5	1.049193	-0.080525	1.052280	0.000000	0.000000	0.900000	0.300000
6	1.076347	0.017647	1.076494	0.000000	0.000000	0.000000	0.000000
7	1.069632	-0.031880	1.070110	0.000000	0.000000	1.000000	0.350000
8	1.070762	0.000365	1.070764	0.000000	0.000000	0.000000	0.000000
9	1.030497	-0.098495	1.035195	0.000000	0.000000	1.250000	0.500000

Branch Results
LineID	From	To	Pik		Pki		Qik		Qki		LossP		LossQ
1	1	4	0.871858	-0.871690	-0.587689	0.651265	0.000168	0.063576
2	4	5	0.288292	-0.285919	-0.409027	0.076687	0.002373	-0.332340
3	5	6	-0.614150	0.627550	-0.376643	-0.376723	0.013401	-0.753366
4	3	6	1.157442	-1.157414	-0.515133	0.601135	0.000028	0.086002
5	6	7	0.529824	-0.526857	-0.224394	-0.232725	0.002967	-0.457119
6	7	8	-0.473186	0.474947	-0.117264	-0.209950	0.001761	-0.327214
7	8	2	-1.158682	1.158712	0.428664	-0.345459	0.000030	0.083205
8	8	9	0.683701	-0.670080	-0.218710	-0.392015	0.013621	-0.610726
9	9	4	-0.579982	0.583325	-0.107942	-0.242192	0.003342	-0.350134

Summary
Total Pg           : 3.188091
Total Qg           : -1.448292
Total Load P       : 3.150000
Total Load Q       : 1.150000
Total Active Loss  : 0.037692
Total Reactive Loss: -2.598116
Total Load Supplied: 100.012665%

========================================================================================================================
Update time: 2026-06-11 04:46:04
Iteration: 376
rho: 120
alpha: 0.01
objective_value: 4.09993219021
feasible: False
max_abs_h: 2.428247957811e-04
l2_norm_h: 4.070446638365e-04
lambda_inf_norm: 1.424636984110e+00
lambda_l2_norm: 7.208124229508e+00
------------------------------------------------------------------------------------------------------------------------
Bus Results
BusID	V_R		V_I		Vmag		Pg		Qg		Pl		Ql
1	1.000243	0.000039	1.000243	0.871961	-0.587938	0.000000	0.000000
2	1.045765	0.068023	1.047978	1.158697	-0.345324	0.000000	0.000000
3	1.042613	0.080146	1.045691	1.157423	-0.515208	0.000000	0.000000
4	1.034099	-0.050162	1.035316	0.000000	0.000000	0.000000	0.000000
5	1.049215	-0.080479	1.052298	0.000000	0.000000	0.900000	0.300000
6	1.076371	0.017688	1.076519	0.000000	0.000000	0.000000	0.000000
7	1.069669	-0.031839	1.070145	0.000000	0.000000	1.000000	0.350000
8	1.070802	0.000403	1.070804	0.000000	0.000000	0.000000	0.000000
9	1.030526	-0.098450	1.035219	0.000000	0.000000	1.250000	0.500000

Branch Results
LineID	From	To	Pik		Pki		Qik		Qki		LossP		LossQ
1	1	4	0.871866	-0.871700	-0.587923	0.651511	0.000166	0.063587
2	4	5	0.288302	-0.285929	-0.409108	0.076755	0.002373	-0.332353
3	5	6	-0.614140	0.627541	-0.376709	-0.376694	0.013401	-0.753402
4	3	6	1.157437	-1.157412	-0.515210	0.601215	0.000025	0.086006
5	6	7	0.529831	-0.526862	-0.224506	-0.232636	0.002969	-0.457142
6	7	8	-0.473181	0.474942	-0.117355	-0.209883	0.001761	-0.327238
7	8	2	-1.158667	1.158699	0.428514	-0.345326	0.000033	0.083188
8	8	9	0.683691	-0.670073	-0.218627	-0.392148	0.013618	-0.610775
9	9	4	-0.579986	0.583325	-0.107804	-0.242351	0.003339	-0.350156

Summary
Total Pg           : 3.188081
Total Qg           : -1.448470
Total Load P       : 3.150000
Total Load Q       : 1.150000
Total Active Loss  : 0.037685
Total Reactive Loss: -2.598285
Total Load Supplied: 100.012577%

========================================================================================================================
Update time: 2026-06-11 04:48:17
Iteration: 377
rho: 120
alpha: 0.01
objective_value: 4.09990699844
feasible: False
max_abs_h: 2.443960117384e-04
l2_norm_h: 4.109556194669e-04
lambda_inf_norm: 1.424636269105e+00
lambda_l2_norm: 7.208121854537e+00
------------------------------------------------------------------------------------------------------------------------
Bus Results
BusID	V_R		V_I		Vmag		Pg		Qg		Pl		Ql
1	1.000244	0.000060	1.000244	0.871923	-0.588170	0.000000	0.000000
2	1.045820	0.068042	1.048033	1.158696	-0.345183	0.000000	0.000000
3	1.042637	0.080170	1.045717	1.157444	-0.515297	0.000000	0.000000
4	1.034115	-0.050138	1.035331	0.000000	0.000000	0.000000	0.000000
5	1.049238	-0.080453	1.052320	0.000000	0.000000	0.900000	0.300000
6	1.076401	0.017714	1.076549	0.000000	0.000000	0.000000	0.000000
7	1.069710	-0.031815	1.070185	0.000000	0.000000	1.000000	0.350000
8	1.070848	0.000425	1.070850	0.000000	0.000000	0.000000	0.000000
9	1.030556	-0.098425	1.035247	0.000000	0.000000	1.250000	0.500000

Branch Results
LineID	From	To	Pik		Pki		Qik		Qki		LossP		LossQ
1	1	4	0.871827	-0.871659	-0.588155	0.651754	0.000168	0.063599
2	4	5	0.288282	-0.285907	-0.409188	0.076823	0.002375	-0.332365
3	5	6	-0.614161	0.627561	-0.376777	-0.376662	0.013400	-0.753439
4	3	6	1.157458	-1.157433	-0.515299	0.601307	0.000025	0.086009
5	6	7	0.529834	-0.526870	-0.224630	-0.232543	0.002963	-0.457174
6	7	8	-0.473169	0.474923	-0.117448	-0.209821	0.001754	-0.327268
7	8	2	-1.158670	1.158699	0.428357	-0.345185	0.000029	0.083172
8	8	9	0.683715	-0.670097	-0.218533	-0.392288	0.013618	-0.610821
9	9	4	-0.579963	0.583303	-0.107663	-0.242513	0.003340	-0.350176

Summary
Total Pg           : 3.188064
Total Qg           : -1.448650
Total Load P       : 3.150000
Total Load Q       : 1.150000
Total Active Loss  : 0.037673
Total Reactive Loss: -2.598464
Total Load Supplied: 100.012419%

========================================================================================================================
Update time: 2026-06-11 04:50:34
Iteration: 378
rho: 120
alpha: 0.01
objective_value: 4.09999081689
feasible: False
max_abs_h: 2.225296008405e-04
l2_norm_h: 3.993271310488e-04
lambda_inf_norm: 1.424635505152e+00
lambda_l2_norm: 7.208119362947e+00
------------------------------------------------------------------------------------------------------------------------
Bus Results
BusID	V_R		V_I		Vmag		Pg		Qg		Pl		Ql
1	1.000223	0.000025	1.000223	0.871976	-0.588282	0.000000	0.000000
2	1.045854	0.067988	1.048064	1.158695	-0.344933	0.000000	0.000000
3	1.042631	0.080123	1.045708	1.157452	-0.515369	0.000000	0.000000
4	1.034099	-0.050178	1.035317	0.000000	0.000000	0.000000	0.000000
5	1.049223	-0.080497	1.052308	0.000000	0.000000	0.900000	0.300000
6	1.076396	0.017664	1.076544	0.000000	0.000000	0.000000	0.000000
7	1.069715	-0.031867	1.070192	0.000000	0.000000	1.000000	0.350000
8	1.070863	0.000371	1.070865	0.000000	0.000000	0.000000	0.000000
9	1.030547	-0.098470	1.035243	0.000000	0.000000	1.250000	0.500000

Branch Results
LineID	From	To	Pik		Pki		Qik		Qki		LossP		LossQ
1	1	4	0.871882	-0.871715	-0.588267	0.651885	0.000167	0.063618
2	4	5	0.288310	-0.285930	-0.409212	0.076861	0.002380	-0.332351
3	5	6	-0.614141	0.627546	-0.376814	-0.376617	0.013405	-0.753431
4	3	6	1.157467	-1.157440	-0.515371	0.601387	0.000026	0.086016
5	6	7	0.529855	-0.526885	-0.224755	-0.232416	0.002969	-0.457171
6	7	8	-0.473159	0.474922	-0.117578	-0.209691	0.001763	-0.327269
7	8	2	-1.158663	1.158697	0.428097	-0.344935	0.000034	0.083163
8	8	9	0.683706	-0.670081	-0.218405	-0.392417	0.013626	-0.610821
9	9	4	-0.579983	0.583331	-0.107537	-0.242623	0.003348	-0.350160

Summary
Total Pg           : 3.188124
Total Qg           : -1.448584
Total Load P       : 3.150000
Total Load Q       : 1.150000
Total Active Loss  : 0.037717
Total Reactive Loss: -2.598408
Total Load Supplied: 100.012928%

========================================================================================================================
Update time: 2026-06-11 04:52:51
Iteration: 379
rho: 120
alpha: 0.01
objective_value: 4.09993843655
feasible: False
max_abs_h: 2.023833246863e-04
l2_norm_h: 3.838812388322e-04
lambda_inf_norm: 1.424634770383e+00
lambda_l2_norm: 7.208116944091e+00
------------------------------------------------------------------------------------------------------------------------
Bus Results
BusID	V_R		V_I		Vmag		Pg		Qg		Pl		Ql
1	1.000202	0.000005	1.000203	0.871989	-0.588452	0.000000	0.000000
2	1.045890	0.067948	1.048097	1.158637	-0.344754	0.000000	0.000000
3	1.042632	0.080093	1.045707	1.157459	-0.515440	0.000000	0.000000
4	1.034088	-0.050201	1.035307	0.000000	0.000000	0.000000	0.000000
5	1.049216	-0.080523	1.052303	0.000000	0.000000	0.900000	0.300000
6	1.076400	0.017634	1.076547	0.000000	0.000000	0.000000	0.000000
7	1.069729	-0.031900	1.070207	0.000000	0.000000	1.000000	0.350000
8	1.070884	0.000335	1.070887	0.000000	0.000000	0.000000	0.000000
9	1.030546	-0.098495	1.035244	0.000000	0.000000	1.250000	0.500000

Branch Results
LineID	From	To	Pik		Pki		Qik		Qki		LossP		LossQ
1	1	4	0.871894	-0.871725	-0.588436	0.652069	0.000170	0.063633
2	4	5	0.288316	-0.285939	-0.409260	0.076914	0.002376	-0.332345
3	5	6	-0.614128	0.627529	-0.376866	-0.376566	0.013401	-0.753432
4	3	6	1.157473	-1.157444	-0.515442	0.601463	0.000028	0.086021
5	6	7	0.529876	-0.526907	-0.224883	-0.232299	0.002969	-0.457182
6	7	8	-0.473136	0.474895	-0.117691	-0.209601	0.001759	-0.327292
7	8	2	-1.158610	1.158639	0.427896	-0.344756	0.000029	0.083140
8	8	9	0.683683	-0.670066	-0.218291	-0.392556	0.013617	-0.610846
9	9	4	-0.579993	0.583335	-0.107397	-0.242759	0.003342	-0.350156

Summary
Total Pg           : 3.188085
Total Qg           : -1.448645
Total Load P       : 3.150000
Total Load Q       : 1.150000
Total Active Loss  : 0.037691
Total Reactive Loss: -2.598460
Total Load Supplied: 100.012516%

========================================================================================================================
Update time: 2026-06-11 04:55:07
Iteration: 380
rho: 120
alpha: 0.01
objective_value: 4.09992620569
feasible: False
max_abs_h: 2.277964895601e-04
l2_norm_h: 3.906538304443e-04
lambda_inf_norm: 1.424634064992e+00
lambda_l2_norm: 7.208114540895e+00
------------------------------------------------------------------------------------------------------------------------
Bus Results
BusID	V_R		V_I		Vmag		Pg		Qg		Pl		Ql
1	1.000228	0.000007	1.000227	0.872019	-0.588643	0.000000	0.000000
2	1.045948	0.067927	1.048153	1.158572	-0.344728	0.000000	0.000000
3	1.042679	0.080084	1.045752	1.157484	-0.515504	0.000000	0.000000
4	1.034124	-0.050199	1.035342	0.000000	0.000000	0.000000	0.000000
5	1.049258	-0.080522	1.052345	0.000000	0.000000	0.900000	0.300000
6	1.076448	0.017626	1.076594	0.000000	0.000000	0.000000	0.000000
7	1.069781	-0.031909	1.070259	0.000000	0.000000	1.000000	0.350000
8	1.070937	0.000321	1.070940	0.000000	0.000000	0.000000	0.000000
9	1.030591	-0.098496	1.035289	0.000000	0.000000	1.250000	0.500000

Branch Results
LineID	From	To	Pik		Pki		Qik		Qki		LossP		LossQ
1	1	4	0.871924	-0.871758	-0.588628	0.652275	0.000166	0.063647
2	4	5	0.288323	-0.285952	-0.409346	0.076986	0.002372	-0.332360
3	5	6	-0.614116	0.627517	-0.376943	-0.376559	0.013401	-0.753502
4	3	6	1.157498	-1.157468	-0.515505	0.601525	0.000030	0.086019
5	6	7	0.529910	-0.526940	-0.224951	-0.232269	0.002969	-0.457220
6	7	8	-0.473103	0.474864	-0.117724	-0.209599	0.001761	-0.327324
7	8	2	-1.158542	1.158574	0.427853	-0.344732	0.000032	0.083122
8	8	9	0.683645	-0.670031	-0.218252	-0.392660	0.013614	-0.610911
9	9	4	-0.580028	0.583365	-0.107296	-0.242880	0.003336	-0.350177

Summary
Total Pg           : 3.188076
Total Qg           : -1.448875
Total Load P       : 3.150000
Total Load Q       : 1.150000
Total Active Loss  : 0.037681
Total Reactive Loss: -2.598707
Total Load Supplied: 100.012534%

========================================================================================================================
Update time: 2026-06-11 04:57:23
Iteration: 381
rho: 120
alpha: 0.01
objective_value: 4.09992701712
feasible: False
max_abs_h: 2.211372236101e-04
l2_norm_h: 3.851417630042e-04
lambda_inf_norm: 1.424633337487e+00
lambda_l2_norm: 7.208112136175e+00
------------------------------------------------------------------------------------------------------------------------
Bus Results
BusID	V_R		V_I		Vmag		Pg		Qg		Pl		Ql
1	1.000221	-0.000042	1.000221	0.872029	-0.588845	0.000000	0.000000
2	1.045999	0.067859	1.048200	1.158528	-0.344589	0.000000	0.000000
3	1.042712	0.080028	1.045781	1.157519	-0.515512	0.000000	0.000000
4	1.034127	-0.050250	1.035348	0.000000	0.000000	0.000000	0.000000
5	1.049267	-0.080576	1.052358	0.000000	0.000000	0.900000	0.300000
6	1.076477	0.017567	1.076622	0.000000	0.000000	0.000000	0.000000
7	1.069813	-0.031970	1.070293	0.000000	0.000000	1.000000	0.350000
8	1.070974	0.000257	1.070977	0.000000	0.000000	0.000000	0.000000
9	1.030603	-0.098550	1.035305	0.000000	0.000000	1.250000	0.500000

Branch Results
LineID	From	To	Pik		Pki		Qik		Qki		LossP		LossQ
1	1	4	0.871934	-0.871769	-0.588831	0.652495	0.000165	0.063664
2	4	5	0.288319	-0.285943	-0.409434	0.077080	0.002376	-0.332354
3	5	6	-0.614126	0.627525	-0.377041	-0.376487	0.013399	-0.753528
4	3	6	1.157534	-1.157508	-0.515514	0.601534	0.000025	0.086020
5	6	7	0.529943	-0.526975	-0.225033	-0.232215	0.002968	-0.457248
6	7	8	-0.473068	0.474826	-0.117779	-0.209567	0.001758	-0.327347
7	8	2	-1.158497	1.158529	0.427700	-0.344592	0.000032	0.083108
8	8	9	0.683639	-0.670023	-0.218134	-0.392804	0.013615	-0.610938
9	9	4	-0.580037	0.583378	-0.107157	-0.243016	0.003340	-0.350174

Summary
Total Pg           : 3.188076
Total Qg           : -1.448947
Total Load P       : 3.150000
Total Load Q       : 1.150000
Total Active Loss  : 0.037680
Total Reactive Loss: -2.598796
Total Load Supplied: 100.012580%

========================================================================================================================
Update time: 2026-06-11 04:59:37
Iteration: 382
rho: 120
alpha: 0.01
objective_value: 4.09995660351
feasible: False
max_abs_h: 2.088801329623e-04
l2_norm_h: 3.908450163203e-04
lambda_inf_norm: 1.424632629049e+00
lambda_l2_norm: 7.208109689254e+00
------------------------------------------------------------------------------------------------------------------------
Bus Results
BusID	V_R		V_I		Vmag		Pg		Qg		Pl		Ql
1	1.000209	0.000066	1.000209	0.872038	-0.589094	0.000000	0.000000
2	1.046032	0.067956	1.048240	1.158498	-0.344498	0.000000	0.000000
3	1.042724	0.080136	1.045801	1.157562	-0.515544	0.000000	0.000000
4	1.034135	-0.050140	1.035350	0.000000	0.000000	0.000000	0.000000
5	1.049287	-0.080466	1.052369	0.000000	0.000000	0.900000	0.300000
6	1.076497	0.017677	1.076645	0.000000	0.000000	0.000000	0.000000
7	1.069846	-0.031863	1.070323	0.000000	0.000000	1.000000	0.350000
8	1.071007	0.000360	1.071009	0.000000	0.000000	0.000000	0.000000
9	1.030628	-0.098442	1.035321	0.000000	0.000000	1.250000	0.500000

Branch Results
LineID	From	To	Pik		Pki		Qik		Qki		LossP		LossQ
1	1	4	0.871943	-0.871777	-0.589079	0.652762	0.000166	0.063683
2	4	5	0.288322	-0.285938	-0.409535	0.077169	0.002384	-0.332366
3	5	6	-0.614134	0.627539	-0.377125	-0.376435	0.013405	-0.753560
4	3	6	1.157576	-1.157551	-0.515545	0.601570	0.000026	0.086024
5	6	7	0.529971	-0.527005	-0.225122	-0.232150	0.002966	-0.457272
6	7	8	-0.473037	0.474794	-0.117842	-0.209536	0.001757	-0.327378
7	8	2	-1.158458	1.158499	0.427583	-0.344499	0.000041	0.083084
8	8	9	0.683631	-0.670016	-0.218042	-0.392942	0.013615	-0.610984
9	9	4	-0.580042	0.583381	-0.107013	-0.243178	0.003338	-0.350191

Summary
Total Pg           : 3.188098
Total Qg           : -1.449135
Total Load P       : 3.150000
Total Load Q       : 1.150000
Total Active Loss  : 0.037698
Total Reactive Loss: -2.598960
Total Load Supplied: 100.012696%

========================================================================================================================
Update time: 2026-06-11 05:01:53
Iteration: 383
rho: 120
alpha: 0.01
objective_value: 4.09986526512
feasible: False
max_abs_h: 2.359153640548e-04
l2_norm_h: 3.990048994961e-04
lambda_inf_norm: 1.424631907215e+00
lambda_l2_norm: 7.208107367436e+00
------------------------------------------------------------------------------------------------------------------------
Bus Results
BusID	V_R		V_I		Vmag		Pg		Qg		Pl		Ql
1	1.000236	0.000051	1.000236	0.871996	-0.589330	0.000000	0.000000
2	1.046108	0.067936	1.048314	1.158480	-0.344361	0.000000	0.000000
3	1.042761	0.080121	1.045837	1.157557	-0.515720	0.000000	0.000000
4	1.034173	-0.050152	1.035389	0.000000	0.000000	0.000000	0.000000
5	1.049330	-0.080475	1.052412	0.000000	0.000000	0.900000	0.300000
6	1.076541	0.017665	1.076688	0.000000	0.000000	0.000000	0.000000
7	1.069903	-0.031875	1.070380	0.000000	0.000000	1.000000	0.350000
8	1.071072	0.000344	1.071074	0.000000	0.000000	0.000000	0.000000
9	1.030679	-0.098453	1.035372	0.000000	0.000000	1.250000	0.500000

Branch Results
LineID	From	To	Pik		Pki		Qik		Qki		LossP		LossQ
1	1	4	0.871900	-0.871733	-0.589315	0.653000	0.000167	0.063684
2	4	5	0.288294	-0.285918	-0.409604	0.077208	0.002376	-0.332397
3	5	6	-0.614150	0.627544	-0.377163	-0.376462	0.013394	-0.753625
4	3	6	1.157571	-1.157551	-0.515722	0.601751	0.000020	0.086029
5	6	7	0.529974	-0.527018	-0.225280	-0.232030	0.002956	-0.457310
6	7	8	-0.473020	0.474768	-0.117967	-0.209443	0.001748	-0.327410
7	8	2	-1.158451	1.158482	0.427431	-0.344364	0.000031	0.083067
8	8	9	0.683653	-0.670037	-0.217987	-0.393068	0.013616	-0.611056
9	9	4	-0.580024	0.583366	-0.106886	-0.243343	0.003342	-0.350229

Summary
Total Pg           : 3.188032
Total Qg           : -1.449411
Total Load P       : 3.150000
Total Load Q       : 1.150000
Total Active Loss  : 0.037649
Total Reactive Loss: -2.599246
Total Load Supplied: 100.012149%

========================================================================================================================
Update time: 2026-06-11 05:04:10
Iteration: 384
rho: 120
alpha: 0.01
objective_value: 4.09985927871
feasible: False
max_abs_h: 2.135822748268e-04
l2_norm_h: 3.781230987427e-04
lambda_inf_norm: 1.424631220447e+00
lambda_l2_norm: 7.208105054100e+00
------------------------------------------------------------------------------------------------------------------------
Bus Results
BusID	V_R		V_I		Vmag		Pg		Qg		Pl		Ql
1	1.000214	0.000012	1.000214	0.871913	-0.589555	0.000000	0.000000
2	1.046155	0.067891	1.048359	1.158463	-0.344170	0.000000	0.000000
3	1.042779	0.080091	1.045853	1.157654	-0.515747	0.000000	0.000000
4	1.034163	-0.050188	1.035381	0.000000	0.000000	0.000000	0.000000
5	1.049327	-0.080511	1.052412	0.000000	0.000000	0.900000	0.300000
6	1.076559	0.017630	1.076706	0.000000	0.000000	0.000000	0.000000
7	1.069929	-0.031914	1.070407	0.000000	0.000000	1.000000	0.350000
8	1.071103	0.000302	1.071106	0.000000	0.000000	0.000000	0.000000
9	1.030682	-0.098489	1.035378	0.000000	0.000000	1.250000	0.500000

Branch Results
LineID	From	To	Pik		Pki		Qik		Qki		LossP		LossQ
1	1	4	0.871817	-0.871651	-0.589541	0.653239	0.000166	0.063698
2	4	5	0.288251	-0.285878	-0.409681	0.077298	0.002373	-0.332383
3	5	6	-0.614189	0.627588	-0.377257	-0.376372	0.013398	-0.753629
4	3	6	1.157669	-1.157640	-0.515747	0.601783	0.000028	0.086036
5	6	7	0.530014	-0.527051	-0.225398	-0.231935	0.002962	-0.457333
6	7	8	-0.472986	0.474734	-0.118058	-0.209381	0.001748	-0.327438
7	8	2	-1.158439	1.158465	0.427222	-0.344172	0.000026	0.083050
8	8	9	0.683676	-0.670063	-0.217838	-0.393238	0.013613	-0.611075
9	9	4	-0.579994	0.583329	-0.106716	-0.243510	0.003335	-0.350225

Summary
Total Pg           : 3.188030
Total Qg           : -1.449472
Total Load P       : 3.150000
Total Load Q       : 1.150000
Total Active Loss  : 0.037650
Total Reactive Loss: -2.599300
Total Load Supplied: 100.012063%

========================================================================================================================
Update time: 2026-06-11 05:06:27
Iteration: 385
rho: 120
alpha: 0.01
objective_value: 4.09982207032
feasible: False
max_abs_h: 2.707329248586e-04
l2_norm_h: 4.117940487829e-04
lambda_inf_norm: 1.424630518580e+00
lambda_l2_norm: 7.208102789581e+00
------------------------------------------------------------------------------------------------------------------------
Bus Results
BusID	V_R		V_I		Vmag		Pg		Qg		Pl		Ql
1	1.000271	-0.000087	1.000270	0.871911	-0.589942	0.000000	0.000000
2	1.046285	0.067761	1.048479	1.158405	-0.344117	0.000000	0.000000
3	1.042883	0.079975	1.045947	1.157687	-0.515917	0.000000	0.000000
4	1.034236	-0.050288	1.035458	0.000000	0.000000	0.000000	0.000000
5	1.049411	-0.080612	1.052503	0.000000	0.000000	0.900000	0.300000
6	1.076662	0.017514	1.076806	0.000000	0.000000	0.000000	0.000000
7	1.070038	-0.032029	1.070519	0.000000	0.000000	1.000000	0.350000
8	1.071218	0.000179	1.071219	0.000000	0.000000	0.000000	0.000000
9	1.030768	-0.098589	1.035473	0.000000	0.000000	1.250000	0.500000

Branch Results
LineID	From	To	Pik		Pki		Qik		Qki		LossP		LossQ
1	1	4	0.871816	-0.871652	-0.589929	0.653658	0.000164	0.063729
2	4	5	0.288241	-0.285870	-0.409864	0.077441	0.002371	-0.332423
3	5	6	-0.614196	0.627588	-0.377404	-0.376380	0.013392	-0.753784
4	3	6	1.157701	-1.157676	-0.515919	0.601956	0.000025	0.086037
5	6	7	0.530052	-0.527092	-0.225562	-0.231868	0.002960	-0.457430
6	7	8	-0.472946	0.474693	-0.118126	-0.209383	0.001747	-0.327509
7	8	2	-1.158380	1.158406	0.427148	-0.344120	0.000027	0.083028
8	8	9	0.683657	-0.670050	-0.217766	-0.393443	0.013607	-0.611209
9	9	4	-0.580008	0.583342	-0.106520	-0.243754	0.003334	-0.350273

Summary
Total Pg           : 3.188003
Total Qg           : -1.449976
Total Load P       : 3.150000
Total Load Q       : 1.150000
Total Active Loss  : 0.037627
Total Reactive Loss: -2.599835
Total Load Supplied: 100.011931%

========================================================================================================================
Update time: 2026-06-11 05:08:40
Iteration: 386
rho: 120
alpha: 0.01
objective_value: 4.09987305753
feasible: False
max_abs_h: 2.411346963946e-04
l2_norm_h: 3.957116877833e-04
lambda_inf_norm: 1.424629833043e+00
lambda_l2_norm: 7.208100453630e+00
------------------------------------------------------------------------------------------------------------------------
Bus Results
BusID	V_R		V_I		Vmag		Pg		Qg		Pl		Ql
1	1.000241	0.000000	1.000241	0.871952	-0.590132	0.000000	0.000000
2	1.046299	0.067832	1.048498	1.158368	-0.343970	0.000000	0.000000
3	1.042870	0.080057	1.045941	1.157719	-0.515960	0.000000	0.000000
4	1.034222	-0.050202	1.035441	0.000000	0.000000	0.000000	0.000000
5	1.049405	-0.080528	1.052492	0.000000	0.000000	0.900000	0.300000
6	1.076657	0.017597	1.076803	0.000000	0.000000	0.000000	0.000000
7	1.070044	-0.031952	1.070524	0.000000	0.000000	1.000000	0.350000
8	1.071227	0.000255	1.071230	0.000000	0.000000	0.000000	0.000000
9	1.030769	-0.098508	1.035467	0.000000	0.000000	1.250000	0.500000

Branch Results
LineID	From	To	Pik		Pki		Qik		Qki		LossP		LossQ
1	1	4	0.871857	-0.871699	-0.590118	0.653860	0.000158	0.063742
2	4	5	0.288260	-0.285886	-0.409931	0.077503	0.002374	-0.332428
3	5	6	-0.614181	0.627575	-0.377458	-0.376329	0.013394	-0.753787
4	3	6	1.157733	-1.157705	-0.515962	0.602000	0.000028	0.086038
5	6	7	0.530091	-0.527123	-0.225653	-0.231782	0.002969	-0.457435
6	7	8	-0.472920	0.474675	-0.118209	-0.209314	0.001756	-0.327523
7	8	2	-1.158336	1.158370	0.426981	-0.343972	0.000033	0.083009
8	8	9	0.683629	-0.670021	-0.217664	-0.393562	0.013608	-0.611226
9	9	4	-0.580036	0.583369	-0.106393	-0.243881	0.003333	-0.350274

Summary
Total Pg           : 3.188040
Total Qg           : -1.450063
Total Load P       : 3.150000
Total Load Q       : 1.150000
Total Active Loss  : 0.037654
Total Reactive Loss: -2.599885
Total Load Supplied: 100.012251%

========================================================================================================================
Update time: 2026-06-11 05:10:57
Iteration: 387
rho: 120
alpha: 0.01
objective_value: 4.09989135339
feasible: False
max_abs_h: 2.268687396143e-04
l2_norm_h: 4.017824189134e-04
lambda_inf_norm: 1.424629110368e+00
lambda_l2_norm: 7.208098091386e+00
------------------------------------------------------------------------------------------------------------------------
Bus Results
BusID	V_R		V_I		Vmag		Pg		Qg		Pl		Ql
1	1.000227	-0.000073	1.000227	0.872013	-0.590341	0.000000	0.000000
2	1.046341	0.067730	1.048533	1.158319	-0.343817	0.000000	0.000000
3	1.042883	0.079966	1.045947	1.157719	-0.516025	0.000000	0.000000
4	1.034217	-0.050282	1.035439	0.000000	0.000000	0.000000	0.000000
5	1.049402	-0.080612	1.052495	0.000000	0.000000	0.900000	0.300000
6	1.076668	0.017504	1.076812	0.000000	0.000000	0.000000	0.000000
7	1.070061	-0.032048	1.070543	0.000000	0.000000	1.000000	0.350000
8	1.071252	0.000155	1.071254	0.000000	0.000000	0.000000	0.000000
9	1.030770	-0.098593	1.035476	0.000000	0.000000	1.250000	0.500000

Branch Results
LineID	From	To	Pik		Pki		Qik		Qki		LossP		LossQ
1	1	4	0.871919	-0.871758	-0.590326	0.654079	0.000161	0.063753
2	4	5	0.288276	-0.285908	-0.409997	0.077564	0.002368	-0.332433
3	5	6	-0.614156	0.627544	-0.377514	-0.376292	0.013388	-0.753806
4	3	6	1.157733	-1.157703	-0.516026	0.602067	0.000030	0.086041
5	6	7	0.530122	-0.527154	-0.225760	-0.231681	0.002967	-0.457442
6	7	8	-0.472891	0.474647	-0.118309	-0.209233	0.001757	-0.327543
7	8	2	-1.158282	1.158320	0.426811	-0.343819	0.000038	0.082992
8	8	9	0.683600	-0.669984	-0.217573	-0.393690	0.013616	-0.611263
9	9	4	-0.580077	0.583413	-0.106259	-0.244027	0.003336	-0.350286

Summary
Total Pg           : 3.188051
Total Qg           : -1.450183
Total Load P       : 3.150000
Total Load Q       : 1.150000
Total Active Loss  : 0.037662
Total Reactive Loss: -2.599987
Total Load Supplied: 100.012353%

========================================================================================================================
Update time: 2026-06-11 05:13:14
Iteration: 388
rho: 120
alpha: 0.01
objective_value: 4.09993693595
feasible: False
max_abs_h: 1.683381085980e-04
l2_norm_h: 3.768142344337e-04
lambda_inf_norm: 1.424628395651e+00
lambda_l2_norm: 7.208095667252e+00
------------------------------------------------------------------------------------------------------------------------
Bus Results
BusID	V_R		V_I		Vmag		Pg		Qg		Pl		Ql
1	1.000168	-0.000032	1.000169	0.872112	-0.590238	0.000000	0.000000
2	1.046298	0.067753	1.048493	1.158255	-0.343621	0.000000	0.000000
3	1.042810	0.079999	1.045878	1.157716	-0.516030	0.000000	0.000000
4	1.034156	-0.050248	1.035377	0.000000	0.000000	0.000000	0.000000
5	1.049336	-0.080582	1.052428	0.000000	0.000000	0.900000	0.300000
6	1.076600	0.017534	1.076746	0.000000	0.000000	0.000000	0.000000
7	1.070002	-0.032024	1.070484	0.000000	0.000000	1.000000	0.350000
8	1.071200	0.000179	1.071203	0.000000	0.000000	0.000000	0.000000
9	1.030710	-0.098566	1.035415	0.000000	0.000000	1.250000	0.500000

Branch Results
LineID	From	To	Pik		Pki		Qik		Qki		LossP		LossQ
1	1	4	0.872018	-0.871857	-0.590221	0.653982	0.000161	0.063761
2	4	5	0.288327	-0.285952	-0.409910	0.077517	0.002375	-0.332393
3	5	6	-0.614116	0.627512	-0.377467	-0.376241	0.013396	-0.753707
4	3	6	1.157730	-1.157702	-0.516030	0.602081	0.000028	0.086051
5	6	7	0.530148	-0.527173	-0.225821	-0.231571	0.002975	-0.457392
6	7	8	-0.472872	0.474633	-0.118414	-0.209105	0.001761	-0.327519
7	8	2	-1.158221	1.158256	0.426596	-0.343621	0.000035	0.082975
8	8	9	0.683553	-0.669939	-0.217482	-0.393720	0.013614	-0.611202
9	9	4	-0.580119	0.583459	-0.106224	-0.244015	0.003340	-0.350240

Summary
Total Pg           : 3.188082
Total Qg           : -1.449888
Total Load P       : 3.150000
Total Load Q       : 1.150000
Total Active Loss  : 0.037685
Total Reactive Loss: -2.599665
Total Load Supplied: 100.012615%

========================================================================================================================
Update time: 2026-06-11 05:15:29
Iteration: 389
rho: 120
alpha: 0.01
objective_value: 4.09990662269
feasible: False
max_abs_h: 1.899000510253e-04
l2_norm_h: 3.782390526912e-04
lambda_inf_norm: 1.424627694895e+00
lambda_l2_norm: 7.208093284418e+00
------------------------------------------------------------------------------------------------------------------------
Bus Results
BusID	V_R		V_I		Vmag		Pg		Qg		Pl		Ql
1	1.000190	0.000078	1.000190	0.872070	-0.590387	0.000000	0.000000
2	1.046366	0.067868	1.048567	1.158278	-0.343383	0.000000	0.000000
3	1.042826	0.080115	1.045902	1.157714	-0.516191	0.000000	0.000000
4	1.034191	-0.050130	1.035406	0.000000	0.000000	0.000000	0.000000
5	1.049377	-0.080462	1.052459	0.000000	0.000000	0.900000	0.300000
6	1.076631	0.017656	1.076778	0.000000	0.000000	0.000000	0.000000
7	1.070054	-0.031901	1.070532	0.000000	0.000000	1.000000	0.350000
8	1.071259	0.000298	1.071262	0.000000	0.000000	0.000000	0.000000
9	1.030763	-0.098447	1.035455	0.000000	0.000000	1.250000	0.500000

Branch Results
LineID	From	To	Pik		Pki		Qik		Qki		LossP		LossQ
1	1	4	0.871975	-0.871815	-0.590373	0.654148	0.000160	0.063775
2	4	5	0.288317	-0.285942	-0.409939	0.077539	0.002375	-0.332400
3	5	6	-0.614125	0.627520	-0.377495	-0.376248	0.013395	-0.753743
4	3	6	1.157727	-1.157696	-0.516194	0.602256	0.000031	0.086062
5	6	7	0.530136	-0.527166	-0.225995	-0.231420	0.002970	-0.457415
6	7	8	-0.472877	0.474633	-0.118574	-0.208963	0.001756	-0.327537
7	8	2	-1.158247	1.158279	0.426350	-0.343385	0.000032	0.082966
8	8	9	0.683581	-0.669969	-0.217387	-0.393857	0.013612	-0.611244
9	9	4	-0.580089	0.583427	-0.106096	-0.244159	0.003338	-0.350254

Summary
Total Pg           : 3.188061
Total Qg           : -1.449962
Total Load P       : 3.150000
Total Load Q       : 1.150000
Total Active Loss  : 0.037669
Total Reactive Loss: -2.599790
Total Load Supplied: 100.012444%

========================================================================================================================
Update time: 2026-06-11 05:17:43
Iteration: 390
rho: 120
alpha: 0.01
objective_value: 4.09986414153
feasible: False
max_abs_h: 2.029801439787e-04
l2_norm_h: 3.958025858362e-04
lambda_inf_norm: 1.424626949049e+00
lambda_l2_norm: 7.208090959331e+00
------------------------------------------------------------------------------------------------------------------------
Bus Results
BusID	V_R		V_I		Vmag		Pg		Qg		Pl		Ql
1	1.000203	0.000106	1.000203	0.872046	-0.590490	0.000000	0.000000
2	1.046391	0.067894	1.048594	1.158211	-0.343404	0.000000	0.000000
3	1.042844	0.080157	1.045923	1.157774	-0.516256	0.000000	0.000000
4	1.034211	-0.050100	1.035425	0.000000	0.000000	0.000000	0.000000
5	1.049401	-0.080427	1.052480	0.000000	0.000000	0.900000	0.300000
6	1.076654	0.017697	1.076802	0.000000	0.000000	0.000000	0.000000
7	1.070083	-0.031864	1.070559	0.000000	0.000000	1.000000	0.350000
8	1.071286	0.000331	1.071288	0.000000	0.000000	0.000000	0.000000
9	1.030789	-0.098415	1.035478	0.000000	0.000000	1.250000	0.500000

Branch Results
LineID	From	To	Pik		Pki		Qik		Qki		LossP		LossQ
1	1	4	0.871950	-0.871781	-0.590475	0.654250	0.000169	0.063775
2	4	5	0.288278	-0.285896	-0.409982	0.077564	0.002382	-0.332418
3	5	6	-0.614173	0.627562	-0.377517	-0.376261	0.013390	-0.753778
4	3	6	1.157788	-1.157769	-0.516258	0.602323	0.000020	0.086066
5	6	7	0.530173	-0.527217	-0.226046	-0.231399	0.002957	-0.457445
6	7	8	-0.472818	0.474560	-0.118591	-0.208976	0.001742	-0.327566
7	8	2	-1.158185	1.158213	0.426358	-0.343407	0.000027	0.082951
8	8	9	0.683596	-0.669985	-0.217378	-0.393899	0.013611	-0.611277
9	9	4	-0.580078	0.583427	-0.106054	-0.244217	0.003349	-0.350271

Summary
Total Pg           : 3.188031
Total Qg           : -1.450150
Total Load P       : 3.150000
Total Load Q       : 1.150000
Total Active Loss  : 0.037647
Total Reactive Loss: -2.599964
Total Load Supplied: 100.012190%

========================================================================================================================
Update time: 2026-06-11 05:20:00
Iteration: 391
rho: 120
alpha: 0.01
objective_value: 4.09998030438
feasible: False
max_abs_h: 2.171268717683e-04
l2_norm_h: 3.924763566504e-04
lambda_inf_norm: 1.424626195289e+00
lambda_l2_norm: 7.208088471738e+00
------------------------------------------------------------------------------------------------------------------------
Bus Results
BusID	V_R		V_I		Vmag		Pg		Qg		Pl		Ql
1	1.000217	-0.000045	1.000217	0.872147	-0.590609	0.000000	0.000000
2	1.046448	0.067703	1.048639	1.158161	-0.343315	0.000000	0.000000
3	1.042880	0.079979	1.045944	1.157806	-0.516328	0.000000	0.000000
4	1.034224	-0.050261	1.035445	0.000000	0.000000	0.000000	0.000000
5	1.049411	-0.080596	1.052503	0.000000	0.000000	0.900000	0.300000
6	1.076683	0.017514	1.076828	0.000000	0.000000	0.000000	0.000000
7	1.070110	-0.032050	1.070593	0.000000	0.000000	1.000000	0.350000
8	1.071324	0.000141	1.071327	0.000000	0.000000	0.000000	0.000000
9	1.030802	-0.098582	1.035507	0.000000	0.000000	1.250000	0.500000

Branch Results
LineID	From	To	Pik		Pki		Qik		Qki		LossP		LossQ
1	1	4	0.872053	-0.871886	-0.590593	0.654388	0.000167	0.063795
2	4	5	0.288328	-0.285943	-0.410017	0.077601	0.002384	-0.332415
3	5	6	-0.614128	0.627528	-0.377561	-0.376252	0.013400	-0.753813
4	3	6	1.157820	-1.157796	-0.516329	0.602406	0.000025	0.086077
5	6	7	0.530228	-0.527254	-0.226140	-0.231319	0.002974	-0.457460
6	7	8	-0.472791	0.474550	-0.118674	-0.208916	0.001759	-0.327589
7	8	2	-1.158123	1.158162	0.426250	-0.343317	0.000038	0.082933
8	8	9	0.683538	-0.669924	-0.217330	-0.394003	0.013614	-0.611333
9	9	4	-0.580138	0.583484	-0.105951	-0.244325	0.003346	-0.350276

Summary
Total Pg           : 3.188114
Total Qg           : -1.450251
Total Load P       : 3.150000
Total Load Q       : 1.150000
Total Active Loss  : 0.037708
Total Reactive Loss: -2.600083
Total Load Supplied: 100.012892%

========================================================================================================================
Update time: 2026-06-11 05:22:16
Iteration: 392
rho: 120
alpha: 0.01
objective_value: 4.09994088431
feasible: False
max_abs_h: 1.798219050186e-04
l2_norm_h: 3.722806616704e-04
lambda_inf_norm: 1.424625486801e+00
lambda_l2_norm: 7.208086039415e+00
------------------------------------------------------------------------------------------------------------------------
Bus Results
BusID	V_R		V_I		Vmag		Pg		Qg		Pl		Ql
1	1.000180	0.000038	1.000180	0.872111	-0.590773	0.000000	0.000000
2	1.046461	0.067782	1.048656	1.158119	-0.343115	0.000000	0.000000
3	1.042864	0.080070	1.045936	1.157856	-0.516335	0.000000	0.000000
4	1.034202	-0.050174	1.035419	0.000000	0.000000	0.000000	0.000000
5	1.049398	-0.080508	1.052483	0.000000	0.000000	0.900000	0.300000
6	1.076674	0.017605	1.076820	0.000000	0.000000	0.000000	0.000000
7	1.070113	-0.031963	1.070593	0.000000	0.000000	1.000000	0.350000
8	1.071329	0.000225	1.071332	0.000000	0.000000	0.000000	0.000000
9	1.030794	-0.098497	1.035491	0.000000	0.000000	1.250000	0.500000

Branch Results
LineID	From	To	Pik		Pki		Qik		Qki		LossP		LossQ
1	1	4	0.872016	-0.871849	-0.590759	0.654565	0.000168	0.063806
2	4	5	0.288305	-0.285925	-0.410077	0.077668	0.002380	-0.332410
3	5	6	-0.614144	0.627543	-0.377622	-0.376176	0.013399	-0.753798
4	3	6	1.157870	-1.157839	-0.516337	0.602415	0.000031	0.086078
5	6	7	0.530255	-0.527282	-0.226223	-0.231235	0.002972	-0.457458
6	7	8	-0.472761	0.474516	-0.118756	-0.208838	0.001755	-0.327594
7	8	2	-1.158088	1.158120	0.426033	-0.343117	0.000032	0.082917
8	8	9	0.683539	-0.669929	-0.217192	-0.394128	0.013610	-0.611320
9	9	4	-0.580130	0.583470	-0.105826	-0.244438	0.003341	-0.350264

Summary
Total Pg           : 3.188086
Total Qg           : -1.450224
Total Load P       : 3.150000
Total Load Q       : 1.150000
Total Active Loss  : 0.037689
Total Reactive Loss: -2.600042
Total Load Supplied: 100.012595%

========================================================================================================================
Update time: 2026-06-11 05:24:30
Iteration: 393
rho: 120
alpha: 0.01
objective_value: 4.09983055051
feasible: False
max_abs_h: 2.130525838380e-04
l2_norm_h: 3.918840467885e-04
lambda_inf_norm: 1.424624775342e+00
lambda_l2_norm: 7.208083758358e+00
------------------------------------------------------------------------------------------------------------------------
Bus Results
BusID	V_R		V_I		Vmag		Pg		Qg		Pl		Ql
1	1.000213	0.000068	1.000213	0.872138	-0.590973	0.000000	0.000000
2	1.046516	0.067796	1.048712	1.158045	-0.343095	0.000000	0.000000
3	1.042903	0.080091	1.045977	1.157820	-0.516446	0.000000	0.000000
4	1.034247	-0.050144	1.035462	0.000000	0.000000	0.000000	0.000000
5	1.049448	-0.080477	1.052531	0.000000	0.000000	0.900000	0.300000
6	1.076719	0.017630	1.076865	0.000000	0.000000	0.000000	0.000000
7	1.070165	-0.031937	1.070644	0.000000	0.000000	1.000000	0.350000
8	1.071383	0.000247	1.071385	0.000000	0.000000	0.000000	0.000000
9	1.030848	-0.098467	1.035541	0.000000	0.000000	1.250000	0.500000

Branch Results
LineID	From	To	Pik		Pki		Qik		Qki		LossP		LossQ
1	1	4	0.872042	-0.871875	-0.590958	0.654770	0.000167	0.063812
2	4	5	0.288311	-0.285931	-0.410157	0.077709	0.002380	-0.332448
3	5	6	-0.614137	0.627523	-0.377661	-0.376216	0.013386	-0.753877
4	3	6	1.157834	-1.157813	-0.516447	0.602529	0.000020	0.086081
5	6	7	0.530254	-0.527297	-0.226300	-0.231194	0.002957	-0.457494
6	7	8	-0.472737	0.474478	-0.118802	-0.208815	0.001741	-0.327617
7	8	2	-1.158018	1.158046	0.426007	-0.343098	0.000027	0.082909
8	8	9	0.683515	-0.669912	-0.217195	-0.394199	0.013603	-0.611393
9	9	4	-0.580148	0.583492	-0.105753	-0.244558	0.003344	-0.350310

Summary
Total Pg           : 3.188004
Total Qg           : -1.450514
Total Load P       : 3.150000
Total Load Q       : 1.150000
Total Active Loss  : 0.037625
Total Reactive Loss: -2.600338
Total Load Supplied: 100.012026%

========================================================================================================================
Update time: 2026-06-11 05:26:47
Iteration: 394
rho: 120
alpha: 0.01
objective_value: 4.0999160576
feasible: False
max_abs_h: 1.846311222300e-04
l2_norm_h: 3.731894805126e-04
lambda_inf_norm: 1.424624077229e+00
lambda_l2_norm: 7.208081359233e+00
------------------------------------------------------------------------------------------------------------------------
Bus Results
BusID	V_R		V_I		Vmag		Pg		Qg		Pl		Ql
1	1.000185	0.000005	1.000185	0.872238	-0.590924	0.000000	0.000000
2	1.046506	0.067701	1.048696	1.157965	-0.342985	0.000000	0.000000
3	1.042875	0.080011	1.045943	1.157862	-0.516458	0.000000	0.000000
4	1.034213	-0.050217	1.035433	0.000000	0.000000	0.000000	0.000000
5	1.049409	-0.080556	1.052499	0.000000	0.000000	0.900000	0.300000
6	1.076688	0.017544	1.076833	0.000000	0.000000	0.000000	0.000000
7	1.070135	-0.032030	1.070617	0.000000	0.000000	1.000000	0.350000
8	1.071360	0.000153	1.071363	0.000000	0.000000	0.000000	0.000000
9	1.030811	-0.098547	1.035513	0.000000	0.000000	1.250000	0.500000

Branch Results
LineID	From	To	Pik		Pki		Qik		Qki		LossP		LossQ
1	1	4	0.872144	-0.871987	-0.590908	0.654733	0.000157	0.063825
2	4	5	0.288360	-0.285983	-0.410118	0.077694	0.002377	-0.332423
3	5	6	-0.614085	0.627482	-0.377646	-0.376188	0.013397	-0.753834
4	3	6	1.157876	-1.157843	-0.516460	0.602549	0.000033	0.086089
5	6	7	0.530317	-0.527340	-0.226347	-0.231119	0.002976	-0.457466
6	7	8	-0.472703	0.474457	-0.118874	-0.208738	0.001754	-0.327612
7	8	2	-1.157934	1.157966	0.425878	-0.342988	0.000031	0.082890
8	8	9	0.683445	-0.669838	-0.217139	-0.394237	0.013607	-0.611376
9	9	4	-0.580220	0.583557	-0.105715	-0.244561	0.003337	-0.350276

Summary
Total Pg           : 3.188064
Total Qg           : -1.450368
Total Load P       : 3.150000
Total Load Q       : 1.150000
Total Active Loss  : 0.037670
Total Reactive Loss: -2.600183
Total Load Supplied: 100.012521%

========================================================================================================================
Update time: 2026-06-11 05:29:01
Iteration: 395
rho: 120
alpha: 0.01
objective_value: 4.09992569055
feasible: False
max_abs_h: 1.858536717401e-04
l2_norm_h: 3.763596505478e-04
lambda_inf_norm: 1.424623348342e+00
lambda_l2_norm: 7.208078945735e+00
------------------------------------------------------------------------------------------------------------------------
Bus Results
BusID	V_R		V_I		Vmag		Pg		Qg		Pl		Ql
1	1.000186	0.000019	1.000186	0.872187	-0.591152	0.000000	0.000000
2	1.046555	0.067713	1.048746	1.157945	-0.342908	0.000000	0.000000
3	1.042911	0.080037	1.045980	1.157941	-0.516478	0.000000	0.000000
4	1.034228	-0.050199	1.035447	0.000000	0.000000	0.000000	0.000000
5	1.049434	-0.080535	1.052521	0.000000	0.000000	0.900000	0.300000
6	1.076725	0.017569	1.076870	0.000000	0.000000	0.000000	0.000000
7	1.070178	-0.032008	1.070659	0.000000	0.000000	1.000000	0.350000
8	1.071404	0.000170	1.071406	0.000000	0.000000	0.000000	0.000000
9	1.030839	-0.098529	1.035538	0.000000	0.000000	1.250000	0.500000

Branch Results
LineID	From	To	Pik		Pki		Qik		Qki		LossP		LossQ
1	1	4	0.872093	-0.871925	-0.591137	0.654972	0.000168	0.063835
2	4	5	0.288312	-0.285928	-0.410216	0.077784	0.002384	-0.332432
3	5	6	-0.614142	0.627536	-0.377737	-0.376133	0.013395	-0.753870
4	3	6	1.157956	-1.157928	-0.516479	0.602569	0.000028	0.086090
5	6	7	0.530354	-0.527386	-0.226423	-0.231078	0.002968	-0.457501
6	7	8	-0.472654	0.474404	-0.118914	-0.208733	0.001750	-0.327646
7	8	2	-1.157917	1.157946	0.425781	-0.342910	0.000029	0.082871
8	8	9	0.683481	-0.669870	-0.217046	-0.394367	0.013611	-0.611413
9	9	4	-0.580191	0.583537	-0.105586	-0.244703	0.003346	-0.350290

Summary
Total Pg           : 3.188073
Total Qg           : -1.450538
Total Load P       : 3.150000
Total Load Q       : 1.150000
Total Active Loss  : 0.037677
Total Reactive Loss: -2.600355
Total Load Supplied: 100.012574%

========================================================================================================================
Update time: 2026-06-11 05:31:20
Iteration: 396
rho: 120
alpha: 0.01
objective_value: 4.09988832165
feasible: False
max_abs_h: 1.702301781930e-04
l2_norm_h: 3.666330666617e-04
lambda_inf_norm: 1.424622645841e+00
lambda_l2_norm: 7.208076584149e+00
------------------------------------------------------------------------------------------------------------------------
Bus Results
BusID	V_R		V_I		Vmag		Pg		Qg		Pl		Ql
1	1.000170	0.000020	1.000170	0.872168	-0.591285	0.000000	0.000000
2	1.046585	0.067706	1.048775	1.157932	-0.342734	0.000000	0.000000
3	1.042906	0.080036	1.045975	1.157946	-0.516565	0.000000	0.000000
4	1.034221	-0.050197	1.035439	0.000000	0.000000	0.000000	0.000000
5	1.049430	-0.080534	1.052517	0.000000	0.000000	0.900000	0.300000
6	1.076725	0.017568	1.076871	0.000000	0.000000	0.000000	0.000000
7	1.070189	-0.032011	1.070671	0.000000	0.000000	1.000000	0.350000
8	1.071422	0.000165	1.071424	0.000000	0.000000	0.000000	0.000000
9	1.030841	-0.098529	1.035540	0.000000	0.000000	1.250000	0.500000

Branch Results
LineID	From	To	Pik		Pki		Qik		Qki		LossP		LossQ
1	1	4	0.872074	-0.871906	-0.591269	0.655112	0.000168	0.063843
2	4	5	0.288307	-0.285928	-0.410246	0.077819	0.002379	-0.332427
3	5	6	-0.614140	0.627532	-0.377769	-0.376107	0.013392	-0.753876
4	3	6	1.157960	-1.157935	-0.516567	0.602660	0.000025	0.086094
5	6	7	0.530365	-0.527396	-0.226537	-0.230970	0.002968	-0.457507
6	7	8	-0.472644	0.474393	-0.119022	-0.208636	0.001749	-0.327658
7	8	2	-1.157903	1.157933	0.425593	-0.342735	0.000030	0.082857
8	8	9	0.683478	-0.669871	-0.216953	-0.394477	0.013607	-0.611430
9	9	4	-0.580188	0.583528	-0.105474	-0.244814	0.003340	-0.350288

Summary
Total Pg           : 3.188046
Total Qg           : -1.450585
Total Load P       : 3.150000
Total Load Q       : 1.150000
Total Active Loss  : 0.037658
Total Reactive Loss: -2.600392
Total Load Supplied: 100.012333%

========================================================================================================================
Update time: 2026-06-11 05:33:36
Iteration: 397
rho: 120
alpha: 0.01
objective_value: 4.0999215522
feasible: False
max_abs_h: 2.095918403480e-04
l2_norm_h: 3.788818601782e-04
lambda_inf_norm: 1.424621927056e+00
lambda_l2_norm: 7.208074174528e+00
------------------------------------------------------------------------------------------------------------------------
Bus Results
BusID	V_R		V_I		Vmag		Pg		Qg		Pl		Ql
1	1.000210	-0.000055	1.000209	0.872197	-0.591594	0.000000	0.000000
2	1.046693	0.067603	1.048876	1.157908	-0.342620	0.000000	0.000000
3	1.042988	0.079941	1.046049	1.157965	-0.516678	0.000000	0.000000
4	1.034273	-0.050274	1.035495	0.000000	0.000000	0.000000	0.000000
5	1.049491	-0.080614	1.052584	0.000000	0.000000	0.900000	0.300000
6	1.076805	0.017473	1.076948	0.000000	0.000000	0.000000	0.000000
7	1.070275	-0.032105	1.070759	0.000000	0.000000	1.000000	0.350000
8	1.071514	0.000066	1.071516	0.000000	0.000000	0.000000	0.000000
9	1.030906	-0.098608	1.035612	0.000000	0.000000	1.250000	0.500000

Branch Results
LineID	From	To	Pik		Pki		Qik		Qki		LossP		LossQ
1	1	4	0.872103	-0.871939	-0.591581	0.655453	0.000164	0.063872
2	4	5	0.288319	-0.285941	-0.410384	0.077939	0.002378	-0.332445
3	5	6	-0.614127	0.627519	-0.377898	-0.376081	0.013392	-0.753979
4	3	6	1.157979	-1.157949	-0.516680	0.602776	0.000030	0.086096
5	6	7	0.530390	-0.527418	-0.226683	-0.230894	0.002972	-0.457577
6	7	8	-0.472625	0.474379	-0.119101	-0.208608	0.001754	-0.327710
7	8	2	-1.157872	1.157909	0.425464	-0.342623	0.000036	0.082841
8	8	9	0.683460	-0.669851	-0.216859	-0.394670	0.013609	-0.611529
9	9	4	-0.580209	0.583550	-0.105291	-0.245025	0.003341	-0.350316

Summary
Total Pg           : 3.188070
Total Qg           : -1.450892
Total Load P       : 3.150000
Total Load Q       : 1.150000
Total Active Loss  : 0.037675
Total Reactive Loss: -2.600745
Total Load Supplied: 100.012537%

========================================================================================================================
Update time: 2026-06-11 05:35:49
Iteration: 398
rho: 120
alpha: 0.01
objective_value: 4.09985008775
feasible: False
max_abs_h: 2.392750544891e-04
l2_norm_h: 3.913955549404e-04
lambda_inf_norm: 1.424621222060e+00
lambda_l2_norm: 7.208071862083e+00
------------------------------------------------------------------------------------------------------------------------
Bus Results
BusID	V_R		V_I		Vmag		Pg		Qg		Pl		Ql
1	1.000239	-0.000015	1.000239	0.872196	-0.591852	0.000000	0.000000
2	1.046760	0.067630	1.048945	1.157858	-0.342591	0.000000	0.000000
3	1.043032	0.079975	1.046096	1.157964	-0.516827	0.000000	0.000000
4	1.034319	-0.050232	1.035538	0.000000	0.000000	0.000000	0.000000
5	1.049545	-0.080571	1.052634	0.000000	0.000000	0.900000	0.300000
6	1.076857	0.017512	1.077002	0.000000	0.000000	0.000000	0.000000
7	1.070339	-0.032066	1.070822	0.000000	0.000000	1.000000	0.350000
8	1.071579	0.000101	1.071581	0.000000	0.000000	0.000000	0.000000
9	1.030965	-0.098565	1.035668	0.000000	0.000000	1.250000	0.500000

Branch Results
LineID	From	To	Pik		Pki		Qik		Qki		LossP		LossQ
1	1	4	0.872102	-0.871938	-0.591837	0.655722	0.000164	0.063884
2	4	5	0.288316	-0.285936	-0.410489	0.078010	0.002380	-0.332479
3	5	6	-0.614131	0.627517	-0.377968	-0.376101	0.013387	-0.754069
4	3	6	1.157978	-1.157953	-0.516829	0.602923	0.000025	0.086094
5	6	7	0.530399	-0.527436	-0.226806	-0.230829	0.002963	-0.457635
6	7	8	-0.472603	0.474349	-0.119165	-0.208593	0.001746	-0.327758
7	8	2	-1.157828	1.157858	0.425416	-0.342595	0.000031	0.082822
8	8	9	0.683450	-0.669850	-0.216826	-0.394789	0.013600	-0.611615
9	9	4	-0.580209	0.583550	-0.105169	-0.245187	0.003341	-0.350356

Summary
Total Pg           : 3.188018
Total Qg           : -1.451269
Total Load P       : 3.150000
Total Load Q       : 1.150000
Total Active Loss  : 0.037635
Total Reactive Loss: -2.601112
Total Load Supplied: 100.012143%

========================================================================================================================
Update time: 2026-06-11 05:38:07
Iteration: 399
rho: 120
alpha: 0.01
objective_value: 4.09982156762
feasible: False
max_abs_h: 2.597194904961e-04
l2_norm_h: 3.999823174756e-04
lambda_inf_norm: 1.424620544677e+00
lambda_l2_norm: 7.208069587669e+00
------------------------------------------------------------------------------------------------------------------------
Bus Results
BusID	V_R		V_I		Vmag		Pg		Qg		Pl		Ql
1	1.000260	-0.000004	1.000260	0.872172	-0.592139	0.000000	0.000000
2	1.046839	0.067629	1.049024	1.157848	-0.342479	0.000000	0.000000
3	1.043076	0.079980	1.046140	1.157977	-0.516968	0.000000	0.000000
4	1.034356	-0.050218	1.035575	0.000000	0.000000	0.000000	0.000000
5	1.049590	-0.080558	1.052678	0.000000	0.000000	0.900000	0.300000
6	1.076908	0.017519	1.077053	0.000000	0.000000	0.000000	0.000000
7	1.070404	-0.032059	1.070886	0.000000	0.000000	1.000000	0.350000
8	1.071649	0.000105	1.071651	0.000000	0.000000	0.000000	0.000000
9	1.031019	-0.098551	1.035719	0.000000	0.000000	1.250000	0.500000

Branch Results
LineID	From	To	Pik		Pki		Qik		Qki		LossP		LossQ
1	1	4	0.872078	-0.871919	-0.592126	0.656028	0.000159	0.063903
2	4	5	0.288314	-0.285936	-0.410594	0.078092	0.002377	-0.332501
3	5	6	-0.614130	0.627517	-0.378051	-0.376092	0.013387	-0.754143
4	3	6	1.157992	-1.157965	-0.516970	0.603072	0.000027	0.086102
5	6	7	0.530410	-0.527444	-0.226967	-0.230720	0.002966	-0.457687
6	7	8	-0.472595	0.474340	-0.119272	-0.208534	0.001745	-0.327807
7	8	2	-1.157820	1.157848	0.425283	-0.342482	0.000028	0.082802
8	8	9	0.683451	-0.669853	-0.216747	-0.394955	0.013598	-0.611702
9	9	4	-0.580203	0.583537	-0.105003	-0.245388	0.003334	-0.350391

Summary
Total Pg           : 3.187997
Total Qg           : -1.451587
Total Load P       : 3.150000
Total Load Q       : 1.150000
Total Active Loss  : 0.037621
Total Reactive Loss: -2.601425
Total Load Supplied: 100.011937%

========================================================================================================================
Update time: 2026-06-11 05:40:20
Iteration: 400
rho: 120
alpha: 0.01
objective_value: 4.09983950503
feasible: False
max_abs_h: 2.615031826667e-04
l2_norm_h: 4.013773364043e-04
lambda_inf_norm: 1.424619857409e+00
lambda_l2_norm: 7.208067287049e+00
------------------------------------------------------------------------------------------------------------------------
Bus Results
BusID	V_R		V_I		Vmag		Pg		Qg		Pl		Ql
1	1.000262	-0.000002	1.000261	0.872142	-0.592495	0.000000	0.000000
2	1.046920	0.067618	1.049104	1.157850	-0.342305	0.000000	0.000000
3	1.043125	0.079977	1.046188	1.158019	-0.517044	0.000000	0.000000
4	1.034378	-0.050214	1.035597	0.000000	0.000000	0.000000	0.000000
5	1.049624	-0.080554	1.052712	0.000000	0.000000	0.900000	0.300000
6	1.076959	0.017517	1.077104	0.000000	0.000000	0.000000	0.000000
7	1.070466	-0.032062	1.070948	0.000000	0.000000	1.000000	0.350000
8	1.071716	0.000098	1.071719	0.000000	0.000000	0.000000	0.000000
9	1.031060	-0.098548	1.035760	0.000000	0.000000	1.250000	0.500000

Branch Results
LineID	From	To	Pik		Pki		Qik		Qki		LossP		LossQ
1	1	4	0.872048	-0.871888	-0.592481	0.656403	0.000160	0.063922
2	4	5	0.288292	-0.285917	-0.410736	0.078224	0.002375	-0.332512
3	5	6	-0.614149	0.627534	-0.378184	-0.376023	0.013385	-0.754207
4	3	6	1.158033	-1.158008	-0.517046	0.603147	0.000025	0.086101
5	6	7	0.530436	-0.527469	-0.227112	-0.230625	0.002967	-0.457737
6	7	8	-0.472572	0.474320	-0.119369	-0.208482	0.001748	-0.327850
7	8	2	-1.157819	1.157851	0.425088	-0.342306	0.000032	0.082781
8	8	9	0.683468	-0.669865	-0.216605	-0.395164	0.013603	-0.611769
9	9	4	-0.580192	0.583528	-0.104793	-0.245621	0.003336	-0.350414

Summary
Total Pg           : 3.188012
Total Qg           : -1.451843
Total Load P       : 3.150000
Total Load Q       : 1.150000
Total Active Loss  : 0.037632
Total Reactive Loss: -2.601685
Total Load Supplied: 100.012064%

========================================================================================================================
Update time: 2026-06-11 05:42:36
Iteration: 401
rho: 120
alpha: 0.01
objective_value: 4.09981530862
feasible: False
max_abs_h: 2.245369380631e-04
l2_norm_h: 3.850119568121e-04
lambda_inf_norm: 1.424619181117e+00
lambda_l2_norm: 7.208065019937e+00
------------------------------------------------------------------------------------------------------------------------
Bus Results
BusID	V_R		V_I		Vmag		Pg		Qg		Pl		Ql
1	1.000225	0.000051	1.000225	0.872046	-0.592800	0.000000	0.000000
2	1.046972	0.067672	1.049159	1.157844	-0.342013	0.000000	0.000000
3	1.043126	0.080047	1.046195	1.158107	-0.517122	0.000000	0.000000
4	1.034363	-0.050156	1.035579	0.000000	0.000000	0.000000	0.000000
5	1.049620	-0.080493	1.052704	0.000000	0.000000	0.900000	0.300000
6	1.076969	0.017585	1.077115	0.000000	0.000000	0.000000	0.000000
7	1.070495	-0.031999	1.070976	0.000000	0.000000	1.000000	0.350000
8	1.071753	0.000156	1.071755	0.000000	0.000000	0.000000	0.000000
9	1.031066	-0.098490	1.035761	0.000000	0.000000	1.250000	0.500000

Branch Results
LineID	From	To	Pik		Pki		Qik		Qki		LossP		LossQ
1	1	4	0.871950	-0.871785	-0.592786	0.656720	0.000165	0.063934
2	4	5	0.288236	-0.285859	-0.410830	0.078324	0.002378	-0.332506
3	5	6	-0.614207	0.627593	-0.378281	-0.375922	0.013386	-0.754203
4	3	6	1.158121	-1.158098	-0.517124	0.603236	0.000023	0.086112
5	6	7	0.530470	-0.527508	-0.227298	-0.230463	0.002962	-0.457762
6	7	8	-0.472529	0.474273	-0.119524	-0.208362	0.001744	-0.327886
7	8	2	-1.157817	1.157846	0.424769	-0.342013	0.000029	0.082756
8	8	9	0.683517	-0.669914	-0.216402	-0.395387	0.013602	-0.611789
9	9	4	-0.580142	0.583479	-0.104568	-0.245844	0.003336	-0.350411

Summary
Total Pg           : 3.187997
Total Qg           : -1.451935
Total Load P       : 3.150000
Total Load Q       : 1.150000
Total Active Loss  : 0.037625
Total Reactive Loss: -2.601756
Total Load Supplied: 100.011806%

========================================================================================================================
Update time: 2026-06-11 05:44:53
Iteration: 402
rho: 120
alpha: 0.01
objective_value: 4.09984417192
feasible: False
max_abs_h: 2.330615672221e-04
l2_norm_h: 3.917696479801e-04
lambda_inf_norm: 1.424618471861e+00
lambda_l2_norm: 7.208062711413e+00
------------------------------------------------------------------------------------------------------------------------
Bus Results
BusID	V_R		V_I		Vmag		Pg		Qg		Pl		Ql
1	1.000233	0.000006	1.000233	0.872024	-0.592989	0.000000	0.000000
2	1.047020	0.067618	1.049204	1.157822	-0.341924	0.000000	0.000000
3	1.043157	0.080006	1.046223	1.158173	-0.517173	0.000000	0.000000
4	1.034379	-0.050201	1.035597	0.000000	0.000000	0.000000	0.000000
5	1.049641	-0.080537	1.052728	0.000000	0.000000	0.900000	0.300000
6	1.077000	0.017540	1.077145	0.000000	0.000000	0.000000	0.000000
7	1.070530	-0.032046	1.071012	0.000000	0.000000	1.000000	0.350000
8	1.071791	0.000104	1.071793	0.000000	0.000000	0.000000	0.000000
9	1.031090	-0.098535	1.035789	0.000000	0.000000	1.250000	0.500000

Branch Results
LineID	From	To	Pik		Pki		Qik		Qki		LossP		LossQ
1	1	4	0.871929	-0.871765	-0.592974	0.656915	0.000164	0.063941
2	4	5	0.288216	-0.285834	-0.410900	0.078378	0.002382	-0.332522
3	5	6	-0.614234	0.627622	-0.378334	-0.375908	0.013388	-0.754242
4	3	6	1.158188	-1.158166	-0.517174	0.603294	0.000021	0.086120
5	6	7	0.530509	-0.527545	-0.227372	-0.230412	0.002964	-0.457784
6	7	8	-0.472492	0.474234	-0.119579	-0.208325	0.001741	-0.327904
7	8	2	-1.157791	1.157823	0.424674	-0.341927	0.000032	0.082747
8	8	9	0.683528	-0.669923	-0.216347	-0.395483	0.013605	-0.611830
9	9	4	-0.580136	0.583477	-0.104470	-0.245965	0.003341	-0.350435

Summary
Total Pg           : 3.188019
Total Qg           : -1.452086
Total Load P       : 3.150000
Total Load Q       : 1.150000
Total Active Loss  : 0.037638
Total Reactive Loss: -2.601910
Total Load Supplied: 100.012103%

========================================================================================================================
Update time: 2026-06-11 05:47:07
Iteration: 403
rho: 120
alpha: 0.01
objective_value: 4.09976277972
feasible: False
max_abs_h: 2.535813145770e-04
l2_norm_h: 3.939112766008e-04
lambda_inf_norm: 1.424617786328e+00
lambda_l2_norm: 7.208060515037e+00
------------------------------------------------------------------------------------------------------------------------
Bus Results
BusID	V_R		V_I		Vmag		Pg		Qg		Pl		Ql
1	1.000254	0.000040	1.000253	0.871962	-0.593248	0.000000	0.000000
2	1.047092	0.067644	1.049277	1.157790	-0.341802	0.000000	0.000000
3	1.043204	0.080042	1.046273	1.158208	-0.517243	0.000000	0.000000
4	1.034416	-0.050161	1.035632	0.000000	0.000000	0.000000	0.000000
5	1.049688	-0.080495	1.052771	0.000000	0.000000	0.900000	0.300000
6	1.077052	0.017579	1.077197	0.000000	0.000000	0.000000	0.000000
7	1.070591	-0.032009	1.071072	0.000000	0.000000	1.000000	0.350000
8	1.071855	0.000137	1.071857	0.000000	0.000000	0.000000	0.000000
9	1.031141	-0.098495	1.035836	0.000000	0.000000	1.250000	0.500000

Branch Results
LineID	From	To	Pik		Pki		Qik		Qki		LossP		LossQ
1	1	4	0.871867	-0.871707	-0.593234	0.657183	0.000160	0.063950
2	4	5	0.288180	-0.285806	-0.411007	0.078466	0.002373	-0.332540
3	5	6	-0.614256	0.627636	-0.378426	-0.375883	0.013380	-0.754310
4	3	6	1.158223	-1.158205	-0.517245	0.603370	0.000017	0.086124
5	6	7	0.530536	-0.527576	-0.227475	-0.230346	0.002960	-0.457821
6	7	8	-0.472461	0.474202	-0.119654	-0.208279	0.001741	-0.327933
7	8	2	-1.157760	1.157791	0.424535	-0.341805	0.000031	0.082731
8	8	9	0.683530	-0.669933	-0.216261	-0.395630	0.013598	-0.611892
9	9	4	-0.580124	0.583460	-0.104328	-0.246131	0.003336	-0.350459

Summary
Total Pg           : 3.187961
Total Qg           : -1.452293
Total Load P       : 3.150000
Total Load Q       : 1.150000
Total Active Loss  : 0.037596
Total Reactive Loss: -2.602150
Total Load Supplied: 100.011599%

========================================================================================================================
Update time: 2026-06-11 05:49:27
Iteration: 404
rho: 120
alpha: 0.01
objective_value: 4.09986575367
feasible: False
max_abs_h: 2.086096372114e-04
l2_norm_h: 3.799949399214e-04
lambda_inf_norm: 1.424617096088e+00
lambda_l2_norm: 7.208058176050e+00
------------------------------------------------------------------------------------------------------------------------
Bus Results
BusID	V_R		V_I		Vmag		Pg		Qg		Pl		Ql
1	1.000209	-0.000046	1.000209	0.872009	-0.593332	0.000000	0.000000
2	1.047097	0.067538	1.049276	1.157774	-0.341635	0.000000	0.000000
3	1.043183	0.079947	1.046245	1.158253	-0.517263	0.000000	0.000000
4	1.034373	-0.050254	1.035594	0.000000	0.000000	0.000000	0.000000
5	1.049644	-0.080593	1.052736	0.000000	0.000000	0.900000	0.300000
6	1.077027	0.017477	1.077171	0.000000	0.000000	0.000000	0.000000
7	1.070570	-0.032116	1.071055	0.000000	0.000000	1.000000	0.350000
8	1.071843	0.000029	1.071846	0.000000	0.000000	0.000000	0.000000
9	1.031102	-0.098593	1.035807	0.000000	0.000000	1.250000	0.500000

Branch Results
LineID	From	To	Pik		Pki		Qik		Qki		LossP		LossQ
1	1	4	0.871914	-0.871752	-0.593317	0.657285	0.000162	0.063969
2	4	5	0.288203	-0.285825	-0.411018	0.078502	0.002378	-0.332516
3	5	6	-0.614241	0.627631	-0.378458	-0.375812	0.013390	-0.754270
4	3	6	1.158268	-1.158241	-0.517264	0.603392	0.000026	0.086128
5	6	7	0.530571	-0.527599	-0.227565	-0.230246	0.002971	-0.457811
6	7	8	-0.472443	0.474194	-0.119746	-0.208196	0.001751	-0.327942
7	8	2	-1.157743	1.157774	0.424348	-0.341636	0.000031	0.082712
8	8	9	0.683515	-0.669911	-0.216147	-0.395736	0.013604	-0.611882
9	9	4	-0.580145	0.583480	-0.104216	-0.246220	0.003335	-0.350436

Summary
Total Pg           : 3.188036
Total Qg           : -1.452229
Total Load P       : 3.150000
Total Load Q       : 1.150000
Total Active Loss  : 0.037650
Total Reactive Loss: -2.602048
Total Load Supplied: 100.012250%

========================================================================================================================
Update time: 2026-06-11 05:51:42
Iteration: 405
rho: 120
alpha: 0.01
objective_value: 4.09980500215
feasible: False
max_abs_h: 2.247415204799e-04
l2_norm_h: 3.861265782948e-04
lambda_inf_norm: 1.424616410793e+00
lambda_l2_norm: 7.208055920098e+00
------------------------------------------------------------------------------------------------------------------------
Bus Results
BusID	V_R		V_I		Vmag		Pg		Qg		Pl		Ql
1	1.000225	0.000048	1.000225	0.871909	-0.593625	0.000000	0.000000
2	1.047158	0.067639	1.049343	1.157743	-0.341566	0.000000	0.000000
3	1.043232	0.080062	1.046301	1.158343	-0.517285	0.000000	0.000000
4	1.034410	-0.050151	1.035626	0.000000	0.000000	0.000000	0.000000
5	1.049696	-0.080483	1.052778	0.000000	0.000000	0.900000	0.300000
6	1.077082	0.017593	1.077228	0.000000	0.000000	0.000000	0.000000
7	1.070635	-0.032001	1.071116	0.000000	0.000000	1.000000	0.350000
8	1.071905	0.000138	1.071907	0.000000	0.000000	0.000000	0.000000
9	1.031157	-0.098487	1.035851	0.000000	0.000000	1.250000	0.500000

Branch Results
LineID	From	To	Pik		Pki		Qik		Qki		LossP		LossQ
1	1	4	0.871813	-0.871644	-0.593611	0.657583	0.000169	0.063972
2	4	5	0.288136	-0.285754	-0.411151	0.078607	0.002382	-0.332544
3	5	6	-0.614312	0.627698	-0.378564	-0.375770	0.013386	-0.754334
4	3	6	1.158357	-1.158336	-0.517286	0.603419	0.000021	0.086134
5	6	7	0.530604	-0.527644	-0.227636	-0.230223	0.002960	-0.457859
6	7	8	-0.472392	0.474130	-0.119772	-0.208207	0.001738	-0.327979
7	8	2	-1.157712	1.157743	0.424271	-0.341569	0.000031	0.082703
8	8	9	0.683555	-0.669957	-0.216064	-0.395870	0.013598	-0.611934
9	9	4	-0.580099	0.583436	-0.104084	-0.246383	0.003337	-0.350467

Summary
Total Pg           : 3.187994
Total Qg           : -1.452476
Total Load P       : 3.150000
Total Load Q       : 1.150000
Total Active Loss  : 0.037622
Total Reactive Loss: -2.602308
Total Load Supplied: 100.011811%

========================================================================================================================
Update time: 2026-06-11 05:53:56
Iteration: 406
rho: 120
alpha: 0.01
objective_value: 4.09982667692
feasible: False
max_abs_h: 2.373983808508e-04
l2_norm_h: 3.956894972905e-04
lambda_inf_norm: 1.424615710529e+00
lambda_l2_norm: 7.208053632908e+00
------------------------------------------------------------------------------------------------------------------------
Bus Results
BusID	V_R		V_I		Vmag		Pg		Qg		Pl		Ql
1	1.000237	-0.000055	1.000237	0.871967	-0.593725	0.000000	0.000000
2	1.047215	0.067517	1.049392	1.157761	-0.341401	0.000000	0.000000
3	1.043240	0.079935	1.046300	1.158280	-0.517512	0.000000	0.000000
4	1.034423	-0.050260	1.035644	0.000000	0.000000	0.000000	0.000000
5	1.049704	-0.080598	1.052795	0.000000	0.000000	0.900000	0.300000
6	1.077095	0.017467	1.077239	0.000000	0.000000	0.000000	0.000000
7	1.070660	-0.032125	1.071143	0.000000	0.000000	1.000000	0.350000
8	1.071943	0.000015	1.071945	0.000000	0.000000	0.000000	0.000000
9	1.031173	-0.098597	1.035878	0.000000	0.000000	1.250000	0.500000

Branch Results
LineID	From	To	Pik		Pki		Qik		Qki		LossP		LossQ
1	1	4	0.871873	-0.871708	-0.593709	0.657695	0.000164	0.063986
2	4	5	0.288184	-0.285803	-0.411156	0.078605	0.002382	-0.332551
3	5	6	-0.614265	0.627652	-0.378560	-0.375812	0.013388	-0.754372
4	3	6	1.158295	-1.158267	-0.517515	0.603651	0.000027	0.086137
5	6	7	0.530576	-0.527610	-0.227822	-0.230067	0.002967	-0.457890
6	7	8	-0.472428	0.474169	-0.119923	-0.208082	0.001740	-0.328006
7	8	2	-1.157741	1.157762	0.424095	-0.341405	0.000021	0.082690
8	8	9	0.683546	-0.669945	-0.216010	-0.395970	0.013601	-0.611980
9	9	4	-0.580113	0.583453	-0.103986	-0.246492	0.003339	-0.350478

Summary
Total Pg           : 3.188008
Total Qg           : -1.452638
Total Load P       : 3.150000
Total Load Q       : 1.150000
Total Active Loss  : 0.037630
Total Reactive Loss: -2.602464
Total Load Supplied: 100.012023%

========================================================================================================================
Update time: 2026-06-11 05:56:10
Iteration: 407
rho: 120
alpha: 0.01
objective_value: 4.09982682406
feasible: False
max_abs_h: 2.463976130036e-04
l2_norm_h: 3.970572063345e-04
lambda_inf_norm: 1.424615039616e+00
lambda_l2_norm: 7.208051344771e+00
------------------------------------------------------------------------------------------------------------------------
Bus Results
BusID	V_R		V_I		Vmag		Pg		Qg		Pl		Ql
1	1.000246	-0.000086	1.000246	0.872013	-0.593999	0.000000	0.000000
2	1.047285	0.067449	1.049457	1.157683	-0.341301	0.000000	0.000000
3	1.043293	0.079883	1.046349	1.158312	-0.517543	0.000000	0.000000
4	1.034446	-0.050294	1.035669	0.000000	0.000000	0.000000	0.000000
5	1.049737	-0.080637	1.052831	0.000000	0.000000	0.900000	0.300000
6	1.077146	0.017414	1.077288	0.000000	0.000000	0.000000	0.000000
7	1.070714	-0.032181	1.071199	0.000000	0.000000	1.000000	0.350000
8	1.072000	-0.000047	1.072003	0.000000	0.000000	0.000000	0.000000
9	1.031208	-0.098637	1.035916	0.000000	0.000000	1.250000	0.500000

Branch Results
LineID	From	To	Pik		Pki		Qik		Qki		LossP		LossQ
1	1	4	0.871919	-0.871763	-0.593985	0.657999	0.000156	0.064014
2	4	5	0.288200	-0.285826	-0.411287	0.078728	0.002374	-0.332559
3	5	6	-0.614237	0.627623	-0.378687	-0.375755	0.013386	-0.754442
4	3	6	1.158327	-1.158300	-0.517545	0.603681	0.000027	0.086136
5	6	7	0.530637	-0.527665	-0.227913	-0.230015	0.002972	-0.457927
6	7	8	-0.472379	0.474128	-0.119979	-0.208062	0.001750	-0.328041
7	8	2	-1.157647	1.157683	0.423968	-0.341303	0.000036	0.082665
8	8	9	0.683485	-0.669885	-0.215906	-0.396145	0.013600	-0.612050
9	9	4	-0.580169	0.583498	-0.103817	-0.246669	0.003329	-0.350486

Summary
Total Pg           : 3.188007
Total Qg           : -1.452844
Total Load P       : 3.150000
Total Load Q       : 1.150000
Total Active Loss  : 0.037630
Total Reactive Loss: -2.602690
Total Load Supplied: 100.011965%

========================================================================================================================
Update time: 2026-06-11 05:58:30
Iteration: 408
rho: 120
alpha: 0.01
objective_value: 4.09985389209
feasible: False
max_abs_h: 2.352105669863e-04
l2_norm_h: 3.924029880296e-04
lambda_inf_norm: 1.424614353271e+00
lambda_l2_norm: 7.208049017983e+00
------------------------------------------------------------------------------------------------------------------------
Bus Results
BusID	V_R		V_I		Vmag		Pg		Qg		Pl		Ql
1	1.000235	-0.000003	1.000235	0.871992	-0.594190	0.000000	0.000000
2	1.047313	0.067535	1.049491	1.157673	-0.341181	0.000000	0.000000
3	1.043297	0.079978	1.046361	1.158363	-0.517577	0.000000	0.000000
4	1.034450	-0.050207	1.035668	0.000000	0.000000	0.000000	0.000000
5	1.049749	-0.080547	1.052836	0.000000	0.000000	0.900000	0.300000
6	1.077157	0.017511	1.077302	0.000000	0.000000	0.000000	0.000000
7	1.070738	-0.032087	1.071221	0.000000	0.000000	1.000000	0.350000
8	1.072026	0.000043	1.072028	0.000000	0.000000	0.000000	0.000000
9	1.031227	-0.098550	1.035927	0.000000	0.000000	1.250000	0.500000

Branch Results
LineID	From	To	Pik		Pki		Qik		Qki		LossP		LossQ
1	1	4	0.871897	-0.871734	-0.594175	0.658194	0.000163	0.064019
2	4	5	0.288178	-0.285793	-0.411344	0.078776	0.002384	-0.332568
3	5	6	-0.614275	0.627665	-0.378735	-0.375714	0.013390	-0.754449
4	3	6	1.158379	-1.158357	-0.517579	0.603726	0.000021	0.086146
5	6	7	0.530655	-0.527687	-0.228001	-0.229939	0.002968	-0.457940
6	7	8	-0.472352	0.474095	-0.120054	-0.208009	0.001742	-0.328063
7	8	2	-1.157640	1.157674	0.423835	-0.341183	0.000034	0.082653
8	8	9	0.683517	-0.669914	-0.215825	-0.396251	0.013603	-0.612076
9	9	4	-0.580145	0.583484	-0.103704	-0.246801	0.003339	-0.350505

Summary
Total Pg           : 3.188028
Total Qg           : -1.452948
Total Load P       : 3.150000
Total Load Q       : 1.150000
Total Active Loss  : 0.037645
Total Reactive Loss: -2.602781
Total Load Supplied: 100.012166%

========================================================================================================================
Update time: 2026-06-11 06:00:47
Iteration: 409
rho: 120
alpha: 0.01
objective_value: 4.09989549321
feasible: False
max_abs_h: 1.741267556932e-04
l2_norm_h: 3.836415804156e-04
lambda_inf_norm: 1.424613621636e+00
lambda_l2_norm: 7.208046634490e+00
------------------------------------------------------------------------------------------------------------------------
Bus Results
BusID	V_R		V_I		Vmag		Pg		Qg		Pl		Ql
1	1.000174	0.000078	1.000175	0.871928	-0.594244	0.000000	0.000000
2	1.047286	0.067631	1.049470	1.157691	-0.340974	0.000000	0.000000
3	1.043247	0.080083	1.046319	1.158442	-0.517533	0.000000	0.000000
4	1.034398	-0.050123	1.035613	0.000000	0.000000	0.000000	0.000000
5	1.049701	-0.080459	1.052782	0.000000	0.000000	0.900000	0.300000
6	1.077113	0.017612	1.077259	0.000000	0.000000	0.000000	0.000000
7	1.070703	-0.031991	1.071184	0.000000	0.000000	1.000000	0.350000
8	1.071993	0.000138	1.071996	0.000000	0.000000	0.000000	0.000000
9	1.031184	-0.098466	1.035876	0.000000	0.000000	1.250000	0.500000

Branch Results
LineID	From	To	Pik		Pki		Qik		Qki		LossP		LossQ
1	1	4	0.871833	-0.871665	-0.594228	0.658244	0.000168	0.064016
2	4	5	0.288137	-0.285747	-0.411339	0.078793	0.002390	-0.332547
3	5	6	-0.614323	0.627716	-0.378743	-0.375626	0.013393	-0.754370
4	3	6	1.158457	-1.158431	-0.517533	0.603686	0.000025	0.086153
5	6	7	0.530677	-0.527710	-0.228043	-0.229866	0.002967	-0.457908
6	7	8	-0.472329	0.474070	-0.120124	-0.207922	0.001742	-0.328047
7	8	2	-1.157666	1.157693	0.423626	-0.340976	0.000027	0.082650
8	8	9	0.683566	-0.669957	-0.215699	-0.396316	0.013609	-0.612015
9	9	4	-0.580104	0.583451	-0.103631	-0.246849	0.003348	-0.350480

Summary
Total Pg           : 3.188061
Total Qg           : -1.452751
Total Load P       : 3.150000
Total Load Q       : 1.150000
Total Active Loss  : 0.037668
Total Reactive Loss: -2.602548
Total Load Supplied: 100.012475%

========================================================================================================================
Update time: 2026-06-11 06:03:00
Iteration: 410
rho: 120
alpha: 0.01
objective_value: 4.09982042512
feasible: False
max_abs_h: 2.274381139058e-04
l2_norm_h: 3.879755414456e-04
lambda_inf_norm: 1.424612917884e+00
lambda_l2_norm: 7.208044353502e+00
------------------------------------------------------------------------------------------------------------------------
Bus Results
BusID	V_R		V_I		Vmag		Pg		Qg		Pl		Ql
1	1.000227	0.000049	1.000227	0.871888	-0.594471	0.000000	0.000000
2	1.047380	0.067587	1.049561	1.157650	-0.340937	0.000000	0.000000
3	1.043317	0.080050	1.046386	1.158469	-0.517684	0.000000	0.000000
4	1.034461	-0.050149	1.035677	0.000000	0.000000	0.000000	0.000000
5	1.049771	-0.080483	1.052852	0.000000	0.000000	0.900000	0.300000
6	1.077187	0.017581	1.077332	0.000000	0.000000	0.000000	0.000000
7	1.070786	-0.032022	1.071266	0.000000	0.000000	1.000000	0.350000
8	1.072080	0.000102	1.072082	0.000000	0.000000	0.000000	0.000000
9	1.031258	-0.098491	1.035952	0.000000	0.000000	1.250000	0.500000

Branch Results
LineID	From	To	Pik		Pki		Qik		Qki		LossP		LossQ
1	1	4	0.871792	-0.871625	-0.594457	0.658488	0.000167	0.064030
2	4	5	0.288113	-0.285728	-0.411431	0.078859	0.002385	-0.332572
3	5	6	-0.614339	0.627726	-0.378817	-0.375656	0.013386	-0.754472
4	3	6	1.158483	-1.158464	-0.517686	0.603847	0.000019	0.086161
5	6	7	0.530704	-0.527743	-0.228179	-0.229793	0.002961	-0.457972
6	7	8	-0.472294	0.474031	-0.120199	-0.207901	0.001737	-0.328100
7	8	2	-1.157622	1.157651	0.423570	-0.340939	0.000029	0.082631
8	8	9	0.683563	-0.669960	-0.215669	-0.396447	0.013603	-0.612116
9	9	4	-0.580099	0.583440	-0.103508	-0.247010	0.003342	-0.350518

Summary
Total Pg           : 3.188007
Total Qg           : -1.453092
Total Load P       : 3.150000
Total Load Q       : 1.150000
Total Active Loss  : 0.037629
Total Reactive Loss: -2.602928
Total Load Supplied: 100.012000%

========================================================================================================================
Update time: 2026-06-11 06:05:17
Iteration: 411
rho: 120
alpha: 0.01
objective_value: 4.09995892542
feasible: False
max_abs_h: 1.492433836507e-04
l2_norm_h: 3.692554491309e-04
lambda_inf_norm: 1.424612186566e+00
lambda_l2_norm: 7.208041881679e+00
------------------------------------------------------------------------------------------------------------------------
Bus Results
BusID	V_R		V_I		Vmag		Pg		Qg		Pl		Ql
1	1.000149	0.000009	1.000149	0.871906	-0.594476	0.000000	0.000000
2	1.047331	0.067540	1.049509	1.157629	-0.340800	0.000000	0.000000
3	1.043269	0.080017	1.046336	1.158574	-0.517532	0.000000	0.000000
4	1.034384	-0.050194	1.035603	0.000000	0.000000	0.000000	0.000000
5	1.049695	-0.080532	1.052782	0.000000	0.000000	0.900000	0.300000
6	1.077130	0.017537	1.077275	0.000000	0.000000	0.000000	0.000000
7	1.070723	-0.032073	1.071207	0.000000	0.000000	1.000000	0.350000
8	1.072020	0.000051	1.072023	0.000000	0.000000	0.000000	0.000000
9	1.031179	-0.098541	1.035879	0.000000	0.000000	1.250000	0.500000

Branch Results
LineID	From	To	Pik		Pki		Qik		Qki		LossP		LossQ
1	1	4	0.871811	-0.871646	-0.594460	0.658498	0.000165	0.064038
2	4	5	0.288112	-0.285720	-0.411435	0.078896	0.002392	-0.332539
3	5	6	-0.614351	0.627752	-0.378844	-0.375539	0.013401	-0.754383
4	3	6	1.158589	-1.158558	-0.517532	0.603694	0.000031	0.086162
5	6	7	0.530761	-0.527781	-0.228135	-0.229788	0.002980	-0.457924
6	7	8	-0.472262	0.474008	-0.120200	-0.207870	0.001746	-0.328071
7	8	2	-1.157595	1.157629	0.423427	-0.340802	0.000034	0.082624
8	8	9	0.683556	-0.669947	-0.215552	-0.396484	0.013609	-0.612035
9	9	4	-0.580114	0.583461	-0.103463	-0.247010	0.003347	-0.350473

Summary
Total Pg           : 3.188109
Total Qg           : -1.452808
Total Load P       : 3.150000
Total Load Q       : 1.150000
Total Active Loss  : 0.037704
Total Reactive Loss: -2.602600
Total Load Supplied: 100.012837%

========================================================================================================================
Update time: 2026-06-11 06:07:31
Iteration: 412
rho: 120
alpha: 0.01
objective_value: 4.09986739043
feasible: False
max_abs_h: 1.912384635698e-04
l2_norm_h: 3.914959244134e-04
lambda_inf_norm: 1.424611451871e+00
lambda_l2_norm: 7.208039535391e+00
------------------------------------------------------------------------------------------------------------------------
Bus Results
BusID	V_R		V_I		Vmag		Pg		Qg		Pl		Ql
1	1.000191	0.000085	1.000191	0.871920	-0.594466	0.000000	0.000000
2	1.047367	0.067617	1.049550	1.157589	-0.340725	0.000000	0.000000
3	1.043266	0.080099	1.046339	1.158532	-0.517744	0.000000	0.000000
4	1.034427	-0.050114	1.035641	0.000000	0.000000	0.000000	0.000000
5	1.049734	-0.080447	1.052813	0.000000	0.000000	0.900000	0.300000
6	1.077144	0.017625	1.077290	0.000000	0.000000	0.000000	0.000000
7	1.070754	-0.031986	1.071234	0.000000	0.000000	1.000000	0.350000
8	1.072056	0.000134	1.072058	0.000000	0.000000	0.000000	0.000000
9	1.031228	-0.098459	1.035919	0.000000	0.000000	1.250000	0.500000

Branch Results
LineID	From	To	Pik		Pki		Qik		Qki		LossP		LossQ
1	1	4	0.871824	-0.871649	-0.594450	0.658476	0.000175	0.064026
2	4	5	0.288112	-0.285719	-0.411378	0.078812	0.002392	-0.332566
3	5	6	-0.614350	0.627738	-0.378763	-0.375648	0.013388	-0.754412
4	3	6	1.158546	-1.158524	-0.517746	0.603926	0.000022	0.086180
5	6	7	0.530753	-0.527792	-0.228265	-0.229664	0.002960	-0.457929
6	7	8	-0.472245	0.473981	-0.120332	-0.207747	0.001736	-0.328079
7	8	2	-1.157564	1.157590	0.423342	-0.340727	0.000026	0.082616
8	8	9	0.683556	-0.669951	-0.215596	-0.396484	0.013605	-0.612081
9	9	4	-0.580110	0.583459	-0.103464	-0.247041	0.003349	-0.350505

Summary
Total Pg           : 3.188041
Total Qg           : -1.452935
Total Load P       : 3.150000
Total Load Q       : 1.150000
Total Active Loss  : 0.037653
Total Reactive Loss: -2.602750
Total Load Supplied: 100.012312%

========================================================================================================================
Update time: 2026-06-11 06:09:51
Iteration: 413
rho: 120
alpha: 0.01
objective_value: 4.09983380097
feasible: False
max_abs_h: 2.237650217614e-04
l2_norm_h: 3.881233017893e-04
lambda_inf_norm: 1.424610753527e+00
lambda_l2_norm: 7.208037234447e+00
------------------------------------------------------------------------------------------------------------------------
Bus Results
BusID	V_R		V_I		Vmag		Pg		Qg		Pl		Ql
1	1.000224	0.000084	1.000223	0.871787	-0.594890	0.000000	0.000000
2	1.047496	0.067611	1.049677	1.157625	-0.340547	0.000000	0.000000
3	1.043350	0.080102	1.046422	1.158608	-0.517906	0.000000	0.000000
4	1.034484	-0.050107	1.035697	0.000000	0.000000	0.000000	0.000000
5	1.049806	-0.080438	1.052884	0.000000	0.000000	0.900000	0.300000
6	1.077234	0.017630	1.077380	0.000000	0.000000	0.000000	0.000000
7	1.070862	-0.031982	1.071341	0.000000	0.000000	1.000000	0.350000
8	1.072170	0.000133	1.072172	0.000000	0.000000	0.000000	0.000000
9	1.031310	-0.098450	1.035999	0.000000	0.000000	1.250000	0.500000

Branch Results
LineID	From	To	Pik		Pki		Qik		Qki		LossP		LossQ
1	1	4	0.871691	-0.871527	-0.594877	0.658934	0.000164	0.064058
2	4	5	0.288053	-0.285670	-0.411554	0.078970	0.002383	-0.332583
3	5	6	-0.614397	0.627786	-0.378931	-0.375593	0.013389	-0.754523
4	3	6	1.158623	-1.158604	-0.517908	0.604093	0.000018	0.086185
5	6	7	0.530783	-0.527820	-0.228488	-0.229532	0.002963	-0.458020
6	7	8	-0.472220	0.473963	-0.120461	-0.207700	0.001744	-0.328160
7	8	2	-1.157597	1.157626	0.423142	-0.340549	0.000029	0.082593
8	8	9	0.683603	-0.669995	-0.215439	-0.396757	0.013608	-0.612195
9	9	4	-0.580064	0.583404	-0.103201	-0.247336	0.003340	-0.350537

Summary
Total Pg           : 3.188020
Total Qg           : -1.453343
Total Load P       : 3.150000
Total Load Q       : 1.150000
Total Active Loss  : 0.037637
Total Reactive Loss: -2.603185
Total Load Supplied: 100.012148%

========================================================================================================================
Update time: 2026-06-11 06:12:06
Iteration: 414
rho: 120
alpha: 0.01
objective_value: 4.09989553482
feasible: False
max_abs_h: 2.158297516148e-04
l2_norm_h: 3.893284436345e-04
lambda_inf_norm: 1.424610028251e+00
lambda_l2_norm: 7.208034846647e+00
------------------------------------------------------------------------------------------------------------------------
Bus Results
BusID	V_R		V_I		Vmag		Pg		Qg		Pl		Ql
1	1.000216	0.000012	1.000216	0.871858	-0.594988	0.000000	0.000000
2	1.047516	0.067519	1.049693	1.157594	-0.340445	0.000000	0.000000
3	1.043348	0.080017	1.046414	1.158612	-0.517991	0.000000	0.000000
4	1.034478	-0.050185	1.035695	0.000000	0.000000	0.000000	0.000000
5	1.049798	-0.080520	1.052883	0.000000	0.000000	0.900000	0.300000
6	1.077232	0.017541	1.077377	0.000000	0.000000	0.000000	0.000000
7	1.070863	-0.032072	1.071346	0.000000	0.000000	1.000000	0.350000
8	1.072179	0.000042	1.072181	0.000000	0.000000	0.000000	0.000000
9	1.031305	-0.098531	1.036003	0.000000	0.000000	1.250000	0.500000

Branch Results
LineID	From	To	Pik		Pki		Qik		Qki		LossP		LossQ
1	1	4	0.871763	-0.871597	-0.594973	0.659033	0.000166	0.064060
2	4	5	0.288086	-0.285697	-0.411572	0.078978	0.002389	-0.332594
3	5	6	-0.614372	0.627765	-0.378933	-0.375602	0.013393	-0.754535
4	3	6	1.158626	-1.158601	-0.517993	0.604183	0.000025	0.086189
5	6	7	0.530799	-0.527830	-0.228568	-0.229455	0.002968	-0.458023
6	7	8	-0.472210	0.473954	-0.120537	-0.207627	0.001744	-0.328165
7	8	2	-1.157561	1.157595	0.423031	-0.340447	0.000033	0.082583
8	8	9	0.683576	-0.669968	-0.215402	-0.396814	0.013608	-0.612216
9	9	4	-0.580093	0.583437	-0.103138	-0.247409	0.003345	-0.350547

Summary
Total Pg           : 3.188064
Total Qg           : -1.453424
Total Load P       : 3.150000
Total Load Q       : 1.150000
Total Active Loss  : 0.037670
Total Reactive Loss: -2.603246
Total Load Supplied: 100.012493%

========================================================================================================================
Update time: 2026-06-11 06:14:21
Iteration: 415
rho: 120
alpha: 0.01
objective_value: 4.09988632434
feasible: False
max_abs_h: 2.184332343844e-04
l2_norm_h: 3.955988555806e-04
lambda_inf_norm: 1.424609314883e+00
lambda_l2_norm: 7.208032470892e+00
------------------------------------------------------------------------------------------------------------------------
Bus Results
BusID	V_R		V_I		Vmag		Pg		Qg		Pl		Ql
1	1.000218	0.000062	1.000218	0.871810	-0.595180	0.000000	0.000000
2	1.047563	0.067573	1.049743	1.157611	-0.340314	0.000000	0.000000
3	1.043367	0.080074	1.046437	1.158637	-0.518069	0.000000	0.000000
4	1.034494	-0.050130	1.035709	0.000000	0.000000	0.000000	0.000000
5	1.049821	-0.080463	1.052902	0.000000	0.000000	0.900000	0.300000
6	1.077258	0.017601	1.077404	0.000000	0.000000	0.000000	0.000000
7	1.070901	-0.032013	1.071382	0.000000	0.000000	1.000000	0.350000
8	1.072220	0.000099	1.072222	0.000000	0.000000	0.000000	0.000000
9	1.031335	-0.098474	1.036027	0.000000	0.000000	1.250000	0.500000

Branch Results
LineID	From	To	Pik		Pki		Qik		Qki		LossP		LossQ
1	1	4	0.871714	-0.871545	-0.595165	0.659234	0.000169	0.064068
2	4	5	0.288068	-0.285674	-0.411637	0.079035	0.002393	-0.332602
3	5	6	-0.614397	0.627793	-0.378990	-0.375574	0.013396	-0.754564
4	3	6	1.158652	-1.158630	-0.518070	0.604265	0.000021	0.086194
5	6	7	0.530799	-0.527832	-0.228678	-0.229374	0.002968	-0.458052
6	7	8	-0.472208	0.473946	-0.120620	-0.207570	0.001739	-0.328190
7	8	2	-1.157582	1.157612	0.422888	-0.340316	0.000030	0.082572
8	8	9	0.683607	-0.670003	-0.215316	-0.396933	0.013605	-0.612250
9	9	4	-0.580057	0.583402	-0.103019	-0.247545	0.003345	-0.350564

Summary
Total Pg           : 3.188058
Total Qg           : -1.453562
Total Load P       : 3.150000
Total Load Q       : 1.150000
Total Active Loss  : 0.037666
Total Reactive Loss: -2.603387
Total Load Supplied: 100.012451%

========================================================================================================================
Update time: 2026-06-11 06:16:38
Iteration: 416
rho: 120
alpha: 0.01
objective_value: 4.09988274825
feasible: False
max_abs_h: 2.221791627159e-04
l2_norm_h: 3.891406636115e-04
lambda_inf_norm: 1.424608601630e+00
lambda_l2_norm: 7.208030099513e+00
------------------------------------------------------------------------------------------------------------------------
Bus Results
BusID	V_R		V_I		Vmag		Pg		Qg		Pl		Ql
1	1.000222	0.000009	1.000222	0.871800	-0.595374	0.000000	0.000000
2	1.047616	0.067505	1.049791	1.157602	-0.340207	0.000000	0.000000
3	1.043398	0.080011	1.046463	1.158654	-0.518140	0.000000	0.000000
4	1.034506	-0.050185	1.035724	0.000000	0.000000	0.000000	0.000000
5	1.049838	-0.080520	1.052923	0.000000	0.000000	0.900000	0.300000
6	1.077288	0.017537	1.077433	0.000000	0.000000	0.000000	0.000000
7	1.070936	-0.032077	1.071419	0.000000	0.000000	1.000000	0.350000
8	1.072260	0.000032	1.072262	0.000000	0.000000	0.000000	0.000000
9	1.031355	-0.098531	1.036053	0.000000	0.000000	1.250000	0.500000

Branch Results
LineID	From	To	Pik		Pki		Qik		Qki		LossP		LossQ
1	1	4	0.871704	-0.871538	-0.595359	0.659443	0.000166	0.064084
2	4	5	0.288062	-0.285674	-0.411714	0.079105	0.002388	-0.332609
3	5	6	-0.614395	0.627789	-0.379061	-0.375545	0.013393	-0.754606
4	3	6	1.158668	-1.158643	-0.518141	0.604334	0.000025	0.086192
5	6	7	0.530816	-0.527847	-0.228774	-0.229306	0.002970	-0.458081
6	7	8	-0.472194	0.473936	-0.120688	-0.207528	0.001742	-0.328216
7	8	2	-1.157571	1.157603	0.422768	-0.340209	0.000032	0.082559
8	8	9	0.683605	-0.669997	-0.215238	-0.397057	0.013607	-0.612295
9	9	4	-0.580062	0.583404	-0.102897	-0.247679	0.003342	-0.350576

Summary
Total Pg           : 3.188056
Total Qg           : -1.453720
Total Load P       : 3.150000
Total Load Q       : 1.150000
Total Active Loss  : 0.037665
Total Reactive Loss: -2.603547
Total Load Supplied: 100.012421%

========================================================================================================================
Update time: 2026-06-11 06:18:54
Iteration: 417
rho: 120
alpha: 0.01
objective_value: 4.09985820925
feasible: False
max_abs_h: 2.052524035605e-04
l2_norm_h: 3.780567412744e-04
lambda_inf_norm: 1.424607906561e+00
lambda_l2_norm: 7.208027762187e+00
------------------------------------------------------------------------------------------------------------------------
Bus Results
BusID	V_R		V_I		Vmag		Pg		Qg		Pl		Ql
1	1.000205	-0.000008	1.000205	0.871778	-0.595543	0.000000	0.000000
2	1.047648	0.067472	1.049821	1.157542	-0.340057	0.000000	0.000000
3	1.043405	0.079995	1.046470	1.158719	-0.518183	0.000000	0.000000
4	1.034499	-0.050203	1.035717	0.000000	0.000000	0.000000	0.000000
5	1.049836	-0.080538	1.052922	0.000000	0.000000	0.900000	0.300000
6	1.077297	0.017517	1.077442	0.000000	0.000000	0.000000	0.000000
7	1.070951	-0.032102	1.071435	0.000000	0.000000	1.000000	0.350000
8	1.072280	0.000003	1.072283	0.000000	0.000000	0.000000	0.000000
9	1.031356	-0.098551	1.036056	0.000000	0.000000	1.250000	0.500000

Branch Results
LineID	From	To	Pik		Pki		Qik		Qki		LossP		LossQ
1	1	4	0.871683	-0.871525	-0.595528	0.659622	0.000157	0.064094
2	4	5	0.288042	-0.285660	-0.411780	0.079169	0.002383	-0.332611
3	5	6	-0.614407	0.627799	-0.379120	-0.375502	0.013392	-0.754622
4	3	6	1.158733	-1.158706	-0.518184	0.604384	0.000027	0.086200
5	6	7	0.530867	-0.527896	-0.228865	-0.229228	0.002971	-0.458092
6	7	8	-0.472146	0.473889	-0.120764	-0.207468	0.001743	-0.328233
7	8	2	-1.157510	1.157543	0.422604	-0.340061	0.000032	0.082543
8	8	9	0.683590	-0.669982	-0.215134	-0.397177	0.013608	-0.612310
9	9	4	-0.580076	0.583414	-0.102778	-0.247791	0.003338	-0.350569

Summary
Total Pg           : 3.188039
Total Qg           : -1.453782
Total Load P       : 3.150000
Total Load Q       : 1.150000
Total Active Loss  : 0.037651
Total Reactive Loss: -2.603600
Total Load Supplied: 100.012309%

========================================================================================================================
Update time: 2026-06-11 06:21:08
Iteration: 418
rho: 120
alpha: 0.01
objective_value: 4.09991073446
feasible: False
max_abs_h: 1.950939447353e-04
l2_norm_h: 3.756587974679e-04
lambda_inf_norm: 1.424607191574e+00
lambda_l2_norm: 7.208025351677e+00
------------------------------------------------------------------------------------------------------------------------
Bus Results
BusID	V_R		V_I		Vmag		Pg		Qg		Pl		Ql
1	1.000195	0.000010	1.000195	0.871794	-0.595664	0.000000	0.000000
2	1.047673	0.067482	1.049846	1.157529	-0.339967	0.000000	0.000000
3	1.043416	0.080013	1.046482	1.158754	-0.518177	0.000000	0.000000
4	1.034497	-0.050185	1.035714	0.000000	0.000000	0.000000	0.000000
5	1.049839	-0.080520	1.052924	0.000000	0.000000	0.900000	0.300000
6	1.077308	0.017534	1.077453	0.000000	0.000000	0.000000	0.000000
7	1.070968	-0.032087	1.071451	0.000000	0.000000	1.000000	0.350000
8	1.072299	0.000015	1.072302	0.000000	0.000000	0.000000	0.000000
9	1.031363	-0.098535	1.036061	0.000000	0.000000	1.250000	0.500000

Branch Results
LineID	From	To	Pik		Pki		Qik		Qki		LossP		LossQ
1	1	4	0.871699	-0.871535	-0.595650	0.659756	0.000164	0.064107
2	4	5	0.288042	-0.285653	-0.411817	0.079218	0.002389	-0.332599
3	5	6	-0.614417	0.627813	-0.379176	-0.375442	0.013396	-0.754618
4	3	6	1.158768	-1.158743	-0.518179	0.604384	0.000025	0.086205
5	6	7	0.530890	-0.527918	-0.228926	-0.229179	0.002972	-0.458105
6	7	8	-0.472124	0.473869	-0.120812	-0.207441	0.001744	-0.328252
7	8	2	-1.157495	1.157530	0.422499	-0.339970	0.000035	0.082530
8	8	9	0.683594	-0.669983	-0.215054	-0.397273	0.013610	-0.612328
9	9	4	-0.580077	0.583420	-0.102681	-0.247889	0.003343	-0.350570

Summary
Total Pg           : 3.188077
Total Qg           : -1.453809
Total Load P       : 3.150000
Total Load Q       : 1.150000
Total Active Loss  : 0.037678
Total Reactive Loss: -2.603630
Total Load Supplied: 100.012667%

========================================================================================================================
Update time: 2026-06-11 06:23:22
Iteration: 419
rho: 120
alpha: 0.01
objective_value: 4.09987430747
feasible: False
max_abs_h: 2.264295510912e-04
l2_norm_h: 3.878306289182e-04
lambda_inf_norm: 1.424606487607e+00
lambda_l2_norm: 7.208022990199e+00
------------------------------------------------------------------------------------------------------------------------
Bus Results
BusID	V_R		V_I		Vmag		Pg		Qg		Pl		Ql
1	1.000226	-0.000025	1.000226	0.871801	-0.595887	0.000000	0.000000
2	1.047740	0.067428	1.049910	1.157491	-0.339931	0.000000	0.000000
3	1.043469	0.079965	1.046531	1.158758	-0.518271	0.000000	0.000000
4	1.034538	-0.050220	1.035757	0.000000	0.000000	0.000000	0.000000
5	1.049887	-0.080557	1.052974	0.000000	0.000000	0.900000	0.300000
6	1.077362	0.017488	1.077506	0.000000	0.000000	0.000000	0.000000
7	1.071026	-0.032133	1.071510	0.000000	0.000000	1.000000	0.350000
8	1.072360	-0.000034	1.072362	0.000000	0.000000	0.000000	0.000000
9	1.031413	-0.098571	1.036113	0.000000	0.000000	1.250000	0.500000

Branch Results
LineID	From	To	Pik		Pki		Qik		Qki		LossP		LossQ
1	1	4	0.871705	-0.871545	-0.595872	0.659994	0.000160	0.064122
2	4	5	0.288042	-0.285660	-0.411922	0.079293	0.002382	-0.332629
3	5	6	-0.614406	0.627795	-0.379249	-0.375458	0.013389	-0.754706
4	3	6	1.158773	-1.158746	-0.518273	0.604479	0.000026	0.086207
5	6	7	0.530911	-0.527935	-0.229007	-0.229141	0.002977	-0.458149
6	7	8	-0.472109	0.473854	-0.120854	-0.207427	0.001745	-0.328281
7	8	2	-1.157457	1.157491	0.422452	-0.339934	0.000034	0.082518
8	8	9	0.683571	-0.669964	-0.215026	-0.397377	0.013607	-0.612403
9	9	4	-0.580095	0.583434	-0.102578	-0.248024	0.003339	-0.350602

Summary
Total Pg           : 3.188050
Total Qg           : -1.454089
Total Load P       : 3.150000
Total Load Q       : 1.150000
Total Active Loss  : 0.037660
Total Reactive Loss: -2.603924
Total Load Supplied: 100.012397%

========================================================================================================================
Update time: 2026-06-11 06:25:38
Iteration: 420
rho: 120
alpha: 0.01
objective_value: 4.09991792283
feasible: False
max_abs_h: 2.221344648432e-04
l2_norm_h: 3.986301452538e-04
lambda_inf_norm: 1.424605766847e+00
lambda_l2_norm: 7.208020567031e+00
------------------------------------------------------------------------------------------------------------------------
Bus Results
BusID	V_R		V_I		Vmag		Pg		Qg		Pl		Ql
1	1.000222	0.000032	1.000222	0.871832	-0.595998	0.000000	0.000000
2	1.047755	0.067477	1.049928	1.157447	-0.339888	0.000000	0.000000
3	1.043467	0.080026	1.046534	1.158803	-0.518331	0.000000	0.000000
4	1.034543	-0.050163	1.035759	0.000000	0.000000	0.000000	0.000000
5	1.049895	-0.080499	1.052978	0.000000	0.000000	0.900000	0.300000
6	1.077367	0.017549	1.077512	0.000000	0.000000	0.000000	0.000000
7	1.071039	-0.032076	1.071522	0.000000	0.000000	1.000000	0.350000
8	1.072374	0.000020	1.072376	0.000000	0.000000	0.000000	0.000000
9	1.031426	-0.098516	1.036121	0.000000	0.000000	1.250000	0.500000

Branch Results
LineID	From	To	Pik		Pki		Qik		Qki		LossP		LossQ
1	1	4	0.871736	-0.871569	-0.595982	0.660106	0.000167	0.064124
2	4	5	0.288044	-0.285653	-0.411951	0.079311	0.002391	-0.332639
3	5	6	-0.614415	0.627804	-0.379264	-0.375454	0.013388	-0.754717
4	3	6	1.158817	-1.158786	-0.518332	0.604543	0.000031	0.086210
5	6	7	0.530944	-0.527971	-0.229073	-0.229086	0.002973	-0.458159
6	7	8	-0.472072	0.473817	-0.120907	-0.207394	0.001746	-0.328300
7	8	2	-1.157413	1.157448	0.422391	-0.339889	0.000034	0.082502
8	8	9	0.683562	-0.669954	-0.214994	-0.397435	0.013609	-0.612429
9	9	4	-0.580107	0.583451	-0.102515	-0.248101	0.003345	-0.350615

Summary
Total Pg           : 3.188082
Total Qg           : -1.454217
Total Load P       : 3.150000
Total Load Q       : 1.150000
Total Active Loss  : 0.037684
Total Reactive Loss: -2.604025
Total Load Supplied: 100.012632%

========================================================================================================================
Update time: 2026-06-11 06:27:54
Iteration: 421
rho: 120
alpha: 0.01
objective_value: 4.09991364657
feasible: False
max_abs_h: 2.136462769637e-04
l2_norm_h: 3.895005702417e-04
lambda_inf_norm: 1.424605052050e+00
lambda_l2_norm: 7.208018149471e+00
------------------------------------------------------------------------------------------------------------------------
Bus Results
BusID	V_R		V_I		Vmag		Pg		Qg		Pl		Ql
1	1.000214	-0.000011	1.000214	0.871799	-0.596238	0.000000	0.000000
2	1.047815	0.067423	1.049984	1.157441	-0.339698	0.000000	0.000000
3	1.043496	0.079981	1.046559	1.158839	-0.518380	0.000000	0.000000
4	1.034547	-0.050206	1.035765	0.000000	0.000000	0.000000	0.000000
5	1.049905	-0.080543	1.052992	0.000000	0.000000	0.900000	0.300000
6	1.077396	0.017502	1.077540	0.000000	0.000000	0.000000	0.000000
7	1.071076	-0.032125	1.071560	0.000000	0.000000	1.000000	0.350000
8	1.072418	-0.000032	1.072420	0.000000	0.000000	0.000000	0.000000
9	1.031441	-0.098559	1.036141	0.000000	0.000000	1.250000	0.500000

Branch Results
LineID	From	To	Pik		Pki		Qik		Qki		LossP		LossQ
1	1	4	0.871704	-0.871537	-0.596223	0.660362	0.000167	0.064140
2	4	5	0.288030	-0.285638	-0.412039	0.079401	0.002392	-0.332638
3	5	6	-0.614432	0.627829	-0.379356	-0.375386	0.013396	-0.754742
4	3	6	1.158854	-1.158830	-0.518381	0.604597	0.000023	0.086216
5	6	7	0.530964	-0.527990	-0.229197	-0.228988	0.002974	-0.458185
6	7	8	-0.472053	0.473797	-0.121005	-0.207323	0.001744	-0.328328
7	8	2	-1.157409	1.157442	0.422187	-0.339700	0.000032	0.082487
8	8	9	0.683580	-0.669971	-0.214861	-0.397604	0.013609	-0.612466
9	9	4	-0.580091	0.583434	-0.102347	-0.248272	0.003343	-0.350620

Summary
Total Pg           : 3.188080
Total Qg           : -1.454315
Total Load P       : 3.150000
Total Load Q       : 1.150000
Total Active Loss  : 0.037680
Total Reactive Loss: -2.604137
Total Load Supplied: 100.012681%

========================================================================================================================
Update time: 2026-06-11 06:30:11
Iteration: 422
rho: 120
alpha: 0.01
objective_value: 4.09975525638
feasible: False
max_abs_h: 2.947859957050e-04
l2_norm_h: 4.209032565863e-04
lambda_inf_norm: 1.424604374013e+00
lambda_l2_norm: 7.208015948545e+00
------------------------------------------------------------------------------------------------------------------------
Bus Results
BusID	V_R		V_I		Vmag		Pg		Qg		Pl		Ql
1	1.000295	-0.000018	1.000294	0.871846	-0.596617	0.000000	0.000000
2	1.047966	0.067377	1.050131	1.157351	-0.339573	0.000000	0.000000
3	1.043582	0.079943	1.046641	1.158764	-0.518774	0.000000	0.000000
4	1.034647	-0.050212	1.035864	0.000000	0.000000	0.000000	0.000000
5	1.050013	-0.080551	1.053099	0.000000	0.000000	0.900000	0.300000
6	1.077498	0.017473	1.077641	0.000000	0.000000	0.000000	0.000000
7	1.071201	-0.032151	1.071685	0.000000	0.000000	1.000000	0.350000
8	1.072554	-0.000065	1.072556	0.000000	0.000000	0.000000	0.000000
9	1.031562	-0.098567	1.036261	0.000000	0.000000	1.250000	0.500000

Branch Results
LineID	From	To	Pik		Pki		Qik		Qki		LossP		LossQ
1	1	4	0.871751	-0.871583	-0.596603	0.660768	0.000168	0.064165
2	4	5	0.288053	-0.285676	-0.412170	0.079479	0.002377	-0.332692
3	5	6	-0.614385	0.627757	-0.379438	-0.375482	0.013372	-0.754920
4	3	6	1.158777	-1.158759	-0.518777	0.604992	0.000018	0.086216
5	6	7	0.530968	-0.528004	-0.229498	-0.228792	0.002964	-0.458290
6	7	8	-0.472036	0.473777	-0.121201	-0.207212	0.001741	-0.328413
7	8	2	-1.157335	1.157352	0.422029	-0.339575	0.000017	0.082453
8	8	9	0.683528	-0.669929	-0.214815	-0.397825	0.013599	-0.612641
9	9	4	-0.580128	0.583463	-0.102134	-0.248551	0.003335	-0.350685

Summary
Total Pg           : 3.187962
Total Qg           : -1.454963
Total Load P       : 3.150000
Total Load Q       : 1.150000
Total Active Loss  : 0.037591
Total Reactive Loss: -2.604806
Total Load Supplied: 100.011760%

========================================================================================================================
Update time: 2026-06-11 06:32:27
Iteration: 423
rho: 120
alpha: 0.01
objective_value: 4.0998513622
feasible: False
max_abs_h: 2.557543274018e-04
l2_norm_h: 4.089850474712e-04
lambda_inf_norm: 1.424603679972e+00
lambda_l2_norm: 7.208013613964e+00
------------------------------------------------------------------------------------------------------------------------
Bus Results
BusID	V_R		V_I		Vmag		Pg		Qg		Pl		Ql
1	1.000256	-0.000000	1.000256	0.871850	-0.596824	0.000000	0.000000
2	1.047980	0.067385	1.050147	1.157348	-0.339423	0.000000	0.000000
3	1.043580	0.079962	1.046642	1.158835	-0.518738	0.000000	0.000000
4	1.034622	-0.050196	1.035840	0.000000	0.000000	0.000000	0.000000
5	1.049996	-0.080537	1.053082	0.000000	0.000000	0.900000	0.300000
6	1.077496	0.017488	1.077640	0.000000	0.000000	0.000000	0.000000
7	1.071204	-0.032140	1.071689	0.000000	0.000000	1.000000	0.350000
8	1.072559	-0.000056	1.072562	0.000000	0.000000	0.000000	0.000000
9	1.031548	-0.098554	1.036247	0.000000	0.000000	1.250000	0.500000

Branch Results
LineID	From	To	Pik		Pki		Qik		Qki		LossP		LossQ
1	1	4	0.871755	-0.871593	-0.596809	0.660991	0.000162	0.064181
2	4	5	0.288054	-0.285668	-0.412255	0.079567	0.002386	-0.332688
3	5	6	-0.614397	0.627784	-0.379520	-0.375390	0.013386	-0.754910
4	3	6	1.158850	-1.158825	-0.518738	0.604956	0.000025	0.086218
5	6	7	0.531003	-0.528032	-0.229551	-0.228741	0.002972	-0.458292
6	7	8	-0.472010	0.473753	-0.121251	-0.207170	0.001743	-0.328422
7	8	2	-1.157315	1.157348	0.421864	-0.339425	0.000033	0.082438
8	8	9	0.683530	-0.669928	-0.214690	-0.397952	0.013602	-0.612642
9	9	4	-0.580130	0.583469	-0.102000	-0.248684	0.003339	-0.350683

Summary
Total Pg           : 3.188032
Total Qg           : -1.454985
Total Load P       : 3.150000
Total Load Q       : 1.150000
Total Active Loss  : 0.037646
Total Reactive Loss: -2.604799
Total Load Supplied: 100.012256%

========================================================================================================================
Update time: 2026-06-11 06:34:42
Iteration: 424
rho: 120
alpha: 0.01
objective_value: 4.0998235025
feasible: False
max_abs_h: 2.642509198825e-04
l2_norm_h: 4.139084778367e-04
lambda_inf_norm: 1.424602982215e+00
lambda_l2_norm: 7.208011317097e+00
------------------------------------------------------------------------------------------------------------------------
Bus Results
BusID	V_R		V_I		Vmag		Pg		Qg		Pl		Ql
1	1.000264	0.000009	1.000264	0.871810	-0.597028	0.000000	0.000000
2	1.048033	0.067391	1.050200	1.157337	-0.339307	0.000000	0.000000
3	1.043607	0.079975	1.046669	1.158866	-0.518822	0.000000	0.000000
4	1.034642	-0.050183	1.035859	0.000000	0.000000	0.000000	0.000000
5	1.050023	-0.080523	1.053107	0.000000	0.000000	0.900000	0.300000
6	1.077527	0.017502	1.077671	0.000000	0.000000	0.000000	0.000000
7	1.071245	-0.032127	1.071729	0.000000	0.000000	1.000000	0.350000
8	1.072604	-0.000046	1.072606	0.000000	0.000000	0.000000	0.000000
9	1.031580	-0.098541	1.036277	0.000000	0.000000	1.250000	0.500000

Branch Results
LineID	From	To	Pik		Pki		Qik		Qki		LossP		LossQ
1	1	4	0.871715	-0.871550	-0.597013	0.661199	0.000165	0.064186
2	4	5	0.288030	-0.285643	-0.412329	0.079624	0.002387	-0.332705
3	5	6	-0.614423	0.627806	-0.379576	-0.375374	0.013383	-0.754950
4	3	6	1.158880	-1.158857	-0.518824	0.605047	0.000023	0.086223
5	6	7	0.531015	-0.528048	-0.229658	-0.228664	0.002967	-0.458322
6	7	8	-0.471991	0.473728	-0.121330	-0.207120	0.001737	-0.328449
7	8	2	-1.157308	1.157338	0.421737	-0.339310	0.000030	0.082427
8	8	9	0.683551	-0.669951	-0.214616	-0.398067	0.013600	-0.612682
9	9	4	-0.580108	0.583448	-0.101886	-0.248817	0.003340	-0.350703

Summary
Total Pg           : 3.188013
Total Qg           : -1.455158
Total Load P       : 3.150000
Total Load Q       : 1.150000
Total Active Loss  : 0.037632
Total Reactive Loss: -2.604976
Total Load Supplied: 100.012114%

========================================================================================================================
Update time: 2026-06-11 06:36:59
Iteration: 425
rho: 120
alpha: 0.01
objective_value: 4.09971774792
feasible: False
max_abs_h: 3.179417594732e-04
l2_norm_h: 4.317706564271e-04
lambda_inf_norm: 1.424602302484e+00
lambda_l2_norm: 7.208009165315e+00
------------------------------------------------------------------------------------------------------------------------
Bus Results
BusID	V_R		V_I		Vmag		Pg		Qg		Pl		Ql
1	1.000318	0.000009	1.000317	0.871667	-0.597531	0.000000	0.000000
2	1.048166	0.067391	1.050332	1.157355	-0.339315	0.000000	0.000000
3	1.043739	0.079978	1.046800	1.158918	-0.518862	0.000000	0.000000
4	1.034724	-0.050173	1.035940	0.000000	0.000000	0.000000	0.000000
5	1.050127	-0.080509	1.053209	0.000000	0.000000	0.900000	0.300000
6	1.077656	0.017510	1.077800	0.000000	0.000000	0.000000	0.000000
7	1.071380	-0.032114	1.071863	0.000000	0.000000	1.000000	0.350000
8	1.072735	-0.000039	1.072736	0.000000	0.000000	0.000000	0.000000
9	1.031685	-0.098526	1.036380	0.000000	0.000000	1.250000	0.500000

Branch Results
LineID	From	To	Pik		Pki		Qik		Qki		LossP		LossQ
1	1	4	0.871570	-0.871411	-0.597519	0.661740	0.000159	0.064220
2	4	5	0.287957	-0.285574	-0.412590	0.079851	0.002383	-0.332739
3	5	6	-0.614490	0.627869	-0.379813	-0.375302	0.013379	-0.755115
4	3	6	1.158933	-1.158921	-0.518863	0.605078	0.000013	0.086214
5	6	7	0.531020	-0.528065	-0.229763	-0.228678	0.002956	-0.458442
6	7	8	-0.471969	0.473696	-0.121317	-0.207218	0.001726	-0.328535
7	8	2	-1.157328	1.157355	0.421728	-0.339318	0.000027	0.082410
8	8	9	0.683607	-0.670007	-0.214509	-0.398311	0.013600	-0.612821
9	9	4	-0.580051	0.583386	-0.101650	-0.249107	0.003335	-0.350757

Summary
Total Pg           : 3.187940
Total Qg           : -1.455707
Total Load P       : 3.150000
Total Load Q       : 1.150000
Total Active Loss  : 0.037577
Total Reactive Loss: -2.605564
Total Load Supplied: 100.011515%

========================================================================================================================
Update time: 2026-06-11 06:39:16
Iteration: 426
rho: 120
alpha: 0.01
objective_value: 4.09980878235
feasible: False
max_abs_h: 2.773053659129e-04
l2_norm_h: 4.236348515164e-04
lambda_inf_norm: 1.424601617477e+00
lambda_l2_norm: 7.208006886621e+00
------------------------------------------------------------------------------------------------------------------------
Bus Results
BusID	V_R		V_I		Vmag		Pg		Qg		Pl		Ql
1	1.000277	0.000045	1.000278	0.871625	-0.597823	0.000000	0.000000
2	1.048187	0.067427	1.050356	1.157385	-0.339165	0.000000	0.000000
3	1.043744	0.080019	1.046810	1.158998	-0.518828	0.000000	0.000000
4	1.034702	-0.050135	1.035917	0.000000	0.000000	0.000000	0.000000
5	1.050118	-0.080472	1.053198	0.000000	0.000000	0.900000	0.300000
6	1.077662	0.017549	1.077808	0.000000	0.000000	0.000000	0.000000
7	1.071392	-0.032078	1.071875	0.000000	0.000000	1.000000	0.350000
8	1.072748	-0.000004	1.072750	0.000000	0.000000	0.000000	0.000000
9	1.031679	-0.098490	1.036371	0.000000	0.000000	1.250000	0.500000

Branch Results
LineID	From	To	Pik		Pki		Qik		Qki		LossP		LossQ
1	1	4	0.871529	-0.871366	-0.597810	0.662034	0.000163	0.064225
2	4	5	0.287933	-0.285546	-0.412710	0.079967	0.002386	-0.332743
3	5	6	-0.614519	0.627905	-0.379919	-0.375203	0.013386	-0.755123
4	3	6	1.159013	-1.158991	-0.518829	0.605042	0.000022	0.086213
5	6	7	0.531048	-0.528080	-0.229822	-0.228637	0.002968	-0.458458
6	7	8	-0.471959	0.473696	-0.121355	-0.207196	0.001736	-0.328551
7	8	2	-1.157357	1.157386	0.421570	-0.339167	0.000028	0.082403
8	8	9	0.683633	-0.670030	-0.214372	-0.398458	0.013602	-0.612829
9	9	4	-0.580027	0.583365	-0.101494	-0.249271	0.003337	-0.350765

Summary
Total Pg           : 3.188008
Total Qg           : -1.455817
Total Load P       : 3.150000
Total Load Q       : 1.150000
Total Active Loss  : 0.037631
Total Reactive Loss: -2.605628
Total Load Supplied: 100.011982%

========================================================================================================================
Update time: 2026-06-11 06:41:29
Iteration: 427
rho: 120
alpha: 0.01
objective_value: 4.09993578826
feasible: False
max_abs_h: 2.472354710670e-04
l2_norm_h: 4.275691113886e-04
lambda_inf_norm: 1.424600892707e+00
lambda_l2_norm: 7.208004431601e+00
------------------------------------------------------------------------------------------------------------------------
Bus Results
BusID	V_R		V_I		Vmag		Pg		Qg		Pl		Ql
1	1.000247	-0.000102	1.000247	0.871770	-0.597802	0.000000	0.000000
2	1.048189	0.067245	1.050347	1.157350	-0.338999	0.000000	0.000000
3	1.043719	0.079845	1.046771	1.158977	-0.518890	0.000000	0.000000
4	1.034664	-0.050296	1.035887	0.000000	0.000000	0.000000	0.000000
5	1.050071	-0.080642	1.053165	0.000000	0.000000	0.900000	0.300000
6	1.077631	0.017368	1.077774	0.000000	0.000000	0.000000	0.000000
7	1.071360	-0.032263	1.071849	0.000000	0.000000	1.000000	0.350000
8	1.072728	-0.000189	1.072731	0.000000	0.000000	0.000000	0.000000
9	1.031636	-0.098658	1.036344	0.000000	0.000000	1.250000	0.500000

Branch Results
LineID	From	To	Pik		Pki		Qik		Qki		LossP		LossQ
1	1	4	0.871675	-0.871512	-0.597786	0.662026	0.000163	0.064240
2	4	5	0.288006	-0.285611	-0.412671	0.079952	0.002395	-0.332719
3	5	6	-0.614459	0.627852	-0.379902	-0.375182	0.013393	-0.755084
4	3	6	1.158991	-1.158965	-0.518890	0.605104	0.000026	0.086214
5	6	7	0.531072	-0.528095	-0.229899	-0.228537	0.002976	-0.458436
6	7	8	-0.471951	0.473702	-0.121452	-0.207086	0.001751	-0.328539
7	8	2	-1.157314	1.157351	0.421393	-0.339000	0.000037	0.082393
8	8	9	0.683575	-0.669968	-0.214305	-0.398508	0.013607	-0.612813
9	9	4	-0.580091	0.583434	-0.101439	-0.249302	0.003343	-0.350741

Summary
Total Pg           : 3.188097
Total Qg           : -1.455690
Total Load P       : 3.150000
Total Load Q       : 1.150000
Total Active Loss  : 0.037691
Total Reactive Loss: -2.605485
Total Load Supplied: 100.012906%

========================================================================================================================
Update time: 2026-06-11 06:43:46
Iteration: 428
rho: 120
alpha: 0.01
objective_value: 4.09984559204
feasible: False
max_abs_h: 2.652672820473e-04
l2_norm_h: 4.068111781006e-04
lambda_inf_norm: 1.424600189986e+00
lambda_l2_norm: 7.208002101434e+00
------------------------------------------------------------------------------------------------------------------------
Bus Results
BusID	V_R		V_I		Vmag		Pg		Qg		Pl		Ql
1	1.000265	-0.000020	1.000265	0.871745	-0.598125	0.000000	0.000000
2	1.048272	0.067311	1.050433	1.157300	-0.338878	0.000000	0.000000
3	1.043784	0.079918	1.046841	1.158988	-0.518894	0.000000	0.000000
4	1.034705	-0.050210	1.035923	0.000000	0.000000	0.000000	0.000000
5	1.050128	-0.080555	1.053214	0.000000	0.000000	0.900000	0.300000
6	1.077698	0.017447	1.077842	0.000000	0.000000	0.000000	0.000000
7	1.071439	-0.032182	1.071924	0.000000	0.000000	1.000000	0.350000
8	1.072806	-0.000113	1.072808	0.000000	0.000000	0.000000	0.000000
9	1.031697	-0.098573	1.036397	0.000000	0.000000	1.250000	0.500000

Branch Results
LineID	From	To	Pik		Pki		Qik		Qki		LossP		LossQ
1	1	4	0.871649	-0.871491	-0.598112	0.662380	0.000158	0.064268
2	4	5	0.287990	-0.285599	-0.412826	0.080098	0.002390	-0.332728
3	5	6	-0.614468	0.627856	-0.380058	-0.375101	0.013388	-0.755159
4	3	6	1.159002	-1.158979	-0.518895	0.605109	0.000023	0.086214
5	6	7	0.531084	-0.528115	-0.229995	-0.228490	0.002969	-0.458485
6	7	8	-0.471925	0.473663	-0.121506	-0.207074	0.001738	-0.328581
7	8	2	-1.157263	1.157300	0.421249	-0.338880	0.000036	0.082369
8	8	9	0.683570	-0.669967	-0.214175	-0.398709	0.013603	-0.612884
9	9	4	-0.580093	0.583432	-0.101249	-0.249508	0.003340	-0.350757

Summary
Total Pg           : 3.188032
Total Qg           : -1.455897
Total Load P       : 3.150000
Total Load Q       : 1.150000
Total Active Loss  : 0.037646
Total Reactive Loss: -2.605742
Total Load Supplied: 100.012260%

========================================================================================================================
Update time: 2026-06-11 06:46:03
Iteration: 429
rho: 120
alpha: 0.01
objective_value: 4.09989832559
feasible: False
max_abs_h: 2.371803417798e-04
l2_norm_h: 4.044417415627e-04
lambda_inf_norm: 1.424599468879e+00
lambda_l2_norm: 7.207999697635e+00
------------------------------------------------------------------------------------------------------------------------
Bus Results
BusID	V_R		V_I		Vmag		Pg		Qg		Pl		Ql
1	1.000237	-0.000067	1.000237	0.871747	-0.598413	0.000000	0.000000
2	1.048312	0.067247	1.050470	1.157279	-0.338730	0.000000	0.000000
3	1.043811	0.079866	1.046864	1.159045	-0.518845	0.000000	0.000000
4	1.034692	-0.050259	1.035913	0.000000	0.000000	0.000000	0.000000
5	1.050124	-0.080606	1.053215	0.000000	0.000000	0.900000	0.300000
6	1.077719	0.017391	1.077861	0.000000	0.000000	0.000000	0.000000
7	1.071461	-0.032242	1.071948	0.000000	0.000000	1.000000	0.350000
8	1.072832	-0.000176	1.072835	0.000000	0.000000	0.000000	0.000000
9	1.031695	-0.098626	1.036400	0.000000	0.000000	1.250000	0.500000

Branch Results
LineID	From	To	Pik		Pki		Qik		Qki		LossP		LossQ
1	1	4	0.871652	-0.871486	-0.598399	0.662680	0.000165	0.064281
2	4	5	0.287974	-0.285583	-0.412949	0.080221	0.002390	-0.332728
3	5	6	-0.614483	0.627870	-0.380178	-0.374996	0.013387	-0.755174
4	3	6	1.159060	-1.159036	-0.518846	0.605064	0.000023	0.086217
5	6	7	0.531128	-0.528153	-0.230055	-0.228445	0.002975	-0.458500
6	7	8	-0.471892	0.473639	-0.121551	-0.207049	0.001747	-0.328601
7	8	2	-1.157245	1.157279	0.421088	-0.338732	0.000034	0.082356
8	8	9	0.683571	-0.669961	-0.214039	-0.398870	0.013610	-0.612909
9	9	4	-0.580099	0.583442	-0.101082	-0.249679	0.003342	-0.350761

Summary
Total Pg           : 3.188071
Total Qg           : -1.455988
Total Load P       : 3.150000
Total Load Q       : 1.150000
Total Active Loss  : 0.037674
Total Reactive Loss: -2.605819
Total Load Supplied: 100.012594%

========================================================================================================================
Update time: 2026-06-11 06:48:19
Iteration: 430
rho: 120
alpha: 0.01
objective_value: 4.09988353749
feasible: False
max_abs_h: 2.405078551349e-04
l2_norm_h: 4.042003963681e-04
lambda_inf_norm: 1.424598728069e+00
lambda_l2_norm: 7.207997313801e+00
------------------------------------------------------------------------------------------------------------------------
Bus Results
BusID	V_R		V_I		Vmag		Pg		Qg		Pl		Ql
1	1.000241	0.000030	1.000240	0.871809	-0.598487	0.000000	0.000000
2	1.048325	0.067338	1.050489	1.157253	-0.338722	0.000000	0.000000
3	1.043816	0.079952	1.046876	1.158996	-0.518899	0.000000	0.000000
4	1.034704	-0.050162	1.035920	0.000000	0.000000	0.000000	0.000000
5	1.050142	-0.080511	1.053225	0.000000	0.000000	0.900000	0.300000
6	1.077731	0.017484	1.077875	0.000000	0.000000	0.000000	0.000000
7	1.071482	-0.032146	1.071966	0.000000	0.000000	1.000000	0.350000
8	1.072850	-0.000080	1.072853	0.000000	0.000000	0.000000	0.000000
9	1.031716	-0.098530	1.036412	0.000000	0.000000	1.250000	0.500000

Branch Results
LineID	From	To	Pik		Pki		Qik		Qki		LossP		LossQ
1	1	4	0.871714	-0.871539	-0.598472	0.662766	0.000175	0.064293
2	4	5	0.288009	-0.285608	-0.412987	0.080260	0.002402	-0.332727
3	5	6	-0.614464	0.627851	-0.380217	-0.374985	0.013388	-0.755202
4	3	6	1.159010	-1.158984	-0.518900	0.605106	0.000026	0.086206
5	6	7	0.531095	-0.528129	-0.230104	-0.228426	0.002967	-0.458531
6	7	8	-0.471909	0.473642	-0.121563	-0.207059	0.001732	-0.328622
7	8	2	-1.157229	1.157254	0.421071	-0.338724	0.000025	0.082347
8	8	9	0.683560	-0.669958	-0.214009	-0.398923	0.013601	-0.612932
9	9	4	-0.580103	0.583453	-0.101031	-0.249730	0.003350	-0.350761

Summary
Total Pg           : 3.188058
Total Qg           : -1.456108
Total Load P       : 3.150000
Total Load Q       : 1.150000
Total Active Loss  : 0.037666
Total Reactive Loss: -2.605929
Total Load Supplied: 100.012462%

========================================================================================================================
Update time: 2026-06-11 06:50:37
Iteration: 431
rho: 120
alpha: 0.01
objective_value: 4.09980267065
feasible: False
max_abs_h: 2.236231631880e-04
l2_norm_h: 3.845690920912e-04
lambda_inf_norm: 1.424598023069e+00
lambda_l2_norm: 7.207995042341e+00
------------------------------------------------------------------------------------------------------------------------
Bus Results
BusID	V_R		V_I		Vmag		Pg		Qg		Pl		Ql
1	1.000224	0.000043	1.000224	0.871600	-0.599032	0.000000	0.000000
2	1.048413	0.067353	1.050577	1.157224	-0.338606	0.000000	0.000000
3	1.043907	0.079992	1.046969	1.159182	-0.518750	0.000000	0.000000
4	1.034720	-0.050138	1.035935	0.000000	0.000000	0.000000	0.000000
5	1.050185	-0.080480	1.053266	0.000000	0.000000	0.900000	0.300000
6	1.077814	0.017519	1.077958	0.000000	0.000000	0.000000	0.000000
7	1.071566	-0.032116	1.072049	0.000000	0.000000	1.000000	0.350000
8	1.072930	-0.000058	1.072932	0.000000	0.000000	0.000000	0.000000
9	1.031758	-0.098503	1.036451	0.000000	0.000000	1.250000	0.500000

Branch Results
LineID	From	To	Pik		Pki		Qik		Qki		LossP		LossQ
1	1	4	0.871502	-0.871332	-0.599020	0.663340	0.000170	0.064320
2	4	5	0.287876	-0.285483	-0.413266	0.080526	0.002393	-0.332740
3	5	6	-0.614583	0.627967	-0.380483	-0.374795	0.013385	-0.755278
4	3	6	1.159198	-1.159179	-0.518751	0.604957	0.000019	0.086207
5	6	7	0.531178	-0.528217	-0.230146	-0.228450	0.002961	-0.458596
6	7	8	-0.471818	0.473547	-0.121540	-0.207138	0.001728	-0.328679
7	8	2	-1.157195	1.157224	0.420930	-0.338607	0.000029	0.082323
8	8	9	0.683621	-0.670018	-0.213791	-0.399200	0.013603	-0.612991
9	9	4	-0.580041	0.583383	-0.100756	-0.250027	0.003343	-0.350783

Summary
Total Pg           : 3.188005
Total Qg           : -1.456389
Total Load P       : 3.150000
Total Load Q       : 1.150000
Total Active Loss  : 0.037631
Total Reactive Loss: -2.606217
Total Load Supplied: 100.011894%

========================================================================================================================
Update time: 2026-06-11 06:52:53
Iteration: 432
rho: 120
alpha: 0.01
objective_value: 4.09992689902
feasible: False
max_abs_h: 1.906906299161e-04
l2_norm_h: 3.870002635619e-04
lambda_inf_norm: 1.424597284569e+00
lambda_l2_norm: 7.207992598016e+00
------------------------------------------------------------------------------------------------------------------------
Bus Results
BusID	V_R		V_I		Vmag		Pg		Qg		Pl		Ql
1	1.000191	0.000006	1.000191	0.871695	-0.598995	0.000000	0.000000
2	1.048397	0.067299	1.050558	1.157208	-0.338429	0.000000	0.000000
3	1.043858	0.079945	1.046918	1.159191	-0.518810	0.000000	0.000000
4	1.034684	-0.050183	1.035901	0.000000	0.000000	0.000000	0.000000
5	1.050142	-0.080530	1.053227	0.000000	0.000000	0.900000	0.300000
6	1.077768	0.017468	1.077912	0.000000	0.000000	0.000000	0.000000
7	1.071526	-0.032172	1.072012	0.000000	0.000000	1.000000	0.350000
8	1.072900	-0.000114	1.072903	0.000000	0.000000	0.000000	0.000000
9	1.031720	-0.098553	1.036418	0.000000	0.000000	1.250000	0.500000

Branch Results
LineID	From	To	Pik		Pki		Qik		Qki		LossP		LossQ
1	1	4	0.871600	-0.871431	-0.598978	0.663296	0.000170	0.064318
2	4	5	0.287929	-0.285526	-0.413205	0.080472	0.002404	-0.332733
3	5	6	-0.614546	0.627940	-0.380421	-0.374803	0.013393	-0.755224
4	3	6	1.159205	-1.159185	-0.518812	0.605037	0.000020	0.086225
5	6	7	0.531206	-0.528231	-0.230218	-0.228336	0.002975	-0.458554
6	7	8	-0.471812	0.473551	-0.121657	-0.206998	0.001739	-0.328655
7	8	2	-1.157174	1.157208	0.420748	-0.338431	0.000034	0.082317
8	8	9	0.683591	-0.669984	-0.213748	-0.399215	0.013606	-0.612963
9	9	4	-0.580077	0.583426	-0.100734	-0.250035	0.003349	-0.350769

Summary
Total Pg           : 3.188094
Total Qg           : -1.456234
Total Load P       : 3.150000
Total Load Q       : 1.150000
Total Active Loss  : 0.037691
Total Reactive Loss: -2.606039
Total Load Supplied: 100.012804%

========================================================================================================================
Update time: 2026-06-11 06:55:09
Iteration: 433
rho: 120
alpha: 0.01
objective_value: 4.09985658361
feasible: False
max_abs_h: 2.604393605052e-04
l2_norm_h: 4.065835403220e-04
lambda_inf_norm: 1.424596575673e+00
lambda_l2_norm: 7.207990249324e+00
------------------------------------------------------------------------------------------------------------------------
Bus Results
BusID	V_R		V_I		Vmag		Pg		Qg		Pl		Ql
1	1.000260	0.000001	1.000260	0.871711	-0.599202	0.000000	0.000000
2	1.048489	0.067273	1.050647	1.157158	-0.338494	0.000000	0.000000
3	1.043939	0.079923	1.046997	1.159173	-0.518966	0.000000	0.000000
4	1.034763	-0.050186	1.035980	0.000000	0.000000	0.000000	0.000000
5	1.050227	-0.080534	1.053311	0.000000	0.000000	0.900000	0.300000
6	1.077854	0.017451	1.077997	0.000000	0.000000	0.000000	0.000000
7	1.071618	-0.032186	1.072103	0.000000	0.000000	1.000000	0.350000
8	1.072992	-0.000132	1.072994	0.000000	0.000000	0.000000	0.000000
9	1.031809	-0.098556	1.036506	0.000000	0.000000	1.250000	0.500000

Branch Results
LineID	From	To	Pik		Pki		Qik		Qki		LossP		LossQ
1	1	4	0.871616	-0.871453	-0.599187	0.663525	0.000163	0.064337
2	4	5	0.287937	-0.285543	-0.413302	0.080540	0.002394	-0.332762
3	5	6	-0.614525	0.627911	-0.380500	-0.374853	0.013386	-0.755353
4	3	6	1.159188	-1.159167	-0.518968	0.605188	0.000021	0.086220
5	6	7	0.531217	-0.528244	-0.230323	-0.228309	0.002973	-0.458631
6	7	8	-0.471799	0.473537	-0.121685	-0.207028	0.001738	-0.328713
7	8	2	-1.157126	1.157158	0.420802	-0.338498	0.000032	0.082303
8	8	9	0.683557	-0.669956	-0.213772	-0.399317	0.013601	-0.613088
9	9	4	-0.580103	0.583445	-0.100640	-0.250176	0.003342	-0.350816

Summary
Total Pg           : 3.188042
Total Qg           : -1.456661
Total Load P       : 3.150000
Total Load Q       : 1.150000
Total Active Loss  : 0.037651
Total Reactive Loss: -2.606503
Total Load Supplied: 100.012421%

========================================================================================================================
Update time: 2026-06-11 06:57:23
Iteration: 434
rho: 120
alpha: 0.01
objective_value: 4.09989335967
feasible: False
max_abs_h: 2.459887378063e-04
l2_norm_h: 4.105149714613e-04
lambda_inf_norm: 1.424595847165e+00
lambda_l2_norm: 7.207987848639e+00
------------------------------------------------------------------------------------------------------------------------
Bus Results
BusID	V_R		V_I		Vmag		Pg		Qg		Pl		Ql
1	1.000246	-0.000044	1.000246	0.871721	-0.599461	0.000000	0.000000
2	1.048529	0.067209	1.050683	1.157101	-0.338416	0.000000	0.000000
3	1.043970	0.079875	1.047023	1.159246	-0.518963	0.000000	0.000000
4	1.034762	-0.050234	1.035981	0.000000	0.000000	0.000000	0.000000
5	1.050234	-0.080583	1.053323	0.000000	0.000000	0.900000	0.300000
6	1.077880	0.017399	1.078023	0.000000	0.000000	0.000000	0.000000
7	1.071645	-0.032242	1.072132	0.000000	0.000000	1.000000	0.350000
8	1.073021	-0.000192	1.073024	0.000000	0.000000	0.000000	0.000000
9	1.031817	-0.098607	1.036519	0.000000	0.000000	1.250000	0.500000

Branch Results
LineID	From	To	Pik		Pki		Qik		Qki		LossP		LossQ
1	1	4	0.871626	-0.871457	-0.599446	0.663796	0.000169	0.064349
2	4	5	0.287922	-0.285523	-0.413419	0.080644	0.002399	-0.332775
3	5	6	-0.614546	0.627935	-0.380599	-0.374788	0.013389	-0.755386
4	3	6	1.159261	-1.159237	-0.518964	0.605181	0.000024	0.086217
5	6	7	0.531264	-0.528293	-0.230378	-0.228279	0.002971	-0.458658
6	7	8	-0.471748	0.473484	-0.121713	-0.207027	0.001736	-0.328740
7	8	2	-1.157068	1.157101	0.420704	-0.338418	0.000034	0.082286
8	8	9	0.683552	-0.669947	-0.213675	-0.399448	0.013605	-0.613123
9	9	4	-0.580115	0.583462	-0.100503	-0.250324	0.003347	-0.350828

Summary
Total Pg           : 3.188069
Total Qg           : -1.456840
Total Load P       : 3.150000
Total Load Q       : 1.150000
Total Active Loss  : 0.037673
Total Reactive Loss: -2.606657
Total Load Supplied: 100.012555%

========================================================================================================================
Update time: 2026-06-11 06:59:40
Iteration: 435
rho: 120
alpha: 0.01
objective_value: 4.09998523169
feasible: False
max_abs_h: 2.272308142537e-04
l2_norm_h: 4.084855447016e-04
lambda_inf_norm: 1.424595098321e+00
lambda_l2_norm: 7.207985319985e+00
------------------------------------------------------------------------------------------------------------------------
Bus Results
BusID	V_R		V_I		Vmag		Pg		Qg		Pl		Ql
1	1.000227	-0.000036	1.000227	0.871788	-0.599579	0.000000	0.000000
2	1.048553	0.067198	1.050707	1.157103	-0.338241	0.000000	0.000000
3	1.043961	0.079868	1.047014	1.159243	-0.519035	0.000000	0.000000
4	1.034751	-0.050231	1.035970	0.000000	0.000000	0.000000	0.000000
5	1.050225	-0.080584	1.053314	0.000000	0.000000	0.900000	0.300000
6	1.077875	0.017392	1.078018	0.000000	0.000000	0.000000	0.000000
7	1.071651	-0.032251	1.072138	0.000000	0.000000	1.000000	0.350000
8	1.073034	-0.000202	1.073037	0.000000	0.000000	0.000000	0.000000
9	1.031814	-0.098608	1.036517	0.000000	0.000000	1.250000	0.500000

Branch Results
LineID	From	To	Pik		Pki		Qik		Qki		LossP		LossQ
1	1	4	0.871694	-0.871525	-0.599563	0.663929	0.000169	0.064366
2	4	5	0.287961	-0.285558	-0.413450	0.080680	0.002403	-0.332770
3	5	6	-0.614513	0.627907	-0.380631	-0.374755	0.013394	-0.755385
4	3	6	1.159257	-1.159228	-0.519036	0.605260	0.000029	0.086224
5	6	7	0.531277	-0.528295	-0.230490	-0.228173	0.002982	-0.458663
6	7	8	-0.471751	0.473499	-0.121817	-0.206933	0.001748	-0.328750
7	8	2	-1.157066	1.157103	0.420515	-0.338243	0.000037	0.082272
8	8	9	0.683532	-0.669922	-0.213578	-0.399554	0.013609	-0.613132
9	9	4	-0.580140	0.583490	-0.100396	-0.250426	0.003350	-0.350822

Summary
Total Pg           : 3.188135
Total Qg           : -1.456854
Total Load P       : 3.150000
Total Load Q       : 1.150000
Total Active Loss  : 0.037722
Total Reactive Loss: -2.606661
Total Load Supplied: 100.013105%

========================================================================================================================
Update time: 2026-06-11 07:01:56
Iteration: 436
rho: 120
alpha: 0.01
objective_value: 4.10002326569
feasible: False
max_abs_h: 2.171243404960e-04
l2_norm_h: 4.043339650636e-04
lambda_inf_norm: 1.424594341965e+00
lambda_l2_norm: 7.207982738126e+00
------------------------------------------------------------------------------------------------------------------------
Bus Results
BusID	V_R		V_I		Vmag		Pg		Qg		Pl		Ql
1	1.000217	-0.000027	1.000217	0.871829	-0.599747	0.000000	0.000000
2	1.048593	0.067189	1.050746	1.157074	-0.338090	0.000000	0.000000
3	1.043973	0.079868	1.047026	1.159258	-0.519093	0.000000	0.000000
4	1.034751	-0.050224	1.035970	0.000000	0.000000	0.000000	0.000000
5	1.050232	-0.080580	1.053320	0.000000	0.000000	0.900000	0.300000
6	1.077890	0.017391	1.078033	0.000000	0.000000	0.000000	0.000000
7	1.071674	-0.032254	1.072162	0.000000	0.000000	1.000000	0.350000
8	1.073063	-0.000208	1.073065	0.000000	0.000000	0.000000	0.000000
9	1.031825	-0.098605	1.036527	0.000000	0.000000	1.250000	0.500000

Branch Results
LineID	From	To	Pik		Pki		Qik		Qki		LossP		LossQ
1	1	4	0.871734	-0.871566	-0.599732	0.664117	0.000168	0.064385
2	4	5	0.287977	-0.285569	-0.413513	0.080746	0.002407	-0.332768
3	5	6	-0.614503	0.627896	-0.380697	-0.374709	0.013393	-0.755407
4	3	6	1.159272	-1.159246	-0.519094	0.605321	0.000027	0.086227
5	6	7	0.531306	-0.528320	-0.230593	-0.228087	0.002987	-0.458680
6	7	8	-0.471731	0.473482	-0.121903	-0.206867	0.001751	-0.328770
7	8	2	-1.157034	1.157074	0.420346	-0.338092	0.000040	0.082254
8	8	9	0.683516	-0.669902	-0.213474	-0.399686	0.013614	-0.613159
9	9	4	-0.580162	0.583514	-0.100266	-0.250551	0.003351	-0.350817

Summary
Total Pg           : 3.188162
Total Qg           : -1.456929
Total Load P       : 3.150000
Total Load Q       : 1.150000
Total Active Loss  : 0.037737
Total Reactive Loss: -2.606735
Total Load Supplied: 100.013462%

========================================================================================================================
Update time: 2026-06-11 07:04:10
Iteration: 437
rho: 120
alpha: 0.01
objective_value: 4.09993686568
feasible: False
max_abs_h: 2.216084405073e-04
l2_norm_h: 3.996401548515e-04
lambda_inf_norm: 1.424593610862e+00
lambda_l2_norm: 7.207980275787e+00
------------------------------------------------------------------------------------------------------------------------
Bus Results
BusID	V_R		V_I		Vmag		Pg		Qg		Pl		Ql
1	1.000222	0.000004	1.000222	0.871799	-0.599883	0.000000	0.000000
2	1.048628	0.067212	1.050782	1.157006	-0.337985	0.000000	0.000000
3	1.043982	0.079905	1.047038	1.159294	-0.519170	0.000000	0.000000
4	1.034765	-0.050190	1.035982	0.000000	0.000000	0.000000	0.000000
5	1.050249	-0.080543	1.053334	0.000000	0.000000	0.900000	0.300000
6	1.077906	0.017429	1.078049	0.000000	0.000000	0.000000	0.000000
7	1.071700	-0.032220	1.072186	0.000000	0.000000	1.000000	0.350000
8	1.073092	-0.000179	1.073095	0.000000	0.000000	0.000000	0.000000
9	1.031849	-0.098571	1.036547	0.000000	0.000000	1.250000	0.500000

Branch Results
LineID	From	To	Pik		Pki		Qik		Qki		LossP		LossQ
1	1	4	0.871704	-0.871539	-0.599868	0.664258	0.000165	0.064390
2	4	5	0.287954	-0.285552	-0.413545	0.080767	0.002402	-0.332778
3	5	6	-0.614517	0.627905	-0.380719	-0.374706	0.013388	-0.755425
4	3	6	1.159308	-1.159283	-0.519171	0.605408	0.000026	0.086237
5	6	7	0.531337	-0.528361	-0.230687	-0.228002	0.002976	-0.458688
6	7	8	-0.471684	0.473429	-0.121991	-0.206796	0.001745	-0.328787
7	8	2	-1.156968	1.157005	0.420226	-0.337987	0.000037	0.082238
8	8	9	0.683504	-0.669899	-0.213426	-0.399772	0.013606	-0.613197
9	9	4	-0.580162	0.583510	-0.100177	-0.250658	0.003349	-0.350835

Summary
Total Pg           : 3.188099
Total Qg           : -1.457038
Total Load P       : 3.150000
Total Load Q       : 1.150000
Total Active Loss  : 0.037695
Total Reactive Loss: -2.606847
Total Load Supplied: 100.012840%

========================================================================================================================
Update time: 2026-06-11 07:06:24
Iteration: 438
rho: 120
alpha: 0.01
objective_value: 4.0999141445
feasible: False
max_abs_h: 2.329951451641e-04
l2_norm_h: 4.029198003560e-04
lambda_inf_norm: 1.424592861211e+00
lambda_l2_norm: 7.207977844174e+00
------------------------------------------------------------------------------------------------------------------------
Bus Results
BusID	V_R		V_I		Vmag		Pg		Qg		Pl		Ql
1	1.000233	-0.000043	1.000233	0.871818	-0.600086	0.000000	0.000000
2	1.048688	0.067142	1.050837	1.156936	-0.337885	0.000000	0.000000
3	1.044023	0.079850	1.047074	1.159328	-0.519230	0.000000	0.000000
4	1.034785	-0.050239	1.036005	0.000000	0.000000	0.000000	0.000000
5	1.050275	-0.080593	1.053364	0.000000	0.000000	0.900000	0.300000
6	1.077945	0.017372	1.078087	0.000000	0.000000	0.000000	0.000000
7	1.071742	-0.032280	1.072231	0.000000	0.000000	1.000000	0.350000
8	1.073139	-0.000243	1.073142	0.000000	0.000000	0.000000	0.000000
9	1.031877	-0.098623	1.036580	0.000000	0.000000	1.250000	0.500000

Branch Results
LineID	From	To	Pik		Pki		Qik		Qki		LossP		LossQ
1	1	4	0.871723	-0.871553	-0.600072	0.664474	0.000170	0.064403
2	4	5	0.287944	-0.285546	-0.413630	0.080842	0.002397	-0.332789
3	5	6	-0.614520	0.627903	-0.380796	-0.374679	0.013383	-0.755475
4	3	6	1.159343	-1.159318	-0.519231	0.605468	0.000025	0.086237
5	6	7	0.531378	-0.528404	-0.230775	-0.227944	0.002974	-0.458719
6	7	8	-0.471639	0.473381	-0.122051	-0.206762	0.001742	-0.328814
7	8	2	-1.156901	1.156935	0.420108	-0.337888	0.000035	0.082221
8	8	9	0.683485	-0.669878	-0.213347	-0.399897	0.013608	-0.613244
9	9	4	-0.580186	0.583536	-0.100056	-0.250792	0.003351	-0.350847

Summary
Total Pg           : 3.188082
Total Qg           : -1.457201
Total Load P       : 3.150000
Total Load Q       : 1.150000
Total Active Loss  : 0.037683
Total Reactive Loss: -2.607028
Total Load Supplied: 100.012678%

========================================================================================================================
Update time: 2026-06-11 07:08:44
Iteration: 439
rho: 120
alpha: 0.01
objective_value: 4.099971591
feasible: False
max_abs_h: 1.801381363933e-04
l2_norm_h: 3.872389522820e-04
lambda_inf_norm: 1.424592112074e+00
lambda_l2_norm: 7.207975333783e+00
------------------------------------------------------------------------------------------------------------------------
Bus Results
BusID	V_R		V_I		Vmag		Pg		Qg		Pl		Ql
1	1.000180	-0.000030	1.000180	0.871880	-0.600056	0.000000	0.000000
2	1.048655	0.067139	1.050806	1.156887	-0.337737	0.000000	0.000000
3	1.043970	0.079858	1.047023	1.159356	-0.519217	0.000000	0.000000
4	1.034733	-0.050232	1.035953	0.000000	0.000000	0.000000	0.000000
5	1.050220	-0.080590	1.053310	0.000000	0.000000	0.900000	0.300000
6	1.077894	0.017376	1.078037	0.000000	0.000000	0.000000	0.000000
7	1.071697	-0.032281	1.072186	0.000000	0.000000	1.000000	0.350000
8	1.073099	-0.000245	1.073102	0.000000	0.000000	0.000000	0.000000
9	1.031826	-0.098621	1.036530	0.000000	0.000000	1.250000	0.500000

Branch Results
LineID	From	To	Pik		Pki		Qik		Qki		LossP		LossQ
1	1	4	0.871786	-0.871620	-0.600040	0.664450	0.000166	0.064410
2	4	5	0.287976	-0.285571	-0.413594	0.080832	0.002405	-0.332762
3	5	6	-0.614500	0.627891	-0.380781	-0.374626	0.013391	-0.755406
4	3	6	1.159370	-1.159341	-0.519218	0.605463	0.000030	0.086245
5	6	7	0.531407	-0.528427	-0.230818	-0.227867	0.002980	-0.458685
6	7	8	-0.471618	0.473362	-0.122122	-0.206679	0.001744	-0.328800
7	8	2	-1.156851	1.156886	0.419945	-0.337739	0.000035	0.082207
8	8	9	0.683454	-0.669847	-0.213262	-0.399934	0.013607	-0.613196
9	9	4	-0.580216	0.583568	-0.100014	-0.250800	0.003352	-0.350814

Summary
Total Pg           : 3.188123
Total Qg           : -1.457011
Total Load P       : 3.150000
Total Load Q       : 1.150000
Total Active Loss  : 0.037711
Total Reactive Loss: -2.606801
Total Load Supplied: 100.013079%

========================================================================================================================
Update time: 2026-06-11 07:10:57
Iteration: 440
rho: 120
alpha: 0.01
objective_value: 4.09992874675
feasible: False
max_abs_h: 1.919588806794e-04
l2_norm_h: 4.085648666138e-04
lambda_inf_norm: 1.424591349048e+00
lambda_l2_norm: 7.207972881785e+00
------------------------------------------------------------------------------------------------------------------------
Bus Results
BusID	V_R		V_I		Vmag		Pg		Qg		Pl		Ql
1	1.000192	0.000073	1.000192	0.871898	-0.600025	0.000000	0.000000
2	1.048633	0.067238	1.050789	1.156752	-0.337865	0.000000	0.000000
3	1.043964	0.079980	1.047026	1.159441	-0.519187	0.000000	0.000000
4	1.034748	-0.050126	1.035962	0.000000	0.000000	0.000000	0.000000
5	1.050237	-0.080479	1.053317	0.000000	0.000000	0.900000	0.300000
6	1.077894	0.017497	1.078038	0.000000	0.000000	0.000000	0.000000
7	1.071696	-0.032167	1.072181	0.000000	0.000000	1.000000	0.350000
8	1.073090	-0.000137	1.073093	0.000000	0.000000	0.000000	0.000000
9	1.031840	-0.098516	1.036534	0.000000	0.000000	1.250000	0.500000

Branch Results
LineID	From	To	Pik		Pki		Qik		Qki		LossP		LossQ
1	1	4	0.871804	-0.871637	-0.600009	0.664412	0.000167	0.064403
2	4	5	0.287955	-0.285545	-0.413588	0.080802	0.002411	-0.332786
3	5	6	-0.614528	0.627919	-0.380744	-0.374669	0.013390	-0.755413
4	3	6	1.159456	-1.159431	-0.519188	0.605440	0.000025	0.086252
5	6	7	0.531475	-0.528502	-0.230754	-0.227919	0.002973	-0.458672
6	7	8	-0.471537	0.473269	-0.122072	-0.206725	0.001732	-0.328796
7	8	2	-1.156722	1.156751	0.420070	-0.337869	0.000030	0.082201
8	8	9	0.683422	-0.669822	-0.213342	-0.399866	0.013600	-0.613208
9	9	4	-0.580243	0.583602	-0.100075	-0.250758	0.003360	-0.350833

Summary
Total Pg           : 3.188091
Total Qg           : -1.457078
Total Load P       : 3.150000
Total Load Q       : 1.150000
Total Active Loss  : 0.037688
Total Reactive Loss: -2.606851
Total Load Supplied: 100.012789%

========================================================================================================================
Update time: 2026-06-11 07:13:14
Iteration: 441
rho: 120
alpha: 0.01
objective_value: 4.09993714865
feasible: False
max_abs_h: 2.106026158559e-04
l2_norm_h: 3.936830556688e-04
lambda_inf_norm: 1.424590603132e+00
lambda_l2_norm: 7.207970417872e+00
------------------------------------------------------------------------------------------------------------------------
Bus Results
BusID	V_R		V_I		Vmag		Pg		Qg		Pl		Ql
1	1.000211	-0.000028	1.000210	0.871910	-0.600166	0.000000	0.000000
2	1.048708	0.067115	1.050856	1.156751	-0.337690	0.000000	0.000000
3	1.044000	0.079861	1.047053	1.159436	-0.519331	0.000000	0.000000
4	1.034769	-0.050230	1.035988	0.000000	0.000000	0.000000	0.000000
5	1.050259	-0.080587	1.053347	0.000000	0.000000	0.900000	0.300000
6	1.077930	0.017377	1.078072	0.000000	0.000000	0.000000	0.000000
7	1.071740	-0.032286	1.072229	0.000000	0.000000	1.000000	0.350000
8	1.073146	-0.000259	1.073148	0.000000	0.000000	0.000000	0.000000
9	1.031868	-0.098622	1.036571	0.000000	0.000000	1.250000	0.500000

Branch Results
LineID	From	To	Pik		Pki		Qik		Qki		LossP		LossQ
1	1	4	0.871816	-0.871651	-0.600150	0.664574	0.000164	0.064424
2	4	5	0.287968	-0.285564	-0.413631	0.080850	0.002404	-0.332781
3	5	6	-0.614507	0.627897	-0.380801	-0.374661	0.013390	-0.755462
4	3	6	1.159450	-1.159424	-0.519332	0.605590	0.000027	0.086258
5	6	7	0.531487	-0.528512	-0.230912	-0.227797	0.002975	-0.458709
6	7	8	-0.471531	0.473269	-0.122195	-0.206632	0.001739	-0.328827
7	8	2	-1.156712	1.156750	0.419877	-0.337692	0.000038	0.082185
8	8	9	0.683409	-0.669806	-0.213245	-0.400011	0.013603	-0.613256
9	9	4	-0.580257	0.583608	-0.099942	-0.250888	0.003351	-0.350830

Summary
Total Pg           : 3.188097
Total Qg           : -1.457187
Total Load P       : 3.150000
Total Load Q       : 1.150000
Total Active Loss  : 0.037691
Total Reactive Loss: -2.606999
Total Load Supplied: 100.012897%

========================================================================================================================
Update time: 2026-06-11 07:15:28
Iteration: 442
rho: 120
alpha: 0.01
objective_value: 4.09990554708
feasible: False
max_abs_h: 2.369372911999e-04
l2_norm_h: 4.001336108433e-04
lambda_inf_norm: 1.424589881615e+00
lambda_l2_norm: 7.207967996855e+00
------------------------------------------------------------------------------------------------------------------------
Bus Results
BusID	V_R		V_I		Vmag		Pg		Qg		Pl		Ql
1	1.000237	-0.000023	1.000237	0.871847	-0.600360	0.000000	0.000000
2	1.048757	0.067112	1.050904	1.156678	-0.337754	0.000000	0.000000
3	1.044056	0.079879	1.047109	1.159551	-0.519320	0.000000	0.000000
4	1.034806	-0.050220	1.036024	0.000000	0.000000	0.000000	0.000000
5	1.050304	-0.080573	1.053392	0.000000	0.000000	0.900000	0.300000
6	1.077984	0.017392	1.078127	0.000000	0.000000	0.000000	0.000000
7	1.071794	-0.032276	1.072282	0.000000	0.000000	1.000000	0.350000
8	1.073196	-0.000254	1.073198	0.000000	0.000000	0.000000	0.000000
9	1.031914	-0.098611	1.036616	0.000000	0.000000	1.250000	0.500000

Branch Results
LineID	From	To	Pik		Pki		Qik		Qki		LossP		LossQ
1	1	4	0.871752	-0.871592	-0.600345	0.664775	0.000161	0.064429
2	4	5	0.287914	-0.285515	-0.413726	0.080929	0.002398	-0.332797
3	5	6	-0.614552	0.627938	-0.380886	-0.374638	0.013386	-0.755524
4	3	6	1.159566	-1.159542	-0.519321	0.605584	0.000025	0.086263
5	6	7	0.531563	-0.528585	-0.230931	-0.227818	0.002978	-0.458749
6	7	8	-0.471458	0.473198	-0.122175	-0.206691	0.001740	-0.328866
7	8	2	-1.156635	1.156677	0.419926	-0.337757	0.000042	0.082169
8	8	9	0.683402	-0.669802	-0.213233	-0.400092	0.013600	-0.613324
9	9	4	-0.580260	0.583606	-0.099860	-0.250998	0.003346	-0.350858

Summary
Total Pg           : 3.188076
Total Qg           : -1.457434
Total Load P       : 3.150000
Total Load Q       : 1.150000
Total Active Loss  : 0.037677
Total Reactive Loss: -2.607256
Total Load Supplied: 100.012671%

========================================================================================================================
Update time: 2026-06-11 07:17:48
Iteration: 443
rho: 120
alpha: 0.01
objective_value: 4.0998835678
feasible: False
max_abs_h: 2.285106110356e-04
l2_norm_h: 4.103238468649e-04
lambda_inf_norm: 1.424589148017e+00
lambda_l2_norm: 7.207965605949e+00
------------------------------------------------------------------------------------------------------------------------
Bus Results
BusID	V_R		V_I		Vmag		Pg		Qg		Pl		Ql
1	1.000229	0.000085	1.000228	0.871792	-0.600456	0.000000	0.000000
2	1.048764	0.067235	1.050920	1.156699	-0.337661	0.000000	0.000000
3	1.044047	0.080003	1.047110	1.159570	-0.519361	0.000000	0.000000
4	1.034808	-0.050106	1.036022	0.000000	0.000000	0.000000	0.000000
5	1.050313	-0.080455	1.053392	0.000000	0.000000	0.900000	0.300000
6	1.077985	0.017519	1.078130	0.000000	0.000000	0.000000	0.000000
7	1.071805	-0.032150	1.072290	0.000000	0.000000	1.000000	0.350000
8	1.073206	-0.000129	1.073208	0.000000	0.000000	0.000000	0.000000
9	1.031926	-0.098495	1.036617	0.000000	0.000000	1.250000	0.500000

Branch Results
LineID	From	To	Pik		Pki		Qik		Qki		LossP		LossQ
1	1	4	0.871697	-0.871530	-0.600440	0.664866	0.000166	0.064425
2	4	5	0.287886	-0.285482	-0.413760	0.080950	0.002404	-0.332810
3	5	6	-0.614588	0.627975	-0.380900	-0.374631	0.013387	-0.755530
4	3	6	1.159585	-1.159566	-0.519362	0.605628	0.000019	0.086266
5	6	7	0.531554	-0.528583	-0.230980	-0.227776	0.002971	-0.458757
6	7	8	-0.471457	0.473191	-0.122217	-0.206653	0.001733	-0.328869
7	8	2	-1.156664	1.156700	0.419833	-0.337663	0.000035	0.082170
8	8	9	0.683443	-0.669844	-0.213183	-0.400137	0.013599	-0.613319
9	9	4	-0.580218	0.583569	-0.099815	-0.251050	0.003351	-0.350866

Summary
Total Pg           : 3.188062
Total Qg           : -1.457478
Total Load P       : 3.150000
Total Load Q       : 1.150000
Total Active Loss  : 0.037666
Total Reactive Loss: -2.607291
Total Load Supplied: 100.012550%

========================================================================================================================
Update time: 2026-06-11 07:20:04
Iteration: 444
rho: 120
alpha: 0.01
objective_value: 4.09985607417
feasible: False
max_abs_h: 2.070403166943e-04
l2_norm_h: 3.981004973302e-04
lambda_inf_norm: 1.424588438429e+00
lambda_l2_norm: 7.207963253374e+00
------------------------------------------------------------------------------------------------------------------------
Bus Results
BusID	V_R		V_I		Vmag		Pg		Qg		Pl		Ql
1	1.000207	0.000060	1.000207	0.871666	-0.600622	0.000000	0.000000
2	1.048790	0.067221	1.050945	1.156706	-0.337526	0.000000	0.000000
3	1.044050	0.080001	1.047113	1.159673	-0.519357	0.000000	0.000000
4	1.034796	-0.050126	1.036011	0.000000	0.000000	0.000000	0.000000
5	1.050305	-0.080470	1.053385	0.000000	0.000000	0.900000	0.300000
6	1.077988	0.017512	1.078133	0.000000	0.000000	0.000000	0.000000
7	1.071816	-0.032161	1.072301	0.000000	0.000000	1.000000	0.350000
8	1.073222	-0.000143	1.073224	0.000000	0.000000	0.000000	0.000000
9	1.031924	-0.098512	1.036617	0.000000	0.000000	1.250000	0.500000

Branch Results
LineID	From	To	Pik		Pki		Qik		Qki		LossP		LossQ
1	1	4	0.871571	-0.871407	-0.600607	0.665033	0.000164	0.064426
2	4	5	0.287821	-0.285420	-0.413797	0.080986	0.002402	-0.332811
3	5	6	-0.614650	0.628043	-0.380935	-0.374572	0.013393	-0.755507
4	3	6	1.159689	-1.159672	-0.519360	0.605647	0.000018	0.086287
5	6	7	0.531591	-0.528615	-0.231063	-0.227694	0.002976	-0.458757
6	7	8	-0.471427	0.473161	-0.122297	-0.206591	0.001734	-0.328888
7	8	2	-1.156686	1.156706	0.419687	-0.337528	0.000020	0.082159
8	8	9	0.683496	-0.669898	-0.213093	-0.400238	0.013598	-0.613331
9	9	4	-0.580162	0.583511	-0.099705	-0.251176	0.003349	-0.350881

Summary
Total Pg           : 3.188045
Total Qg           : -1.457505
Total Load P       : 3.150000
Total Load Q       : 1.150000
Total Active Loss  : 0.037652
Total Reactive Loss: -2.607303
Total Load Supplied: 100.012482%

========================================================================================================================
Update time: 2026-06-11 07:22:18
Iteration: 445
rho: 120
alpha: 0.01
objective_value: 4.0999112578
feasible: False
max_abs_h: 2.033265004193e-04
l2_norm_h: 3.956267364768e-04
lambda_inf_norm: 1.424587663001e+00
lambda_l2_norm: 7.207960824007e+00
------------------------------------------------------------------------------------------------------------------------
Bus Results
BusID	V_R		V_I		Vmag		Pg		Qg		Pl		Ql
1	1.000203	0.000041	1.000203	0.871730	-0.600593	0.000000	0.000000
2	1.048802	0.067191	1.050954	1.156703	-0.337392	0.000000	0.000000
3	1.044033	0.079975	1.047095	1.159651	-0.519449	0.000000	0.000000
4	1.034790	-0.050149	1.036005	0.000000	0.000000	0.000000	0.000000
5	1.050294	-0.080495	1.053376	0.000000	0.000000	0.900000	0.300000
6	1.077976	0.017485	1.078120	0.000000	0.000000	0.000000	0.000000
7	1.071810	-0.032190	1.072296	0.000000	0.000000	1.000000	0.350000
8	1.073223	-0.000173	1.073226	0.000000	0.000000	0.000000	0.000000
9	1.031917	-0.098538	1.036612	0.000000	0.000000	1.250000	0.500000

Branch Results
LineID	From	To	Pik		Pki		Qik		Qki		LossP		LossQ
1	1	4	0.871635	-0.871462	-0.600577	0.665000	0.000173	0.064424
2	4	5	0.287848	-0.285439	-0.413759	0.080958	0.002409	-0.332801
3	5	6	-0.614632	0.628021	-0.380909	-0.374587	0.013388	-0.755495
4	3	6	1.159665	-1.159650	-0.519450	0.605739	0.000015	0.086289
5	6	7	0.531593	-0.528622	-0.231139	-0.227605	0.002971	-0.458744
6	7	8	-0.471418	0.473149	-0.122391	-0.206489	0.001731	-0.328880
7	8	2	-1.156667	1.156703	0.419542	-0.337394	0.000036	0.082148
8	8	9	0.683488	-0.669884	-0.213052	-0.400270	0.013604	-0.613322
9	9	4	-0.580179	0.583536	-0.099679	-0.251184	0.003357	-0.350863

Summary
Total Pg           : 3.188084
Total Qg           : -1.457433
Total Load P       : 3.150000
Total Load Q       : 1.150000
Total Active Loss  : 0.037684
Total Reactive Loss: -2.607244
Total Load Supplied: 100.012708%

========================================================================================================================
Update time: 2026-06-11 07:22:18
Iteration: 95
rho: 92
alpha: 2.5152627
objective_value: 4.0999552751
feasible: False
note: best_iteration_by_l2_norm_h
max_abs_h: 5.897795132737e-05
l2_norm_h: 1.433697421299e-04
lambda_inf_norm: 1.425728291662e+00
lambda_l2_norm: 7.211702609435e+00
------------------------------------------------------------------------------------------------------------------------
Bus Results
BusID	V_R		V_I		Vmag		Pg		Qg		Pl		Ql
1	1.000059	0.000047	1.000057	0.897628	-0.415513	0.000000	0.000000
2	1.010286	0.073174	1.012932	1.166577	-0.402396	0.000000	0.000000
3	1.016771	0.079492	1.019873	1.122901	-0.501727	0.000000	0.000000
4	1.023993	-0.051648	1.025292	0.000000	0.000000	0.000000	0.000000
5	1.032447	-0.082271	1.035719	0.000000	0.000000	0.900000	0.300000
6	1.050540	0.017414	1.050683	0.000000	0.000000	0.000000	0.000000
7	1.040073	-0.031322	1.040543	0.000000	0.000000	1.000000	0.350000
8	1.040250	0.003173	1.040253	0.000000	0.000000	0.000000	0.000000
9	1.011879	-0.099746	1.016782	0.000000	0.000000	1.250000	0.500000

Branch Results
LineID	From	To	Pik		Pki		Qik		Qki		LossP		LossQ
1	1	4	0.897584	-0.897518	-0.415506	0.471822	0.000066	0.056316
2	4	5	0.305142	-0.303139	-0.333789	0.008778	0.002003	-0.325011
3	5	6	-0.596880	0.610067	-0.308760	-0.413155	0.013187	-0.721915
4	3	6	1.122921	-1.122928	-0.501726	0.586937	-0.000008	0.085211
5	6	7	0.512851	-0.509958	-0.173769	-0.258958	0.002892	-0.432727
6	7	8	-0.490052	0.491996	-0.091031	-0.215256	0.001944	-0.306287
7	8	2	-1.166622	1.166604	0.495155	-0.402396	-0.000019	0.092759
8	8	9	0.674619	-0.661062	-0.279887	-0.299535	0.013557	-0.579422
9	9	4	-0.588953	0.592352	-0.200445	-0.138016	0.003399	-0.338461

Summary
Total Pg           : 3.187106
Total Qg           : -1.319636
Total Load P       : 3.150000
Total Load Q       : 1.150000
Total Active Loss  : 0.037023
Total Reactive Loss: -2.469538
Total Load Supplied: 100.002648%

