{
  "Sbase": 100,
  "buses": {
    "k1": [
      1,
      1,
      1,
      0,
      0,
      0,
      0,
      0
    ],
    "k2": [
      2,
      2,
      1,
      0,
      0,
      0,
      3,
      0.9861
    ],
    "k3": [
      3,
      1,
      1,
      0,
      0,
      0,
      3,
      0.9861
    ],
    "k4": [
      4,
      0,
      1,
      0,
      0,
      0,
      4,
      1.3147
    ],
    "k5": [
      5,
      1,
      1,
      0,
      0,
      0,
      0,
      0
    ]
  },
  "lines": {
    "k1": [
      1,
      2,
      0.00281,
      0.0281,
      0.00712,
      1,
      4
    ],
    "k2": [
      1,
      4,
      0.00304,
      0.0304,
      0.00658,
      1,
      0
    ],
    "k3": [
      1,
      5,
      0.00064,
      0.0064,
      0.03126,
      1,
      0
    ],
    "k4": [
      2,
      3,
      0.00108,
      0.0108,
      0.01852,
      1,
      0
    ],
    "k5": [
      3,
      4,
      0.00297,
      0.0297,
      0.00674,
      1,
      0
    ],
    "k6": [
      4,
      5,
      0.00297,
      0.0297,
      0.00674,
      1,
      2.4
    ]
  },
  "gens": {
    "k1": [
      1,
      0.4,
      0.3,
      -0.3,
      0.4,
      0,
      0,
      0
    ],
    "k2": [
      1,
      1.7,
      1.275,
      -1.275,
      1.7,
      0,
      0,
      0
    ],
    "k3": [
      3,
      3.2349,
      3.9,
      -3.9,
      5.2,
      0,
      0,
      0
    ],
    "k4": [
      4,
      0,
      1.5,
      -1.5,
      2,
      0,
      0,
      0
    ],
    "k5": [
      5,
      3,
      4.5,
      -4.5,
      6,
      0,
      0,
      0
    ]
  }
}