{
  "Sbase": 100,
  "buses": {
    "k1": [
      1,
      0,
      1.06,
      0,
      0,
      0,
      0,
      0
    ],
    "k2": [
      2,
      1,
      1.045,
      -4.98,
      0,
      0,
      0.217,
      0.127
    ],
    "k3": [
      3,
      1,
      1.01,
      -12.72,
      0,
      0,
      0.9420000000000001,
      0.19
    ],
    "k4": [
      4,
      2,
      1.019,
      -10.33,
      0,
      0,
      0.478,
      -0.039
    ],
    "k5": [
      5,
      2,
      1.02,
      -8.78,
      0,
      0,
      0.076,
      0.016
    ],
    "k6": [
      6,
      1,
      1.07,
      -14.22,
      0,
      0,
      0.11199999999999999,
      0.075
    ],
    "k7": [
      7,
      2,
      1.062,
      -13.37,
      0,
      0,
      0,
      0
    ],
    "k8": [
      8,
      1,
      1.09,
      -13.36,
      0,
      0,
      0,
      0
    ],
    "k9": [
      9,
      2,
      1.056,
      -14.94,
      0,
      0,
      0.295,
      0.166
    ],
    "k10": [
      10,
      2,
      1.051,
      -15.1,
      0,
      0,
      0.09,
      0.057999999999999996
    ],
    "k11": [
      11,
      2,
      1.057,
      -14.79,
      0,
      0,
      0.035,
      0.018000000000000002
    ],
    "k12": [
      12,
      2,
      1.055,
      -15.07,
      0,
      0,
      0.061,
      0.016
    ],
    "k13": [
      13,
      2,
      1.05,
      -15.16,
      0,
      0,
      0.135,
      0.057999999999999996
    ],
    "k14": [
      14,
      2,
      1.036,
      -16.04,
      0,
      0,
      0.149,
      0.05
    ]
  },
  "lines": {
    "k1": [
      1,
      2,
      0.01938,
      0.05917,
      0.0528,
      1,
      0
    ],
    "k2": [
      1,
      5,
      0.05403,
      0.22304,
      0.0492,
      1,
      0
    ],
    "k3": [
      2,
      3,
      0.04699,
      0.19797,
      0.0438,
      1,
      0
    ],
    "k4": [
      2,
      4,
      0.05811,
      0.17632,
      0.034,
      1,
      0
    ],
    "k5": [
      2,
      5,
      0.05695,
      0.17388,
      0.0346,
      1,
      0
    ],
    "k6": [
      3,
      4,
      0.06701,
      0.17103,
      0.0128,
      1,
      0
    ],
    "k7": [
      4,
      5,
      0.01335,
      0.04211,
      0,
      1,
      0
    ],
    "k8": [
      4,
      7,
      0,
      0.20912,
      0,
      0.978,
      0
    ],
    "k9": [
      4,
      9,
      0,
      0.55618,
      0,
      0.969,
      0
    ],
    "k10": [
      5,
      6,
      0,
      0.25202,
      0,
      0.932,
      0
    ],
    "k11": [
      6,
      11,
      0.09498,
      0.1989,
      0,
      1,
      0
    ],
    "k12": [
      6,
      12,
      0.12291,
      0.25581,
      0,
      1,
      0
    ],
    "k13": [
      6,
      13,
      0.06615,
      0.13027,
      0,
      1,
      0
    ],
    "k14": [
      7,
      8,
      0,
      0.17615,
      0,
      1,
      0
    ],
    "k15": [
      7,
      9,
      0,
      0.11001,
      0,
      1,
      0
    ],
    "k16": [
      9,
      10,
      0.03181,
      0.0845,
      0,
      1,
      0
    ],
    "k17": [
      9,
      14,
      0.12711,
      0.27038,
      0,
      1,
      0
    ],
    "k18": [
      10,
      11,
      0.08205,
      0.19207,
      0,
      1,
      0
    ],
    "k19": [
      12,
      13,
      0.22092,
      0.19988,
      0,
      1,
      0
    ],
    "k20": [
      13,
      14,
      0.17093,
      0.34802,
      0,
      1,
      0
    ]
  },
  "gens": {
    "k1": [
      1,
      2.324,
      0.1,
      0,
      3.324,
      0.0430292599,
      20,
      0
    ],
    "k2": [
      2,
      0.4,
      0.5,
      -0.4,
      1.4,
      0.25,
      20,
      0
    ],
    "k3": [
      3,
      0,
      0.4,
      0,
      1,
      0.01,
      40,
      0
    ],
    "k4": [
      6,
      0,
      0.24,
      -0.06,
      1,
      0.01,
      40,
      0
    ],
    "k5": [
      8,
      0,
      0.24,
      -0.06,
      1,
      0.01,
      40,
      0
    ]
  }
}