method,start_name,success,message,objective,objective_gap_pct,l2_h,max_abs_h,load_supplied_pct,runtime_s,iterations,function_evals,bus_l2_to_reference,branch_l2_to_reference,combined_l2_to_reference,pg_l2_to_reference,qg_l2_to_reference,first_l2_le_0.01,first_l2_le_0.0001,first_l2_le_1e-06,source
SQP (SLSQP),qce_final_iter,True,Optimization terminated successfully,0.5317106559725281,0.0,2.4141893329504625e-15,1.4918621893400541e-15,99.99999999999999,0.03461930004414171,11,12,0.0,0.0,0.0,0.0,0.0,1,1,9,scipy.optimize.minimize(method='SLSQP')
Interior-point (trust-constr),qce_final_iter,True,`gtol` termination condition is satisfied.,0.531710666212515,1.925856984996699e-06,5.722519770151539e-14,3.010439120210151e-14,99.99999999999987,0.8546159000252374,125,134,2.781013422282548e-09,5.9265193874164836e-08,5.933040738607195e-08,6.313200808307292e-08,2.3325735546777315e-08,1,14,117,scipy.optimize.minimize(method='trust-constr')
Truncated Newton (TNC penalty),qce_best_l2_iter,True,rho=1e+08: Max. number of function evaluations reached,0.531723322219192,0.002382169046577509,5.227590728399125e-08,1.7411952685231213e-08,99.9999830279024,16.039824600040447,569,5854,0.0012486344346073818,0.02654354912931316,0.026572901390919824,7.194269378507645e-06,0.030050688447654534,208,293,371,scipy.optimize.minimize(method='TNC') on staged equality-penalty objective
Newton-Raphson active-set KKT,flat_start,True,KKT residual tolerance reached,0.5317106561713763,3.739781817557741e-08,1.0482740376884677e-10,1e-10,100.00000003333334,0.5064103999757208,4,,6.692122348144463e-11,1.420507149846275e-09,1.4220826322392946e-09,1.0000213985822176e-10,1.6079378953911238e-09,3,3,4,custom damped Newton solve of active-bound KKT system
QCE coarse-only,best_max_iter_228,False,coarse-only log never reached configured feasibility tolerance,0.5350027597034605,0.6191532356843554,0.0006794968208931418,0.0003258882768932547,99.97552328333333,29897.0,329,,0.023369006086019536,0.500903929233059,0.501448757867208,0.0018698390455665903,0.5670625033114056,73,,,parsed QCE log
