bus,stage_rho,iteration,seconds,objective,l2,max_abs
2,128.0,1,0.001147200004197657,0.5285062728350352,0.1408218831261902,0.08457051784988119
2,128.0,2,0.001579199975822121,0.4149681084619889,0.11807187202732768,0.06175409988744901
2,128.0,3,0.0020979000255465508,0.3547782419491788,0.09073350627678269,0.04155340046548189
2,128.0,4,0.0027971999952569604,0.4628928614094965,0.03923842728764407,0.02034107988090117
2,128.0,5,0.0033937999978661537,0.46395356526899895,0.036079127164165996,0.01874786522725197
2,128.0,6,0.003716800012625754,0.4709797702974343,0.034190452523534955,0.01785026899659997
2,128.0,7,0.00430839997716248,0.480981386625182,0.031687878354482876,0.016135707255303555
2,128.0,8,0.004627200018148869,0.48097923402771897,0.03168811193037262,0.01605218545202791
2,128.0,9,0.005047300015576184,0.48097818743692083,0.03168835630270925,0.016049631009002086
2,128.0,10,0.005734400008805096,0.48097578311006,0.03168893935960681,0.016047605763235384
2,128.0,11,0.006142999976873398,0.48097578563624044,0.0316889385599705,0.016047299059039843
2,128.0,12,0.006749799998942763,0.4809749130433814,0.031689153670925785,0.016047178243919824
2,128.0,13,0.007785000023432076,0.480969697695958,0.031690439375006735,0.016048020810414954
2,128.0,14,0.008174800022970885,0.4809697024670814,0.03169043819870266,0.016048027294952694
2,512.0,15,0.009468099975492805,0.572000746916041,0.010648025375029237,0.0073623056908310724
2,512.0,16,0.009923100005835295,0.5719738259716236,0.009637351317019295,0.0053191299938945
2,512.0,17,0.010431299975607544,0.5729535947953923,0.009228730279960068,0.005091251158118648
2,512.0,18,0.010764000006020069,0.573010385911081,0.009103593726012039,0.004638826304463217
2,512.0,19,0.011605800013057888,0.5774395930983708,0.007925824076431514,0.004072416301888149
2,512.0,20,0.012131700001191348,0.5774380840567328,0.007925425009924549,0.004026997259283072
2,512.0,21,0.012474199989810586,0.5774097727185287,0.007932361098793438,0.004026807847779534
2,512.0,22,0.012868100020568818,0.5774054481893519,0.007933410741529421,0.004024453302825026
2,512.0,23,0.013664399972185493,0.5774041709763603,0.00793371723420129,0.004022370016744936
2,512.0,24,0.014091200020629913,0.5774049395040176,0.007933525613644488,0.004022190603330089
2,512.0,25,0.014517400006297976,0.5774062103428226,0.00793321253663778,0.004021992683505615
2,512.0,26,0.014953700010664761,0.5774060488480711,0.007933252291942545,0.0040220828051571456
2,512.0,27,0.01588139997329563,0.5774041193682977,0.007933727280794375,0.004022417972011416
2,512.0,28,0.01630359998671338,0.577403967094959,0.00793376476572608,0.004022379425662581
2,512.0,29,0.017110100015997887,0.5774032734502638,0.007933935510590144,0.0040225003997632625
2,512.0,30,0.017916199984028935,0.57740388349431,0.007933785028053435,0.004022775525420685
2,512.0,31,0.01850990002276376,0.5774036019074797,0.007933850310333189,0.004022837079961372
2,512.0,32,0.018934199993964285,0.577403567195648,0.007933858439244828,0.0040224729473054555
2,512.0,33,0.01925620000110939,0.5774034824747043,0.00793387929165366,0.004022458581250388
2,512.0,34,0.01975849998416379,0.5774034619947204,0.007933884333205667,0.004022445102115635
2,2048.0,35,0.02089500002330169,0.5774034619947204,0.007933884333205667,0.004022445102115635
2,2048.0,36,0.021308699971996248,0.5876718995936268,0.00615545767707287,0.00402243811609776
2,2048.0,37,0.02172060002340004,0.5877340047648275,0.005435832058843837,0.002987401900064357
2,2048.0,38,0.022404099989216775,0.6008811768871252,0.002273778809376442,0.0012263348814279262
2,2048.0,39,0.022971800004597753,0.6015527200127723,0.0020231633645717115,0.0010755893154270613
2,2048.0,40,0.02358420001110062,0.6015843261854165,0.0019830277264438188,0.0010126414034002384
2,2048.0,41,0.02397219999693334,0.6015837593762262,0.0019824602842208093,0.001007426447584725
2,2048.0,42,0.024410600017290562,0.6015763906894809,0.0019842146835183133,0.0010058588206797725
2,2048.0,43,0.024734999984502792,0.6015776736208229,0.0019838718187976455,0.0010060869611758227
2,2048.0,44,0.02542149997316301,0.6015739043452856,0.001984775748134251,0.0010067148285132776
2,2048.0,45,0.02592200000071898,0.6015740557143248,0.001984738481466678,0.001006564979563751
2,2048.0,46,0.02634270000271499,0.601574832269214,0.0019845473946495922,0.001006483819580073
2,2048.0,47,0.026757000014185905,0.6015762383879213,0.0019842013521194665,0.0010063084781455345
2,2048.0,48,0.027260400005616248,0.6015762886207323,0.0019841889889823925,0.0010062836898545036
2,2048.0,49,0.027701099985279143,0.6015762959636715,0.001984187181187419,0.0010062727048542608
2,2048.0,50,0.028027300024405122,0.6015763158605891,0.0019841822845473047,0.001006263637360283
2,2048.0,51,0.028450199984945357,0.601576348982909,0.001984174133559052,0.0010062665261904025
2,8192.0,52,0.029512899986002594,0.601576348982909,0.001984174133559052,0.0010062665261904025
2,8192.0,53,0.02983940002741292,0.6030466575774531,0.0017434288112329807,0.0010062690875332625
2,8192.0,54,0.030265800014603883,0.6030466575774531,0.0017434288112329807,0.0010062690875332625
2,8192.0,55,0.030767499993089586,0.6060776892237321,0.001117960864595635,0.000972592799698413
2,8192.0,56,0.031181300000753254,0.6075309467032305,0.0005635970283585519,0.00031962693574577594
2,8192.0,57,0.0315052000223659,0.6075789389361,0.000524090337581426,0.0002625342861607427
2,8192.0,58,0.032200400019064546,0.6076309049202417,0.0004945521921564469,0.00025479612001605423
2,8192.0,59,0.03252539999084547,0.6076305244195748,0.0004945381702725716,0.00025347315224460987
2,8192.0,60,0.03294050000840798,0.6076243440468347,0.0004959238393820463,0.0002532419222656679
2,8192.0,61,0.03326479997485876,0.6076238020488406,0.0004960460135277893,0.00025263679705844755
2,8192.0,62,0.03376860002754256,0.6076223988204488,0.000496388723668993,0.0002520049626887344
2,8192.0,63,0.034372400026768446,0.6076234331838821,0.0004961304556057496,0.0002517053440900252
2,8192.0,64,0.03469340002629906,0.6076234301298571,0.0004961311171690589,0.0002516444036776422
2,8192.0,65,0.03510570002254099,0.6076234576063858,0.0004961243470782849,0.00025164372918795586
2,8192.0,66,0.035428799979854375,0.6076234677189548,0.0004961218546119324,0.00025164497808122244
2,8192.0,67,0.03593349998118356,0.6076234664289295,0.0004961221709774419,0.0002516262223641874
2,8192.0,68,0.03662859997712076,0.6076235407097312,0.0004961038931535703,0.00025161742724566505
2,8192.0,69,0.03768469998613,0.607623566278215,0.0004960976014801952,0.00025161206053181395
2,8192.0,70,0.038365499989595264,0.6076235726515699,0.0004960960332187817,0.00025161228549636094
2,32768.0,71,0.03948310000123456,0.6076235726515699,0.0004960960332187817,0.00025161228549636094
2,32768.0,72,0.03982010000618175,0.6079907951522039,0.00043597812658899195,0.00025161270025420013
2,32768.0,73,0.040233800013083965,0.6079907951522039,0.00043597812658899195,0.00025161270025420013
2,32768.0,74,0.04082569997990504,0.6087460231230525,0.00028045243372147816,0.00024394112991338313
2,32768.0,75,0.04105719999643043,0.6087460231230525,0.00028045243372147816,0.00024394112991338313
2,32768.0,76,0.04137970000738278,0.6090192086826351,0.0001766822723309755,0.00011454543062094924
2,32768.0,77,0.04171289998339489,0.6091087234964219,0.00013737075151475694,7.066391419219276e-05
2,32768.0,78,0.04240310000022873,0.6091357411366292,0.00012402245349295236,6.356238275301296e-05
2,32768.0,79,0.04272480000508949,0.6091357152082478,0.00012401841293770588,6.311536430037012e-05
2,32768.0,80,0.043240000028163195,0.6091350663365709,0.00012417724497498106,6.309409180754733e-05
2,32768.0,81,0.04356469999765977,0.6091351557240283,0.00012415512575151923,6.305208406276464e-05
2,32768.0,82,0.04398880002554506,0.609135163697919,0.0001241531055103525,6.297352634665465e-05
2,32768.0,83,0.044402899977285415,0.6091352023051286,0.00012414360800839483,6.297147923967072e-05
2,32768.0,84,0.04481809999560937,0.6091356240582583,0.00012403984037720987,6.292578058991749e-05
2,32768.0,85,0.045232600008603185,0.6091356890108487,0.00012402384770712966,6.29074734591617e-05
2,32768.0,86,0.045835700002498925,0.6091356628496535,0.00012403028345407867,6.290601348285518e-05
2,32768.0,87,0.04669879999710247,0.6091356624058483,0.00012403039225282865,6.290526527669149e-05
2,32768.0,88,0.0472973000141792,0.6091356633430319,0.00012403016153039888,6.290547854514994e-05
2,131072.0,89,0.048538099974393845,0.6094909466756041,4.278206803169269e-05,3.009360788186477e-05
2,131072.0,90,0.04895650001708418,0.6094909455943548,3.81140877789086e-05,2.0949323263963482e-05
2,131072.0,91,0.049464199983049184,0.6094967496007697,3.628603736636267e-05,2.067111375531061e-05
2,131072.0,92,0.05025309999473393,0.6094998228146289,3.449143627584438e-05,1.7910981486402022e-05
2,131072.0,93,0.0507602000143379,0.6095071320929735,3.266964143842024e-05,1.6904061429345862e-05
2,131072.0,94,0.05126669997116551,0.6095139336562513,3.096680411787023e-05,1.577074279013324e-05
2,131072.0,95,0.0517266999813728,0.6095139254815688,3.096792953680597e-05,1.5714498653285336e-05
2,131072.0,96,0.05223119998117909,0.6095138272172985,3.099183050242531e-05,1.5714356433826904e-05
2,131072.0,97,0.05323219997808337,0.6095137752215034,3.100446950183797e-05,1.5718280152843267e-05
2,131072.0,98,0.053834900027140975,0.6095137430302513,3.1012334315748235e-05,1.5728223293265398e-05
2,131072.0,99,0.05444109998643398,0.6095137526108302,3.100996385084949e-05,1.5721391122491823e-05
2,131072.0,100,0.05541660002199933,0.6095137453259937,3.1011752301966516e-05,1.5722275294560717e-05
2,131072.0,101,0.05630210001254454,0.6095137352302731,3.101423125132969e-05,1.5723555034818926e-05
2,131072.0,102,0.056725499976892024,0.609513729904828,3.1015538009633264e-05,1.57247101872926e-05
2,131072.0,103,0.05704759998479858,0.6095137297545232,3.101557456668474e-05,1.5722420934838333e-05
2,131072.0,104,0.057465000019874424,0.6095137262285993,3.1016441766721934e-05,1.5722336200729714e-05
2,524288.0,105,0.058750899974256754,0.6096023834971681,1.0799955332240378e-05,7.584177066810582e-06
2,524288.0,106,0.05916509998496622,0.60960238439675,9.61116527295875e-06,5.273163660335367e-06
2,524288.0,107,0.05959919997258112,0.6096025377173695,9.439821171954952e-06,5.275108093616421e-06
2,524288.0,108,0.06038839998655021,0.6096048923961015,8.63857453419868e-06,4.481653048282741e-06
2,524288.0,109,0.06081150000682101,0.6096059906327591,8.370736445281534e-06,4.3108054141316465e-06
2,524288.0,110,0.06131600000662729,0.6096079917882099,7.872595821771151e-06,3.9909538576132775e-06
2,524288.0,111,0.06184510001912713,0.60960826321553,7.803453321166315e-06,3.946537494414759e-06
2,524288.0,112,0.06243470002664253,0.6096082543742818,7.805287322088062e-06,3.924067035143697e-06
2,524288.0,113,0.06285659997956827,0.6096082662016978,7.802347195791124e-06,3.922834737768444e-06
2,524288.0,114,0.06392360001336783,0.6096082695190955,7.801524945469277e-06,3.921645449600497e-06
2,524288.0,115,0.06433879997348413,0.6096082660899972,7.802354126174557e-06,3.923870238953242e-06
2,524288.0,116,0.06534039997495711,0.6096082392383323,7.80889922195566e-06,3.927713255247323e-06
2,524288.0,117,0.06568100000731647,0.6096081924062738,7.820311719008937e-06,3.9384418352717e-06
2,524288.0,118,0.06664859998272732,0.6096081670598197,7.826477753161221e-06,3.940335413343821e-06
2,524288.0,119,0.06761939998250455,0.6096081156933224,7.838605365899273e-06,3.9517009063350095e-06
2,524288.0,120,0.06849069998133928,0.609607004491915,8.09199655884648e-06,4.129572852507035e-06
2,524288.0,121,0.06929920002585277,0.6096067503663793,8.132767660715402e-06,4.209169723823347e-06
2,524288.0,122,0.07018520002020523,0.6096081968930247,7.763971806926132e-06,3.946000554533313e-06
2,524288.0,123,0.07091070001479238,0.609608291176939,7.739165814688172e-06,3.923388448789922e-06
2,524288.0,124,0.07163840002613142,0.6096083734261779,7.717084153024844e-06,3.917069157588493e-06
2,524288.0,125,0.07223579997662455,0.6096084031432715,7.709449006927495e-06,3.900814451340828e-06
2,524288.0,126,0.07291609997628257,0.609608386184209,7.713539447652632e-06,3.911548893120731e-06
2,524288.0,127,0.07341830001678318,0.6096083679079293,7.717996959292337e-06,3.912362504576716e-06
2,524288.0,128,0.07456949999323115,0.609608337125668,7.72557043389062e-06,3.91331695526187e-06
2,524288.0,129,0.07565180002711713,0.6096083035218172,7.73382437433916e-06,3.9222844121500344e-06
2,524288.0,130,0.07624680001754314,0.6096083038032493,7.733737068025638e-06,3.921714094468065e-06
2,524288.0,131,0.0769459999864921,0.6096082825370501,7.738966667506557e-06,3.922356753505163e-06
2,524288.0,132,0.07818020001286641,0.6096082681744989,7.742497630964472e-06,3.926652349772741e-06
2,524288.0,133,0.07913299999199808,0.6096082638631022,7.743550067713997e-06,3.926172837676045e-06
2,524288.0,134,0.08018380001885816,0.6096082604397345,7.744389457636794e-06,3.9275988293341335e-06
2,524288.0,135,0.08113549998961389,0.6096082563272125,7.745401285980354e-06,3.927493425037731e-06
2,524288.0,136,0.0814564999891445,0.6096082529776963,7.74622398802518e-06,3.927706441031464e-06
2,524288.0,137,0.08255089999875054,0.609608248327857,7.74736825936363e-06,3.928014091936216e-06
2,524288.0,138,0.08369399997172877,0.6096082417498734,7.748986960596945e-06,3.929129997248815e-06
2,524288.0,139,0.08473960001720116,0.6096082368761162,7.750186014557414e-06,3.930069409852077e-06
2,524288.0,140,0.0859074000036344,0.609608232266832,7.751319893443846e-06,3.930879255709119e-06
2,524288.0,141,0.08641280001029372,0.6096082370051246,7.750153031670473e-06,3.9305852094218e-06
2,524288.0,142,0.08691469999030232,0.6096082369196831,7.750173890487935e-06,3.930766448223544e-06
3,128.0,1,0.0011548000038601458,0.5319108717556644,0.14084864758812504,0.07471034194594066
3,128.0,2,0.0020755999721586704,0.4840686260014244,0.0589658602529209,0.02501412440131212
3,128.0,3,0.002838500018697232,0.48048500690098384,0.0500416467552404,0.02355069315790359
3,128.0,4,0.003887199971359223,0.2893298538098734,0.055372704798486605,0.021893362241406894
3,128.0,5,0.005053500004578382,0.2927458593418344,0.051369875122924735,0.018758725824786215
3,128.0,6,0.00573819997953251,0.2938705028768511,0.04939695685171107,0.017623967475878327
3,128.0,7,0.006385300017427653,0.3067614548043812,0.045746824844429754,0.016491264134460448
3,128.0,8,0.007014899980276823,0.3067614548043812,0.045746824844429754,0.016491264134460448
3,128.0,9,0.009291599970310926,0.2907558293794149,0.046181040338153415,0.016397320132704063
3,128.0,10,0.0101888999924995,0.29774056609308225,0.04485388143245456,0.015660432425596393
3,128.0,11,0.010823499993421137,0.30170926927809844,0.04349088232648007,0.01545772280654506
3,128.0,12,0.011312299990095198,0.30145610092875064,0.04337923981608047,0.015256217849241402
3,128.0,13,0.012116800004150718,0.3014806459960858,0.043347033646490625,0.014867666203656205
3,128.0,14,0.013303700019605458,0.3031660414343722,0.0430305310974989,0.014723483298627854
3,128.0,15,0.013929600012488663,0.3069769763773929,0.0423086251253712,0.014292809840489668
3,128.0,16,0.014975300000514835,0.31094115337021266,0.041553043525122686,0.014003831316577509
3,128.0,17,0.01573599997209385,0.311596693874504,0.04142798238716128,0.013948831823378083
3,128.0,18,0.016368500015232712,0.3115984946303196,0.04142755929406237,0.013941405080412583
3,128.0,19,0.017125200014561415,0.3115991997467275,0.041427422607887766,0.013939298993420307
3,128.0,20,0.017745800025295466,0.31160027851265015,0.04142721871844008,0.013939048262206821
3,128.0,21,0.018381699977908283,0.3116061119902024,0.04142611748422622,0.013936488468200212
3,128.0,22,0.0191441000206396,0.3116080413128494,0.04142575346304924,0.013935429358764906
3,128.0,23,0.020299000025261194,0.31164926057937264,0.04141797832197905,0.013932726130289438
3,128.0,24,0.022652800020296127,0.31163628699157064,0.04142032576235736,0.013932764775011514
3,128.0,25,0.023170000000391155,0.3116414760686894,0.04141934146061145,0.013932396285511905
3,128.0,26,0.023669800022616982,0.31164284998677155,0.04141908169891246,0.01393237673951174
3,128.0,27,0.02444339997600764,0.31164185338422024,0.04141926961080809,0.013932874534977213
3,128.0,28,0.02506590000120923,0.3116412502187476,0.041419383375027555,0.013932960706546704
3,128.0,29,0.026098000002093613,0.3116403620633253,0.041419550895745505,0.013933043054903435
3,128.0,30,0.026864800020121038,0.3116403621840234,0.04141955087267044,0.013933034784156861
3,128.0,31,0.02803629997652024,0.311640304743362,0.04141956170697026,0.013933033756346802
3,512.0,32,0.02923039998859167,0.43405495289166046,0.02410110359302977,0.013931489895105176
3,512.0,33,0.030400699994061142,0.43563355607319915,0.019537757960481596,0.0067663182567272995
3,512.0,34,0.03088109998498112,0.43680856140108865,0.01935048639799069,0.006724870263744104
3,512.0,35,0.0320384000078775,0.47129814254639557,0.013684681348627645,0.006527318877352528
3,512.0,36,0.032936599978711456,0.4828356535870896,0.011152377411113903,0.0038955693146515147
3,512.0,37,0.03355430002557114,0.48330324093135413,0.01103818122298523,0.0039019505008769245
3,512.0,38,0.03594989998964593,0.4736865030427219,0.011126106524367525,0.0038892457703051386
3,512.0,39,0.03652429999783635,0.47349416135849626,0.010949792436795015,0.0038518991134389308
3,512.0,40,0.03773659997386858,0.4762345748135326,0.01042466196605202,0.0035362391323678355
3,512.0,41,0.03822089999448508,0.4762742685968899,0.010417030649534243,0.0035287580071128866
3,512.0,42,0.0389881000155583,0.47643101453190306,0.010387434269031378,0.0034995823902330137
3,512.0,43,0.03975729999365285,0.4764308064184474,0.010387467733209184,0.003498985349957906
3,512.0,44,0.04094869998516515,0.4764227903223762,0.010388971382872626,0.003499360868417456
3,512.0,45,0.041566999978385866,0.47641833334027933,0.010389805413968,0.0034989839000447165
3,512.0,46,0.04218549997312948,0.47641947202904483,0.010389590928285336,0.0034991732397151587
3,512.0,47,0.04389969998737797,0.47642698214848633,0.010388178893971053,0.00349849595475632
3,512.0,48,0.04466249997494742,0.47642698591585286,0.010388178175986269,0.0034985110518402363
3,512.0,49,0.04568769998149946,0.47642683784274387,0.010388206012748247,0.0034984944370584636
3,512.0,50,0.04794889996992424,0.47641913036068095,0.010389654804315121,0.0034993901262484195
3,512.0,51,0.050207899999804795,0.47641043918707643,0.01039126467826069,0.003502125961806768
3,512.0,52,0.05179060000227764,0.4764107591226709,0.0103911984274527,0.0034993364772838986
3,512.0,53,0.05292330001248047,0.47641182452308206,0.010390997870225356,0.0034991475783123227
3,512.0,54,0.0542225000099279,0.47641979569716153,0.010389499086956477,0.003499062062526148
3,512.0,55,0.055256899970117956,0.4764235845354519,0.01038878673189895,0.003498836494305768
3,512.0,56,0.056407099997159094,0.4764235914294907,0.01038878542550571,0.003498680827532491
3,512.0,57,0.05702880001626909,0.47642364778681895,0.010388774828550724,0.003498677825492652
3,512.0,58,0.058863600017502904,0.4764250808299697,0.010388505403835943,0.003498567562118332
3,512.0,59,0.059905499976594,0.47642513934293074,0.010388494402257495,0.0034985618652492445
3,512.0,60,0.061204199970234185,0.4764251667042641,0.010388489257900924,0.0034985700020346844
3,512.0,61,0.0625,0.4764251718534965,0.010388488289028152,0.0034985693614526248
3,512.0,62,0.06380220002029091,0.4764252739979624,0.010388469083507471,0.0034985787915868816
3,512.0,63,0.0648199999704957,0.4764257430414879,0.010388380890990204,0.0034985796621970766
3,512.0,64,0.06654269999125972,0.47642653231333554,0.010388232476808583,0.0034985402283144867
3,512.0,65,0.06826949998503551,0.47642471151246374,0.010388572568646287,0.0034986886345036994
3,512.0,66,0.06894139997893944,0.47642464794729017,0.010388584463523162,0.003498633013970978
3,512.0,67,0.06988839997211471,0.47642610448408074,0.010388310601526325,0.0034985453580627934
3,512.0,68,0.071064000017941,0.476425483570147,0.010388427336257935,0.00349857701214773
3,512.0,69,0.07154350000200793,0.47642544644347684,0.010388434314863998,0.0034985626982104168
3,512.0,70,0.07283660001121461,0.47642539503043174,0.010388443980872632,0.0034985569923648985
3,2048.0,71,0.0739367000060156,0.47642539503043174,0.010388443980872632,0.0034985569923648985
3,2048.0,72,0.07444469997426495,0.48592090642663227,0.009268431405911323,0.0034985965381139905
3,2048.0,73,0.0749482000246644,0.485944705943945,0.008780443693682947,0.0034975400148343216
3,2048.0,74,0.07669399998849258,0.5115971696971957,0.005065944299735265,0.002737801486978997
3,2048.0,75,0.077467399998568,0.5190227276473436,0.0029470674175917835,0.0010492475239719107
3,2048.0,76,0.07849949999945238,0.5194154932517857,0.002770563180243368,0.0009700674738045839
3,2048.0,77,0.08077880000928417,0.5169709036087615,0.0027771276049151795,0.0009753828804988374
3,2048.0,78,0.0814204000052996,0.5171604267237172,0.002734157625046538,0.0009378717144163662
3,2048.0,79,0.08223030000226572,0.5171623000550362,0.0027331742908021533,0.0009338421840898448
3,2048.0,80,0.08274129999335855,0.5171643495416577,0.0027327535776450126,0.0009334787186959376
3,2048.0,81,0.08465480001177639,0.5177468991210112,0.0026231453922303583,0.0008968129707529471
3,2048.0,82,0.08623800001805648,0.5178398059564252,0.0026054622687050107,0.0008839640748427025
3,2048.0,83,0.08703649998642504,0.5178705008232128,0.0025996204364242986,0.0008755437752008821
3,2048.0,84,0.08779850002611056,0.5178744270506034,0.002598875482043159,0.0008756716124933284
3,2048.0,85,0.08855460002087057,0.5178744005736932,0.0025988802943044975,0.0008756232384009022
3,2048.0,86,0.0890468999859877,0.5178740429288535,0.0025989474513446386,0.0008756216256796123
3,2048.0,87,0.0899397999746725,0.5178739681097712,0.0025989614520830107,0.0008754890639756652
3,2048.0,88,0.0909770000143908,0.5178732827315699,0.002599090190176587,0.0008755460397669168
3,2048.0,89,0.09213930001715198,0.517873146512208,0.0025991157777779115,0.0008755800963895499
3,2048.0,90,0.09306199999991804,0.517873093591136,0.0025991257188921198,0.0008755862585483054
3,2048.0,91,0.09409239998785779,0.517872961070699,0.0025991506107815258,0.0008755852662297725
3,2048.0,92,0.09499599999981001,0.5178726873927094,0.002599202021638758,0.0008756015435593817
3,2048.0,93,0.09588819998316467,0.5178723582660126,0.0025992638478841523,0.0008756236908852577
3,2048.0,94,0.09723539999686182,0.517872221592752,0.0025992895219719633,0.0008756402402137764
3,2048.0,95,0.09813060000305995,0.517872045007676,0.0025993226926391212,0.0008756576676487438
3,2048.0,96,0.10004659998230636,0.5178719634590614,0.002599338011166016,0.0008756621446251167
3,2048.0,97,0.1023939999868162,0.5178717956025642,0.0025993695373842623,0.0008756717763888089
3,2048.0,98,0.103443400003016,0.5178716061179145,0.0025994051294405264,0.0008756819649277936
3,2048.0,99,0.10574610001640394,0.5178697020740463,0.0025997622141171505,0.0008759426927657799
3,2048.0,100,0.10776450001867488,0.5178731821977661,0.00259909147142067,0.000875412318274843
3,2048.0,101,0.10825629997998476,0.5178740577354761,0.002598924792279699,0.0008753278202903725
3,2048.0,102,0.10916519997408614,0.5178733644173251,0.0025990548909613,0.0008755825194635969
3,2048.0,103,0.10965890000807121,0.5178733312935453,0.002599061104501094,0.0008755552062951477
3,2048.0,104,0.11167379998369142,0.5178732071770868,0.002599084420967658,0.0008755597097653001
3,2048.0,105,0.11299709999002516,0.5178729304669872,0.002599136401987432,0.0008755776194248333
3,2048.0,106,0.11390360002405941,0.5178726765412974,0.0025991841033229427,0.0008755907576872279
3,2048.0,107,0.11508740001590922,0.5178725729101161,0.0025992035697419,0.0008755964981914388
3,2048.0,108,0.11637190001783893,0.5178725549680752,0.0025992069397956603,0.0008755999070225451
3,2048.0,109,0.11764700000640005,0.5178725502738034,0.002599207821167818,0.0008755988615962162
3,2048.0,110,0.11909659998491406,0.5178725388649126,0.0025992099643494366,0.0008755991760664994
3,8192.0,111,0.12046659999759868,0.5178725388649126,0.0025992099643494366,0.0008755991760664994
3,8192.0,112,0.12095680000493303,0.5202512011406455,0.002318748910034066,0.0008756143190987858
3,8192.0,113,0.12143689999356866,0.5202571608763776,0.002196747155852404,0.0008767033759091714
3,8192.0,114,0.12219879997428507,0.5203127858940171,0.0021857058256597936,0.0008659062887498847
3,8192.0,115,0.12296050001168624,0.5274735825326136,0.0010945239876251976,0.0005515807892010338
3,8192.0,116,0.12412809999659657,0.5281409330449673,0.0009101813218326281,0.00046327609348978394
3,8192.0,117,0.1246137999696657,0.5286374016082473,0.0007015278418614507,0.0002598402209383899
3,8192.0,118,0.12509519996820018,0.5286361023066516,0.0006940603924123693,0.00024774879119790483
3,8192.0,119,0.12739580002380535,0.5280738590755945,0.0006842304416442412,0.00024393021245155966
3,8192.0,120,0.1284503000206314,0.528150257030738,0.0006687703127616571,0.00022843903904007368
3,8192.0,121,0.12927530001616105,0.5281509387545513,0.0006685808310804056,0.0002267397863584819
3,8192.0,122,0.13050680002197623,0.5281710534903047,0.0006648209695058458,0.0002255137173149402
3,8192.0,123,0.13223069999367,0.5282411886471848,0.0006516144786509408,0.00021915453919835182
3,8192.0,124,0.13326979998964816,0.5282492862960382,0.0006500837636630906,0.00021918930715245089
3,8192.0,125,0.1340234000235796,0.5282502868803464,0.0006498939849625831,0.00021904458001392735
3,8192.0,126,0.13505619997158647,0.5282504730006362,0.0006498587994479218,0.0002189977093120521
3,8192.0,127,0.1360770000028424,0.5282504703075963,0.0006498592788868549,0.00021893756512092466
3,8192.0,128,0.13655509997624904,0.5282504701130122,0.0006498593153059474,0.00021893753478385847
3,32768.0,129,0.13784879999002442,0.5301480083965263,0.00038305017514572406,0.00022046563610217396
3,32768.0,130,0.1390172999817878,0.5301723383556392,0.0003115265626092685,0.00010520161117894
3,32768.0,131,0.14018059999216348,0.5309432087889477,0.00017601450591473987,6.579392366504178e-05
3,32768.0,132,0.14090639998903498,0.5309506829676841,0.00017386195644470925,5.9728928934937864e-05
3,32768.0,133,0.1417350000119768,0.5309506843321824,0.00017375908754782245,5.955890406172948e-05
3,32768.0,134,0.14276600000448525,0.5309492709614723,0.0001737693847384802,5.988533272244245e-05
3,32768.0,135,0.1432560000102967,0.5309486368416196,0.00017366742838127112,6.108532163695557e-05
3,32768.0,136,0.14552899997215718,0.5308391610749144,0.0001641811082149135,5.904998639461034e-05
3,32768.0,137,0.14628069999162108,0.5308315549257135,0.0001651411099778439,5.6048871234809505e-05
3,32768.0,138,0.14703930000541732,0.5308345158187828,0.00016454941521580092,5.5715017376500864e-05
3,32768.0,139,0.14806819998193532,0.5308441121280457,0.0001627455628502938,5.4831488515261206e-05
3,32768.0,140,0.14854929997818545,0.5308441729447462,0.00016273284771537843,5.4810651724995774e-05
3,32768.0,141,0.14917200000490993,0.5308443966447841,0.00016269051582933706,5.485946752226134e-05
3,32768.0,142,0.14979280001716688,0.5308446666267501,0.0001626395570392544,5.4810241903402446e-05
3,32768.0,143,0.1509496999788098,0.5308447378961784,0.00016262613955763506,5.479757122400786e-05
3,32768.0,144,0.1517069999827072,0.530844740381162,0.0001626256559115813,5.479663294588599e-05
3,32768.0,145,0.15232529997592792,0.530844807862549,0.00016261298749303254,5.479662810303765e-05
3,32768.0,146,0.15280270000221208,0.5308448087540318,0.0001626128191228442,5.4795872325541506e-05
3,32768.0,147,0.15342649997910485,0.5308448923224977,0.00016259712733302718,5.479582951312123e-05
3,32768.0,148,0.1543511999770999,0.5308449229932013,0.00016259136567965598,5.479364931393338e-05
3,32768.0,149,0.15511950000654906,0.5308449639975594,0.00016258366309372034,5.4772457121765594e-05
3,32768.0,150,0.15587539999978617,0.5308450535834942,0.00016256683952494013,5.476090811043499e-05
3,32768.0,151,0.15649040002608672,0.5308451445717786,0.00016254975248667695,5.475460156278977e-05
3,32768.0,152,0.157385999977123,0.5308452993239784,0.00016252068787176303,5.4743947569518836e-05
3,32768.0,153,0.15813599998364225,0.5308453807496567,0.0001625053901170027,5.474365712404561e-05
3,32768.0,154,0.15943150001112372,0.5308453996334093,0.00016250184272030902,5.474430304247546e-05
3,32768.0,155,0.1605114999692887,0.5308454063862583,0.00016250057371430379,5.4745117681637145e-05
3,32768.0,156,0.16336730000330135,0.5308454127762251,0.00016249937327487632,5.474421451370781e-05
3,32768.0,157,0.16584919998422265,0.5308454138068632,0.0001624991796134702,5.4744408201856665e-05
3,131072.0,158,0.1670095999725163,0.5310275788233365,0.00014067939169544726,6.144255750339944e-05
3,131072.0,159,0.1677058999775909,0.5310293056167585,0.00013097383540642556,5.122440319971222e-05
3,131072.0,160,0.16902400000253692,0.5310456561954803,0.00012873661259080237,5.0435649335434096e-05
3,131072.0,161,0.16980099998181686,0.5313491489475576,8.677025039788111e-05,3.8826463086172325e-05
3,131072.0,162,0.17081949999555945,0.5314972671803868,5.3916930616178096e-05,2.4568630983629047e-05
3,131072.0,163,0.1715758999926038,0.5315225902485949,4.311309187933023e-05,1.5016913296250767e-05
3,131072.0,164,0.1721846999716945,0.5315225353632071,4.301129086707047e-05,1.4854168821354374e-05
3,131072.0,165,0.17307040002197027,0.5315210545033834,4.324579458770535e-05,1.541900124396589e-05
3,131072.0,166,0.1753004000056535,0.5315101727871149,4.4588259895361106e-05,1.9001556010894705e-05
3,131072.0,167,0.17812019999837503,0.5314744030279325,4.486303934548097e-05,1.898061383509564e-05
3,131072.0,168,0.17913830000907183,0.5314901673110334,4.145327389971216e-05,1.4196091174950576e-05
3,131072.0,169,0.1800350999692455,0.5314927849143388,4.09385544807423e-05,1.3951380356813647e-05
3,131072.0,170,0.1807845999719575,0.5314940807784422,4.068670336977521e-05,1.3776471201376594e-05
3,131072.0,171,0.18126099999062717,0.5314940962148476,4.068212101470401e-05,1.3746702235306607e-05
3,131072.0,172,0.18228670000098646,0.5314941077036532,4.067980767853204e-05,1.3731718277620875e-05
3,131072.0,173,0.18276370002422482,0.5314940551797739,4.068948915393958e-05,1.3719050911936703e-05
3,131072.0,174,0.18377860001055524,0.5314940566557615,4.0689170177457056e-05,1.3706173212668649e-05
3,131072.0,175,0.1843982000136748,0.5314940709135363,4.0686493924475115e-05,1.37050048755194e-05
3,131072.0,176,0.18554739997489378,0.5314941602117236,4.066973346898493e-05,1.3699031296054986e-05
3,131072.0,177,0.18633609998505563,0.5314942575976266,4.065144596255131e-05,1.3691856994429985e-05
3,131072.0,178,0.18748610001057386,0.5314942936763386,4.064466835530624e-05,1.3688850563603472e-05
3,131072.0,179,0.1886411000159569,0.531494305760689,4.064239838054278e-05,1.3688874540590534e-05
3,131072.0,180,0.1899519999860786,0.5314943127271756,4.0641088910783405e-05,1.3688068795258967e-05
3,131072.0,181,0.1907196000101976,0.5314943282430155,4.0638173516330474e-05,1.3687129490347338e-05
3,131072.0,182,0.1926266999798827,0.5314943258062157,4.063863056142835e-05,1.368687160924198e-05
3,131072.0,183,0.1943893000134267,0.531494326729136,4.063845691383234e-05,1.3687052741406802e-05
3,131072.0,184,0.19662699999753386,0.5314943476900348,4.0634520063807094e-05,1.3685132445373505e-05
3,131072.0,185,0.19791350001469254,0.5314943522480412,4.063366236762473e-05,1.3685262104823348e-05
3,131072.0,186,0.20068840001476929,0.5314944026863075,4.0624157478230207e-05,1.3680543250765842e-05
3,131072.0,187,0.20116429997142404,0.5314944150087819,4.06218395422769e-05,1.3679335725019781e-05
3,131072.0,188,0.20245639997301623,0.5314944388598005,4.061730286396058e-05,1.3683454185786648e-05
3,131072.0,189,0.20306620001792908,0.531494759342172,4.0556973184638686e-05,1.3662752930687638e-05
3,131072.0,190,0.20367469999473542,0.5314948729089652,4.0535527171601556e-05,1.3655825662206578e-05
3,131072.0,191,0.2052327999845147,0.5314947925322796,4.054963122847509e-05,1.3661201010733981e-05
3,131072.0,192,0.2061097000259906,0.531494310889427,4.06373302150934e-05,1.3724174814100376e-05
3,131072.0,193,0.20686510001542047,0.5314942311620976,4.0650643340363714e-05,1.3736476603853909e-05
3,131072.0,194,0.2076068000169471,0.5314942199437903,4.065120555475597e-05,1.371468400881981e-05
3,131072.0,195,0.20894769998267293,0.5314941538070265,4.066217117746408e-05,1.3715042735618077e-05
3,131072.0,196,0.21004390000598505,0.5314941576116478,4.066068040447497e-05,1.3697199383211345e-05
3,131072.0,197,0.2110609000083059,0.5314941663653548,4.0658871853939924e-05,1.3692867274900378e-05
3,131072.0,198,0.2118248000042513,0.5314941910750434,4.065386268550898e-05,1.3686662386880322e-05
3,131072.0,199,0.21257169998716563,0.5314942205451366,4.064822228678726e-05,1.3692178485735784e-05
3,131072.0,200,0.2134682000032626,0.5314942373094568,4.0644979256977644e-05,1.3695995861012777e-05
3,131072.0,201,0.2147551000234671,0.5314942421022371,4.0644070579867694e-05,1.3696444831429178e-05
3,131072.0,202,0.21606619999511167,0.5314942442344643,4.064366355756226e-05,1.369495870090498e-05
3,131072.0,203,0.21654449997004122,0.5314942492114378,4.0642713795419346e-05,1.3694596150137794e-05
3,131072.0,204,0.2176144999684766,0.5314942514477873,4.064229272902464e-05,1.3694248388596009e-05
3,131072.0,205,0.2200040000025183,0.5314942653569203,4.0639680734089034e-05,1.3693103496248415e-05
3,131072.0,206,0.22252080001635477,0.5314942847778786,4.0636034106027554e-05,1.3692088359940069e-05
3,131072.0,207,0.22403209999902174,0.5314943044599987,4.0632337738266594e-05,1.3690653228481953e-05
3,131072.0,208,0.22596209996845573,0.531494308070555,4.063165929662139e-05,1.3689902888691652e-05
3,131072.0,209,0.22688749997178093,0.5314943188232206,4.0629638641612244e-05,1.3688926966515247e-05
3,131072.0,210,0.22775790002197027,0.531494324055009,4.062865590145273e-05,1.3688678709183888e-05
3,131072.0,211,0.2286589000141248,0.5314943241615934,4.062863580865251e-05,1.368845346971792e-05
3,524288.0,212,0.23006019997410476,0.5316106353246561,2.4385602908097634e-05,1.3673837831296165e-05
3,524288.0,213,0.23080710001522675,0.5316106407958497,2.1118668859509e-05,8.970812232722558e-06
3,524288.0,214,0.23183579999022186,0.5316257675328374,1.8946790778674484e-05,8.12459697924206e-06
3,524288.0,215,0.23231290001422167,0.5316376846623114,1.615982649249293e-05,6.651876073460183e-06
3,524288.0,216,0.23292450001463294,0.5316521759443809,1.3437334629897876e-05,5.8208090238376364e-06
3,524288.0,217,0.2336792999994941,0.5316609508474752,1.1290090219430414e-05,4.158422392097627e-06
3,524288.0,218,0.23415460000978783,0.5316630121546319,1.0878066486578751e-05,3.756293572132474e-06
3,524288.0,219,0.23476109997136518,0.5316630078153178,1.0874137741142302e-05,3.6678366285292086e-06
3,524288.0,220,0.23565799999050796,0.5316627261208713,1.0919493689682391e-05,3.854607310616043e-06
3,524288.0,221,0.23803349997615442,0.5316644598309753,1.057003241551296e-05,3.900601376088941e-06
3,524288.0,222,0.2402693000040017,0.5316513925294667,1.1192734326031215e-05,4.2423506078081985e-06
3,524288.0,223,0.24114800000097603,0.5316553765692382,1.0402170040763438e-05,3.6383996353528403e-06
3,524288.0,224,0.24190429999725893,0.5316563667083206,1.0198920646558302e-05,3.4304108896265895e-06
3,524288.0,225,0.2430492999847047,0.5316565701144205,1.0159266508945376e-05,3.428225932911033e-06
3,524288.0,226,0.24380370002472773,0.5316565650565831,1.0159801779692583e-05,3.4306128702810135e-06
3,524288.0,227,0.24537530000088736,0.5316565691879785,1.0158680304009947e-05,3.429050033310066e-06
3,524288.0,228,0.24832459999015555,0.5316565901394439,1.0154703641023223e-05,3.425906384413313e-06
3,524288.0,229,0.24935210001422092,0.531656592488103,1.0154202907297514e-05,3.4255138315342215e-06
3,524288.0,230,0.25063139997655526,0.5316565816664662,1.0156212338367027e-05,3.42357128418902e-06
3,524288.0,231,0.25165029999334365,0.5316565835497755,1.0155818133151646e-05,3.4246059228970616e-06
3,524288.0,232,0.2522573000169359,0.5316565836025433,1.0155799515427823e-05,3.4228664391733332e-06
3,524288.0,233,0.2527504999889061,0.5316565835840296,1.0155802897890764e-05,3.4228654307855155e-06
5,128.0,1,0.001516799966339022,8.663343406651423,1.9792053323394854,0.7246391586621435
5,128.0,2,0.0026217999984510243,8.317973166080588,1.488764126763685,0.5360052822207131
5,128.0,3,0.0035199999692849815,7.571167591395147,1.0546739439400865,0.48171147208424525
5,128.0,4,0.004621199972461909,6.828542953422744,0.6585893344405446,0.25889893641809614
5,128.0,5,0.005514899967238307,6.596457314906839,0.5272675375221866,0.1687490719837806
5,128.0,6,0.0066154999658465385,6.603214185594467,0.4502114079096649,0.14611234698167497
5,128.0,7,0.007897200004663318,6.8215628898139995,0.3847998840200855,0.11337427362297521
5,128.0,8,0.008600200002547354,6.92877275145608,0.354161634815156,0.10968615701539985
5,128.0,9,0.010518900002352893,7.733766066414725,0.2585301369427127,0.09626911965625629
5,128.0,10,0.011430799961090088,7.902979900658103,0.2280340211411792,0.08196839810292972
5,128.0,11,0.013135199958924204,7.902979900658103,0.2280340211411792,0.08196839810292972
5,128.0,12,0.015065299987327307,8.405660455505108,0.15657683724227742,0.0636272905046369
5,128.0,13,0.01609180000377819,8.432213185621883,0.14795699026423872,0.06164331289330034
5,128.0,14,0.018018400005530566,8.433746683768229,0.1337037600982703,0.05416173063892948
5,128.0,15,0.0188073999597691,8.44783848391341,0.12460756280224099,0.046060625605919225
5,128.0,16,0.02074249996803701,8.548392904011186,0.10171682626999264,0.03476368162742527
5,128.0,17,0.021536799962632358,8.578223895747005,0.09423997022573523,0.0373702926011128
5,128.0,18,0.023004099959507585,8.56913912347936,0.08608370275528174,0.03135816744162523
5,128.0,19,0.025383399974089116,8.665570381559561,0.07226157146920369,0.024036423727231027
5,128.0,20,0.028100499999709427,8.698938363112806,0.06692544820019654,0.01831837580549256
5,128.0,21,0.02980109996860847,8.717944534660486,0.06436901026031645,0.01610935183162901
5,128.0,22,0.03149859997211024,8.722074807622189,0.06380097585992815,0.015849442981792583
5,128.0,23,0.03259339998476207,8.722075009329256,0.06379983798122886,0.01588881042573176
5,128.0,24,0.033495199983008206,8.722118204984062,0.06379380279146328,0.015874155283186697
5,128.0,25,0.03419259999645874,8.72235284927848,0.06376415549298792,0.0158684273849663
5,128.0,26,0.035891200008336455,8.722106600560304,0.06378889131760605,0.015804509575397585
5,128.0,27,0.0419042999856174,8.721913222346021,0.06340224136158738,0.01634621083774046
5,128.0,28,0.045054899994283915,8.725050614482797,0.06235487233263513,0.016084929922692892
5,128.0,29,0.04576529999030754,8.726277818256936,0.06158100196210021,0.015540620889875845
5,128.0,30,0.04785589996026829,8.698720992058448,0.06403595672820328,0.016989551996765717
5,128.0,31,0.04934729996602982,8.67228234079576,0.06646681931136968,0.018171171223370752
5,128.0,32,0.05103089998010546,8.66763990202151,0.06636185092753717,0.018176045289995724
5,128.0,33,0.05193319998215884,8.666808073476165,0.06590990202663848,0.0181332208090208
5,128.0,34,0.05343099997844547,8.66143556830907,0.06583675105390883,0.017362246154535077
5,128.0,35,0.054714999976567924,8.65979479617295,0.0652027839971425,0.01684350723239398
5,128.0,36,0.05601359996944666,8.65766691444228,0.06509753169267372,0.016680389209202007
5,128.0,37,0.05710109998472035,8.653602791490062,0.06543254466048154,0.01681976194172606
5,128.0,38,0.05820079997647554,8.65281463894111,0.06545034359798446,0.016666469927398175
5,128.0,39,0.059498799964785576,8.651724828751886,0.06552795142236549,0.016349419488000283
5,128.0,40,0.06144909997237846,8.653467689575237,0.06530331633212544,0.016110929026321087
5,128.0,41,0.06373459997121245,8.655656686807173,0.06503680280318216,0.01583605516504205
5,128.0,42,0.06602580001344904,8.657233548668827,0.0648463325016997,0.0157667957797068
5,128.0,43,0.06771809997735545,8.657580844344933,0.0648043486453058,0.01575122009226937
5,128.0,44,0.06941160000860691,8.657760438982269,0.06478266355139893,0.015734881672826162
5,128.0,45,0.07030369999120012,8.657760444685014,0.06478266066322332,0.015735204468239006
5,128.0,46,0.0713421999826096,8.657761508907416,0.06478253213127821,0.01573497632121934
5,128.0,47,0.07231839996529743,8.657761478256374,0.06478253547015117,0.01573497246216149
5,128.0,48,0.07359679997898638,8.6577575300171,0.06478301017104046,0.015734596660816905
5,128.0,49,0.0792906999704428,8.657938531096754,0.06476101220747518,0.01577144808536679
5,128.0,50,0.08588550001149997,8.659251383330377,0.0645971259363783,0.015741721673884324
5,128.0,51,0.08777829998871312,8.660607174623411,0.06442617417863426,0.0157190153833473
5,128.0,52,0.08923899999354035,8.66180177009258,0.06427634616503207,0.015870844155149496
5,128.0,53,0.09070120000978932,8.66240843102182,0.06419787447510669,0.015685162902994487
5,128.0,54,0.09215989999938756,8.662440132502173,0.06419023100083351,0.015669881160787824
5,128.0,55,0.09444319998146966,8.661692218538565,0.06427746070252689,0.01571644070222622
5,128.0,56,0.09666420001303777,8.660473864332943,0.06442220764419443,0.015830557234679618
5,128.0,57,0.09811939997598529,8.659633437684956,0.06452235777204708,0.015773824193220175
5,128.0,58,0.09995659999549389,8.657646749373601,0.06475972792838951,0.015927753248551103
5,128.0,59,0.10063209995860234,8.65764674354827,0.06475950180208256,0.015941491203295306
5,128.0,60,0.10130939999362454,8.657639825815743,0.06475998600405379,0.015939473754176026
5,128.0,61,0.10219100001268089,8.657631986162501,0.06476041172474319,0.015887202783710534
5,128.0,62,0.10410999995656312,8.657629561967024,0.06476045935100161,0.015884182059924923
5,128.0,63,0.10616879997542128,8.657791399304326,0.06474006485535119,0.015780893175417088
5,128.0,64,0.1074442999670282,8.657872388588812,0.06473014204033407,0.0157557323645785
5,128.0,65,0.10872700001345947,8.65788575264056,0.06472846941392302,0.015731579258316697
5,128.0,66,0.11000960000092164,8.657885722987661,0.06472847050004872,0.015729747173160336
5,128.0,67,0.11132139997789636,8.657882862360886,0.06472881516059588,0.015729737096903174
5,128.0,68,0.1120181999867782,8.65786882266398,0.064730506460187,0.015728365331621807
5,128.0,69,0.11309959995560348,8.657794859198955,0.06473942409750594,0.015731617257903563
5,128.0,70,0.1141844000085257,8.657688538193764,0.06475224250223419,0.01573715337993381
5,128.0,71,0.11643499997444451,8.657547996874683,0.06476917796688203,0.01573850967235857
5,128.0,72,0.12081009999383241,8.657327668951218,0.06479573511415747,0.01573871100510149
5,128.0,73,0.12227399996481836,8.657321631507013,0.06479646217016981,0.015738618952665262
5,128.0,74,0.12799899996025488,8.657066193096293,0.06482718417101643,0.015779040819675648
5,128.0,75,0.13323009997839108,8.657107715907037,0.06482160218370492,0.015765166221735433
5,128.0,76,0.1350840000086464,8.65770715234876,0.06474881268034274,0.01574166461509964
5,128.0,77,0.13636599999153987,8.657430794887157,0.06478185188072556,0.015742514103881514
5,128.0,78,0.13861939997877926,8.657180480784032,0.06481187179699555,0.015747420379503163
5,128.0,79,0.1398988000000827,8.657090881072445,0.06482263187659505,0.015748580976212345
5,128.0,80,0.14117369998712093,8.65703173636146,0.06482975024943459,0.01574975161613925
5,128.0,81,0.14245300000766292,8.657046216532196,0.06482800200736516,0.015750246029405335
5,128.0,82,0.14372329995967448,8.657063172789357,0.0648259568135393,0.015746366876747908
5,128.0,83,0.14523329999065027,8.657214274182284,0.06480773933503921,0.015745306105885537
5,128.0,84,0.14697309996699914,8.657266055900259,0.06480149390200167,0.015738350256971484
5,128.0,85,0.14903239998966455,8.657309322689702,0.06479627649485808,0.015737625188676607
5,128.0,86,0.15037139999913052,8.657312961956151,0.06479583735162867,0.015737469342131383
5,128.0,87,0.1517197999637574,8.657312352352537,0.06479591078711898,0.01573735199900106
5,128.0,88,0.1527986999717541,8.657315244421223,0.06479556203240522,0.015736995274357568
5,128.0,89,0.15369030000874773,8.657315028740253,0.06479558802331994,0.015736976316382358
5,128.0,90,0.15495659998850897,8.657314844735172,0.06479561020210806,0.015737020318988493
5,128.0,91,0.15623099997173995,8.657314834146622,0.06479561146714224,0.01573714887821287
5,128.0,92,0.15750349999871105,8.657314834365053,0.06479561143860393,0.01573731450130056
5,128.0,93,0.15857390000019222,8.657314904266089,0.06479560301038348,0.015737314297314287
5,128.0,94,0.16062829998554662,8.657314931706924,0.06479559969837018,0.01573715058745484
5,128.0,95,0.16194339998764917,8.6573153613483,0.06479554789220396,0.015737085171718665
5,128.0,96,0.16301739995833486,8.657316745958887,0.06479538093842867,0.015737221450129235
5,128.0,97,0.1649015999864787,8.65731769229723,0.06479526683234485,0.01573718070733321
5,128.0,98,0.1669992000097409,8.657318423252141,0.06479517869817726,0.015737173337557198
5,128.0,99,0.16870889998972416,8.657318731198048,0.0647951415669045,0.015737130155120127
5,128.0,100,0.1698204999556765,8.65731876556905,0.06479513742184988,0.015737120436013607
5,128.0,101,0.1719246999709867,8.657318832284403,0.06479512937749436,0.015737111298891993
5,128.0,102,0.17401759995846078,8.657319012877252,0.06479510760272911,0.01573709939337009
5,128.0,103,0.1751143999863416,8.657319266944542,0.06479507696887768,0.01573707100241961
5,128.0,104,0.17660730000352487,8.657319353145052,0.06479506657513394,0.01573705723595531
5,128.0,105,0.17814649996580556,8.657319762795387,0.06479501718220117,0.01573701780962044
5,128.0,106,0.17964139999821782,8.657320414915821,0.06479493855350635,0.015736978620753315
5,128.0,107,0.18204709998099133,8.657320776657757,0.0647948949364383,0.01573696004538072
5,128.0,108,0.1847367999725975,8.657324146236675,0.06479448865137852,0.015736888966478624
5,128.0,109,0.18685080000432208,8.657329852431783,0.06479380062246111,0.01573676921665946
5,128.0,110,0.18858939997153357,8.657329974470588,0.06479378589450971,0.01573675056059959
5,128.0,111,0.19110850000288337,8.657330787763044,0.06479368782274056,0.015736732690429744
5,128.0,112,0.19421419996069744,8.657331875904628,0.0647935566136196,0.015736704160385806
5,128.0,113,0.19736120000015944,8.657332766013809,0.06479344928497494,0.015736681231794503
5,128.0,114,0.1993135999655351,8.657331844071223,0.06479356043116459,0.015736632804247183
5,128.0,115,0.2022315000067465,8.657333132445348,0.06479340506068079,0.015736609401041983
5,128.0,116,0.20488490001298487,8.65733304044084,0.06479341613832874,0.015736655062594695
5,128.0,117,0.20560970000224188,8.65733951811059,0.06479263504131533,0.015736525764782683
5,128.0,118,0.2083256999612786,8.657340477844944,0.06479251929907465,0.015736477836041873
5,128.0,119,0.20983710000291467,8.657342183754466,0.06479231358137957,0.01573640356173972
5,128.0,120,0.21571339998627082,8.657347042534209,0.06479172620818074,0.01573633269493835
5,128.0,121,0.2166397999972105,8.657345404913546,0.0647919236174333,0.01573636205940511
5,128.0,122,0.2190159999881871,8.657345404913546,0.0647919236174333,0.01573636205940511
5,128.0,123,0.21993259998271242,8.657343919782889,0.06479210268343245,0.015736216961622862
5,128.0,124,0.2214436999638565,8.657341101677773,0.06479244246195656,0.01573633123018825
5,128.0,125,0.2217464999994263,8.657341101677773,0.06479244246195656,0.01573633123018825
5,128.0,126,0.2230563999619335,8.657337980501133,0.06479281879367361,0.015736465631074226
5,128.0,127,0.22396309999749064,8.657337149326555,0.06479291900595062,0.01573655323866774
5,128.0,128,0.22466710000298917,8.657337149326555,0.06479291900595062,0.01573655323866774
5,128.0,129,0.2259792999830097,8.65733663265144,0.06479298129528877,0.015736743480437188
5,128.0,130,0.2268917000037618,8.657336785733026,0.06479296283394155,0.015736692266094324
5,128.0,131,0.22961290000239387,8.657334926148224,0.06479318704340142,0.015736621008994256
5,128.0,132,0.23052390001248568,8.65733353664918,0.06479335457986686,0.01573665884925768
5,128.0,133,0.23144100001081824,8.657332781489991,0.06479344563207759,0.015736649979963935
5,128.0,134,0.23234529996989295,8.65733213753596,0.06479352327556655,0.015736618803805724
5,128.0,135,0.23365670000202954,8.657331309655987,0.06479362309380285,0.015736773609263573
5,128.0,136,0.2347606999683194,8.657329193557086,0.06479387823876365,0.015736871936258008
5,128.0,137,0.23567719996208325,8.657327873208565,0.06479403743526042,0.015736793120441406
5,128.0,138,0.23658399999840185,8.657327314713857,0.06479410477408751,0.01573681263557386
5,128.0,139,0.23891179997008294,8.657325959070354,0.06479426822417102,0.015736826867161824
5,128.0,140,0.24043289996916428,8.657323283285134,0.06479459084779338,0.01573692736783916
5,128.0,141,0.24274409998906776,8.657322853088921,0.06479464271674824,0.015736950716465303
5,128.0,142,0.24475819995859638,8.657322131952139,0.0647947296650074,0.0157369478385464
5,128.0,143,0.24627040000632405,8.65732184276166,0.06479476453314366,0.01573695358203897
5,128.0,144,0.2471835999749601,8.657319483159853,0.06479504903535303,0.015737072193788948
5,128.0,145,0.24908489995868877,8.657319448261033,0.06479505324282599,0.01573704296761369
5,128.0,146,0.25139629998011515,8.657319351733154,0.06479506488080292,0.015737049115606805
5,128.0,147,0.2529001999646425,8.65731913797528,0.06479509065301958,0.01573704523761621
5,128.0,148,0.25461730000097305,8.657319082256787,0.06479509737005346,0.015737055541465983
5,128.0,149,0.2563300000037998,8.657319292358443,0.06479507203678277,0.0157370705440023
5,128.0,150,0.2580434000119567,8.657319544284583,0.06479504166028692,0.01573706847140282
5,128.0,151,0.2597021000110544,8.657320120822433,0.06479497214466118,0.015737048621396972
5,128.0,152,0.2612205999903381,8.657320436547408,0.06479493407532629,0.015737053163264403
5,128.0,153,0.26353739999467507,8.65732179898298,0.06479476979948692,0.015737021810233606
5,128.0,154,0.2660461000050418,8.657321882601032,0.06479475971712483,0.015737007589407437
5,128.0,155,0.2693680999800563,8.657322434462909,0.06479469317687091,0.015736976665138257
5,128.0,156,0.27207810000982136,8.657322630801424,0.06479466950328262,0.015736948565065856
5,128.0,157,0.2733902999898419,8.657322395407695,0.06479469788440666,0.015736952242343172
5,128.0,158,0.27543889998923987,8.657322391829094,0.06479469831554815,0.015736946760010695
5,128.0,159,0.2779934999998659,8.657322345502388,0.0647947039009796,0.015736944596309588
5,128.0,160,0.28011279995553195,8.657322323702687,0.0647947065290632,0.015736949913958242
5,128.0,161,0.2830309999990277,8.65732174111384,0.06479477677310634,0.015736973714701064
5,128.0,162,0.28577259997837245,8.657321603593815,0.0647947933542114,0.015736980333286077
5,512.0,163,0.28711849998217076,8.657321603593815,0.0647947933542114,0.015736980333286077
5,512.0,164,0.28781839995644987,8.681031709562745,0.06298272654037118,0.015851978793601725
5,512.0,165,0.29011760000139475,8.681031709562745,0.06298272654037118,0.015851978793601725
5,512.0,166,0.2909889000002295,8.724794596934474,0.05950040973357818,0.016923552142889653
5,512.0,167,0.29605919995810837,9.003075920046378,0.028212229159040283,0.01102272325808018
5,512.0,168,0.29772510001203045,9.003075920046378,0.028212229159040283,0.01102272325808018
5,512.0,169,0.29980529996100813,9.058168555706452,0.01710607201239389,0.005775186175675795
5,512.0,170,0.3012979999766685,9.059336763920975,0.016417923672610243,0.004636925187372909
5,512.0,171,0.3029491999768652,9.058717352499972,0.016428197780671942,0.004124841856364234
5,512.0,172,0.30500009999377653,9.059711284081159,0.016301419337960598,0.004030338503655417
5,512.0,173,0.3067496999865398,9.059794802551153,0.016290122030902427,0.003967639821742627
5,512.0,174,0.3100422999705188,9.060330209891193,0.01622552807352353,0.003944733097444655
5,512.0,175,0.3113516999874264,9.060330245525169,0.016225522707186694,0.003943101745745969
5,512.0,176,0.31318960001226515,9.060336689467679,0.0162247445383393,0.003943037416652917
5,512.0,177,0.31445679999887943,9.060345386689626,0.016223690196988473,0.003940033926424072
5,512.0,178,0.3161060999846086,9.060371769756959,0.016220506647697034,0.003940005724005602
5,512.0,179,0.31737219996284693,9.060378399005295,0.01621970741336981,0.003940265008342214
5,512.0,180,0.3186258999630809,9.060383166144916,0.016219132984423835,0.0039399956257810675
5,512.0,181,0.3211081000044942,9.060418021136446,0.016214934132181592,0.003938696505052963
5,512.0,182,0.3221831999835558,9.06041662886511,0.016215101739923764,0.00393866548721189
5,512.0,183,0.32328159996541217,9.060417104049623,0.016215044470169877,0.003938595111040222
5,512.0,184,0.3247366999858059,9.06041836658574,0.01621489236828441,0.003938519822850442
5,512.0,185,0.3265780999790877,9.060418037293738,0.016214932000448073,0.003938487442317382
5,512.0,186,0.32745659997453913,9.0604180992046,0.01621492452576086,0.003938406758321467
5,512.0,187,0.328368499991484,9.0604180992046,0.01621492452576086,0.003938406758321467
5,512.0,188,0.32982439995976165,9.060418243335999,0.016214907156807182,0.003938412663080093
5,512.0,189,0.3308848000015132,9.060419480644658,0.01621475809743792,0.003938416233323805
5,512.0,190,0.33195329998852685,9.060419811306446,0.016214718263120157,0.00393840936571721
5,512.0,191,0.3351337999920361,9.060422826744638,0.01621435502607423,0.003938293478729427
5,512.0,192,0.33678740001050755,9.060425429146498,0.016214041534625755,0.003938194616455393
5,512.0,193,0.3380837999866344,9.060425429145328,0.016214041533263467,0.003938217401347477
5,512.0,194,0.3394990999950096,9.060425431044008,0.016214041304369615,0.003938217102542274
5,512.0,195,0.34018399997148663,9.060425486844254,0.016214034582375494,0.003938210465774916
5,512.0,196,0.34203790000174195,9.06042548370812,0.016214034959395895,0.003938208834797008
5,512.0,197,0.34330409998074174,9.06042549158918,0.01621403400674943,0.003938215299076675
5,512.0,198,0.3445948999724351,9.06042554036112,0.016214028130807294,0.003938218833163809
5,512.0,199,0.3458620999590494,9.060425531765706,0.01621402916561449,0.00393821948364681
5,512.0,200,0.34678789996542037,9.060425538373542,0.016214028369368347,0.003938213143383162
5,512.0,201,0.35017300001345575,9.060425567944268,0.016214024807111385,0.003938205473522305
5,512.0,202,0.3542934999568388,9.060425637296335,0.01621401645298256,0.003938198834289142
5,2048.0,203,0.35572379996301606,9.060425637296335,0.01621401645298256,0.003938198834289142
5,2048.0,204,0.35642209998331964,9.066172982982424,0.01577538259586378,0.004141857435914532
5,2048.0,205,0.36178079998353496,9.066172982982424,0.01577538259586378,0.004141857435914532
5,2048.0,206,0.36245710001094267,9.078912862692766,0.014757479606939681,0.004099711864433697
5,2048.0,207,0.36565369996242225,9.13983223869602,0.008281021536572767,0.003553927443637389
5,2048.0,208,0.3675027000135742,9.13983223869602,0.008281021536572767,0.003553927443637389
5,2048.0,209,0.36914229998365045,9.156071839464786,0.005377970964690577,0.001956393483713903
5,2048.0,210,0.3715125999879092,9.160884597734881,0.0042157524019438486,0.0014514390292055257
5,2048.0,211,0.37258959998143837,9.160223403699211,0.004247644196967665,0.0013319930396833435
5,2048.0,212,0.3739027999690734,9.160358706523333,0.004190568723135751,0.0010898060266266718
5,2048.0,213,0.37616059998981655,9.161653987941959,0.0040256625787818455,0.0010112530120793828
5,2048.0,214,0.3776272999821231,9.161653757531845,0.004024949238958164,0.0009910357506140999
5,2048.0,215,0.3832433999632485,9.161621234677526,0.004025597846218438,0.00099074473706523
5,2048.0,216,0.3845158999902196,9.161665977768024,0.004020005046474433,0.00098204644705846
5,2048.0,217,0.3867411999963224,9.161511727087506,0.0040385722235366595,0.000984077561623442
5,2048.0,218,0.3889371000113897,9.161397663923537,0.004052286620598232,0.000985913906945468
5,2048.0,219,0.39010129997041076,9.16139766176747,0.004052286143421775,0.0009857676723121767
5,2048.0,220,0.3907882999628782,9.161397276864394,0.0040523323487185086,0.0009857672369630865
5,2048.0,221,0.3922467000083998,9.161395971549766,0.004052487108423872,0.0009845793142074233
5,2048.0,222,0.39331059996038675,9.161396579601984,0.004052411901567722,0.0009848363165591845
5,2048.0,223,0.39692560001276433,9.161391233082352,0.004053050399906159,0.0009846607868026491
5,2048.0,224,0.3976058000116609,9.161391226126646,0.004053050736048059,0.0009844961025566312
5,2048.0,225,0.39971039997180924,9.16139088920476,0.004053091161294149,0.0009844586165356772
5,2048.0,226,0.4008808999788016,9.1613904021615,0.004053149725760923,0.0009844812166879269
5,2048.0,227,0.40395549999084324,9.161388074213358,0.004053430097760607,0.000984538619313552
5,2048.0,228,0.40522439999040216,9.161385769323138,0.004053707631828105,0.0009845836553942222
5,2048.0,229,0.40704749996075407,9.161384303623482,0.004053884157117882,0.000984617618803113
5,2048.0,230,0.4088845999795012,9.161382569328204,0.004054093002967617,0.0009846892291718867
5,2048.0,231,0.4101477999938652,9.1613819351638,0.00405416936463892,0.000984715528166924
5,2048.0,232,0.4120276999892667,9.161381800256656,0.0040541856068010565,0.0009847246970944301
5,2048.0,233,0.41747469996334985,9.161381481401975,0.004054224004773488,0.000984738063131374
5,2048.0,234,0.41835019999416545,9.161380820599721,0.004054303585391564,0.0009847642248079214
5,2048.0,235,0.4196144999586977,9.161380820540192,0.004054303592150262,0.0009847701240614931
5,2048.0,236,0.4212602999759838,9.161380819606784,0.004054303704282727,0.0009847700024395029
5,2048.0,237,0.4240611999994144,9.161380738097339,0.00405431351767271,0.000984768380547063
5,2048.0,238,0.4255147000076249,9.161380718213092,0.004054315911504231,0.0009847629886472475
5,2048.0,239,0.4275548000005074,9.161380662644865,0.004054322602391076,0.0009847618421677251
5,2048.0,240,0.4300068999873474,9.16138060027029,0.00405433011377036,0.00098476056181529
5,2048.0,241,0.4361693999962881,9.161380525785285,0.004054339083394036,0.0009847642928486888
5,2048.0,242,0.43803530000150204,9.16138043239255,0.004054350330650514,0.0009847643099287623
5,2048.0,243,0.43969029997242615,9.161380347045776,0.004054360608566496,0.0009847632057254363
5,2048.0,244,0.4405617999727838,9.161380239520403,0.00405437355627221,0.0009847695918182575
5,2048.0,245,0.44297669996740296,9.161380234478528,0.004054374163042219,0.0009847716567752962
5,2048.0,246,0.445229200005997,9.16138023246171,0.004054374405833449,0.0009847717588446214
5,8192.0,247,0.4469276999589056,9.16138023246171,0.004054374405833449,0.0009847717588446214
5,8192.0,248,0.4481015999917872,9.162769995396726,0.003948381465071781,0.0010592443542735142
5,8192.0,249,0.4519445999758318,9.169152570787272,0.003419653712871009,0.0014034529267745732
5,8192.0,250,0.45263139996677637,9.169152442902439,0.003367336744471892,0.0013996527904729383
5,8192.0,251,0.45581959997070953,9.172849818861788,0.0029401568681073358,0.0010470915655121926
5,8192.0,252,0.4580464999889955,9.172907275434763,0.0029315596292109358,0.001042690822625092
5,8192.0,253,0.4604784999974072,9.182842086020619,0.0017479564314813298,0.000769871658184762
5,8192.0,254,0.46231589996023104,9.186164226207937,0.0011500676749468667,0.00036016464367061296
5,8192.0,255,0.46323739999206737,9.186164226207937,0.0011500676749468667,0.00036016464367061296
5,8192.0,256,0.4653305999818258,9.186543730498096,0.0010312703551276653,0.0002815319312735598
5,8192.0,257,0.46640320000005886,9.186543703738003,0.0010302619782468839,0.0002765866408390716
5,8192.0,258,0.4674724999931641,9.186509512561978,0.0010334965334780736,0.0002763543793686818
5,8192.0,259,0.46972059999825433,9.186546669005502,0.0010265228728212684,0.0002637543325242353
5,8192.0,260,0.47118399996543303,9.18654880960695,0.0010247010108422295,0.0002546200981180524
5,8192.0,261,0.47361359995556995,9.186553443127433,0.0010228993471583275,0.00025087863892808704
5,8192.0,262,0.47469090000959113,9.186553443127433,0.0010228993471583275,0.00025087863892808704
5,8192.0,263,0.4757575999828987,9.186542607795303,0.0010241148803110517,0.0002504548661627082
5,8192.0,264,0.4768470000126399,9.186542607795303,0.0010241148803110517,0.0002504548661627082
5,8192.0,265,0.4789350999635644,9.186543854624095,0.0010239648501387754,0.0002504244408570999
5,8192.0,266,0.48019699996802956,9.186545708201297,0.0010237366711561607,0.0002500115005998893
5,8192.0,267,0.48382899997523054,9.186586409188486,0.0010188316239132943,0.00024923397432563554
5,8192.0,268,0.4851296999840997,9.186586409188486,0.0010188316239132943,0.00024923397432563554
5,8192.0,269,0.4885289999656379,9.186606405201163,0.0010164175717855448,0.0002480671008282531
5,8192.0,270,0.4897827999666333,9.186624086941237,0.0010142834988987692,0.00024655934658779355
5,8192.0,271,0.4910266000078991,9.186624086941237,0.0010142834988987692,0.00024655934658779355
5,8192.0,272,0.49208709999220446,9.186624220070495,0.0010142665089163277,0.00024652382482837076
5,8192.0,273,0.4937184999580495,9.18662489666966,0.0010141838261206418,0.0002464184973891559
5,8192.0,274,0.49465409998083487,9.186625056233257,0.0010141643335434237,0.0002463802691451411
5,8192.0,275,0.4962794999592006,9.186625056233257,0.0010141643335434237,0.0002463802691451411
5,8192.0,276,0.4977348999818787,9.186625094068903,0.001014159636708638,0.000246371533911105
5,8192.0,277,0.4999771000002511,9.186625501986914,0.001014110392143964,0.0002463199198374788
5,8192.0,278,0.5020255999988876,9.18662555054138,0.001014104518270935,0.00024631328364588256
5,8192.0,279,0.5032604999723844,9.18662555054138,0.001014104518270935,0.00024631328364588256
5,8192.0,280,0.5061925000045449,9.186625771785614,0.0010140778417956735,0.00024631167288652334
5,8192.0,281,0.508975200005807,9.18662581058462,0.0010140731398201696,0.0002463013798036928
5,8192.0,282,0.5107591999694705,9.186625860359353,0.001014067140848908,0.0002463047179511735
5,8192.0,283,0.5126332999789156,9.18662597243111,0.0010140536212535486,0.0002463068431106108
5,8192.0,284,0.5138849999639206,9.186626165906947,0.001014030303454287,0.00024632031089311113
5,8192.0,285,0.5151333999820054,9.186626281907413,0.001014016330031617,0.000246313467720527
5,8192.0,286,0.5175274999928661,9.186626802131205,0.001013953685555144,0.0002462962070894914
5,8192.0,287,0.5185915000038221,9.186627259659115,0.0010138985871848206,0.0002462832351998179
5,8192.0,288,0.5204448999720626,9.186627662245943,0.0010138501012905655,0.0002462735057590093
5,8192.0,289,0.5224888999946415,9.186628022236508,0.0010138067483952133,0.00024626571711838796
5,8192.0,290,0.5251217999611981,9.186628081548392,0.0010137996032709106,0.00024626568772267987
5,8192.0,291,0.5266479999991134,9.186628308739223,0.0010137722403821279,0.00024626316048925734
5,8192.0,292,0.5278388999868184,9.186628433327071,0.001013757235089613,0.0002462535971757551
5,8192.0,293,0.5286954999901354,9.18662843333837,0.0010137572329950687,0.0002462515986079994
5,8192.0,294,0.5303225999814458,9.18662844424561,0.0010137559192336973,0.00024625158131136304
5,8192.0,295,0.5319534000009298,9.186628443726706,0.0010137559812055587,0.00024625050835058726
5,8192.0,296,0.5339576000114903,9.186628446456032,0.0010137556517896835,0.0002462492212633727
5,8192.0,297,0.5374658000073396,9.186628471911767,0.0010137525845587336,0.0002462442766590911
5,8192.0,298,0.539308000006713,9.186628531138735,0.0010137454512490816,0.0002462366244610492
5,8192.0,299,0.5427933000028133,9.18662859345686,0.0010137379459480836,0.00024623350245667197
5,8192.0,300,0.5444806999876164,9.18662863746613,0.0010137326445793658,0.00024623181705028807
5,8192.0,301,0.5477032999624498,9.186628666966266,0.00101372909195614,0.0002462299265412471
5,8192.0,302,0.5493372000055388,9.186628712922854,0.0010137235574509585,0.00024622728887191414
5,8192.0,303,0.5507778999744914,9.186628798712658,0.001013713225388863,0.0002462252797555964
5,8192.0,304,0.551643899991177,9.18662888768624,0.001013702510516244,0.0002462196342113421
5,8192.0,305,0.5569910999620333,9.186628896934234,0.0010137013968029864,0.00024621909658884
5,8192.0,306,0.5609312999877147,9.186628896934234,0.0010137013968029864,0.00024621909658884
5,8192.0,307,0.563008599972818,9.186628904449194,0.0010137004917472577,0.00024622107610428046
5,32768.0,308,0.5644968000124209,9.186628904449194,0.0010137004917472577,0.00024622107610428046
5,32768.0,309,0.5657301999744959,9.186982126608083,0.000986757857361741,0.0002507587879577722
5,32768.0,310,0.5669736000127159,9.187028094034275,0.000983197391188351,0.00025375926323312203
5,32768.0,311,0.5685923999990337,9.188192445907093,0.0008882709421639311,0.00029230554960091304
5,32768.0,312,0.5698194999713451,9.188192446267294,0.00087980984116553,0.000288631033793299
5,32768.0,313,0.5708596999756992,9.188192052365075,0.000874127390810395,0.0002881619731085888
5,32768.0,314,0.5715221999562345,9.18824323741184,0.0008659690974345559,0.0002856172074414409
5,32768.0,315,0.5729996999725699,9.18830441428086,0.0008481636982205223,0.00028709203010635065
5,32768.0,316,0.5755628999904729,9.191365420290943,0.0005548755772117123,0.00025217024665097343
5,32768.0,317,0.5769962999620475,9.192578866389042,0.0003372344320631127,0.00013090869349463574
5,32768.0,318,0.5779229999752715,9.19260694967383,0.00031731930952404565,0.0001225617526490197
5,32768.0,319,0.579341700009536,9.192880759069347,0.00026877661874949015,8.343597014470738e-05
5,32768.0,320,0.580395299999509,9.192890659818385,0.00026438489722116807,7.547421346787431e-05
5,32768.0,321,0.5812507999944501,9.19291876179789,0.0002577483813072865,6.832588132854589e-05
5,32768.0,322,0.5824927999638021,9.19292592295577,0.00025610526882427026,6.354809237629766e-05
5,32768.0,323,0.583715199958533,9.192925930326334,0.0002560807444471644,6.349681702877419e-05
5,32768.0,324,0.5847991000046022,9.19292593208776,0.0002560805241419179,6.349679710992984e-05
5,32768.0,325,0.586834599962458,9.192930595960526,0.0002554618794814202,6.311810322476297e-05
5,32768.0,326,0.5893226999905892,9.19294418531412,0.00025374423941490926,6.324680223553092e-05
5,32768.0,327,0.5911246999748982,9.192959049489602,0.0002518228610999916,6.235088422856805e-05
5,32768.0,328,0.5937590000103228,9.192961751135371,0.00025145762885821817,6.177959760599039e-05
5,32768.0,329,0.5950786999892443,9.192964029728124,0.00025117435514902787,6.169033160263737e-05
5,32768.0,330,0.5967508999747224,9.192969858984812,0.00025045507505821356,6.155603334678794e-05
5,32768.0,331,0.5988107000011951,9.192989022486577,0.00024805428811161935,6.139473197608325e-05
5,32768.0,332,0.6000939999939874,9.193008099425139,0.00024563013105628035,6.169365326623433e-05
5,32768.0,333,0.6013725000084378,9.193009554014068,0.00024540035735532724,6.15074696661555e-05
5,32768.0,334,0.6025010999874212,9.193011137174032,0.0002451778881760282,6.14507213032578e-05
5,32768.0,335,0.6059241999755614,9.19296548845173,0.00025065776771086894,6.145725604378427e-05
5,32768.0,336,0.6068015999626368,9.192962412029502,0.00025102032742372894,6.139202616417538e-05
5,32768.0,337,0.6076822999748401,9.192958424926603,0.0002514968014514721,6.141998904582446e-05
5,32768.0,338,0.6093388999579474,9.192947284186568,0.0002528257012051002,6.169775444853087e-05
5,32768.0,339,0.6102199999731965,9.192947256872712,0.0002528223489272254,6.166212316685571e-05
5,32768.0,340,0.6119126999983564,9.192946219272232,0.0002529461639115168,6.164417253028132e-05
5,32768.0,341,0.6129854999599047,9.192945072161855,0.0002530826064448257,6.162966965428396e-05
5,32768.0,342,0.61385959998006,9.192944817523887,0.0002531124614764152,6.160665875176718e-05
5,32768.0,343,0.6157057000091299,9.192944629142229,0.0002531339098669405,6.151624662242838e-05
5,32768.0,344,0.6165861999616027,9.19294422310183,0.00025318177289782777,6.152965076555716e-05
5,32768.0,345,0.6183840999729,9.192944152237198,0.00025319006409104625,6.151528594866562e-05
5,32768.0,346,0.6192579999915324,9.192944161888578,0.00025318858404523633,6.149732652249718e-05
5,32768.0,347,0.6207342999987304,9.192944071152521,0.0002531994069823969,6.149306265079701e-05
5,32768.0,348,0.6218174999812618,9.1929440711029,0.0002531993807615828,6.14874165950352e-05
5,32768.0,349,0.6229990999563597,9.192944060379055,0.0002532006692381318,6.148736938782484e-05
5,32768.0,350,0.6236801999621093,9.19294405962988,0.00025320075282544264,6.148631437485896e-05
5,32768.0,351,0.6256462999735959,9.192943890531033,0.00025322108764018475,6.150745514166278e-05
5,32768.0,352,0.6293692999752238,9.192943373469873,0.00025328326224541503,6.155355182702049e-05
5,32768.0,353,0.6310157999978401,9.192943042344375,0.00025332307763489934,6.156677957369627e-05
5,32768.0,354,0.6326670999987982,9.192942810925864,0.00025335091016693423,6.155781828365292e-05
5,32768.0,355,0.6356844999827445,9.192942680115332,0.00025336665779755475,6.155918306671726e-05
5,32768.0,356,0.6370100000058301,9.192942655805494,0.00025336956008701857,6.155545807251528e-05
5,32768.0,357,0.6383280999725685,9.192942537983477,0.000253383731467791,6.155730923151914e-05
5,32768.0,358,0.6394872000091709,9.192942523820253,0.0002533854327779697,6.155511813255021e-05
5,32768.0,359,0.6438554999767803,9.192942521851414,0.0002533856686730898,6.155519170780721e-05
5,32768.0,360,0.6469634000095539,9.192942506253805,0.00025338754574479505,6.155387440764937e-05
5,32768.0,361,0.6533997000078671,9.192942493391957,0.00025338909434032426,6.155300566201838e-05
5,32768.0,362,0.6591128999716602,9.192942491236481,0.00025338935392289313,6.155301078991648e-05
5,131072.0,363,0.6609565999824554,9.192942491236481,0.00025338935392289313,6.155301078991648e-05
5,131072.0,364,0.6636153999716043,9.193034479254969,0.0002463674435842006,6.306057883720406e-05
5,131072.0,365,0.6657541999593377,9.193323243620494,0.00022289368289144117,6.684028966685851e-05
5,131072.0,366,0.6671068999567069,9.193323243784835,0.0002184302558674028,7.402086693458765e-05
5,131072.0,367,0.6679972999845631,9.193323369771067,0.00021830419166146177,7.401053376709932e-05
5,131072.0,368,0.6687562000006437,9.19332980357462,0.0002170765614779364,7.317793126274119e-05
5,131072.0,369,0.6700445999740623,9.193336246562488,0.0002150367072838815,6.875517358609362e-05
5,131072.0,370,0.6713168999995105,9.193357716622995,0.00021011571028133904,7.112740505532678e-05
5,131072.0,371,0.6746035999967717,9.194365189386161,9.565590601549183e-05,3.8895745204658994e-05
5,131072.0,372,0.6765430999803357,9.194492723480112,7.124013833514556e-05,2.5724018256845227e-05
5,131072.0,373,0.6776560999569483,9.194492723480112,7.124013833514556e-05,2.5724018256845227e-05
5,131072.0,374,0.6798760999809019,9.19451589605315,6.452756812189043e-05,1.858600093887497e-05
5,131072.0,375,0.680853899975773,9.194514694490254,6.43551046494308e-05,1.8116561060099734e-05
5,131072.0,376,0.6825697000022046,9.194516327493506,6.400905710844502e-05,1.6771061078557636e-05
5,131072.0,377,0.6835644000093453,9.194515641647339,6.402123259998498e-05,1.657376616703843e-05
5,131072.0,378,0.6842706999741495,9.1945156417678,6.40121914977189e-05,1.6503445405602335e-05
5,131072.0,379,0.6861582999699749,9.194516513023238,6.390649651268269e-05,1.6501477513974905e-05
5,131072.0,380,0.6888690000050701,9.194517813228558,6.372994411102269e-05,1.6159983348362772e-05
5,131072.0,381,0.6905822000117041,9.194518250406894,6.365846599299222e-05,1.597809712250431e-05
5,131072.0,382,0.6914839000091888,9.194518810790129,6.358639810128048e-05,1.590399793860442e-05
5,131072.0,383,0.6941661000018939,9.1945199752572,6.343892438201841e-05,1.5712460400191253e-05
5,131072.0,384,0.6952681000111625,9.19452063064958,6.33542916162728e-05,1.5614590702289766e-05
5,131072.0,385,0.69791729998542,9.194520862135022,6.332399384556875e-05,1.5547124885564867e-05
5,131072.0,386,0.6990082999691367,9.19452123556293,6.327796352215842e-05,1.5463845219956807e-05
5,131072.0,387,0.7007101000053808,9.194521205948476,6.328108490291949e-05,1.543293230796272e-05
5,131072.0,388,0.7032005999935791,9.1945211026094,6.329341530457245e-05,1.5402188296931296e-05
5,131072.0,389,0.7041186999995261,9.19452097840809,6.330829127118439e-05,1.5381487659324455e-05
5,131072.0,390,0.7060163999558426,9.194520977849985,6.330827817225597e-05,1.5378920607059254e-05
5,131072.0,391,0.7081079999916255,9.194520972731956,6.330883437632172e-05,1.5378525322448655e-05
5,131072.0,392,0.7088120999978855,9.194520972750883,6.330882789123203e-05,1.5382015277287664e-05
5,524288.0,393,0.7104542999877594,9.194520972750883,6.330882789123203e-05,1.5382015277287664e-05
5,524288.0,394,0.7111569999833591,9.19452097420723,6.330870928861315e-05,1.538201202766487e-05
5,524288.0,395,0.7118605999858119,9.194544167237531,6.153549644229659e-05,1.538712812321208e-05
5,524288.0,396,0.7127021999913268,9.194549688796855,6.110693720004777e-05,1.5541904902494075e-05
5,524288.0,397,0.7138868999900296,9.19459544438169,5.742672519045952e-05,1.622967516001772e-05
5,524288.0,398,0.7183384000090882,9.19488130741849,2.4088610493746234e-05,8.613859810491231e-06
5,524288.0,399,0.7190437999670394,9.194890742795316,2.201507664160314e-05,7.83702519836782e-06
5,524288.0,400,0.7207355999853462,9.194909543210297,1.765207239458983e-05,5.427712833586118e-06
5,524288.0,401,0.7214271000120789,9.194909543262934,1.735183263762379e-05,5.461730148148547e-06
5,524288.0,402,0.7231131999869831,9.194909558326813,1.7209582870275748e-05,5.499539124320663e-06
5,524288.0,403,0.7255839999997988,9.194907119140304,1.7335570928685675e-05,5.444571883353455e-06
5,524288.0,404,0.7264743999694474,9.194904765494687,1.7544204642603614e-05,5.287498871298091e-06
5,524288.0,405,0.727176399959717,9.19490322469899,1.766411716166222e-05,5.259993496098403e-06
5,524288.0,406,0.7285817000083625,9.194903273655276,1.7625674248090416e-05,5.240876596479538e-06
5,524288.0,407,0.7306696999585256,9.194906154307594,1.71311153509977e-05,4.9281782799059926e-06
5,524288.0,408,0.731768199999351,9.194908332456784,1.6766126515382983e-05,4.7166293243722235e-06
5,524288.0,409,0.7326634000055492,9.194909428193414,1.6600371401208586e-05,4.6277868408634015e-06
5,524288.0,410,0.7341563999652863,9.194910072962234,1.6506005602736622e-05,4.446583495243406e-06
5,524288.0,411,0.7350606999825686,9.194910456090373,1.6452282926536553e-05,4.382906806113529e-06
5,524288.0,412,0.7372240999829955,9.194910565220251,1.643841753378607e-05,4.375780122009565e-06
5,524288.0,413,0.7389187999651767,9.194911079849414,1.6367962397739207e-05,4.293748884443005e-06
5,524288.0,414,0.7408132000127807,9.194911611614046,1.6298014412245278e-05,4.1896327336310435e-06
5,524288.0,415,0.742303200007882,9.194912481470581,1.618909541699959e-05,3.974838629794419e-06
5,524288.0,416,0.7441810999880545,9.194912808779257,1.614809337235378e-05,3.9589523377348e-06
5,524288.0,417,0.746401899959892,9.19491285305793,1.61415731690058e-05,3.954659207217048e-06
5,524288.0,418,0.747099399974104,9.194913096662116,1.6111787965234032e-05,3.9420311832572e-06
5,524288.0,419,0.7479924999643117,9.194913100754636,1.6111224268500945e-05,3.943633336778163e-06
5,524288.0,420,0.7498650999623351,9.1949132631058,1.6091765988608458e-05,3.93409853738369e-06
5,524288.0,421,0.7515448000049219,9.194913403388835,1.607486326097352e-05,3.9246308967122445e-06
5,524288.0,422,0.7558082999894395,9.194913532887062,1.6059372108809054e-05,3.922916115839392e-06
5,524288.0,423,0.7579864999861456,9.194914066983735,1.5995405922588333e-05,3.903243245839683e-06
5,524288.0,424,0.7623888999805786,9.19491409484261,1.599170254106689e-05,3.894745628008067e-06
5,524288.0,425,0.76370529999258,9.194914671396207,1.5922186003886187e-05,3.881877143285806e-06
5,524288.0,426,0.7650066000060178,9.1949146942348,1.5919391210093564e-05,3.872470744625822e-06
5,524288.0,427,0.7676786999800242,9.194914693256498,1.5919425130719814e-05,3.871782503495069e-06
5,524288.0,428,0.7693744999705814,9.194914704550122,1.5918040125075482e-05,3.870596715888075e-06
5,524288.0,429,0.7708628000109456,9.194914717427192,1.5916459161429555e-05,3.869440779180611e-06
5,524288.0,430,0.7719553000060841,9.194914718867585,1.5916261660976226e-05,3.86732259426148e-06
5,524288.0,431,0.7732493999646977,9.194914718896115,1.591625027215794e-05,3.8671079940488795e-06
5,524288.0,432,0.7739408999914303,9.194914719718275,1.5916150577083132e-05,3.867107824628846e-06
5,524288.0,433,0.7746465000091121,9.194914721026073,1.5915992245772125e-05,3.867083525177506e-06
5,524288.0,434,0.7758131999871694,9.194914725724,1.591542781459599e-05,3.86695329901432e-06
5,524288.0,435,0.7794416999677196,9.194914761230145,1.5911146750198616e-05,3.864573912437663e-06
5,524288.0,436,0.781984300003387,9.194914812453794,1.5904962804679098e-05,3.859765840941165e-06
5,524288.0,437,0.788675699965097,9.194914812497965,1.590495749576419e-05,3.8597546534457905e-06
9,128.0,1,0.0018272000015713274,3.4909789525903827,1.7838487902503894,0.48435650379915673
9,128.0,2,0.007288999971933663,2.173699886850476,1.107728724526772,0.4000300180996771
9,128.0,3,0.010328800010029227,1.9986926137817496,0.9719159705901469,0.37418731348796275
9,128.0,4,0.014295000000856817,1.3119249746583228,0.8204649218970809,0.2238343670978773
9,128.0,5,0.01538349996553734,1.0391855515822552,0.7698173227743232,0.22101526073831063
9,128.0,6,0.01669009996112436,0.936963745042241,0.746053732517251,0.20381853126231075
9,128.0,7,0.018201800005044788,0.8782116152604744,0.707404870664432,0.21104869975203633
9,128.0,8,0.019427399965934455,0.8983755264392942,0.6826865061694335,0.18027154757649483
9,128.0,9,0.022682700015138835,1.0097261750040136,0.6596573804200344,0.172008475212864
9,128.0,10,0.023922799970023334,1.0587607375543038,0.6387065723394116,0.16440816524017549
9,128.0,11,0.024874099995940924,1.095067618595557,0.6273818072348671,0.15845904390617244
9,128.0,12,0.028263899963349104,1.5859246019017745,0.579395516920779,0.14435050536783384
9,128.0,13,0.029524799960199744,1.7155137934280957,0.5599487808557558,0.14831311850191198
9,128.0,14,0.03128559998003766,2.0497410507202543,0.5210129096088435,0.15620527704783116
9,128.0,15,0.032243599998764694,2.2521156760548813,0.49802228316935815,0.16084214569879313
9,128.0,16,0.03509510000003502,2.806126258671922,0.4097171249376063,0.16516905448402938
9,128.0,17,0.037133999983780086,2.951716923224616,0.37130214190712096,0.1656125896638536
9,128.0,18,0.03809029998956248,3.081274055907385,0.3546906296210926,0.16830891271595216
9,128.0,19,0.04258389997994527,3.0648676564112822,0.2849492192069876,0.1184636842140301
9,128.0,20,0.04380509996553883,3.0742995259111727,0.2556024954383073,0.11504867782494513
9,128.0,21,0.04501810000510886,3.1053890525177046,0.22127219555969335,0.06094381322748654
9,128.0,22,0.04704719997243956,3.1446794304321335,0.1807227979456567,0.05810769935613913
9,128.0,23,0.050225500017404556,3.3832311753890876,0.13983033075954937,0.0515210793423405
9,128.0,24,0.051890800008550286,3.4010120984642174,0.11916501334452889,0.03282382193768896
9,128.0,25,0.05762709997361526,3.486257624773757,0.09496726068372283,0.024660271634732056
9,128.0,26,0.06077959999674931,3.633480447436426,0.07095092796049236,0.018772011140472222
9,128.0,27,0.06397570000262931,3.693689411999345,0.060786089767661956,0.01299949813540624
9,128.0,28,0.06576089997543022,3.702347636022592,0.059380361649620995,0.012671512081851688
9,128.0,29,0.07272090000333264,3.7166897288618084,0.057248419724159054,0.012006488538713667
9,128.0,30,0.07533919997513294,3.7166950231031035,0.05724095382015422,0.011853774567638142
9,128.0,31,0.07953059999272227,3.7173813951725676,0.05711671541691218,0.011613525905108446
9,128.0,32,0.09238709998317063,3.7330981222835833,0.05472683756052542,0.011373383099671619
9,128.0,33,0.0938913999707438,3.7342374317501883,0.05449627825547342,0.011597379058549517
9,128.0,34,0.10280920000514016,3.731710912372442,0.05431128029520108,0.011419010196302315
9,128.0,35,0.10376249998807907,3.7155275621129835,0.05605039162500646,0.01172334396077579
9,128.0,36,0.10525879997294396,3.714420768230446,0.05582533278700139,0.011298643018933352
9,128.0,37,0.10675809998065233,3.7139753842692156,0.05534744718320348,0.011788238491312164
9,128.0,38,0.10879789997125044,3.7119936137985095,0.055352936812111675,0.01165937115473964
9,128.0,39,0.1105966999894008,3.710257489494513,0.05548807535501502,0.011520133109693298
9,128.0,40,0.11345150001579896,3.7079470531285548,0.05571385908746521,0.011080650042327611
9,128.0,41,0.11730769998393953,3.706598302181863,0.05586850357186667,0.011047228696765499
9,128.0,42,0.12472819996764883,3.704700041114129,0.05609015493299834,0.011227536413170536
9,128.0,43,0.12597190000815317,3.7041780090877405,0.056157714944940665,0.011278922281570236
9,128.0,44,0.12874179997015744,3.7037616274221596,0.056210807157700056,0.011089549027490153
9,128.0,45,0.14164469996467233,3.7039124197422284,0.056103265972200014,0.01099294764755987
9,128.0,46,0.1426085999701172,3.705773613354873,0.0557651146599336,0.010942499382951998
9,128.0,47,0.144371600006707,3.7046196901592348,0.05587063382828517,0.010967638627498832
9,128.0,48,0.14664170000469312,3.703070518882962,0.05604292399541,0.011047074735364815
9,128.0,49,0.14923300000373274,3.699579064092596,0.05647841977879658,0.01130598025671925
9,128.0,50,0.15098989999387413,3.6987715818607487,0.05657023354897588,0.011315806427496411
9,128.0,51,0.1530112999607809,3.6982615265652594,0.05662944107707618,0.011278454527425819
9,128.0,52,0.15476479998324066,3.698893801055996,0.056537501189932865,0.01124434049030143
9,128.0,53,0.1591918999911286,3.706663403130416,0.055434583585144886,0.010890998792529971
9,128.0,54,0.17225549998693168,3.705698243248524,0.05551418980170673,0.010890199466002892
9,128.0,55,0.17428539996035397,3.6984099351664703,0.05647454414867826,0.011228506012892936
9,128.0,56,0.17605209996690974,3.7023132224060333,0.05590129851244473,0.010974325980495636
9,128.0,57,0.17710799997439608,3.704281560887218,0.055611443021908194,0.01095948312736289
9,128.0,58,0.18021919997408986,3.7040460063499228,0.05562757277489099,0.010976459813120232
9,128.0,59,0.18116909998934716,3.7036753161485847,0.05567336265544451,0.010990446585961045
9,128.0,60,0.1829328999738209,3.703882014612313,0.05563898361223574,0.01092526281985795
9,128.0,61,0.18495399999665096,3.7042294984418334,0.05558797761417893,0.010980892767702422
9,128.0,62,0.18777009996119887,3.704831072842332,0.055500626680748164,0.010939206737842211
9,128.0,63,0.18898569996235892,3.7049264144719416,0.05548672102594961,0.010924981533465439
9,128.0,64,0.20259749999968335,3.701940206897564,0.05579541773413605,0.011206923538618851
9,128.0,65,0.2038380000158213,3.6999095013331473,0.055992093632912264,0.011372810455402504
9,128.0,66,0.20534210000187159,3.698918144588553,0.056096575320799064,0.01137628374780586
9,128.0,67,0.20978829998057336,3.6997261379712816,0.055929083776239216,0.011106646424993372
9,128.0,68,0.21075379999820143,3.700461574431636,0.055812006118748814,0.011027523890346225
9,128.0,69,0.21251469996059313,3.699994775463592,0.05586845051635313,0.011020824142370822
9,128.0,70,0.2145431999815628,3.700032115134812,0.05586083923199846,0.011095452927546656
9,128.0,71,0.21684969996567816,3.7003682745751005,0.0558111355189226,0.01105060531158486
9,128.0,72,0.2191595999756828,3.7009945680460494,0.05572224777017968,0.011017157298281233
9,128.0,73,0.22119569999631494,3.7011576908068218,0.055699037184734804,0.010990923076068193
9,128.0,74,0.2343671999988146,3.70049773670939,0.05577452172351242,0.011052557665367058
9,128.0,75,0.2353189999703318,3.700147586708249,0.05581746117123213,0.011067547319759341
9,128.0,76,0.2477400999632664,3.700431829373514,0.0557552488729651,0.011064646374351339
9,128.0,77,0.2486901999800466,3.7005723572000773,0.055720069589621474,0.011072591333719073
9,128.0,78,0.25125410000327975,3.700121602160937,0.05576991134396935,0.01109681160458209
9,128.0,79,0.2532933999900706,3.6998843149951046,0.05579788334462667,0.011152276959363827
9,128.0,80,0.2553246999741532,3.6994881031012112,0.05585137074903174,0.011116096138917508
9,128.0,81,0.2596588999731466,3.699876898304907,0.05579522490007353,0.010999625033599525
9,128.0,82,0.27268170000752434,3.701562437598878,0.055541021776423054,0.011012733361550286
9,128.0,83,0.2754005999886431,3.702996991681413,0.05532130090795843,0.01109091709300003
9,128.0,84,0.2783272999804467,3.7033195070032416,0.05525777702967227,0.011084435961334238
9,128.0,85,0.28090279997559264,3.7036253492835502,0.05520374499310104,0.010992878087890623
9,128.0,86,0.2829346999642439,3.7032599743585273,0.05524437998815705,0.011113536500635512
9,128.0,87,0.2852331000030972,3.7032867281460424,0.05523505050272316,0.011014101894905703
9,128.0,88,0.2892697000061162,3.70261966823399,0.05532100507941598,0.01107979918432389
9,128.0,89,0.2920892999973148,3.702080298477325,0.05539111175594932,0.010973884851928406
9,128.0,90,0.2943323999643326,3.7011006740928774,0.0555254507096923,0.010976672157082312
9,128.0,91,0.295853299961891,3.7003961166196797,0.05562328239675669,0.01099790922008581
9,128.0,92,0.2979455000022426,3.7002632876113717,0.055641182566168415,0.010964153687581857
9,128.0,93,0.3000507999677211,3.700264718802744,0.05564082739831009,0.010951007964069337
9,128.0,94,0.3066860999679193,3.70017856032812,0.05565279739294975,0.01095536829052901
9,128.0,95,0.3079211000003852,3.7001785810519703,0.055652792964097385,0.010956513665156375
9,128.0,96,0.31133940001018345,3.700179437968637,0.05565267100131743,0.010954230273915622
9,128.0,97,0.3136987999896519,3.700177573345345,0.0556529292693435,0.010953226355952417
9,128.0,98,0.31493769999360666,3.7001731555103756,0.05565354838577557,0.010952776224857352
9,128.0,99,0.3158998999861069,3.7001715176963046,0.05565377737072611,0.010952872706610828
9,128.0,100,0.3298598999972455,3.6997447538542407,0.05571335418034817,0.010973233100253665
9,128.0,101,0.33480109996162355,3.6994812160039436,0.05574968218626088,0.010996741568440105
9,128.0,102,0.3382242000079714,3.6996784531272606,0.055721544563860685,0.010969804212570766
9,128.0,103,0.3394589999807067,3.6996302742254494,0.05572826692031053,0.010968920238879742
9,128.0,104,0.34178329998394474,3.699696896432262,0.05571889770436698,0.010975621170676408
9,128.0,105,0.3465779999969527,3.699960510088662,0.05568190049555786,0.01096416017662194
9,128.0,106,0.35026119998656213,3.699992202079458,0.05567745174955795,0.01096095961318988
9,128.0,107,0.3623830999713391,3.7004738261399903,0.05560954757221353,0.010956749251167075
9,128.0,108,0.36338519997661933,3.7004622873140227,0.05561114341785472,0.010957094223969621
9,128.0,109,0.3668034999864176,3.700418442437522,0.055617236324172904,0.010943269882321971
9,128.0,110,0.3724505999707617,3.7001233754656946,0.05565860887809445,0.01096037201683353
9,128.0,111,0.37428109999746084,3.7001029469722777,0.055661472753162,0.010957899918320968
9,128.0,112,0.3760727999615483,3.7000812843067052,0.055664511866650536,0.010957125938358292
9,128.0,113,0.37893179996171966,3.70006634898938,0.055666607584675044,0.010958079270120935
9,128.0,114,0.3929564999998547,3.6999727676152716,0.05567969402755901,0.010956621188124571
9,128.0,115,0.39695809996919706,3.6999510149231267,0.05568272259318785,0.010966879827145615
9,128.0,116,0.4006808999693021,3.6999693279640984,0.05568014778748123,0.010963979017232783
9,128.0,117,0.4052115000085905,3.700005207275524,0.05567511087769757,0.010960816462605827
9,128.0,118,0.4064494000049308,3.700005547084818,0.05567506308487675,0.010960399753111028
9,128.0,119,0.40907090000109747,3.7000069805706852,0.05567486186564077,0.01096039910237434
9,128.0,120,0.41331929998705164,3.700018306241581,0.055673272454335156,0.01095983736878725
9,128.0,121,0.4148243999807164,3.7000266629179697,0.05567209971390903,0.010959625553224495
9,128.0,122,0.4160542999743484,3.700028135863883,0.055671892967766534,0.010959537138078623
9,128.0,123,0.417820299975574,3.7000368784972606,0.055670666040597866,0.010959037947978811
9,128.0,124,0.41903829999500886,3.700037072454333,0.055670638795658665,0.010958885515725991
9,128.0,125,0.4205540000111796,3.700038113081416,0.055670492745981175,0.010958833015645375
9,128.0,126,0.4225868000066839,3.7000402209034475,0.05567019692304149,0.010959095977289501
9,128.0,127,0.4350152999977581,3.7000112008273662,0.05567425151179429,0.010959123755482691
9,128.0,128,0.4381312999757938,3.699988624389662,0.055677413979532665,0.0109614594334424
9,128.0,129,0.441027499968186,3.6999897584631265,0.055677252912878686,0.01096216674804662
9,128.0,130,0.4446081999922171,3.6999938290140406,0.0556766810684649,0.010961590651425324
9,128.0,131,0.44610180001473054,3.699995235337675,0.055676483598197116,0.010961130005965547
9,128.0,132,0.4489295000093989,3.700001754895637,0.05567556866880059,0.010960433702458916
9,128.0,133,0.45205690001603216,3.7000130891901826,0.05567397807415661,0.010959692062642357
9,128.0,134,0.45599079999374226,3.7000266608141374,0.05567207339089421,0.01095952989436011
9,128.0,135,0.45828700001584366,3.7000407801807413,0.055670091869428256,0.010959121055573173
9,128.0,136,0.46786360000260174,3.700043815151046,0.05566964861392633,0.01095794240675707
9,128.0,137,0.4696532000089064,3.700043191377759,0.055669735258200743,0.010958482993102536
9,128.0,138,0.471445599978324,3.7000424804383014,0.05566983461061415,0.010959207102798296
9,128.0,139,0.4749197000055574,3.7000412595790473,0.05567000583155757,0.010959194364720037
9,128.0,140,0.4842882999801077,3.700039173628779,0.055670298484336765,0.01095920475951706
9,128.0,141,0.4892480999697,3.7000374271405114,0.0556705435347039,0.010959115445405732
9,128.0,142,0.49138269998366013,3.700036849201477,0.05567062463329696,0.010959045582078386
9,128.0,143,0.4940636999672279,3.7000361402781374,0.05567072410802714,0.010959056310098525
9,128.0,144,0.49585189996287227,3.700035611474911,0.05567079831255753,0.010959054813608704
9,128.0,145,0.49762089998694137,3.7000356094200946,0.05567079859872157,0.010959103940819004
9,128.0,146,0.5004625999717973,3.7000355448718327,0.05567080765665478,0.010959073071209358
9,128.0,147,0.5042353000026196,3.7000346179506547,0.05567093773175546,0.010959073257558849
9,128.0,148,0.5174671999993734,3.7000243276991434,0.05567238172636068,0.010959931640812659
9,128.0,149,0.5303207999677397,3.699996715768057,0.05567625563906425,0.010960413985830808
9,128.0,150,0.5368268999736756,3.7000272187781356,0.05567197173857078,0.010959253635954957
9,128.0,151,0.537798399978783,3.7000247451875516,0.055672318674200465,0.010959403459181893
9,128.0,152,0.5398447999614291,3.700024458028359,0.055672358918536405,0.010959608133102372
9,128.0,153,0.5426891999668442,3.700024877750816,0.05567230000226888,0.010959565961852213
9,128.0,154,0.5455468000145629,3.7000259508370603,0.05567214939977378,0.01095950793391487
9,128.0,155,0.5470334999845363,3.700026267513664,0.055672104957510314,0.010959473242445616
9,128.0,156,0.5485230999765918,3.700026546101074,0.05567206586084096,0.010959409613526594
9,128.0,157,0.551764199975878,3.700027329242099,0.055671955959508405,0.01095933666447757
9,128.0,158,0.5543257999815978,3.700030020115162,0.05567157833746061,0.010959205842443254
9,128.0,159,0.5561106000095606,3.700032427540307,0.05567124048941675,0.010959099181096943
9,128.0,160,0.5581533999647945,3.7000358797318444,0.055670756025061933,0.01095899710863213
9,128.0,161,0.560199300001841,3.700037409107562,0.05567054139788076,0.010958945696713851
9,128.0,162,0.5630661000031978,3.7000378645322645,0.05567047748480051,0.010958941653865129
9,128.0,163,0.5654606999596581,3.7000377000716766,0.055670500562518425,0.010958979017399173
9,128.0,164,0.5676695000147447,3.7000375650373636,0.05567051950925303,0.010959061399228975
9,512.0,165,0.5707655000151135,3.7000375650373636,0.05567051950925303,0.010959061399228975
9,512.0,166,0.5717368999612518,3.730548564591995,0.05292803863808284,0.011045377895582242
9,512.0,167,0.5729865999892354,3.730809717226843,0.05254314269320848,0.01108594113101169
9,512.0,168,0.5742253999924287,3.739669074455823,0.05190784264271016,0.011117002488537753
9,512.0,169,0.5840455999714322,3.9477345912087167,0.02584585102010418,0.006388556862932049
9,512.0,170,0.5861302000121213,3.977610829758147,0.020096107066922355,0.0048925753777170344
9,512.0,171,0.5898930999683216,3.9920383229342944,0.015561028629787355,0.003447421043675014
9,512.0,172,0.5933555999654345,3.996365539571867,0.014349158829718248,0.003209266287620194
9,512.0,173,0.5956986999954097,3.997126808795292,0.014192924541381418,0.002978415351744701
9,512.0,174,0.5986492999945767,3.997486546687247,0.014129935240371061,0.0028559219189934204
9,512.0,175,0.6007214999990538,3.9975828974706467,0.014114829507138315,0.002801164530054301
9,512.0,176,0.6078451999928802,3.9975945794087653,0.01411305061340698,0.0027933790127435687
9,512.0,177,0.6099548999918625,3.997669283711736,0.014102640868406352,0.002791290060688123
9,512.0,178,0.6112288999720477,3.9976775641048747,0.014101477377328198,0.0027879363624916387
9,512.0,179,0.6211092000012286,3.9982401362222815,0.014022857613200618,0.0027656167151500766
9,512.0,180,0.6366442000144161,3.9985618842435953,0.013965336492085484,0.0027781067250077784
9,512.0,181,0.6453759999712929,3.9988830854234996,0.013890275215790187,0.0027525241768568964
9,512.0,182,0.6463950999896042,3.9989805264376654,0.013859198322763106,0.0027968109716499656
9,512.0,183,0.6498680000077002,3.9992122765735054,0.013812541636474223,0.002731931871654658
9,512.0,184,0.6519693000009283,3.999281055342049,0.013797713538427774,0.002754903554603949
9,512.0,185,0.6540442999685183,3.999173760824788,0.013810462879319887,0.002725138798847171
9,512.0,186,0.6561170999775641,3.998997025227565,0.013833357181848902,0.002729043414941179
9,512.0,187,0.6579144999850541,3.998933438803834,0.013841741735411825,0.0027262726444274854
9,512.0,188,0.6611815000069328,3.9986356930613045,0.013882936733910821,0.002739501562589619
9,512.0,189,0.6706238999613561,3.997931813873437,0.01398108008676367,0.002753867680212241
9,512.0,190,0.6799568000133149,3.997837693400609,0.013994148967805656,0.002759505894305292
9,512.0,191,0.6858359999605455,3.997858027482912,0.013991266788572324,0.0027587160933094657
9,512.0,192,0.6948128999792971,3.997764223638616,0.01400428909583493,0.00276225647500139
9,512.0,193,0.6967891000094824,3.9977596909091204,0.014004915979240926,0.002761455543088931
9,512.0,194,0.7095174000132829,3.997814054600102,0.013997233199578064,0.0027573710700327103
9,512.0,195,0.7235823000082746,3.9984241023772142,0.013910151480776189,0.002749990091760024
9,512.0,196,0.7249866999918595,3.998585602477311,0.013886714221297523,0.0027441003310801904
9,512.0,197,0.7284090999746695,3.998562813972076,0.013888935604377317,0.0027426828714512963
9,512.0,198,0.7296388999675401,3.998560180566736,0.013889115062760941,0.002736056032271117
9,512.0,199,0.7347087999805808,3.9979572161198993,0.013973052896596071,0.0027541297619919636
9,512.0,200,0.736773099983111,3.997939459718641,0.01397548015528608,0.0027569668674289893
9,512.0,201,0.7405481999740005,3.9978711848731545,0.013984981574835204,0.002756792059617208
9,512.0,202,0.7420541999745183,3.997866377027007,0.013985651877686266,0.0027567832260084746
9,512.0,203,0.7483373999712057,3.997840953510674,0.013989200804967308,0.0027576279731755804
9,512.0,204,0.75013180001406,3.9978310418457372,0.013990584060154363,0.002758340218350863
9,512.0,205,0.7558657999616116,3.9978218719282945,0.013991863904629812,0.0027583898546363894
9,512.0,206,0.7576783999684267,3.9978157404888144,0.01399271945635365,0.0027583597075950816
9,512.0,207,0.7592073999694549,3.9978126795851825,0.013993146596220984,0.0027583536975009926
9,512.0,208,0.771601099986583,3.99782048443294,0.013992041697657581,0.002758625957436811
9,512.0,209,0.772757200000342,3.9978295894400295,0.013990769620659193,0.00275817478103324
9,512.0,210,0.7757309000007808,3.9978310956962035,0.013990559057274537,0.0027580001510605356
9,512.0,211,0.7775254999869503,3.9978308261186104,0.013990596626924963,0.002758027196340662
9,512.0,212,0.779595399973914,3.997830237636545,0.013990678707764199,0.002757938335209209
9,512.0,213,0.7816609999863431,3.9978299526202905,0.013990718410468181,0.0027579952330467616
9,512.0,214,0.7829033000161871,3.9978292608676504,0.013990814914677666,0.002758014611933257
9,512.0,215,0.7856487999670208,3.997828140887063,0.013990971187771928,0.0027578993382404438
9,512.0,216,0.7873117999988608,3.997827093996226,0.013991117274657681,0.0027579751625549376
9,512.0,217,0.7923845999757759,3.9978218571366884,0.013991848131354389,0.0027578605758076247
9,512.0,218,0.7941668999847025,3.9978138571996205,0.013992964586132499,0.002758198540372958
9,512.0,219,0.7954015000141226,3.997813713964157,0.013992984445536502,0.00275818575787945
9,512.0,220,0.8100562999607064,3.9977222032693405,0.014005728187356162,0.0027625397014886532
9,512.0,221,0.812127600016538,3.997697048467895,0.014009221181624423,0.0027638727060166346
9,512.0,222,0.8170966999605298,3.9977868716097227,0.013996642951186026,0.002758178262808997
9,512.0,223,0.8186821999843232,3.9977782835133633,0.013997836411689802,0.002758657827375166
9,512.0,224,0.8213101999717765,3.997776805557552,0.013998039186013299,0.0027599904065152003
9,512.0,225,0.8283057999797165,3.9978116680586986,0.0139931723418803,0.002758458009465725
9,512.0,226,0.8295532999909483,3.9978202907093676,0.01399196836081988,0.002758046847611051
9,512.0,227,0.8316192000056617,3.9978244979237747,0.013991380967243106,0.0027579853065140547
9,512.0,228,0.8328608999727294,3.9978258829381748,0.013991187550392605,0.002757880360576781
9,512.0,229,0.8368088999995962,3.9978263798697515,0.013991118096224966,0.0027578898531815943
9,512.0,230,0.8404672999749891,3.9978298913023114,0.013990627699514943,0.002758146366363179
9,512.0,231,0.8484653999912553,3.9978231108711118,0.01399157373704878,0.002758094294792568
9,512.0,232,0.8585437000147067,3.9977753713035558,0.013998215699921693,0.0027598627791638464
9,512.0,233,0.8595155999646522,3.997768193121526,0.013999215060932534,0.002760226107559549
9,512.0,234,0.8632189999916591,3.997787534007129,0.013996514299000007,0.002759795498686879
9,512.0,235,0.864178899966646,3.997787866777415,0.013996467355673968,0.0027596844945555477
9,512.0,236,0.867329399974551,3.997787886807348,0.013996464430934281,0.002759847037130836
9,512.0,237,0.869935099966824,3.997788805002523,0.013996336241675587,0.002759817757196248
9,512.0,238,0.8750097000156529,3.9977976344641597,0.0139951031313093,0.002759088816273403
9,512.0,239,0.8850662999902852,3.997844560440603,0.013988550218817435,0.0027574741514955203
9,512.0,240,0.8981689999927767,3.9979307492979688,0.013976292426344473,0.002751591565575584
9,512.0,241,0.8999614999629557,3.9979306859573898,0.013976283722351204,0.0027525420649846533
9,512.0,242,0.9025944999884814,3.9979254665377004,0.013977007241842167,0.0027512984758035763
9,512.0,243,0.9035728999879211,3.9979201396103976,0.013977748458702517,0.0027514845118976616
9,512.0,244,0.9074280000058934,3.9978815196606887,0.013983114583673061,0.002756477902352894
9,512.0,245,0.9111751000164077,3.9978230752167803,0.013991237387655156,0.002759325415882641
9,512.0,246,0.9144652999821119,3.9978174289989314,0.013992018595626852,0.002759635672449967
9,512.0,247,0.9174620999838226,3.997810975871686,0.013992917728267053,0.0027586140879999332
9,512.0,248,0.9201319999992847,3.9978109373685466,0.013992923037020955,0.0027587811924159045
9,512.0,249,0.9221934999804944,3.9978107262621556,0.013992952485191602,0.0027587668829686107
9,512.0,250,0.9234240999794565,3.9978109210015034,0.013992925262012512,0.0027587133334535663
9,512.0,251,0.9260481999954209,3.9978100150700424,0.013993051607473562,0.0027582143322947283
9,512.0,252,0.9313945999601856,3.997811040542522,0.01399290831655796,0.002758401510832398
9,512.0,253,0.9447868000133894,3.9977047631078095,0.014007679487145023,0.0027638941221670432
9,512.0,254,0.9507681999821216,3.9977129382639243,0.014006490235537893,0.0027620132826173815
9,512.0,255,0.9553375999676064,3.9977907243959865,0.013995622409230165,0.002760543872640575
9,512.0,256,0.957478899974376,3.9977992681418293,0.013994428827863302,0.0027589428810339545
9,512.0,257,0.9600571999908425,3.9978179871813655,0.013991814843979229,0.002757939398989162
9,512.0,258,0.962724499986507,3.9978243929947075,0.013990920147631725,0.0027577668810088163
9,512.0,259,0.9636913000140339,3.9978247481104234,0.013990870426435625,0.0027577512401366633
9,512.0,260,0.9657582999789156,3.997826576797622,0.013990615011917142,0.0027578009101530965
9,512.0,261,0.9678133999696001,3.9978270043931214,0.013990555222319083,0.002757817283922215
9,512.0,262,0.969041800010018,3.997826734324241,0.013990592875834188,0.002757828599992851
9,512.0,263,0.9710807999945246,3.9978266857860443,0.013990599579706277,0.0027578559992753604
9,512.0,264,0.9745062000001781,3.997826317766383,0.013990650863875846,0.002757779249995873
9,512.0,265,0.9767985999933444,3.997825806528657,0.013990722170060392,0.002757665691126454
9,512.0,266,0.9780061999917962,3.9978251564863427,0.01399081287961657,0.002757643491700712
9,512.0,267,0.9904311000136659,3.9977234069778014,0.014004993053828319,0.0027604129016227663
9,512.0,268,0.9993635999853723,3.9977869639078416,0.013996004139305433,0.0027601834445956097
9,512.0,269,1.0003284999984317,3.9977894512311307,0.013995639887836515,0.0027603804856746184
9,512.0,270,1.003184399974998,3.99781678124564,0.013991814822044688,0.00275884379461111
9,512.0,271,1.0081734000123106,3.997819977990095,0.013991367361297807,0.002758480748464076
9,512.0,272,1.0098023999598809,3.9978201645416513,0.013991341102509856,0.0027583611895423132
9,512.0,273,1.0146405000123195,3.9978218523603473,0.013991105372796927,0.0027579214308621758
9,512.0,274,1.0163210000027902,3.99782339175463,0.013990890394266953,0.0027577782875272128
9,512.0,275,1.0184841000009328,3.997824065812525,0.013990796276943426,0.002757747364188101
9,512.0,276,1.0200980000081472,3.9978250740148606,0.013990655493159145,0.0027576553233291667
9,512.0,277,1.0281177000142634,3.997831140835759,0.01398980834940253,0.0027575208464479806
9,512.0,278,1.0294176999595948,3.997836165292706,0.013989106786862358,0.0027573355790619924
9,512.0,279,1.031473900016863,3.997837339110948,0.013988942866603668,0.0027573516138345022
9,512.0,280,1.034049200010486,3.997838517111122,0.013988778338963986,0.002757405524428047
9,512.0,281,1.0477560000144877,3.9978945036922604,0.013980930170293029,0.002756871842963582
9,512.0,282,1.0497970000142232,3.9978896393785828,0.013981599500155942,0.0027557946980680814
9,512.0,283,1.055338500009384,3.997820857761191,0.013991187473783447,0.002758619694463005
9,512.0,284,1.0568565999856219,3.9978171042465003,0.013991710012887588,0.0027588889507426106
9,512.0,285,1.0594330999883823,3.9978134390607174,0.013992220681786538,0.0027583962777386617
9,512.0,286,1.0612037999671884,3.9978160123070667,0.013991861230069551,0.002758087788922503
9,512.0,287,1.0637708000140265,3.9978196133301873,0.013991358378572608,0.002758033303027929
9,512.0,288,1.065041999972891,3.9978200548015623,0.013991296664054267,0.0027580645384075453
9,512.0,289,1.0673045999719761,3.9978207772821803,0.013991195752687847,0.0027578998838199142
9,512.0,290,1.0729188999976031,3.9978355769780025,0.01398912927317204,0.002757496634844925
9,512.0,291,1.0745563000091352,3.9978398550849357,0.013988531800836965,0.0027571117670428524
9,512.0,292,1.0763286000001244,3.9978444125276082,0.013987895332901344,0.002756848020930236
9,512.0,293,1.0801582999993116,3.9978516562801585,0.013986883611027224,0.0027569054076801436
9,512.0,294,1.098642299999483,3.9978938000342508,0.013980879745639581,0.0027586214283230603
9,512.0,295,1.1007788999704644,3.997893954061548,0.013980842071822154,0.002757620758998769
9,512.0,296,1.1036521999631077,3.997888254096935,0.013981629205829422,0.002756532920080601
9,512.0,297,1.1049028999987058,3.99789010583043,0.013981367507511652,0.002755776706758417
9,512.0,298,1.1082343999878503,3.9978876754143693,0.013981702536207924,0.0027555964901383456
9,512.0,299,1.113858699973207,3.997848197179109,0.013987212395312127,0.002757340924944063
9,512.0,300,1.1176607999950647,3.997827267155947,0.013990133775261471,0.0027576221963927505
9,512.0,301,1.1189739999826998,3.9978269053971602,0.013990184217373592,0.0027576693811226516
9,512.0,302,1.120213899994269,3.9978269052091924,0.01399018423930693,0.002757660885102875
9,512.0,303,1.1214356999844313,3.9978268730371402,0.01399018872972455,0.002757659831074566
9,512.0,304,1.1224089000024833,3.997826875903119,0.013990188327124292,0.0027576194925914566
9,512.0,305,1.123924499959685,3.997826870228856,0.013990189116956346,0.002757621667136556
9,512.0,306,1.126669299963396,3.9978268168717523,0.013990196561014946,0.0027576137683367197
9,512.0,307,1.1303390999673866,3.997826062805463,0.013990301813743923,0.002757621545387612
9,512.0,308,1.1330100999912247,3.9978256118200424,0.01399036476028966,0.0027575785802373964
9,512.0,309,1.1356717000016943,3.9978255696105327,0.01399037064844663,0.002757587271474571
9,512.0,310,1.1387397999642417,3.9978249201331195,0.01399046131148925,0.0027575901804347547
9,512.0,311,1.1406570000108331,3.9978245790209215,0.013990508927913344,0.0027575817808757064
9,512.0,312,1.1435966999852099,3.997824090773978,0.013990577085704557,0.0027576019256861928
9,512.0,313,1.145248199987691,3.9978234688495444,0.013990663902841526,0.0027576412280646556
9,512.0,314,1.1481875999597833,3.997823210228278,0.013990700004918949,0.0027576615915585467
9,512.0,315,1.150572300015483,3.9978225246328347,0.013990795711598322,0.0027576954596870706
9,512.0,316,1.1568370999884792,3.9978224230020736,0.013990809899136841,0.0027577020371154504
9,2048.0,317,1.1609910000115633,3.9978224230020736,0.013990809899136841,0.0027577020371154504
9,2048.0,318,1.1624440000159666,4.005051520391435,0.01334523760658539,0.0030016302027056074
9,2048.0,319,1.1642171000130475,4.005161504079496,0.013237422164082547,0.002817250034356955
9,2048.0,320,1.1657884999876842,4.00763599255877,0.013065036989963037,0.0027766081061202375
9,2048.0,321,1.1745360000059009,4.057909428371916,0.006984240237133439,0.002098632166401715
9,2048.0,322,1.1774161999928765,4.07098625439823,0.004180475092571457,0.0010035673751830343
9,2048.0,323,1.181592000008095,4.072641324417865,0.003621849334349451,0.0007795504267891218
9,2048.0,324,1.1847243999945931,4.073442598260202,0.0034602641615871744,0.0007198300365555133
9,2048.0,325,1.1873087999993004,4.0732901061082405,0.0034688148509593978,0.0007096064367204669
9,2048.0,326,1.1898644999600947,4.0732888899350215,0.0034685753497982,0.0006923412445516419
9,2048.0,327,1.192854599968996,4.073271123477318,0.003470929887927754,0.0006920743114291472
9,2048.0,328,1.1990957999951206,4.073166769739654,0.0034851389853658445,0.0006867847880307476
9,2048.0,329,1.2015863999840803,4.073137500689733,0.003489181165611117,0.0006881772652653773
9,2048.0,330,1.2056309999898076,4.073070934008525,0.0034984111678969237,0.0006894349447719161
9,2048.0,331,1.2117947000078857,4.073030394655117,0.003504046172130799,0.0006915380673556681
9,2048.0,332,1.2127554999897256,4.073028864570157,0.0035042582727844358,0.0006916157193875838
9,2048.0,333,1.215423199988436,4.073028813729777,0.0035042648575351774,0.0006918775248005993
9,2048.0,334,1.2210977000067942,4.07302220550958,0.0035051835940884614,0.0006910830080179009
9,2048.0,335,1.2231819999869913,4.073019097506665,0.003505615487734149,0.0006910799262879186
9,2048.0,336,1.2301153999869712,4.073001073416726,0.0035081140065311243,0.000691380103606587
9,2048.0,337,1.2449807999655604,4.072735728933322,0.0035443960508381596,0.00070471530604449
9,2048.0,338,1.2578727999934927,4.0728828756252895,0.003521865425335105,0.0007005375541688785
9,2048.0,339,1.258883300004527,4.073013426949261,0.003503068371420232,0.0006990060283640354
9,2048.0,340,1.2604112999979407,4.072999621934281,0.0035048087882950355,0.0006962062628949051
9,2048.0,341,1.2632461999892257,4.072986260999011,0.0035066098780746255,0.0006928542994159015
9,2048.0,342,1.2663821000023745,4.072982779903937,0.003507073766401616,0.0006918888396827416
9,2048.0,343,1.2703174999915063,4.072987221454998,0.003506450307420458,0.0006912613003519086
9,2048.0,344,1.2721786999609321,4.072991129733357,0.0035059045309468514,0.0006915897267143478
9,2048.0,345,1.275327900017146,4.0729995259495535,0.003504733396093303,0.0006916676141802691
9,2048.0,346,1.2771047999849543,4.073003988372092,0.0035041109009169504,0.0006914789642449293
9,2048.0,347,1.2794103999622166,4.073006543501819,0.0035037545061601286,0.0006912498277864554
9,2048.0,348,1.2834055999992415,4.07300873104321,0.0035034492281414372,0.0006909347767372065
9,2048.0,349,1.2861499999999069,4.073012159271943,0.0035029710583386066,0.0006905940655128617
9,2048.0,350,1.2882230000104755,4.073013283289946,0.0035028142769325415,0.0006905210862648836
9,2048.0,351,1.2916214999859221,4.073016030581594,0.0035024307626258717,0.0006905029214633318
9,2048.0,352,1.295838999969419,4.073016852578338,0.0035023152659751046,0.0006906351675762812
9,2048.0,353,1.2994935999740846,4.0730100816539325,0.003503254540245181,0.0006915736151940077
9,2048.0,354,1.300981900014449,4.073009682325572,0.003503309083189072,0.0006914112009172024
9,2048.0,355,1.305306299997028,4.073007617535605,0.003503595576043672,0.000691000125988217
9,2048.0,356,1.3065540000097826,4.073005687978171,0.0035038638419634277,0.0006906485058936207
9,2048.0,357,1.308654899999965,4.073005826247959,0.0035038444354643073,0.0006906588010524572
9,2048.0,358,1.3107588000129908,4.073005868366539,0.0035038384378371494,0.0006907551354943253
9,2048.0,359,1.3133628999930806,4.0730057024561255,0.003503861198701213,0.0006911318913291886
9,2048.0,360,1.3157098999945447,4.073005549559546,0.0035038822150283504,0.0006912225632416114
9,2048.0,361,1.3221440999768674,4.073005106030918,0.003503943443452655,0.0006911646063153531
9,2048.0,362,1.3248738999827765,4.073004825322879,0.0035039821437682535,0.0006911563522417064
9,2048.0,363,1.3433810999849811,4.073267521352845,0.0034667594992272154,0.0006874897564093096
9,2048.0,364,1.3446089999633841,4.073301789495433,0.0034617988636353246,0.0006854025029550126
9,2048.0,365,1.3574818999622948,4.073185629351269,0.0034775239704126068,0.0006859663981207964
9,2048.0,366,1.358434199995827,4.0730250973612705,0.0034997249793378496,0.0006888980383394916
9,2048.0,367,1.3596796999918297,4.0730542901023155,0.0034955669957475936,0.000687312728310352
9,2048.0,368,1.3620452999603003,4.073068222012466,0.0034935942088833998,0.00068683792881441
9,2048.0,369,1.3641010000137612,4.073070747684367,0.003493232084787771,0.000687440708703857
9,2048.0,370,1.3676648999680765,4.0730562559497185,0.0034952476526693694,0.0006892771503016482
9,2048.0,371,1.3713484999607317,4.073020903237257,0.0035001738767859512,0.0006902491412990042
9,2048.0,372,1.3728444000007585,4.073015568790535,0.003500916990727487,0.0006904251702690711
9,2048.0,373,1.3756827999604866,4.073011018995047,0.003501550864214013,0.0006904006460670686
9,2048.0,374,1.378806099994108,4.07300801020647,0.0035019700382358286,0.0006905736792124362
9,2048.0,375,1.381625999987591,4.073007269854012,0.0035020732159729453,0.0006906377111914885
9,2048.0,376,1.383397799974773,4.073006780172813,0.003502141453757553,0.0006906364259569031
9,2048.0,377,1.3851661999942735,4.0730064204797625,0.0035021915908054206,0.0006906502486325738
9,2048.0,378,1.3866734000039287,4.0730062384690395,0.0035022169573883655,0.0006906476407122497
9,2048.0,379,1.3887453000061214,4.073006215539758,0.0035022201452580004,0.0006906381127751438
9,2048.0,380,1.390507499978412,4.0730060336192615,0.0035022455028931865,0.0006906107203763501
9,2048.0,381,1.3928775999811478,4.073005950109255,0.0035022571433085178,0.0006905874797831224
9,2048.0,382,1.394943899998907,4.0730059868743895,0.0035022520144872603,0.0006905428975494399
9,2048.0,383,1.3997404999681748,4.073005964163066,0.003502255178651735,0.0006905416621920679
9,2048.0,384,1.4024147000163794,4.073005957283987,0.0035022561367083972,0.0006905434264088406
9,2048.0,385,1.408392500015907,4.073006007191736,0.003502249176496965,0.0006905419969860382
9,2048.0,386,1.4114789000013843,4.073006155951648,0.003502228434386338,0.0006905454293026914
9,2048.0,387,1.4142060999874957,4.073006241489072,0.0035022165063452516,0.0006905402202161959
9,2048.0,388,1.4165707000065595,4.07300633047055,0.0035022040959815154,0.0006905316126664118
9,2048.0,389,1.4183493999880739,4.073006912807763,0.003502122896161186,0.0006905023628607232
9,2048.0,390,1.4210352000081912,4.073007435270416,0.003502050042292753,0.0006904569464736277
9,2048.0,391,1.4231515999999829,4.073007970270839,0.00350197543554942,0.0006904401836348439
9,2048.0,392,1.4265218999935314,4.073008800256279,0.0035018596911517174,0.0006903753088092213
9,2048.0,393,1.4296700999839231,4.073008865848791,0.003501850534337892,0.0006903616853577432
9,2048.0,394,1.4354472999693826,4.0730087078738455,0.0035018725189602576,0.0006903920231630112
9,2048.0,395,1.4386710000107996,4.0730082803399075,0.0035019320268091813,0.000690456447273835
9,2048.0,396,1.441860499966424,4.0730073408250504,0.0035020628945060684,0.0006905585326411057
9,2048.0,397,1.4600604000152089,4.072983411425462,0.0035053742952914,0.00069172805917328
9,2048.0,398,1.4612980000092648,4.072977456150115,0.0035061957009700695,0.0006919690236938392
9,2048.0,399,1.4647149000084028,4.072978652646174,0.003506025831794136,0.00069193458071104
9,2048.0,400,1.4667102000094019,4.072981682769608,0.0035056014139224364,0.0006914591880394783
9,2048.0,401,1.4697106999810785,4.072988673434285,0.003504626361685813,0.000691170806633945
9,2048.0,402,1.473166299983859,4.072994045887981,0.003503876989520475,0.0006908718470580721
9,2048.0,403,1.4766804999671876,4.072997308038257,0.003503421956996936,0.0006907926105357287
9,2048.0,404,1.4790499999653548,4.072999101983145,0.003503171808078525,0.0006907651724079589
9,2048.0,405,1.4811935999896377,4.072999549206209,0.0035031093775198937,0.0006907664857693785
9,2048.0,406,1.4833419999922626,4.07300015288688,0.0035030251826329946,0.0006907046560455932
9,2048.0,407,1.4851580999675207,4.073000661218629,0.003502954265908887,0.0006906891580327201
9,2048.0,408,1.4875900999759324,4.073001273555034,0.003502868872034746,0.0006906740981591497
9,2048.0,409,1.4905012999661267,4.073001251839187,0.003502871851228554,0.0006906987821394539
9,2048.0,410,1.492561899998691,4.073001411985224,0.0035028494985424805,0.000690707331108098
9,2048.0,411,1.4949469999992289,4.073001814066158,0.003502793429457576,0.0006906994319573201
9,2048.0,412,1.4967223000130616,4.0730025223164645,0.003502694670563566,0.0006906834992195243
9,2048.0,413,1.4998176000081003,4.0730025401454935,0.0035026921822837545,0.0006906829371826628
9,2048.0,414,1.5021814999636263,4.073002609810029,0.0035026824638009547,0.0006906709667942046
9,2048.0,415,1.5066110999905504,4.073002691952327,0.003502671006752571,0.0006906622067308632
9,2048.0,416,1.5158441999810748,4.073002730500465,0.0035026656314821594,0.0006906589734363422
9,2048.0,417,1.523875999962911,4.07300279305599,0.003502656910057543,0.000690656084028296
9,2048.0,418,1.5262391999713145,4.0730028076167,0.003502654877504726,0.0006906509489084112
9,2048.0,419,1.5294570999685675,4.073002838588329,0.0035026505593014966,0.0006906501019738887
9,2048.0,420,1.536358100012876,4.073002889595005,0.003502643448270477,0.0006906478306922814
9,2048.0,421,1.539895299996715,4.073002893140445,0.003502642953146674,0.000690647026384994
9,2048.0,422,1.5444471999653615,4.073002904083781,0.00350264142746014,0.0006906441080529735
9,2048.0,423,1.5467687000054866,4.073002919223441,0.0035026393162057,0.0006906466255353072
9,2048.0,424,1.5496933999820612,4.073002968782993,0.0035026324066330288,0.00069064571273314
9,2048.0,425,1.5534977999632247,4.0730030925337655,0.003502615153483634,0.00069063772406186
9,2048.0,426,1.5573139999760315,4.073003160441042,0.0035026056862273473,0.0006906356256468626
9,2048.0,427,1.562256700010039,4.073003254965547,0.0035025925079849272,0.0006906316863717343
9,2048.0,428,1.5696854999987409,4.073003348206407,0.0035025795086363583,0.0006906290863535336
9,2048.0,429,1.5758432999718934,4.073003441445268,0.0035025665101504474,0.0006906271369507833
9,2048.0,430,1.5804875000030734,4.073003487164608,0.003502560135746123,0.0006906253014464792
9,2048.0,431,1.584918699983973,4.073003581520457,0.003502546981619851,0.0006906221911180399
9,2048.0,432,1.5955537999980152,4.0730036660285025,0.003502535200248753,0.0006906167002318497
9,2048.0,433,1.5990773999947123,4.0730038409711105,0.0035025108110260765,0.0006906103712238654
9,2048.0,434,1.6007163999602199,4.07300393559587,0.0035024976183839034,0.000690607550680955
9,2048.0,435,1.6053552000084892,4.073003984088,0.0035024908578232643,0.0006906032171145604
9,2048.0,436,1.6089432999724522,4.073004044451044,0.0035024824421705588,0.0006906013653518173
9,2048.0,437,1.6118820999981835,4.073004071660419,0.0035024786486057146,0.0006906012546132878
9,2048.0,438,1.6164537000004202,4.073004116290385,0.003502472426525474,0.0006905985428851125
9,2048.0,439,1.6190904999966733,4.0730041156599714,0.003502472514066648,0.0006906016446410757
9,2048.0,440,1.6208697999827564,4.073004115559664,0.0035024725279616748,0.0006906011592123784
9,8192.0,441,1.6227788999676704,4.073004115559664,0.0035024725279616748,0.0006906011592123784
9,8192.0,442,1.624414399964735,4.0748319000351,0.003339423828634629,0.0006919240734800658
9,8192.0,443,1.6274119999725372,4.074843017238086,0.0033203075529150655,0.0007064738887030408
9,8192.0,444,1.6299760999972932,4.075231863487212,0.003293767845474463,0.000700939778979337
9,8192.0,445,1.6313417999772355,4.075272023569948,0.0032886929452702147,0.0007022340364294388
9,8192.0,446,1.6359702000045218,4.08053920536026,0.0027723482210493563,0.0007089522006783477
9,8192.0,447,1.6402772999717854,4.0890676649606625,0.001558984023595777,0.0006024492619411959
9,8192.0,448,1.6428970000124536,4.09090469076462,0.001134869193249225,0.0002875807548171627
9,8192.0,449,1.6456037999596447,4.091474163354183,0.0009904472406485085,0.000244961287379164
9,8192.0,450,1.6512064000125974,4.0920760754433365,0.0008518026861006109,0.00019566104870960555
9,8192.0,451,1.6570444999961182,4.091991521061244,0.0008580246454209475,0.0001855240365971067
9,8192.0,452,1.6615266000153497,4.091960251782036,0.0008610301245272413,0.00017227245354767273
9,8192.0,453,1.6650018999935128,4.09195530094524,0.0008615112241187492,0.00017074137242378828
9,8192.0,454,1.6719783999724314,4.091951804822256,0.0008619464843759041,0.0001702824976651529
9,8192.0,455,1.673234899993986,4.091947350220337,0.0008625618375619162,0.00017036717265306311
9,8192.0,456,1.674184300005436,4.091935976746132,0.0008641489679234006,0.0001709973028062306
9,8192.0,457,1.676850599993486,4.091917733231071,0.000866672670730222,0.00017164491788923542
9,8192.0,458,1.6794268999947235,4.0919064810336,0.0008682375898054687,0.00017133498823829196
9,8192.0,459,1.6837113999645226,4.091856186002417,0.0008752308174942455,0.00017332471277553552
9,8192.0,460,1.6863077000016347,4.091851951162214,0.0008758167444640892,0.00017285965077151744
9,8192.0,461,1.6904938999796286,4.091851119203117,0.000875931040333562,0.00017282174922905735
9,8192.0,462,1.6924648999702185,4.091850727192464,0.0008759852318957598,0.00017274879472095606
9,8192.0,463,1.693440000002738,4.091850671458867,0.0008759927123670478,0.00017275621237189398
9,8192.0,464,1.6962876999750733,4.091850246178431,0.0008760516865593873,0.00017278951473542747
9,8192.0,465,1.6987620000145398,4.091850002716004,0.0008760854156435039,0.00017282130933171658
9,8192.0,466,1.6997673999867402,4.091849952048195,0.0008760923721281488,0.00017281415043468584
9,8192.0,467,1.7021961999707855,4.091849896415418,0.0008761000883687386,0.0001728241598208946
9,8192.0,468,1.7051484999828972,4.091849812674579,0.0008761117201985697,0.0001728079352005807
9,8192.0,469,1.7077460999717005,4.0918497357145505,0.0008761224193153707,0.00017280627536986337
9,8192.0,470,1.7100503999972716,4.091849580299403,0.000876144022095094,0.00017278953890176307
9,8192.0,471,1.7126338999951258,4.0918495087612445,0.0008761539748924542,0.00017279482575582872
9,8192.0,472,1.7149318999727257,4.091849455614474,0.0008761613658556162,0.00017280074668368783
9,8192.0,473,1.715876100002788,4.0918494506227026,0.0008761620513152694,0.0001728028433820583
9,8192.0,474,1.7184614000143483,4.091849450142035,0.0008761621110476564,0.00017279108108858576
9,8192.0,475,1.7211099999840371,4.09184943877292,0.0008761636942195945,0.00017279096742717215
9,8192.0,476,1.7224436000105925,4.091849426361973,0.0008761654217371754,0.00017278919351992883
9,8192.0,477,1.7359660000074655,4.091850322781028,0.0008760401730472381,0.0001727440185952389
9,8192.0,478,1.7494645999977365,4.091874960868789,0.0008725639011383635,0.00017253018713558887
9,8192.0,479,1.750688900006935,4.091874963791302,0.0008725585801160847,0.00017195693282934243
9,8192.0,480,1.7533243999932893,4.091875135574429,0.000872531877439211,0.00017193346223731698
9,8192.0,481,1.7581446999683976,4.091872910647189,0.000872831833018597,0.00017174480500559142
9,8192.0,482,1.760731799993664,4.091869192184693,0.0008733472238853931,0.0001718491814068912
9,8192.0,483,1.763058100012131,4.091861385307388,0.0008744328178398854,0.00017246665401904338
9,8192.0,484,1.7661715999711305,4.091852547752197,0.0008756631347397143,0.00017295544276030306
9,8192.0,485,1.7674092999659479,4.091852343265135,0.0008756911482972578,0.00017288393742487251
9,8192.0,486,1.7692002999829128,4.091852036437974,0.0008757337957704713,0.00017283300989889838
9,8192.0,487,1.7718262000125833,4.0918516032128425,0.0008757940617332805,0.00017278921242125378
9,8192.0,488,1.7742471999954432,4.091851004750521,0.0008758773965179929,0.0001727422385366939
9,8192.0,489,1.776585299987346,4.09185035567148,0.0008759677683734844,0.00017272994517181228
9,8192.0,490,1.7797186999814585,4.091849985233889,0.0008760193456785436,0.0001727372940373284
9,8192.0,491,1.78121960000135,4.091849703162632,0.0008760586229087416,0.0001727404544882294
9,8192.0,492,1.7831963999778964,4.091849604699543,0.0008760723274956754,0.00017273029702613574
9,8192.0,493,1.7841591999749653,4.091849604545043,0.0008760723444217563,0.00017274220221008552
9,8192.0,494,1.7856818999862298,4.091849597352043,0.0008760733461246449,0.00017274214078921712
9,8192.0,495,1.7889883000170812,4.091849575696135,0.0008760763596493812,0.00017273539834383733
9,8192.0,496,1.8012560000061058,4.091848100835256,0.0008762817259691338,0.0001728857918684712
9,8192.0,497,1.8032389999716543,4.0918479461498904,0.0008763032421146602,0.00017289710486600995
9,8192.0,498,1.8053245999617502,4.091847461574969,0.000876370698264088,0.00017293470823120938
9,8192.0,499,1.8079420999856666,4.091847123750021,0.0008764177103623193,0.00017294640399101446
9,8192.0,500,1.8100178999593481,4.091846100297544,0.0008765601630768968,0.00017295745640533156
9,8192.0,501,1.8117259999853559,4.091845748541557,0.0008766090687910978,0.00017294256474476022
9,8192.0,502,1.81495139998151,4.091844951675474,0.0008767199042347188,0.00017296723608406506
9,8192.0,503,1.8173590999795124,4.091844393152975,0.0008767974572196873,0.0001729419727276582
9,8192.0,504,1.829674899985548,4.0918267400567405,0.0008791190153369341,0.00017444497142216076
9,8192.0,505,1.8314580000005662,4.091826802897039,0.0008790858147092691,0.0001746011068237685
9,8192.0,506,1.8342037000111304,4.091826802911837,0.000879085811676423,0.00017460109672950974
9,8192.0,507,1.8351983999600634,4.091826456548288,0.0008791250581649119,0.0001745363712574166
9,8192.0,508,1.8386363000026904,4.091822801764161,0.0008795931199997004,0.00017377333881352097
9,8192.0,509,1.843139800010249,4.091831614651466,0.0008783473206120488,0.00017324834871468298
9,8192.0,510,1.845466699975077,4.0918355584771255,0.0008777965677233065,0.00017336814198487538
9,8192.0,511,1.8486190999974497,4.091838598692783,0.0008773727024043749,0.0001732302427510657
9,8192.0,512,1.8512508000130765,4.091842318239068,0.0008768543215098746,0.00017301524875490415
9,8192.0,513,1.8532959999865852,4.091843165510664,0.0008767361169661945,0.00017293938252094243
9,8192.0,514,1.8545363000012003,4.091844171500446,0.0008765958462227313,0.00017285035832381723
9,8192.0,515,1.8562888000160456,4.091844512359442,0.0008765483023513463,0.00017284897119262954
9,8192.0,516,1.8580722999759018,4.091845623574203,0.000876393418248271,0.00017280050154955262
9,8192.0,517,1.8601030000136234,4.091846414948692,0.0008762830946786055,0.000172794627148809
9,8192.0,518,1.8618968999944627,4.091847326950086,0.000876155958812197,0.0001727798573107897
9,8192.0,519,1.8644665000028908,4.091847980962184,0.0008760647174259383,0.0001727743391587433
9,8192.0,520,1.8659581000101753,4.091848029058996,0.0008760579788030776,0.00017276654241993317
9,8192.0,521,1.8677131999866106,4.091848042160425,0.0008760561166197677,0.00017275789932325036
9,8192.0,522,1.8691913000075147,4.0918481265226765,0.0008760443433734962,0.000172749514488868
9,8192.0,523,1.870411799987778,4.0918481264428035,0.0008760443486612972,0.00017274890581864266
9,8192.0,524,1.8732747999601997,4.091848113273389,0.0008760461829810638,0.00017274814029244467
9,8192.0,525,1.8827103999792598,4.0918481048278466,0.0008760473402921429,0.00017275629708590756
9,8192.0,526,1.8909158000024036,4.091848104008742,0.0008760474424354408,0.0001727574091683337
9,8192.0,527,1.894142200006172,4.091848114985794,0.0008760459074678087,0.0001727594228053686
9,8192.0,528,1.8967662999639288,4.0918481130572655,0.000876046172689324,0.00017276554263712107
9,8192.0,529,1.899147299991455,4.091848117605397,0.000876045535939498,0.00017276253990239354
9,8192.0,530,1.902372699987609,4.09184813567124,0.0008760430139082301,0.00017276963916035282
9,8192.0,531,1.9058228000067174,4.091848152856476,0.0008760406142705768,0.00017277111146141166
9,8192.0,532,1.9100100999930874,4.091848158252878,0.0008760398575770708,0.0001727719781170478
9,8192.0,533,1.9127687999862246,4.0918481645604645,0.0008760389755604438,0.0001727730422667051
9,8192.0,534,1.9148439000127837,4.091848175108339,0.0008760375039252765,0.00017276939601873487
9,8192.0,535,1.9256534000160173,4.09184816569696,0.0008760388112696983,0.00017276640759000816
9,8192.0,536,1.9331074999645352,4.091848158825088,0.0008760397638340073,0.0001727644937551398
9,8192.0,537,1.9359003999852575,4.091848165121,0.0008760388831364828,0.00017275945304828788
9,8192.0,538,1.9386129999766126,4.091848157284254,0.0008760399690642713,0.00017274783550913497
9,8192.0,539,1.94327049999265,4.091848174672274,0.0008760375411818181,0.00017274473323336537
9,8192.0,540,1.9469146999763325,4.091848189414585,0.0008760354766450703,0.00017274411314360805
9,8192.0,541,1.9500386000145227,4.091848198149269,0.0008760342549679354,0.00017274482875873076
9,8192.0,542,1.9520581999677233,4.091848213153478,0.0008760321584382225,0.0001727499418731071
9,8192.0,543,1.9551830000127666,4.091848217716526,0.000876031518944412,0.00017274809523337709
9,8192.0,544,1.9585681000025943,4.091848222701701,0.0008760308176887477,0.0001727529822539431
9,8192.0,545,1.961934899969492,4.091848224538223,0.0008760305599716926,0.00017275381932568834
9,8192.0,546,1.9658962999819778,4.091848222406793,0.0008760308564395077,0.00017275363281132883
9,8192.0,547,1.968730799970217,4.091848207225576,0.0008760329686694274,0.0001727570810240442
9,8192.0,548,1.9718520999886096,4.091848207160746,0.0008760329766036469,0.00017275493429280697
9,8192.0,549,1.9877586999791674,4.09184820773403,0.0008760328965761334,0.00017275441226416444
9,8192.0,550,1.99242329999106,4.091848207225165,0.0008760329669541244,0.00017275471211541937
9,8192.0,551,1.9966551999677904,4.0918482079586465,0.0008760328646468951,0.00017275423301543746
9,32768.0,552,1.9984873000066727,4.0918482079586465,0.0008760328646468951,0.00017275423301543746
9,32768.0,553,2.0005771999713033,4.092316145858803,0.0008342853230237228,0.0001831297018424216
9,32768.0,554,2.0037254999624565,4.0923523953621705,0.00081970897709748,0.00017893090892329155
9,32768.0,555,2.0056344000040554,4.092474436376721,0.0008108725097954111,0.00017991204098599667
9,32768.0,556,2.00967950001359,4.094188202490774,0.0006468617793912432,0.00018292342415660023
9,32768.0,557,2.01064170000609,4.094470819331074,0.0006149351407305437,0.00018314860946810896
9,32768.0,558,2.013557899976149,4.095846402736571,0.00040416780629081876,0.0001373825293501385
9,32768.0,559,2.0156537999864668,4.09636025234341,0.0002840353568987945,8.574601292810069e-05
9,32768.0,560,2.0195542000001296,4.096498326255906,0.00023828925526403138,5.5565424067038904e-05
9,32768.0,561,2.0236997999600135,4.096554294159757,0.00022326404943749805,4.962039035033561e-05
9,32768.0,562,2.027424299973063,4.096562802782963,0.00021967195199039974,4.709786319789799e-05
9,32768.0,563,2.030328599968925,4.096568291459987,0.0002184749478752419,4.400519635061606e-05
9,32768.0,564,2.0330241000046954,4.0965682008632855,0.00021841689660146793,4.343365209447114e-05
9,32768.0,565,2.0358145000063814,4.09656822618749,0.00021840922586192677,4.342966835058082e-05
9,32768.0,566,2.039767900016159,4.0965682584319945,0.00021840322513576058,4.3410953012634756e-05
9,32768.0,567,2.042053000011947,4.096568208446239,0.00021840781748049055,4.331871506080276e-05
9,32768.0,568,2.046667199989315,4.096566888858772,0.00021858928793643676,4.3161574284855675e-05
9,32768.0,569,2.0492751999991015,4.09656665057452,0.00021862217837890593,4.31023095892602e-05
9,32768.0,570,2.05106229998637,4.096566515273462,0.00021864097519125634,4.308156916432715e-05
9,32768.0,571,2.0534116000053473,4.096566364441857,0.0002186619497482237,4.308352456927622e-05
9,32768.0,572,2.0578503999859095,4.096566047831454,0.00021870603790292599,4.308655334694933e-05
9,32768.0,573,2.0604241999681108,4.096565737570916,0.00021874927480799606,4.3102845550646585e-05
9,32768.0,574,2.0619346000021324,4.096565050002252,0.0002188450367323247,4.3143847285875836e-05
9,32768.0,575,2.064857099961955,4.096564755946687,0.0002188859921438412,4.315734264304094e-05
9,32768.0,576,2.068515299994033,4.096564382808253,0.0002189379220416826,4.317731366720867e-05
9,32768.0,577,2.072797400003765,4.096564257459681,0.00021895536280639152,4.318186507457078e-05
9,32768.0,578,2.0768142999731936,4.096564162036486,0.00021896865778697568,4.318509135214921e-05
9,32768.0,579,2.0790329999872483,4.0965640487658685,0.0002189844219928565,4.318493516908273e-05
9,32768.0,580,2.081931099994108,4.096563969075596,0.00021899551676083417,4.318812182446674e-05
9,32768.0,581,2.0848007000167854,4.096563890998985,0.0002190063875556553,4.319045106115915e-05
9,32768.0,582,2.0876585000078194,4.09656386334798,0.0002190102371659542,4.3190471711085365e-05
9,32768.0,583,2.09160729998257,4.096563783817728,0.0002190213101133565,4.3194590523709664e-05
9,32768.0,584,2.0968772000051104,4.096563773705169,0.0002190227099132372,4.319842508015981e-05
9,32768.0,585,2.1016094000078738,4.0965637047513725,0.00021903230850413982,4.32002023365019e-05
9,32768.0,586,2.1028603999875486,4.096563704677468,0.0002190323135088301,4.319724630652555e-05
9,32768.0,587,2.105173499963712,4.09656369653003,0.00021903344802566397,4.319704640431965e-05
9,32768.0,588,2.1106810999917798,4.096563685870694,0.0002190349258338805,4.319835582244913e-05
9,32768.0,589,2.116532699961681,4.096563653659695,0.0002190394050730434,4.31974034198479e-05
9,32768.0,590,2.1229430999956094,4.096563645478337,0.00021904054271395585,4.319586505585615e-05
9,32768.0,591,2.124714999983553,4.096563643497739,0.00021904081773942648,4.3195505534554535e-05
9,32768.0,592,2.127682799997274,4.096563638789479,0.00021904147244303245,4.3194964734594166e-05
9,32768.0,593,2.1341958999983035,4.096563637356232,0.00021904167109794952,4.319478131198373e-05
9,32768.0,594,2.138525399961509,4.09656363576302,0.00021904189269178188,4.3194895366305275e-05
9,32768.0,595,2.141407299961429,4.096563631780285,0.00021904244688353177,4.319554585208163e-05
9,32768.0,596,2.144022299966309,4.0965636306838,0.00021904259848813212,4.31967925196286e-05
9,32768.0,597,2.1573109999881126,4.096563629268927,0.00021904279412691502,4.31972841676842e-05
9,32768.0,598,2.161597999976948,4.096563629288751,0.0002190427908740763,4.319739019897906e-05
9,32768.0,599,2.169215300003998,4.096563620219893,0.00021904405381787805,4.319812719610905e-05
9,32768.0,600,2.1742744999937713,4.096563618155276,0.00021904434137127226,4.31977387767013e-05
9,131072.0,601,2.17589680000674,4.096563618155276,0.00021904434137127226,4.31977387767013e-05
9,131072.0,602,2.178764999960549,4.096619414297045,0.0002141304641341868,5.664368767399619e-05
9,131072.0,603,2.189321200014092,4.096619414297045,0.0002141304641341868,5.664368767399619e-05
9,131072.0,604,2.1903115999884903,4.096658543591861,0.00021082032792003546,5.4694900647578315e-05
9,131072.0,605,2.211370299977716,4.097571201932708,9.668761659201734e-05,3.4577351287867764e-05
9,131072.0,606,2.214958500000648,4.09771807396117,6.313291730097062e-05,1.8816380133124255e-05
9,131072.0,607,2.2175344999996014,4.097731011390767,5.767801976200271e-05,1.5522070699214296e-05
9,131072.0,608,2.219848799984902,4.097743036644247,5.4832466277402085e-05,1.1131705085043464e-05
9,131072.0,609,2.2210860999766737,4.097743947369789,5.466483877668224e-05,1.0925993083610308e-05
9,131072.0,610,2.229916799988132,4.097743995299364,5.463875238254493e-05,1.084281556895661e-05
9,131072.0,611,2.2317374999984168,4.097744032419632,5.463051769557778e-05,1.0852387981263867e-05
9,131072.0,612,2.2372503000078723,4.097742905400182,5.477421700248339e-05,1.081424289783861e-05
9,131072.0,613,2.241569100006018,4.097741869218722,5.491374669020308e-05,1.078889679706485e-05
9,131072.0,614,2.2428089000168256,4.097741978066146,5.489749021090715e-05,1.0768329508969998e-05
9,131072.0,615,2.245394399971701,4.0977419609152195,5.4899378281022464e-05,1.0784439170796745e-05
9,131072.0,616,2.2477089000167325,4.097741982579645,5.489604044009975e-05,1.0797421410302377e-05
9,131072.0,617,2.2502860999666154,4.097742035001117,5.488851808976925e-05,1.081606823738479e-05
9,131072.0,618,2.2520727000082843,4.097742106974589,5.4877994598102814e-05,1.0833598295900693e-05
9,131072.0,619,2.2557055999641307,4.097742125968131,5.487530320275668e-05,1.0836742860509396e-05
9,131072.0,620,2.2582024000003003,4.0977421399941685,5.4873224460534586e-05,1.0841207700562627e-05
9,131072.0,621,2.261389599996619,4.097742171668186,5.48687412700964e-05,1.0836530614954931e-05
9,131072.0,622,2.263180200010538,4.097742195542228,5.486533425888504e-05,1.0831083299578381e-05
9,131072.0,623,2.2667238999856636,4.097742193821359,5.486554541578821e-05,1.082885360847996e-05
9,131072.0,624,2.270566199964378,4.097742208839028,5.486344222040739e-05,1.0827012888903198e-05
9,131072.0,625,2.274374699976761,4.09774224648082,5.485818196998215e-05,1.0824532624686967e-05
9,131072.0,626,2.277343199995812,4.097742271413904,5.485469917070771e-05,1.0821608648736714e-05
9,131072.0,627,2.2848213000106625,4.097742284550755,5.485286703228713e-05,1.0821712196018574e-05
9,131072.0,628,2.2924187000025995,4.097742296099979,5.4851259653017586e-05,1.0820907354158749e-05
9,131072.0,629,2.295255500008352,4.097742333787208,5.484600595843162e-05,1.0820171804315493e-05
9,131072.0,630,2.2980977999977767,4.097742388019698,5.4838450142832974e-05,1.0818918294686064e-05
9,131072.0,631,2.301756299973931,4.097742424018651,5.483342786142002e-05,1.081684130510574e-05
9,131072.0,632,2.3153032999834977,4.097742452139581,5.482951249014689e-05,1.0815966830945989e-05
9,131072.0,633,2.3217471999814734,4.097742464337696,5.482781459396366e-05,1.0815686311449468e-05
9,131072.0,634,2.3245609999867156,4.097742501702188,5.48226079843222e-05,1.081504551891932e-05
9,131072.0,635,2.3274266999796964,4.097742522301788,5.481973713165053e-05,1.081494888188761e-05
9,131072.0,636,2.334579499962274,4.097742529724712,5.481870068941941e-05,1.0814389799107538e-05
9,131072.0,637,2.339169899991248,4.097742554450841,5.481525717747938e-05,1.0815366401906168e-05
9,131072.0,638,2.341296600003261,4.097742591007588,5.481016586995882e-05,1.0815993650603595e-05
9,131072.0,639,2.3436462999670766,4.0977426142104205,5.4806932045659616e-05,1.0813785672247889e-05
9,131072.0,640,2.345749599975534,4.097742621498687,5.480591495851581e-05,1.0813208249693673e-05
9,131072.0,641,2.3473429000005126,4.09774262173373,5.480587830369535e-05,1.0809988374882451e-05
9,131072.0,642,2.3518930000136606,4.097742622197229,5.4805813177278126e-05,1.080998789459997e-05
9,131072.0,643,2.361377299996093,4.097742625994017,5.4805280973349806e-05,1.080752678439545e-05
9,131072.0,644,2.368204500002321,4.097742635572563,5.48039453558101e-05,1.0806542852126455e-05
9,131072.0,645,2.371659099997487,4.097742647580317,5.4802272344191607e-05,1.080586274926354e-05
9,131072.0,646,2.374570699990727,4.097742656091558,5.480108520079179e-05,1.0805044698747324e-05
9,131072.0,647,2.385321900015697,4.097742661357078,5.48003509842688e-05,1.0803858513819264e-05
9,131072.0,648,2.3879425000050105,4.097742672321951,5.479882337120253e-05,1.0803953940596855e-05
9,131072.0,649,2.3979297999758273,4.097742673239406,5.479869558018872e-05,1.0804041632894723e-05
9,524288.0,650,2.400167200015858,4.097773931861771,5.200752755140136e-05,1.0934667382445085e-05
9,524288.0,651,2.4059381000115536,4.097788791794402,4.920576038164222e-05,1.0803282950444526e-05
9,524288.0,652,2.409843700006604,4.097834660262002,4.513764329083865e-05,1.0765335946683052e-05
9,524288.0,653,2.410895699984394,4.097869630662348,4.191849847019303e-05,1.1014347712445804e-05
9,524288.0,654,2.4124581000069156,4.097901313074119,3.8411512215302435e-05,1.0738948565736095e-05
9,524288.0,655,2.418193199962843,4.098014078131885,2.0478227671276454e-05,6.668434516798882e-06
9,524288.0,656,2.4227763999952003,4.098024918419169,1.7494055494457732e-05,4.487698737398738e-06
9,524288.0,657,2.4284361000172794,4.098034880027792,1.4647364076052535e-05,3.33799265139767e-06
9,524288.0,658,2.4376984999980778,4.098039298710744,1.3645953046343813e-05,2.834322268663314e-06
9,524288.0,659,2.439883299986832,4.0980377843151565,1.3772663153274406e-05,2.7488757416982423e-06
9,524288.0,660,2.444627499964554,4.0980382533664645,1.368814963314277e-05,2.7572502842021507e-06
9,524288.0,661,2.447390199988149,4.098038221398133,1.3678783113498715e-05,2.7260239481297077e-06
9,524288.0,662,2.4550611000158824,4.0980379955857344,1.3701761034078209e-05,2.7136900793145458e-06
9,524288.0,663,2.460107499966398,4.098037992907579,1.3694629303327262e-05,2.722833162716043e-06
9,524288.0,664,2.4633369999937713,4.098038000256523,1.3691657202545898e-05,2.707771707854967e-06
9,524288.0,665,2.4674632999813184,4.09803801458298,1.3688709797855432e-05,2.6820736751531626e-06
9,524288.0,666,2.470045799971558,4.0980380194049655,1.3687583141531238e-05,2.6836318682832427e-06
9,524288.0,667,2.472294499981217,4.098038028237266,1.3685816120019836e-05,2.6865323196068047e-06
9,524288.0,668,2.4739417000091635,4.098038028220331,1.3685702943439487e-05,2.688956325713754e-06
9,524288.0,669,2.476591999991797,4.098038031776137,1.3685163338480377e-05,2.6884923284287154e-06
9,524288.0,670,2.477565200009849,4.098038029327545,1.368546953924439e-05,2.688361255831495e-06
9,524288.0,671,2.4807849999633618,4.098038030265097,1.3685262518234805e-05,2.689423028057192e-06
9,524288.0,672,2.4844012999674305,4.098038036063871,1.3684329145902074e-05,2.6859428838843513e-06
9,524288.0,673,2.4869432999985293,4.0980380885833725,1.367679008313489e-05,2.6986383167004746e-06
9,524288.0,674,2.4894798999885097,4.098038072106808,1.3678978326637243e-05,2.691033485269223e-06
9,524288.0,675,2.49118869996164,4.098038064159227,1.3679996324551086e-05,2.6908140011716597e-06
9,524288.0,676,2.4930483999778517,4.0980380328370885,1.368429789444731e-05,2.692433462070376e-06
9,524288.0,677,2.495097099978011,4.098037996263974,1.3689348178875634e-05,2.695438669819694e-06
9,524288.0,678,2.497154999990016,4.09803796597664,1.3693522976856082e-05,2.695054262868979e-06
9,524288.0,679,2.5019368999637663,4.0980379537897,1.3695205244627482e-05,2.695546531428228e-06
9,524288.0,680,2.507969999976922,4.098037928912745,1.3698648843445059e-05,2.6947158402457205e-06
9,524288.0,681,2.5102835000143386,4.098037925080689,1.3699165547902293e-05,2.6960926153840603e-06
9,524288.0,682,2.5145588999730535,4.098037915087485,1.3700547689144063e-05,2.6958131225107707e-06
9,524288.0,683,2.5187885999912396,4.09803790572791,1.3701846568271769e-05,2.695628328108768e-06
9,524288.0,684,2.523432799964212,4.098037894730724,1.3703371688328992e-05,2.696417522596306e-06
9,524288.0,685,2.5268575999652967,4.098037881088928,1.3705265416380965e-05,2.696472112262427e-06
9,524288.0,686,2.5324557999847457,4.098037876118392,1.370595554601106e-05,2.696851746586404e-06
9,524288.0,687,2.541507999994792,4.098037861309083,1.3708008085687368e-05,2.697526147787954e-06
9,524288.0,688,2.563073199999053,4.098037839619961,1.3711014346054316e-05,2.6968488389123024e-06
9,524288.0,689,2.5726560999755748,4.098037827921677,1.3712628372399446e-05,2.696962385861923e-06
9,524288.0,690,2.5786365999956615,4.0980377934274514,1.3717413393619611e-05,2.698360020758628e-06
9,524288.0,691,2.587542699999176,4.098037776025884,1.3719827462425218e-05,2.6992959327731825e-06
9,524288.0,692,2.600055799994152,4.098037774878676,1.3719986910392698e-05,2.6993335943137353e-06
14,128.0,1,0.008494600013364106,5.032305428486813,3.5553478342639133,1.179347013818654
14,128.0,2,0.012309500016272068,4.932822233293729,1.8542939951940915,0.5413592088046946
14,128.0,3,0.01642380002886057,4.907923472330358,1.4167888870545795,0.3913089074570854
14,128.0,4,0.02029790001688525,4.900627694710724,1.1083444303122059,0.3983362809368593
14,128.0,5,0.030117399990558624,5.0581896961007695,0.7720524369034881,0.26711828540372623
14,128.0,6,0.03432700003031641,5.057114133904847,0.6838440643312024,0.1473145804922039
14,128.0,7,0.03942670003743842,5.013621931997928,0.6251654556430714,0.12237669206147843
14,128.0,8,0.048332400037907064,4.743259397847323,0.5616269805833015,0.12876379244296096
14,128.0,9,0.05902899999637157,4.351257507580188,0.49055545563921665,0.11513350548518328
14,128.0,10,0.06533610000042245,4.02518964904923,0.4262385055950822,0.10600597008648331
14,128.0,11,0.07582040003035218,3.6273240315803297,0.34497135505982335,0.10341300225788873
14,128.0,12,0.08534280001185834,3.6273240315803297,0.34497135505982335,0.10341300225788873
14,128.0,13,0.09289100003661588,3.430351152930118,0.31197747581544294,0.0909211465737438
14,128.0,14,0.10195790004217997,3.1056658176920506,0.2633398197881817,0.0557199021314466
14,128.0,15,0.11963319999631494,3.1056658176920506,0.2633398197881817,0.0557199021314466
14,128.0,16,0.13045799999963492,2.7791695084763086,0.22867733632267093,0.04155836370889144
14,128.0,17,0.14903090003645048,2.836126789739296,0.2141221964153495,0.03903921828422209
14,128.0,18,0.1689909000415355,3.1334591663791005,0.17431669552103674,0.029497039373285006
14,128.0,19,0.17377190000843257,3.1334591663791005,0.17431669552103674,0.029497039373285006
14,128.0,20,0.18376119999447837,3.1674432915598367,0.15954476248120397,0.02734420827512485
14,128.0,21,0.19144470000173897,3.217634469074204,0.15126479549224023,0.025137682596936717
14,128.0,22,0.19876990001648664,3.212528301646976,0.1470229416663416,0.02541226734938193
14,128.0,23,0.20145420002518222,3.2168994061039484,0.1439549788880185,0.021195045209004927
14,128.0,24,0.2058911999920383,3.2178343459690644,0.14293659629989539,0.021164493502317205
14,128.0,25,0.2099195999908261,3.2178184700819514,0.14225240840047573,0.02111702204383284
14,128.0,26,0.23999949998687953,3.204573237100014,0.1412377534466,0.020366415926986133
14,128.0,27,0.24339359998703003,3.198658487993891,0.14074975972927434,0.02123526453360873
14,128.0,28,0.24675200000638142,3.195622318269955,0.14041493031475893,0.021976678042576872
14,128.0,29,0.25010260002454743,3.1933027892589005,0.14015611984008036,0.022572816341148688
14,128.0,30,0.25727920001372695,3.1981190399094857,0.13781046523749454,0.02085549530830455
14,128.0,31,0.2625216000014916,3.1967006064591628,0.13649020116171773,0.02073952287930242
14,128.0,32,0.26953580003464594,3.1968101558741275,0.13518826751813567,0.020268201569732913
14,128.0,33,0.28023259999463335,3.188317760212506,0.1340473949180567,0.020473460661194584
14,128.0,34,0.28877149999607354,3.1937044313106915,0.13305532973602338,0.020840828269926642
14,128.0,35,0.2942588999867439,3.193329721237856,0.1321263732298122,0.02066619123710081
14,128.0,36,0.2973148000310175,3.1922799375899347,0.13168583386425875,0.020528424964581515
14,128.0,37,0.29915480001363903,3.1918031677738945,0.13124263515590873,0.02046519132516786
14,128.0,38,0.30354540003463626,3.1974872005387733,0.1304110514373722,0.02016169624162842
14,128.0,39,0.30816160002723336,3.2001580257000013,0.12977305531028102,0.019913536860239195
14,128.0,40,0.31159759999718517,3.201523336743229,0.12943203612873677,0.019712351678589007
14,128.0,41,0.31603779998840764,3.203257895607182,0.12901646157617733,0.01959976866155071
14,128.0,42,0.32072610000614077,3.204699927571292,0.12873741071563907,0.01960505948290596
14,128.0,43,0.33019800001056865,3.2109677825008367,0.12791087214578295,0.01974118742189955
14,128.0,44,0.3362413999857381,3.21515551543514,0.12736190816900556,0.019376869951905157
14,128.0,45,0.3417170000029728,3.22029153955578,0.12676126011737757,0.019145470946478105
14,128.0,46,0.34399650001432747,3.224377338546171,0.12632896733454893,0.018888617754611273
14,128.0,47,0.3465688999858685,3.2274376944188754,0.1259458843969738,0.019145330321041598
14,128.0,48,0.34844580001663417,3.230841620634684,0.1255834253183004,0.019228656587892634
14,128.0,49,0.3539273000205867,3.238414097636483,0.12486786790354325,0.01892621104055625
14,128.0,50,0.3586125000147149,3.246512861430755,0.12414403523373599,0.018867283447921657
14,128.0,51,0.3638844999950379,3.28172391592694,0.12157882420487745,0.0190109548896419
14,128.0,52,0.3667121999897063,3.329126115688483,0.11813795596110388,0.017490848836885453
14,128.0,53,0.37068650004221126,3.3317021340200084,0.11777556903592958,0.017544305534463588
14,128.0,54,0.37490960001014173,3.3598069152114514,0.1157143378012898,0.01701132241656356
14,128.0,55,0.38132450002012774,3.3734099334761325,0.11456984650561197,0.016748720487620744
14,128.0,56,0.3878229000256397,3.4011695735451575,0.11243115488776738,0.01625881386672102
14,128.0,57,0.3924171000253409,3.4050920202400476,0.11213101141044346,0.016198705502379073
14,128.0,58,0.3988490999909118,3.405363582391261,0.11206972032099254,0.015869671900709856
14,128.0,59,0.4024661000003107,3.4084646185996483,0.1118287111799775,0.015678102900467117
14,128.0,60,0.40732759999809787,3.4114731501637565,0.1115946659257474,0.01565362920041513
14,128.0,61,0.4107934000203386,3.413102633591648,0.11146970955416896,0.015682262472407837
14,128.0,62,0.41671970003517345,3.41462717992412,0.11134776043992807,0.015699327343121572
14,128.0,63,0.4199452000320889,3.4154663262425036,0.1112825765275468,0.015711321383464483
14,128.0,64,0.42891310004051775,3.432156919060306,0.11008035830401645,0.01563230792765119
14,128.0,65,0.4339354000403546,3.432156919060306,0.11008035830401645,0.01563230792765119
14,128.0,66,0.4868367000017315,3.4042379065699127,0.11144977230118024,0.015902956654219372
14,128.0,67,0.4941662999917753,3.3708072255156942,0.11309837014112241,0.016255692893951637
14,128.0,68,0.49962840002262965,3.3649576356286945,0.1133826783697545,0.01631559101470635
14,128.0,69,0.5033025000011548,3.359469126402037,0.11366320120913981,0.01638989027175109
14,128.0,70,0.5165759000228718,3.346140476796874,0.11413071760045396,0.016275572154749986
14,128.0,71,0.5223267000401393,3.3352388975778666,0.11436147905784563,0.016865901465617172
14,128.0,72,0.5340267000137828,3.3410233977154835,0.11385088097876121,0.016094168692081225
14,128.0,73,0.5412821000209078,3.3410233977154835,0.11385088097876121,0.016094168692081225
14,128.0,74,0.5528423000359908,3.3653380438622422,0.1120728212018287,0.016239028732674674
14,128.0,75,0.5732484000036493,3.385134154944568,0.11065258394609556,0.015444283946021792
14,128.0,76,0.5774115000385791,3.3850016072710485,0.11065869105318381,0.015455899446430527
14,128.0,77,0.5921464000130072,3.3851766304348216,0.11064527025705728,0.015442992531539444
14,128.0,78,0.5976185000035912,3.38635493354925,0.11055978852146078,0.0154614659318211
14,128.0,79,0.6012710999930277,3.3868182938262223,0.11052624104253674,0.015449981924798531
14,128.0,80,0.6048910000245087,3.3868182938262223,0.11052624104253674,0.015449981924798531
14,128.0,81,0.6404989000293426,3.419312646095791,0.10814984884853492,0.01522300073000727
14,128.0,82,0.6777120000333525,3.4294928477562725,0.10712499007156351,0.014888675410171285
14,128.0,83,0.6800263000186533,3.4294928026491265,0.10703349148298347,0.014883594705554698
14,128.0,84,0.7108382000005804,3.420068634836827,0.10769132516456037,0.014974365393191996
14,128.0,85,0.7142443000338972,3.418686464681916,0.10778887381627639,0.014951121634028536
14,128.0,86,0.7231545000104234,3.407788508461871,0.10855607200853554,0.015518376758328012
14,128.0,87,0.7566632000380196,3.405870909441992,0.10845633426737834,0.01529145111801336
14,128.0,88,0.758938200015109,3.390460228804988,0.10940369164650442,0.015423651910870778
14,128.0,89,0.7616948999930173,3.3871660252201305,0.10950531014468343,0.015536365639304217
14,128.0,90,0.7634435000363737,3.3900386594567804,0.10921595030076263,0.015458600075433579
14,128.0,91,0.7774148000171408,3.3845696285355404,0.10936088397024588,0.015362997403492118
14,128.0,92,0.7798018000321463,3.383040445315407,0.10911782284734951,0.015143620962586249
14,128.0,93,0.7869340000324883,3.3796567585074406,0.1092407631549877,0.015135295505300739
14,128.0,94,0.7903491000179201,3.3801519994246867,0.10919457453467352,0.015129487293687002
14,128.0,95,0.793034800037276,3.379690687444829,0.10921536037602171,0.015156160552574682
14,128.0,96,0.7965911999926902,3.3796369936977344,0.10920502274727213,0.015276367672481536
14,128.0,97,0.8253300000214949,3.38017508313623,0.10902070069656061,0.01520071936784069
14,128.0,98,0.8278319000382908,3.38027734850751,0.10897981066859337,0.01519049391344035
14,128.0,99,0.8619937000330538,3.379929446213528,0.10894115014640286,0.01519059174197282
14,128.0,100,0.8641835000016727,3.3800585582374114,0.10893053869096277,0.015183406533451849
14,128.0,101,0.8662926999968477,3.380168757091784,0.10892212374954074,0.015174672779952242
14,128.0,102,0.8989485999918543,3.380254816959768,0.10883648070967036,0.015164273251054697
14,128.0,103,0.902584100025706,3.3802786205973416,0.10883252106051307,0.015156134426414697
14,128.0,104,0.9400376999983564,3.3802786205973416,0.10883252106051307,0.015156134426414697
14,128.0,105,0.9453402000362985,3.38041068163737,0.10882267466157172,0.015150520263506065
14,128.0,106,0.9496610999922268,3.38041068163737,0.10882267466157172,0.015150520263506065
14,128.0,107,0.9906498999916948,3.380479867710072,0.10872781115497025,0.015100956563573242
14,128.0,108,0.9924437000299804,3.3802605362050424,0.10873920074812905,0.015083283239159542
14,128.0,109,1.020004499994684,3.3802605362050424,0.10873920074812905,0.015083283239159542
14,128.0,110,1.0254107000073418,3.380676222731469,0.10870807898396237,0.015062535371558328
14,128.0,111,1.0316937000025064,3.382222313934781,0.10859164326468038,0.015072773339215258
14,128.0,112,1.0367725000251085,3.382222313934781,0.10859164326468038,0.015072773339215258
14,128.0,113,1.0871370999957435,3.381385001903832,0.1085445915288272,0.015013113721507723
14,128.0,114,1.0931177000165917,3.3773518722799256,0.10870585438354326,0.0152320945890842
14,128.0,115,1.1000413000001572,3.37008983639644,0.10912838890366586,0.01561875243167471
14,128.0,116,1.1070621000253595,3.37008983639644,0.10912838890366586,0.01561875243167471
14,128.0,117,1.1135367000242695,3.3689656453860986,0.10913692642942367,0.015306205288100255
14,128.0,118,1.1196834000293165,3.3689656453860986,0.10913692642942367,0.015306205288100255
14,128.0,119,1.1305615000310354,3.365576031751803,0.1093131918299884,0.01535210242957065
14,128.0,120,1.1368772000423633,3.365576031751803,0.1093131918299884,0.01535210242957065
14,128.0,121,1.144663400016725,3.3656287933988924,0.10927820897767597,0.015347011598886288
14,128.0,122,1.153065600025002,3.3651342008547553,0.10929502435527753,0.015350478136373462
14,128.0,123,1.1597345999907702,3.36509659825454,0.1092820303331754,0.01532452425381993
14,128.0,124,1.1671640000422485,3.368080130713655,0.10905506161795371,0.01536017967551679
14,128.0,125,1.1789607999962755,3.373878270855358,0.10861696389393709,0.015252268614237355
14,128.0,126,1.1828814999898896,3.3774157291055174,0.10835269597625155,0.015116472239423459
14,128.0,127,1.1895664000185207,3.3810713068591145,0.1080834735361031,0.014968154352933458
14,128.0,128,1.221773800032679,3.381701348507512,0.10796969444634588,0.014993900391916212
14,128.0,129,1.226801200013142,3.3793560855143854,0.10811947599262793,0.015008823124416495
14,128.0,130,1.2352459999965504,3.3817336219472356,0.10794110211184699,0.014935934266322282
14,128.0,131,1.2952833999879658,3.3778556274599536,0.10817526565626212,0.015037786980873324
14,128.0,132,1.3047496000071988,3.373997793515487,0.10842033352539011,0.015094295988646755
14,128.0,133,1.3094105999916792,3.374436226666912,0.10838203246417306,0.015051148996840125
14,128.0,134,1.3166837000171654,3.378433961292394,0.10808973849511426,0.01503055074896753
14,128.0,135,1.324042799999006,3.3819698169271315,0.10783224167040913,0.014967292971185833
14,128.0,136,1.3312697000219487,3.3819694000679683,0.10783212444664404,0.014982444657733615
14,128.0,137,1.347933600016404,3.3819143467338826,0.10783603859968056,0.014960962981379132
14,128.0,138,1.359174899989739,3.382671563957601,0.10778061218487973,0.014943705541933083
14,128.0,139,1.4038627000409178,3.385860972935694,0.10754613044591933,0.014964137961384155
14,128.0,140,1.4536125999875367,3.3821598345754067,0.10779636916155085,0.014951926047335778
14,128.0,141,1.455660000036005,3.3803044369734416,0.10792417565594443,0.015008460557721384
14,128.0,142,1.4590089000412263,3.3803044369734416,0.10792417565594443,0.015008460557721384
14,128.0,143,1.4624654999934137,3.3795839971021224,0.10797369427401758,0.015068154111921
14,128.0,144,1.4737731000059284,3.3795839971021224,0.10797369427401758,0.015068154111921
14,128.0,145,1.4835690000327304,3.385328195271348,0.10755132930297952,0.014923292754986647
14,128.0,146,1.4956244000350125,3.3846594369793737,0.1075991505317959,0.014940329492989693
14,128.0,147,1.5347832000115886,3.38385032414213,0.1076477463873959,0.014947636460749744
14,128.0,148,1.539137399988249,3.3835276608674025,0.10766805706568744,0.01495242364217697
14,128.0,149,1.5458863000385463,3.383536811287824,0.10766657273920872,0.014936466662929151
14,128.0,150,1.5507419999921694,3.382984414835035,0.10770635086982794,0.014971787522240557
14,128.0,151,1.5621994000393897,3.382340711732695,0.10775262844134166,0.01494957313013874
14,128.0,152,1.6009483000379987,3.3801707407237798,0.10790702420383726,0.014991275629260732
14,128.0,153,1.6054489000234753,3.3801244503819072,0.10790977361951377,0.014987209440996824
14,128.0,154,1.6143627000274137,3.3801244503819072,0.10790977361951377,0.014987209440996824
14,128.0,155,1.6250603999942541,3.3809992399870197,0.10784602163303686,0.014955352696152113
14,128.0,156,1.6342911000247113,3.382221696946047,0.10775731457578522,0.014941353174594232
14,128.0,157,1.6439536000252701,3.3826133579255853,0.10772889671136071,0.014940269683479238
14,128.0,158,1.6460719000315294,3.3826382275275906,0.10772709198454034,0.014940049188779891
14,512.0,159,1.6493835999863222,3.3826382275275906,0.10772709198454034,0.014940049188779891
14,512.0,160,1.6544011000078171,3.5492253591460816,0.09994834860147839,0.016856394009644338
14,512.0,161,1.6717067999998108,3.7773183974805615,0.08820386482194481,0.01717745481503799
14,512.0,162,1.6823743000277318,4.113597486880146,0.06719693069515797,0.015198478917037196
14,512.0,163,1.6969448000309058,4.139881888790612,0.06416654584340672,0.014577372785687938
14,512.0,164,1.702471200027503,4.3310419800690445,0.04482069362443115,0.010989645232563813
14,512.0,165,1.71017189999111,4.475564648419979,0.030619801468401136,0.005453411156918886
14,512.0,166,1.7153853999916464,4.475564648419979,0.030619801468401136,0.005453411156918886
14,512.0,167,1.7236687000258826,4.480247766244698,0.029855712818062093,0.004966990369996482
14,512.0,168,1.7331425999873318,4.490968874501071,0.028546726062490826,0.004302664369881588
14,512.0,169,1.750764500000514,4.490968874501071,0.028546726062490826,0.004302664369881588
14,512.0,170,1.7620228999876417,4.517487321614627,0.02607415612906118,0.003728064105017026
14,512.0,171,1.7703881000052206,4.503747849297497,0.02703264224553056,0.003961653917871122
14,512.0,172,1.7803512000245973,4.503747849297497,0.02703264224553056,0.003961653917871122
14,512.0,173,1.7977147999918088,4.498684895977743,0.0273847629711703,0.003839273804795873
14,512.0,174,1.8039583000354469,4.49868454317595,0.027384524940641405,0.0038345326181956074
14,512.0,175,1.8173704000073485,4.4987952441061125,0.027376384639039394,0.0038329844133733054
14,512.0,176,1.8206904000253417,4.498885051709909,0.027369835999881447,0.0038233281400247704
14,512.0,177,1.870889800018631,4.498525094021357,0.027341559263001507,0.004238949247321412
14,512.0,178,1.8753068000078201,4.50149798983473,0.027097781684193134,0.004038810625456413
14,512.0,179,1.9102431000210345,4.499156249880481,0.027189972990592323,0.004013864180332158
14,512.0,180,1.9145119999884628,4.501217365661147,0.027023042337589787,0.0039439738387649845
14,512.0,181,1.91870929999277,4.5015537653649185,0.026991538764723058,0.003935113494139567
14,512.0,182,1.9605466999928467,4.50224055850559,0.026920338264209878,0.003931535119381907
14,512.0,183,1.9787663000170141,4.500821843939874,0.027010483567637026,0.0038306343861264913
14,512.0,184,1.9928624000167474,4.498014401854462,0.02720585413126557,0.0038169774464271444
14,512.0,185,2.0271227000048384,4.498876430936306,0.027142242009453352,0.003776394868412497
14,512.0,186,2.0695105000049807,4.498370541874453,0.027154745072017688,0.0037841293114469904
14,512.0,187,2.075239000027068,4.49681245658337,0.027233063427094344,0.003965569548368686
14,512.0,188,2.080057199986186,4.496259143195172,0.027258616662641975,0.0038161750798907795
14,512.0,189,2.0833421000279486,4.496197107235232,0.02725227505182393,0.0038147354447229387
14,512.0,190,2.087120499985758,4.496033266988815,0.027256755316277317,0.003809940447660143
14,512.0,191,2.0921989000053145,4.496030239116918,0.02725382969648276,0.003811591259735958
14,512.0,192,2.0963561999960802,4.496094468363687,0.027248617755947044,0.0038096273818682275
14,512.0,193,2.1052783000050113,4.4968994805012015,0.02719012557060544,0.0038280609919389974
14,512.0,194,2.1103363999864087,4.497138302568355,0.027172780507019597,0.0038262327296761517
14,512.0,195,2.113106400007382,4.497431463682221,0.02715151243541659,0.0038107819117397246
14,512.0,196,2.1148169999942183,4.497431463682221,0.02715151243541659,0.0038107819117397246
14,512.0,197,2.1209206000203267,4.4978269299033755,0.027122817731542348,0.0037951999433331746
14,512.0,198,2.128680300025735,4.497986928764708,0.027111052039510305,0.003790570978339333
14,512.0,199,2.129935100034345,4.497986928764708,0.027111052039510305,0.003790570978339333
14,512.0,200,2.1347994999960065,4.49801067909964,0.027109285197975095,0.0037896890190324134
14,512.0,201,2.1384560000151396,4.498010019709289,0.02710926931791102,0.0037914087660917833
14,512.0,202,2.1495628000120632,4.497614015357019,0.027137650405480412,0.003793811348519166
14,512.0,203,2.1925084000104107,4.497486487462379,0.027146257993464096,0.003797494592125833
14,512.0,204,2.229228599986527,4.497930348457461,0.027113096487571896,0.003801545482761459
14,512.0,205,2.2325597000308335,4.498091651140088,0.027101023842362838,0.0037954826413940934
14,512.0,206,2.2472605000366457,4.497755358918861,0.02712465099221511,0.003799100672338046
14,512.0,207,2.2510159999947064,4.497782507092463,0.027122658510549617,0.003799000695267868
14,512.0,208,2.3006528000114486,4.499744237031065,0.026979693675241057,0.0037616309349958743
14,512.0,209,2.303946400003042,4.499989459435314,0.026961522379280557,0.0037570711944362734
14,512.0,210,2.312874600000214,4.497710503269503,0.02712475764265821,0.0037848793753713778
14,512.0,211,2.314636300026905,4.4976807298445465,0.02712671649345619,0.003782116558143332
14,512.0,212,2.321902499999851,4.497872898891088,0.027112720665502917,0.003784976077850666
14,512.0,213,2.335269800038077,4.497875006938333,0.02711252286192211,0.003787495210760619
14,512.0,214,2.3728030000347644,4.497843461231691,0.027114637355646735,0.003789746118461626
14,512.0,215,2.376754400029313,4.4978437112600025,0.02711461227734994,0.0037893992452580558
14,512.0,216,2.4093321000109427,4.49869732268289,0.027052696221521857,0.003788078431880698
14,512.0,217,2.4344805000000633,4.497330044294428,0.027150408212602332,0.003796682898188422
14,512.0,218,2.4363458000007086,4.497304736241867,0.027152148577091795,0.00379562128528467
14,512.0,219,2.4436831999919377,4.497304736241867,0.027152148577091795,0.00379562128528467
14,512.0,220,2.4550425999914296,4.497665677069936,0.02712607291849731,0.003792653990496088
14,512.0,221,2.4641805000137538,4.497838451811394,0.027113613774003748,0.003788482262930208
14,512.0,222,2.471744300040882,4.49783843811969,0.02711361445556039,0.0037885366614199417
14,512.0,223,2.4810954999993555,4.497835769251065,0.02711380665085088,0.003788654473681395
14,512.0,224,2.5374202000093646,4.497715465450949,0.02712246704640703,0.0037918020705637254
14,512.0,225,2.565055900020525,4.497644377513351,0.0271275824874883,0.0037909054248516164
14,512.0,226,2.6200753999873996,4.49762380601211,0.027128834065114245,0.003796475833480556
14,512.0,227,2.65406339999754,4.497768819704556,0.027118177984293567,0.0037897620538331067
14,512.0,228,2.6602047000196762,4.497767277725739,0.027118282273672217,0.0037906319877638595
14,512.0,229,2.6729300000006333,4.497750293385946,0.027119502415769815,0.0037904777232322315
14,512.0,230,2.7225910000270233,4.498031073368597,0.027099237607934444,0.0037895871736101094
14,512.0,231,2.7515394000220113,4.497709603261208,0.02712215936899609,0.0037916881585232654
14,512.0,232,2.755779500002973,4.497713801101282,0.027121845419884914,0.003790944620084419
14,512.0,233,2.7626595000037923,4.497722634074226,0.027121205760557793,0.0037903270567919076
14,512.0,234,2.78261759999441,4.497788023555688,0.027116492333971023,0.0037896200392115997
14,512.0,235,2.7958253000397235,4.497782032479114,0.02711692304796024,0.0037904992062755896
14,512.0,236,2.833137799985707,4.497723022790198,0.027121150900686886,0.0037935190304300426
14,512.0,237,2.849442500039004,4.497717451826624,0.02712154808047593,0.003791035525643957
14,512.0,238,2.8581356999929994,4.4977210219017945,0.02712129048088948,0.0037910068355291593
14,512.0,239,2.866431600006763,4.49772535184613,0.027120978549676215,0.003790920690550856
14,512.0,240,2.883236800029408,4.497762403206858,0.027118309924556595,0.0037904881405574145
14,512.0,241,2.888623800012283,4.497759826841685,0.02711849543229002,0.003790501563879639
14,512.0,242,2.8962299000122584,4.49775881263823,0.027118568466468675,0.003790485867208593
14,512.0,243,2.9150001000380144,4.497748366703069,0.027119320725712853,0.003790537070845354
14,512.0,244,2.921427000022959,4.497742809810795,0.027119720877495944,0.003790513344212626
14,512.0,245,2.95239859999856,4.497756488255611,0.027118734921112556,0.0037909311301592974
14,512.0,246,2.958468400000129,4.4977549645280295,0.027118844400996354,0.0037909213716819934
14,512.0,247,2.9783645000425167,4.497728558279457,0.02712073804463232,0.0037898021241021956
14,512.0,248,2.9812577000120655,4.497731521844995,0.02712052425001634,0.0037898391020490807
14,512.0,249,2.992657400027383,4.497754766719771,0.027118849836031154,0.0037903091934724242
14,512.0,250,2.9976676999940537,4.497761709150072,0.0271183497277889,0.0037901580268941207
14,512.0,251,3.0040991000132635,4.497764520181624,0.027118147226625797,0.003790061003897671
14,512.0,252,3.010944100038614,4.497768540937726,0.027117857603543474,0.0037900606071068904
14,512.0,253,3.015456599998288,4.497768969355133,0.027117826710132797,0.0037902562474546597
14,512.0,254,3.021906600042712,4.497766537189255,0.027118001854686796,0.0037903985550335195
14,512.0,255,3.028380800038576,4.497757914422664,0.02711862283403183,0.003790446756497784
14,512.0,256,3.0687216999940574,4.497758284303531,0.027118595501614405,0.0037904671187118377
14,512.0,257,3.0756671000272036,4.49774856841638,0.027119295177530856,0.003790302977865298
14,512.0,258,3.079640500014648,4.4977474161487905,0.027119378136425676,0.003790322015195413
14,512.0,259,3.0938329999917187,4.497747521106659,0.02711937056917692,0.003790370292561157
14,512.0,260,3.103409700037446,4.497747696187551,0.027119357947880007,0.003790464099304919
14,512.0,261,3.1078178000170738,4.497747631035901,0.027119362631636636,0.0037905033294737683
14,512.0,262,3.1200455999933183,4.497745830629303,0.027119492280180034,0.003790473155123125
14,512.0,263,3.1238280000397936,4.497744626226283,0.027119579011897876,0.0037904291074829233
14,512.0,264,3.1334232999943197,4.497744692652704,0.027119574226690344,0.003790431041667444
14,512.0,265,3.1453166999854147,4.497745805786691,0.027119494052791137,0.003790466743069598
14,512.0,266,3.152621100016404,4.497746252655393,0.02711946186636817,0.003790484840607039
14,512.0,267,3.168136599997524,4.497747195542178,0.027119393953171145,0.003790442725022186
14,512.0,268,3.179546100029256,4.4977488434831,0.027119275257804654,0.003790389156421353
14,512.0,269,3.1880803999956697,4.497754067528797,0.027118899001123693,0.0037902076339375868
14,512.0,270,3.1926093000220135,4.497753733109761,0.027118923079278618,0.0037902051559787417
14,512.0,271,3.2467493999865837,4.497740424454136,0.02711988131334348,0.003790621356929369
14,512.0,272,3.252068300032988,4.497731474080288,0.027120525784870488,0.0037908092520295977
14,512.0,273,3.2583710000035353,4.497722579507926,0.027121166269091564,0.0037907612820115566
14,2048.0,274,3.263277999998536,4.497722579507926,0.027121166269091564,0.0037907612820115566
14,2048.0,275,3.26680690003559,4.513328548347591,0.026412910189820418,0.003979989302223291
14,2048.0,276,3.298531999986153,4.5910728783513735,0.022579031989757078,0.004329515340499301
14,2048.0,277,3.3017937000258826,4.6004115837167605,0.02207411195832295,0.004262268987098056
14,2048.0,278,3.3188994000083767,4.673307814841078,0.01763743122343279,0.004205249149530271
14,2048.0,279,3.3302941999863833,4.673307814841078,0.01763743122343279,0.004205249149530271
14,2048.0,280,3.3473634000401944,4.707818061975273,0.013967004855035436,0.003265999728914837
14,2048.0,281,3.3619483000366017,4.775719222947055,0.007712154048418968,0.0017064425247701465
14,2048.0,282,3.370139900012873,4.780522875812078,0.007040736683872458,0.001454122563898208
14,2048.0,283,3.382591000001412,4.780583153937634,0.006929627098484375,0.0010908562272142763
14,2048.0,284,3.399127500015311,4.781228218268522,0.006841880155791498,0.00098185870369695
14,2048.0,285,3.4107068000012077,4.780907943621126,0.006852637769967298,0.0009732165774072737
14,2048.0,286,3.420496400038246,4.780585950787321,0.006872663026413874,0.0009740168232409141
14,2048.0,287,3.475079600000754,4.780534492635548,0.006871414721488822,0.0009740897639404916
14,2048.0,288,3.514684199995827,4.780487596298441,0.006870259989485461,0.000974143267049421
14,2048.0,289,3.55339020001702,4.781069182768766,0.006783181479731902,0.000978948640225047
14,2048.0,290,3.557253400038462,4.781092355033495,0.006780634142552432,0.000978271452013471
14,2048.0,291,3.6059813000028953,4.780944228685838,0.00676761942463521,0.000963657434253834
14,2048.0,292,3.614634900004603,4.78098475925437,0.0067630748714506035,0.0009508614810364302
14,2048.0,293,3.627401400008239,4.7809839048381235,0.006762826229093389,0.000941094367290285
14,2048.0,294,3.629166600003373,4.780964585122006,0.006764213021856353,0.0009410793173501852
14,2048.0,295,3.6328157000243664,4.780950473710796,0.0067651905701638215,0.0009398861920467821
14,2048.0,296,3.6371512000332586,4.780947785992004,0.006765344663029352,0.0009402835231607093
14,2048.0,297,3.646422900026664,4.780910855352342,0.006767947939812084,0.0009406838950918595
14,2048.0,298,3.6656925000133924,4.7806469647248715,0.006786720778481421,0.0009468093103656983
14,2048.0,299,3.6881547000375576,4.780485836900475,0.00679814265602854,0.0009551667545386888
14,2048.0,300,3.7002963999984786,4.7804174252384275,0.006803029944355791,0.000954288777734208
14,2048.0,301,3.712742400006391,4.780413265800128,0.0068033266152038455,0.0009541881157482668
14,2048.0,302,3.720252100029029,4.780373419604124,0.006806177995988727,0.0009535718729379167
14,2048.0,303,3.754232100036461,4.780476393161004,0.006798756832677772,0.0009512358686639688
14,2048.0,304,3.789637900015805,4.780709114404839,0.006781360028991024,0.0009465555321768876
14,2048.0,305,3.7923347000032663,4.780786163116077,0.006775694137861689,0.0009453281415985754
14,2048.0,306,3.804719000007026,4.780786163116077,0.006775694137861689,0.0009453281415985754
14,2048.0,307,3.823266900028102,4.780446865731504,0.006799474176139156,0.0009540534855132926
14,2048.0,308,3.825028099992778,4.780438117488224,0.00680001126128361,0.0009532089520849496
14,2048.0,309,3.828448100015521,4.780421901770843,0.00680115143702235,0.0009533704617534777
14,2048.0,310,3.831484900030773,4.780409920837021,0.00680200408120763,0.0009531127153114966
14,2048.0,311,3.873723800003063,4.7804065669302815,0.0068022342518253434,0.0009531642483196212
14,2048.0,312,3.885296799999196,4.780395097865542,0.006803050685524558,0.0009527899757660885
14,2048.0,313,3.9008558000205085,4.780355717938734,0.0068058743259407665,0.0009538367355566707
14,2048.0,314,3.9063757000258192,4.780352788639256,0.006806084175293879,0.0009537137461392009
14,2048.0,315,3.912645100033842,4.780352787361954,0.006806084223470636,0.0009537256467690713
14,2048.0,316,3.9188357000239193,4.78035279575472,0.006806083615181472,0.0009537228884353016
14,2048.0,317,3.922444300027564,4.780352757443081,0.006806086349763176,0.0009537385083458194
14,2048.0,318,3.934687800006941,4.780351557482184,0.006806172357266529,0.0009537054607361012
14,2048.0,319,3.9615084000397474,4.780349950593564,0.006806287538416858,0.000953828532960499
14,2048.0,320,4.012616200023331,4.780333677649796,0.006807454437052477,0.0009542939522279026
14,2048.0,321,4.055418600037228,4.780283708370394,0.006811024806142126,0.0009539179584084762
14,2048.0,322,4.080469700042158,4.780352603160301,0.006806072959493574,0.0009534833491147976
14,2048.0,323,4.083963499986567,4.780355213512723,0.006805885300307569,0.0009535116401015453
14,2048.0,324,4.0902127000154,4.7803532809631655,0.00680602374489002,0.0009538026069920991
14,2048.0,325,4.098868300032336,4.780352155165488,0.006806104468909093,0.0009538250038169799
14,2048.0,326,4.105029500031378,4.780350644999007,0.00680621276481539,0.0009537843054670953
14,2048.0,327,4.116805900004692,4.78034716518223,0.0068064623509830995,0.0009538039803774351
14,2048.0,328,4.119922799989581,4.780346228033887,0.006806529561930686,0.0009538076495169551
14,2048.0,329,4.130534099997021,4.780345976958468,0.00680654756190395,0.000953832016949166
14,2048.0,330,4.136245200003032,4.780346143574688,0.006806535602287113,0.0009538273089102767
14,2048.0,331,4.141221400001086,4.7803458582262,0.006806556066352673,0.0009538455598756962
14,2048.0,332,4.144555400009267,4.780345794957816,0.006806560602782853,0.0009538461385578262
14,2048.0,333,4.152693300042301,4.780345815224647,0.0068065591451741455,0.0009538243423765635
14,2048.0,334,4.161979300028179,4.780345775123934,0.006806562019951899,0.0009538086515593902
14,2048.0,335,4.166851199988741,4.780345750915966,0.006806563752490115,0.0009537986215249483
14,2048.0,336,4.177550800028257,4.7803457832418985,0.006806561432969506,0.0009537960091352687
14,2048.0,337,4.183778100006748,4.78034581675294,0.006806559027176526,0.000953788608059114
14,2048.0,338,4.199968000000808,4.7803461213838405,0.006806537170418637,0.0009537933400019516
14,2048.0,339,4.205976299999747,4.780346304523977,0.006806524030841284,0.000953786985916652
14,2048.0,340,4.211494499992114,4.780346544533508,0.006806506811113549,0.0009537783335227534
14,2048.0,341,4.21868709998671,4.7803468646969876,0.006806483840190884,0.0009537660827208527
14,2048.0,342,4.242580600024667,4.780352665764095,0.006806067613840508,0.0009537132840297391
14,2048.0,343,4.248950100038201,4.780357070551583,0.006805751534860653,0.0009536587643668437
14,2048.0,344,4.305865900008939,4.780329644172408,0.00680771309144547,0.0009541679400532771
14,2048.0,345,4.3261370999971405,4.780334146952656,0.006807386502962957,0.000953871256379274
14,2048.0,346,4.331270900031086,4.780336544652867,0.006807214107026026,0.0009537352100227742
14,2048.0,347,4.337258999992628,4.780345001321935,0.006806607173196612,0.0009538714111438085
14,2048.0,348,4.339692800014745,4.780345537295576,0.006806568662029331,0.0009538633484122705
14,2048.0,349,4.344246299995575,4.780345954510766,0.006806538719292873,0.0009538408465985804
14,2048.0,350,4.351607499993406,4.780346488587131,0.006806500391872914,0.0009538192307570192
14,2048.0,351,4.358913300035056,4.780347209552451,0.006806448653702971,0.000953805094029786
14,2048.0,352,4.365412000042852,4.780348308224145,0.006806369814760936,0.0009537796828548162
14,2048.0,353,4.3781130000134,4.780348994203877,0.006806320594085719,0.0009537703416385435
14,2048.0,354,4.386181200039573,4.780350370864927,0.006806221813818699,0.0009537658541249605
14,2048.0,355,4.393506799999159,4.7803504206950524,0.0068062182345195255,0.0009537652238198191
14,2048.0,356,4.402665700006764,4.7803502845562775,0.00680622799825628,0.0009537606786146624
14,2048.0,357,4.406065399991348,4.780350158378953,0.006806237043677247,0.00095376495788832
14,2048.0,358,4.412097899999935,4.780349798062428,0.006806262888380561,0.0009537853457077944
14,2048.0,359,4.415875600010622,4.780349149266728,0.00680630942590544,0.0009537931012603695
14,2048.0,360,4.423437200020999,4.780348405514253,0.006806362779544946,0.0009537989565838456
14,2048.0,361,4.431444099987857,4.780348022047271,0.006806390287562246,0.0009538006405333255
14,2048.0,362,4.4401001000078395,4.780347652247405,0.006806416815267886,0.0009537990436348509
14,2048.0,363,4.450726700015366,4.780347078811458,0.006806457950302778,0.0009537953206494587
14,2048.0,364,4.455251900013536,4.780346856972093,0.006806473863741092,0.0009537964078991934
14,2048.0,365,4.462293100019451,4.780346775681938,0.0068064796948384566,0.0009537971281016466
14,2048.0,366,4.4721461000153795,4.7803466554227825,0.006806488320583169,0.0009537925433576039
14,2048.0,367,4.478370200027712,4.780346216554375,0.006806519801882595,0.0009537834939018774
14,2048.0,368,4.486970400030259,4.7803461718529885,0.006806523007712092,0.0009537843190809137
14,2048.0,369,4.496949799999129,4.780346153951147,0.00680652429083823,0.0009537825147427625
14,2048.0,370,4.505133600032423,4.78034610697199,0.0068065276598120415,0.0009537782165635333
14,2048.0,371,4.514930300007109,4.780346388055596,0.006806507494465669,0.0009537791095125536
14,2048.0,372,4.52561060001608,4.7803467273862825,0.006806483149715497,0.0009537768370185828
14,2048.0,373,4.5355252000154,4.780347872700286,0.006806400979071919,0.0009537831136430808
14,2048.0,374,4.548862700001337,4.780349326572214,0.006806296664949622,0.0009537650522984387
14,2048.0,375,4.554293300025165,4.780350872438447,0.006806185744030851,0.0009537581212278046
14,2048.0,376,4.588577100017574,4.7803420191120995,0.0068068205385706645,0.000953885852264108
14,2048.0,377,4.591950200032443,4.7803347313401705,0.006807343134208954,0.000953982687495955
14,2048.0,378,4.596507100039162,4.780333574166544,0.006807426102712414,0.0009540054723596036
14,2048.0,379,4.6046091000316665,4.780333991335368,0.0068073961636126515,0.0009540165345165025
14,2048.0,380,4.613441499997862,4.780337720274121,0.0068071286422335614,0.0009539808932104293
14,2048.0,381,4.621788699994795,4.78034142782467,0.0068068626537317,0.0009539176786133169
14,2048.0,382,4.628817000018898,4.780343482734054,0.006806715233266212,0.0009538701905303093
14,2048.0,383,4.636389999999665,4.780346881634765,0.006806471391164993,0.0009538012156493775
14,2048.0,384,4.640895700023975,4.780349079042761,0.006806313737525477,0.0009537456519129184
14,2048.0,385,4.6471793000237085,4.780349632550477,0.006806274024437134,0.0009537346614909292
14,2048.0,386,4.656693700002506,4.780349964698852,0.006806250193324761,0.0009537344823079968
14,2048.0,387,4.666222600033507,4.7803499467475925,0.006806251477301862,0.0009537539189855421
14,2048.0,388,4.672166100004688,4.780350107771765,0.006806239922351612,0.0009537559354459574
14,2048.0,389,4.678771700011566,4.780350015632456,0.006806246530493762,0.0009537613937098122
14,2048.0,390,4.694538599986117,4.780348797873113,0.006806333888160338,0.0009537772850495008
14,2048.0,391,4.699987700034399,4.780348248617541,0.006806373289341425,0.000953786273851287
14,2048.0,392,4.705165399995167,4.780348037970496,0.006806388399754516,0.0009537866240717369
14,2048.0,393,4.708994699991308,4.780348012008371,0.006806390261908803,0.000953785726922049
14,2048.0,394,4.715447700000368,4.780348010430293,0.006806390374931074,0.0009537851150544924
14,2048.0,395,4.740094800014049,4.78034795008937,0.006806394703132751,0.0009537802287142988
14,2048.0,396,4.749332900042646,4.78034785784467,0.006806401319885259,0.0009537792882589047
14,2048.0,397,4.757616400020197,4.780347756776473,0.0068064085698485936,0.0009537720502563879
14,2048.0,398,4.7674225000082515,4.780347678353728,0.006806414195330027,0.0009537693449841733
14,2048.0,399,4.7755942000076175,4.780347638822832,0.006806417030702411,0.000953767467318567
14,2048.0,400,4.785155399993528,4.780347527175399,0.006806425039654834,0.0009537641561634808
14,2048.0,401,4.793292100017425,4.780347402877821,0.006806433956065007,0.0009537663691839976
14,2048.0,402,4.801774899999145,4.780347227378094,0.006806446544971766,0.0009537690505087987
14,2048.0,403,4.810014799993951,4.780346906349728,0.006806469573489728,0.0009537726464504542
14,2048.0,404,4.815785799990408,4.780346704525964,0.006806484050240669,0.0009537813975729892
14,2048.0,405,4.820338300021831,4.780346276997904,0.006806514718598601,0.0009537861250718815
14,2048.0,406,4.8240732999984175,4.780345765328912,0.0068065514217191874,0.000953796711705146
14,2048.0,407,4.831073000037577,4.7803453376880665,0.006806582096709657,0.0009538017469390841
14,2048.0,408,4.834849100036081,4.780343937523748,0.0068066825330659305,0.0009538235669405981
14,2048.0,409,4.838710400043055,4.780342386635892,0.006806793777530366,0.0009538541826825397
14,2048.0,410,4.845595700026024,4.780341901772692,0.0068068285506405314,0.0009538837383918364
14,2048.0,411,4.853907999990042,4.78034157782939,0.006806851771456646,0.0009539299748948932
14,2048.0,412,4.8624999999883585,4.780342091133328,0.006806814915353221,0.0009539896898729389
14,8192.0,413,4.89044670003932,4.780342091133328,0.006806814915353221,0.0009539896898729389
14,8192.0,414,4.8921922000008635,4.783727911546286,0.006653742708909828,0.0009670980737259208
14,8192.0,415,4.901436900021508,4.791095357816705,0.0063101176583664174,0.0013282767741537305
14,8192.0,416,4.903173200029414,4.795967104754727,0.00607258470522959,0.0011965730662652774
14,8192.0,417,4.905138400034048,4.80115274794354,0.005809120677611357,0.0010633064754318883
14,8192.0,418,4.913014799996745,4.821317360261592,0.0046439470889091585,0.0010784086936638793
14,8192.0,419,4.929847799998242,4.821317360261592,0.0046439470889091585,0.0010784086936638793
14,8192.0,420,4.950002700032201,4.82956792418814,0.003781323389720076,0.0008810368921734479
14,8192.0,421,4.967096899985336,4.850843804577087,0.0018906885095336095,0.00041684344937609197
14,8192.0,422,4.969616000016686,4.850843804577087,0.0018906885095336095,0.00041684344937609197
14,8192.0,423,4.974563100025989,4.851634260908936,0.00175066252559525,0.00031385051446797263
14,8192.0,424,4.9788242999929935,4.8519221793387,0.0017075927254237816,0.0002690235409577024
14,8192.0,425,4.9848538000369444,4.8519221793387,0.0017075927254237816,0.0002690235409577024
14,8192.0,426,4.990708800032735,4.851862456811338,0.001704560837783346,0.00024163312364684775
14,8192.0,427,4.996508500014897,4.851857815019891,0.0017032651193432074,0.000241800285686683
14,8192.0,428,4.998907000001054,4.851857815019891,0.0017032651193432074,0.000241800285686683
14,8192.0,429,5.00423810002394,4.851730058502628,0.0017119196102100597,0.00023860374012214802
14,8192.0,430,5.038548399985302,4.851595350418615,0.0017112885431144179,0.00023833615135132602
14,8192.0,431,5.075750000018161,4.851599098185091,0.0017087693941599804,0.00023844755732120582
14,8192.0,432,5.105301300005522,4.851464879568556,0.0017073397493214135,0.00023815839521409976
14,8192.0,433,5.107042399991769,4.851468200067741,0.0017070387038547186,0.0002380753338435404
14,8192.0,434,5.115229399991222,4.851500789925108,0.0017046136718712876,0.00023849952133633834
14,8192.0,435,5.121010600007139,4.8515008242621125,0.0017045946165633265,0.0002386452295642938
14,8192.0,436,5.132578500022646,4.8515021456736935,0.001704498245422324,0.0002383257393170496
14,8192.0,437,5.135893800004851,4.851503543313159,0.0017043964033226276,0.00023831620266163978
14,8192.0,438,5.141079900029581,4.851508041894837,0.0017040704181293224,0.0002381742614336324
14,8192.0,439,5.150831700011622,4.851508255785954,0.0017040547310459636,0.00023817606034871874
14,8192.0,440,5.157836300029885,4.851528324855225,0.0017025975234979786,0.00023833289161921678
14,8192.0,441,5.165581200039014,4.851545045770862,0.001701387961214198,0.0002387832730373074
14,8192.0,442,5.191835000005085,4.85154584333209,0.001701321240843715,0.00023876155502894347
14,8192.0,443,5.201312699995469,4.851520751185232,0.0017031171849549583,0.000238869682114784
14,8192.0,444,5.206600500037894,4.8515198093932135,0.0017031837867195424,0.00023889095479218136
14,8192.0,445,5.211825800011866,4.8515187847966965,0.0017032568191903735,0.0002389108733727302
14,8192.0,446,5.214077399985399,4.851518592421664,0.0017032705279924286,0.00023888994766115002
14,8192.0,447,5.21883190004155,4.851518064912737,0.0017033083094520503,0.0002388755335242937
14,8192.0,448,5.228777100041043,4.851516827900056,0.0017033969076089268,0.00023885642380760963
14,8192.0,449,5.2318127999897115,4.851515377331684,0.0017035008263323432,0.00023885551392480164
14,8192.0,450,5.236357800022233,4.851515460109606,0.0017034948843173121,0.00023885986249846947
14,8192.0,451,5.240111300023273,4.851515599812117,0.0017034848637199162,0.00023887614084858177
14,8192.0,452,5.2448901000316255,4.851515925088647,0.0017034615469117109,0.00023888823408756144
14,8192.0,453,5.248213600018062,4.851515925181451,0.001703461535125476,0.00023888848625557013
14,8192.0,454,5.249961800000165,4.851515924924028,0.0017034615535323357,0.00023888804306006206
14,32768.0,455,5.252936800010502,4.851515924924028,0.0017034615535323357,0.00023888804306006206
14,32768.0,456,5.254943900043145,4.852338597249288,0.0016663008286062798,0.0002422763396307953
14,32768.0,457,5.2638875000411645,4.854181401822505,0.0015805609162894414,0.00029319621752277314
14,32768.0,458,5.266147900023498,4.8552544352605995,0.001528504114937989,0.000301748612481445
14,32768.0,459,5.2718990000430495,4.858621828893414,0.0013319487903987438,0.000252637036707859
14,32768.0,460,5.282750700018369,4.863773528392169,0.0009872823435586341,0.00022512611774090988
14,32768.0,461,5.29358629998751,4.867469481569765,0.000629071887428955,0.00018210795671658175
14,32768.0,462,5.304074799991213,4.868753488471253,0.0005006475784278601,0.000179769172147487
14,32768.0,463,5.307514499989338,4.869216380990643,0.0004523859136001209,8.51022906847021e-05
14,32768.0,464,5.314595200004987,4.869331060711054,0.0004410718022347941,8.16127449123627e-05
14,32768.0,465,5.321091299992986,4.869417181061283,0.0004302374012397673,6.870154752602886e-05
14,32768.0,466,5.326217700028792,4.869417181061283,0.0004302374012397673,6.870154752602886e-05
14,32768.0,467,5.330196199996863,4.869411662519084,0.0004279891017996991,6.46861988933406e-05
14,32768.0,468,5.332441100035794,4.869411662519084,0.0004279891017996991,6.46861988933406e-05
14,32768.0,469,5.337816699990071,4.869392102727876,0.00042782750905001187,6.05826248489677e-05
14,32768.0,470,5.341063200030476,4.8693737899173675,0.0004289817010188146,6.120983765925403e-05
14,32768.0,471,5.369240200030617,4.869373112345,0.000428986519008922,6.120851861676768e-05
14,32768.0,472,5.403807000024244,4.869357527387342,0.00042900574932889146,6.124453405399743e-05
14,32768.0,473,5.446254000009503,4.869356796251861,0.00042828053240771173,6.100957909054017e-05
14,32768.0,474,5.4808057000045665,4.869360710412155,0.0004253609525584323,6.0638011169095174e-05
14,32768.0,475,5.4857951999874786,4.869348423609822,0.0004261489426777675,5.987103917610981e-05
14,32768.0,476,5.5174718000344,4.869343868552885,0.0004259896197114938,5.989197357715581e-05
14,32768.0,477,5.523769600025844,4.869351322485883,0.00042542353818339886,5.920949138156495e-05
14,32768.0,478,5.530047100037336,4.86935811814047,0.0004249262716266261,5.957380899807019e-05
14,32768.0,479,5.534751800005324,4.869358245652775,0.00042491549730488666,5.956290516347107e-05
14,32768.0,480,5.539995500002988,4.869358245652775,0.00042491549730488666,5.956290516347107e-05
14,32768.0,481,5.543445500021335,4.8693564612490405,0.00042504247757127185,5.9581320608140254e-05
14,32768.0,482,5.545183100039139,4.869356461214302,0.0004250423266547747,5.958035509896764e-05
14,32768.0,483,5.548630200035404,4.869356452811299,0.0004250429140575398,5.9591159756872125e-05
14,32768.0,484,5.550397099985275,4.869356305502178,0.00042505336608070833,5.9586315065446316e-05
14,32768.0,485,5.554707000032067,4.869355691201614,0.0004250973506698479,5.957868342167105e-05
14,32768.0,486,5.584849200036842,4.869348873463178,0.00042558545370287163,5.965411164121637e-05
14,32768.0,487,5.598811300005764,4.8693471373350885,0.0004257096873650282,5.971169625604289e-05
14,32768.0,488,5.610936100012623,4.869344821035364,0.0004258754764730845,5.9684852472347005e-05
14,32768.0,489,5.619970200001262,4.869344459964134,0.0004259012674065901,5.9693525550616466e-05
14,32768.0,490,5.626556400035042,4.869344365743139,0.000425907986424362,5.9694916077934757e-05
14,32768.0,491,5.634675000037532,4.86934429386009,0.0004259131104030191,5.970244702954708e-05
14,32768.0,492,5.643885300029069,4.869344272258983,0.00042591463395273227,5.9719050081591396e-05
14,32768.0,493,5.651022500009276,4.869344281559519,0.0004259139432305105,5.972805491366584e-05
14,32768.0,494,5.657015500008129,4.869344194788093,0.00042592015427431624,5.97301512891002e-05
14,32768.0,495,5.661330500035547,4.869344109433317,0.0004259262664179053,5.973180409221679e-05
14,32768.0,496,5.665627899987157,4.869344058747049,0.00042592989641874416,5.9733114868357196e-05
14,32768.0,497,5.668934300018009,4.869343956038145,0.0004259372532590076,5.973358321986755e-05
14,32768.0,498,5.674923000042327,4.869343918598444,0.00042593993422559604,5.9734132506331084e-05
14,32768.0,499,5.677777400007471,4.869343918601616,0.00042593993272797734,5.9732290956460155e-05
14,32768.0,500,5.68155450001359,4.86934391792976,0.00042593998077704575,5.973200337561213e-05
14,32768.0,501,5.683303600002546,4.869343917900931,0.0004259399826588434,5.9732433404027785e-05
14,32768.0,502,5.692204200022388,4.869343919376534,0.00042593987623892513,5.973013083886147e-05
14,32768.0,503,5.700007500010543,4.869343939182766,0.0004259384566601683,5.972924159987347e-05
14,32768.0,504,5.705063900037203,4.8693439568868015,0.00042593718778636164,5.9729654742463056e-05
14,32768.0,505,5.711339500034228,4.869343968490412,0.00042593635614496164,5.9729990497733865e-05
14,32768.0,506,5.716104199993424,4.8693439835140495,0.00042593527942978693,5.9730929859155846e-05
14,32768.0,507,5.725753100006841,4.869344006839026,0.00042593360802223226,5.9730568641558346e-05
14,32768.0,508,5.734893599990755,4.869344038106867,0.0004259313674256782,5.9731774142784966e-05
14,32768.0,509,5.7423071000375785,4.869344071696782,0.0004259289602542569,5.973153087508731e-05
14,32768.0,510,5.75040890002856,4.869344081595944,0.0004259282503696479,5.973172078875544e-05
14,32768.0,511,5.76337430003332,4.869344102084168,0.00042592678207998327,5.97313280065459e-05
14,32768.0,512,5.777114800002892,4.869344111591,0.0004259261008439817,5.9731137599258743e-05
14,32768.0,513,5.785685000009835,4.869344130037785,0.0004259247789474008,5.973141545174976e-05
14,32768.0,514,5.791470299998764,4.869344129895902,0.0004259247888970822,5.973138964619762e-05
14,32768.0,515,5.799396599992178,4.869344124609229,0.00042592516742245964,5.973113259417906e-05
14,32768.0,516,5.805185800010804,4.869344125471418,0.0004259251054010684,5.973129854427994e-05
14,32768.0,517,5.814153800019994,4.869344130514209,0.0004259247440301803,5.973143741971887e-05
14,131072.0,518,5.817215199989732,4.869344130514209,0.0004259247440301803,5.973143741971887e-05
14,131072.0,519,5.819456299999729,4.869542068248235,0.0004169874649153895,6.098900097076254e-05
14,131072.0,520,5.822214799991343,4.869556423025339,0.000416335359484545,6.091419874092174e-05
14,131072.0,521,5.827104900032282,4.870641959221531,0.00036394328711051384,6.624582577394178e-05
14,131072.0,522,5.841532599995844,4.870677664472861,0.00036099689314711853,6.586395547139579e-05
14,131072.0,523,5.873911300033797,4.871392394245129,0.0003024002899424812,6.193746227167729e-05
14,131072.0,524,5.878716700011864,4.872475114046054,0.00024034274789920228,5.8675032562238716e-05
14,131072.0,525,5.887488400039729,4.873716084373408,0.00012297633254855394,3.147676594350557e-05
14,131072.0,526,5.8931740000261925,4.87380500703296,0.00010856880275381963,1.9265087045194917e-05
14,131072.0,527,5.897926300007384,4.873795249439185,0.00010846061642659055,1.6516387749243577e-05
14,131072.0,528,5.900173100002576,4.873795249439185,0.00010846061642659055,1.6516387749243577e-05
14,131072.0,529,5.904613299993798,4.873808159980957,0.0001073573421349779,1.5916607812416217e-05
14,131072.0,530,5.91399700002512,4.873804655333149,0.00010743661969961525,1.54151064184066e-05
14,131072.0,531,5.916750000033062,4.873806346550433,0.00010730378055426647,1.5254486628188402e-05
14,131072.0,532,5.919023099995684,4.8738058109892375,0.00010733952452989018,1.5245836747349029e-05
14,131072.0,533,5.945361400023103,4.873805684387279,0.00010731207229197844,1.5242668371995283e-05
14,131072.0,534,5.971712600032333,4.873805208185697,0.00010722334379905708,1.5235841613656098e-05
14,131072.0,535,5.973967000027187,4.8738063035153605,0.00010714375843052112,1.5176195991034591e-05
14,131072.0,536,5.977726600016467,4.87381130526194,0.00010677963283895126,1.493897773464925e-05
14,131072.0,537,5.979978099989239,4.87381130526194,0.00010677963283895126,1.493897773464925e-05
14,131072.0,538,6.018868700019084,4.873809232751928,0.00010680542605007317,1.4945915264324983e-05
14,131072.0,539,6.048326999996789,4.873807052275385,0.0001062506995413478,1.5118772573916028e-05
14,131072.0,540,6.057361099985428,4.873811472314902,0.00010589692642997333,1.477569538013701e-05
14,131072.0,541,6.072400600009132,4.8738108563727085,0.00010591922241408433,1.4756960919390383e-05
14,131072.0,542,6.075176000013016,4.873809434369495,0.00010600946971833448,1.4821540642959152e-05
14,131072.0,543,6.078989300003741,4.873807046044341,0.00010617800819816476,1.4893363077125854e-05
14,131072.0,544,6.081750500015914,4.873806916984144,0.00010618587961238103,1.4876900934643333e-05
14,131072.0,545,6.085001900035422,4.873806916768715,0.00010618554480100412,1.4888797781581475e-05
14,131072.0,546,6.086845399986487,4.87380692604132,0.00010618487173589872,1.488872850986811e-05
14,131072.0,547,6.088616400025785,4.8738068918427615,0.0001061872663520838,1.4880045838785994e-05
14,131072.0,548,6.09503190004034,4.873806512052353,0.00010621408688089728,1.48804155671034e-05
14,131072.0,549,6.10793450003257,4.87380439134265,0.00010636540159758974,1.4905344828036737e-05
14,131072.0,550,6.134346100036055,4.873804379970363,0.00010636617225960494,1.4904827550302202e-05
14,131072.0,551,6.1380865999963135,4.873804357117725,0.00010636772762124398,1.4910161715994685e-05
14,131072.0,552,6.145313000015449,4.873804370319224,0.0001063666673196173,1.4923437720179566e-05
14,131072.0,553,6.150312700017821,4.8738044301174845,0.00010636229623620646,1.4928396248684028e-05
14,131072.0,554,6.158285400015302,4.873804347602845,0.00010636815069185631,1.492890248595835e-05
14,131072.0,555,6.162521500024013,4.873804246822967,0.00010637533714873891,1.4926002375903469e-05
14,131072.0,556,6.166424199996982,4.87380407109208,0.0001063879166615029,1.4921333483339239e-05
14,131072.0,557,6.169733199989423,4.8738039097960915,0.00010639942631272325,1.4916369827158715e-05
14,131072.0,558,6.180013700039126,4.873803586787838,0.00010642256791863004,1.4913973064578645e-05
14,131072.0,559,6.1882711999933235,4.873803482312916,0.00010643002927690754,1.4916070170484241e-05
14,131072.0,560,6.198634200030938,4.873803065893524,0.00010645984400246485,1.4924580578917768e-05
14,131072.0,561,6.205442400008906,4.873802967885958,0.00010646684871994055,1.4927145601112413e-05
14,131072.0,562,6.211628400022164,4.873802865836032,0.0001064741476576885,1.4925584303965289e-05
14,131072.0,563,6.219792100018822,4.873802805212799,0.0001064784853621442,1.4927355247953966e-05
14,131072.0,564,6.2278655000263825,4.873802764682833,0.0001064813862460483,1.4927358416544356e-05
14,131072.0,565,6.232776999997441,4.873802730630555,0.0001064838222373865,1.4928027688820844e-05
14,131072.0,566,6.2416768000111915,4.873802674976762,0.00010648780555507054,1.4929934883584073e-05
14,131072.0,567,6.247072700003628,4.873802576966753,0.00010649482357085215,1.4932545375739847e-05
14,131072.0,568,6.25317590002669,4.873802520651896,0.00010649885558689384,1.493434546942507e-05
14,131072.0,569,6.257436499989126,4.873802446666039,0.00010650415161049423,1.4936682563498893e-05
14,131072.0,570,6.26318240002729,4.873802391177538,0.00010650812405890646,1.4937932055175684e-05
14,131072.0,571,6.273819199996069,4.87380238386096,0.00010650864658918221,1.4937996088010275e-05
14,131072.0,572,6.283608000027016,4.873802376316133,0.00010650918557537289,1.4938001634393072e-05
14,131072.0,573,6.298854199994821,4.8738023732377265,0.00010650940516996996,1.493805039728957e-05
14,131072.0,574,6.302112500008661,4.873802345306878,0.00010651140342212123,1.4938945929063308e-05
14,131072.0,575,6.311089100025129,4.873802338544277,0.00010651188700278517,1.4939287400830836e-05
14,131072.0,576,6.313830099999905,4.873802336550275,0.00010651202871630121,1.4938743274933719e-05
14,131072.0,577,6.317072600009851,4.873802336590585,0.00010651202520601093,1.4938249544599325e-05
14,131072.0,578,6.319327700010035,4.87380233957504,0.00010651181136938738,1.4938248584922542e-05
14,524288.0,579,6.324457300012,4.87380233957504,0.00010651181136938738,1.4938248584922542e-05
14,524288.0,580,6.329726800031494,4.873850791417935,0.00010432494013328299,1.5915946081329624e-05
14,524288.0,581,6.334479500015732,4.87386616818341,0.00010362620385455285,1.583710506908309e-05
14,524288.0,582,6.347412100003567,4.87386616818341,0.00010362620385455285,1.583710506908309e-05
14,524288.0,583,6.3553026000154205,4.874224853816159,8.636619641033093e-05,1.606121561004148e-05
14,524288.0,584,6.370988100010436,4.874526601653988,5.971239912948323e-05,1.2092380037964645e-05
14,524288.0,585,6.378751200041734,4.874663418684511,5.078206089899447e-05,1.1679762952132577e-05
14,524288.0,586,6.381303200032562,4.874663418684511,5.078206089899447e-05,1.1679762952132577e-05
14,524288.0,587,6.39368929999182,4.874822335282834,3.601849654303857e-05,8.210691777588153e-06
14,524288.0,588,6.402624100039247,4.874899905761552,2.8527240159556484e-05,4.88530540388929e-06
14,524288.0,589,6.40851640002802,4.874916506579002,2.7037802578288325e-05,3.945436848312722e-06
14,524288.0,590,6.411278099985793,4.87491771002111,2.692637638780706e-05,3.819287743525579e-06
14,524288.0,591,6.4145411000354216,4.874919494287898,2.6789807563487148e-05,3.8519533092501446e-06
14,524288.0,592,6.42347790003987,4.874919502369064,2.678846383735375e-05,3.85001341139668e-06
14,524288.0,593,6.428780400019605,4.874922318919689,2.657935321263368e-05,3.701699094610378e-06
14,524288.0,594,6.4310436000232585,4.874922156232939,2.658783420532693e-05,3.6925611504312617e-06
14,524288.0,595,6.4348186000133865,4.874922233885615,2.658090081704176e-05,3.7223307714079334e-06
14,524288.0,596,6.440995100012515,4.874921592915452,2.6625300999020593e-05,3.7602376311562935e-06
14,524288.0,597,6.447296600032132,4.874920635896329,2.6691694447571577e-05,3.7857695384113654e-06
14,524288.0,598,6.453779100032989,4.874919218482386,2.678936608626706e-05,3.8054918937990845e-06
14,524288.0,599,6.4570525999879465,4.874918228030769,2.6856237758922578e-05,3.81880522314082e-06
14,524288.0,600,6.459320400026627,4.874918066417134,2.686677313027871e-05,3.828792578083884e-06
14,524288.0,601,6.464618100028019,4.874918044389674,2.685669764602138e-05,3.8179145157718475e-06
14,524288.0,602,6.498857600032352,4.874917482155491,2.6853409211302846e-05,3.817746079812223e-06
14,524288.0,603,6.503618000017013,4.8749170969025855,2.687192975346696e-05,3.811458366032028e-06
14,524288.0,604,6.534324300009757,4.874916375851708,2.687239255868515e-05,3.811354238242304e-06
14,524288.0,605,6.53963690000819,4.874915588076907,2.6917822567846285e-05,3.813951723080633e-06
14,524288.0,606,6.566573999996763,4.874914849280698,2.6857765229919572e-05,3.8073422853612815e-06
14,524288.0,607,6.568882299994584,4.8749141825828755,2.690140017285202e-05,3.820636952103773e-06
14,524288.0,608,6.57219299999997,4.8749140672364035,2.690748379903977e-05,3.828606820313607e-06
14,524288.0,609,6.582510300038848,4.8749140672364035,2.690748379903977e-05,3.828606820313607e-06
14,524288.0,610,6.598985899996478,4.874915742506811,2.6773834923937356e-05,3.8278302867539304e-06
14,524288.0,611,6.602342400001362,4.874916040140258,2.674964967999719e-05,3.815482189653552e-06
14,524288.0,612,6.607919400034007,4.874917096309776,2.6669195744984347e-05,3.78703878180231e-06
14,524288.0,613,6.617278199992143,4.874917519263088,2.663619640947649e-05,3.754436425154606e-06
14,524288.0,614,6.620681800006423,4.874918017345312,2.659801045868908e-05,3.7277685743797306e-06
14,524288.0,615,6.62652099999832,4.8749181926782095,2.6584186087024186e-05,3.7066896946269523e-06
14,524288.0,616,6.632809400034603,4.874918235430499,2.658006655188259e-05,3.7026352191216194e-06
14,524288.0,617,6.638637700001709,4.874918205168453,2.658205014715877e-05,3.7050887960049517e-06
14,524288.0,618,6.6480227000429295,4.87491820819445,2.6581693576691494e-05,3.70712129887929e-06
14,524288.0,619,6.660979000036605,4.8749182038238095,2.6581977335818536e-05,3.7082641782121284e-06
14,524288.0,620,6.665271300007589,4.874918203819914,2.658189697988309e-05,3.706840573144965e-06
14,524288.0,621,6.671676300000399,4.8749181918666675,2.6582752226904512e-05,3.7067644591548543e-06
14,524288.0,622,6.6759959000046365,4.874918191191405,2.6582779514418645e-05,3.7070398662131243e-06
14,524288.0,623,6.697614600008819,4.874918035855221,2.659372479520265e-05,3.7206743988410507e-06
14,524288.0,624,6.709112100012135,4.8749178302483385,2.660827731605439e-05,3.7248044336968267e-06
14,524288.0,625,6.721980800037272,4.874917657309322,2.6620547578342176e-05,3.729263069768285e-06
14,524288.0,626,6.72525100002531,4.874917590172436,2.6625315601123563e-05,3.7295407746273934e-06
14,524288.0,627,6.7295170000288635,4.87491757150732,2.662662593410151e-05,3.7301264593225802e-06
14,524288.0,628,6.734969200042542,4.874917523105992,2.6630069477261862e-05,3.7325778899782724e-06
14,524288.0,629,6.744011600036174,4.8749174757061065,2.663344810183656e-05,3.734928781237712e-06
14,524288.0,630,6.751527999993414,4.874917462690844,2.6634372367024296e-05,3.735044462868653e-06
14,524288.0,631,6.760775200033095,4.874917441287035,2.663588652636147e-05,3.7375396025607355e-06
14,524288.0,632,6.765761399990879,4.874917448712701,2.6635331533042425e-05,3.738639783409936e-06
14,524288.0,633,6.773831300029997,4.874917440357127,2.6635921534436184e-05,3.7382990557277562e-06
14,524288.0,634,6.783043200033717,4.874917432377835,2.663648928833382e-05,3.738211863849039e-06
14,524288.0,635,6.7862263999995776,4.874917431637901,2.6636534745988762e-05,3.7371917986500636e-06
14,524288.0,636,6.792691200040281,4.874917429272868,2.663670035069365e-05,3.737442093865173e-06
14,524288.0,637,6.806230199988931,4.874917378632175,2.6640262299262513e-05,3.739720481441e-06
14,524288.0,638,6.812374000030104,4.874917347564381,2.664236357789436e-05,3.7372543982006068e-06
14,524288.0,639,6.8164965999894775,4.874917337085401,2.6643080790825187e-05,3.7377375634861654e-06
14,524288.0,640,6.823079099995084,4.874917352998381,2.664192150195244e-05,3.736272682103303e-06
14,524288.0,641,6.829425500007346,4.8749173618077535,2.6641278377635916e-05,3.7367073834476683e-06
14,524288.0,642,6.8394214999862015,4.874917362664631,2.664121224232078e-05,3.7367676031518915e-06
14,524288.0,643,6.843465100042522,4.874917352639898,2.6641921213501157e-05,3.7361496267596106e-06
14,524288.0,644,6.849215499998536,4.874917356691991,2.664162843838579e-05,3.736124698630605e-06
14,524288.0,645,6.8539352000225335,4.874917365887732,2.6640967423036485e-05,3.7357498741952266e-06
14,524288.0,646,6.858944400039036,4.874917376956811,2.664017183745778e-05,3.735781542529848e-06
14,524288.0,647,6.864687299996149,4.87491739752746,2.663869647026455e-05,3.735337144483708e-06
14,524288.0,648,6.869940300006419,4.874917411782324,2.663767306285064e-05,3.7349662998786837e-06
14,524288.0,649,6.878347099991515,4.874917422390487,2.6636911700182932e-05,3.7346718136516133e-06
14,524288.0,650,6.882582199992612,4.874917433289516,2.6636128012251705e-05,3.7338125844915693e-06
14,524288.0,651,6.886810800002422,4.874917436636391,2.6635885816569027e-05,3.734009653144632e-06
14,524288.0,652,6.897318800038192,4.874917435994172,2.663592766868635e-05,3.733766394425908e-06
14,524288.0,653,6.907622300030198,4.874917434963656,2.6635977759229147e-05,3.73340354192786e-06
14,524288.0,654,6.918583600025158,4.87491736376662,2.664101946516477e-05,3.7313151297346803e-06
14,524288.0,655,6.923947900009807,4.874917341125837,2.664255968956215e-05,3.7307534216102223e-06
14,524288.0,656,6.928243600006681,4.874917329070865,2.664335402595667e-05,3.727470903616692e-06
14,524288.0,657,6.934553000028245,4.874917298951464,2.664546546303574e-05,3.7263352232058677e-06
14,524288.0,658,6.940615300030913,4.874917290912151,2.6645986895141068e-05,3.7269945206280797e-06
14,524288.0,659,6.946409300027881,4.874917268058443,2.664760295175466e-05,3.726169063592022e-06
14,524288.0,660,6.950702200003434,4.874917240195867,2.664953177095102e-05,3.723318429599276e-06
14,524288.0,661,6.957561900024302,4.87491719073949,2.6653009456132292e-05,3.7217131349243093e-06
14,524288.0,662,6.963456800032873,4.874917154745866,2.665553388791807e-05,3.721718026747367e-06
14,524288.0,663,6.9687140000169165,4.874917083728949,2.6660481658185513e-05,3.7214753866865458e-06
14,524288.0,664,6.977786100003868,4.874917029419667,2.6664275321637095e-05,3.721703308035007e-06
14,524288.0,665,6.983903900021687,4.874916910824988,2.6672610895647367e-05,3.721748807680725e-06
14,524288.0,666,7.002252000034787,4.874915412941855,2.6777702694933597e-05,3.7481222389390556e-06
14,524288.0,667,7.008960900013335,4.874914718041598,2.6825676428381625e-05,3.7596867012157364e-06
14,524288.0,668,7.012069699994754,4.874913895717935,2.6883374995571037e-05,3.766447421088559e-06
14,524288.0,669,7.01741770002991,4.874913954318281,2.6878987719593434e-05,3.767142750882302e-06
14,524288.0,670,7.022896900016349,4.8749140283409105,2.6872932023726818e-05,3.7728306870599138e-06
14,524288.0,671,7.028979299997445,4.874914635773571,2.6827492822596895e-05,3.7730463792740032e-06
14,524288.0,672,7.036263799993321,4.87491497721539,2.6802373141394223e-05,3.7725258073273427e-06
14,524288.0,673,7.042605500028003,4.8749149880205636,2.6801215202676293e-05,3.7715095892315587e-06
14,524288.0,674,7.0485002000350505,4.8749148558050575,2.681015250206778e-05,3.773015367358745e-06
14,524288.0,675,7.052247699990403,4.874914815118595,2.681271633438853e-05,3.775319236482e-06
14,524288.0,676,7.0554663999937475,4.874914770176037,2.681542292712661e-05,3.776419394002639e-06
14,524288.0,677,7.058198300015647,4.874914764910232,2.6815403066798332e-05,3.776643176606198e-06
14,524288.0,678,7.063281100010499,4.874914771768648,2.6814811090539466e-05,3.7788883183731414e-06
14,524288.0,679,7.068994800036307,4.874914819290345,2.681133068894461e-05,3.7811016442013123e-06
14,524288.0,680,7.072225300013088,4.874914980556797,2.679962504581877e-05,3.78574108028662e-06
14,524288.0,681,7.076615000027232,4.874915063285032,2.6793564882139907e-05,3.7866664821945006e-06
14,524288.0,682,7.080838399997447,4.874915244172829,2.678040213872562e-05,3.791950197978844e-06
14,524288.0,683,7.08306440000888,4.874915287298659,2.6777114265948406e-05,3.7923327077804547e-06
14,524288.0,684,7.0897815999924205,4.874915418774856,2.6767676354923097e-05,3.7931315594735837e-06
14,524288.0,685,7.093769900035113,4.874915642206533,2.6751554140923525e-05,3.7885304021156863e-06
14,524288.0,686,7.09700690000318,4.874915725313029,2.674542070163132e-05,3.786174811976073e-06
14,524288.0,687,7.100738500012085,4.874915845599546,2.6736755575061843e-05,3.782372673066803e-06
14,524288.0,688,7.105463500018232,4.874916006065465,2.6725117463573203e-05,3.775583286805273e-06
14,524288.0,689,7.115647200029343,4.874916150923411,2.671462575581343e-05,3.7713144986212255e-06
14,524288.0,690,7.123842900036834,4.874916234482162,2.6708583421687716e-05,3.767295993009623e-06
14,524288.0,691,7.132000799989328,4.874916351833955,2.6700142744827482e-05,3.764530335986782e-06
14,524288.0,692,7.141070100013167,4.874916448140526,2.669316595606728e-05,3.764412337542433e-06
14,524288.0,693,7.152902800007723,4.874916487395728,2.6690306740236974e-05,3.7633941046555375e-06
14,524288.0,694,7.160278299998026,4.874916566608862,2.6684577936132657e-05,3.761936239354835e-06
14,524288.0,695,7.170234300021548,4.874916571614724,2.6684198874737232e-05,3.761414632985627e-06
14,524288.0,696,7.180558899999596,4.874916585951151,2.6683128724224912e-05,3.760631285792959e-06
14,524288.0,697,7.19164620002266,4.874916586788761,2.668306713320183e-05,3.760587050191666e-06
14,524288.0,698,7.198406799987424,4.874916663318732,2.6677514483090678e-05,3.758291330757668e-06
14,524288.0,699,7.203273100021761,4.874916793596691,2.6668040998941786e-05,3.7562489344777905e-06
14,524288.0,700,7.207516700029373,4.874916918490284,2.665896572039635e-05,3.7500744455576385e-06
14,524288.0,701,7.213246300001629,4.874917012586934,2.665218573249661e-05,3.746430145362689e-06
14,524288.0,702,7.2169953000266105,4.874917112500467,2.6644834338304623e-05,3.742321035421492e-06
14,524288.0,703,7.22143060003873,4.874917206878113,2.6638004333353966e-05,3.7383859861350732e-06
14,524288.0,704,7.227194900042377,4.874917235642927,2.663591405393838e-05,3.7367105357316577e-06
14,524288.0,705,7.232442200009245,4.87491727812189,2.663284793996519e-05,3.7356060627324883e-06
14,524288.0,706,7.236193599994294,4.874917278803787,2.663275888318976e-05,3.7358359966377375e-06
14,524288.0,707,7.240444099996239,4.874917280078757,2.6632636325561516e-05,3.7363341290619356e-06
14,524288.0,708,7.245951700024307,4.874917265195894,2.663368761041752e-05,3.7373289537845356e-06
14,524288.0,709,7.249706800037529,4.874917249754301,2.6634736629144712e-05,3.7375144780749103e-06
14,524288.0,710,7.255490600015037,4.874917239167016,2.663547868320107e-05,3.737699228151259e-06
14,524288.0,711,7.262779499986209,4.874917224084816,2.6636541069392548e-05,3.737973390288696e-06
14,524288.0,712,7.271575900027528,4.874917204762708,2.6637911500311186e-05,3.7387231749397287e-06
14,524288.0,713,7.280903200036846,4.874917191175914,2.6638872209956476e-05,3.739715495082452e-06
14,524288.0,714,7.290957999997772,4.874917184992901,2.6639299057593702e-05,3.738547693435401e-06
14,524288.0,715,7.300111300020944,4.874917180093767,2.6639642460523627e-05,3.7386531855643224e-06
14,524288.0,716,7.304181799991056,4.874917178794034,2.6639726632872474e-05,3.738938874675579e-06
14,524288.0,717,7.313525000005029,4.874917183710488,2.663937201641993e-05,3.7387028817559287e-06
14,524288.0,718,7.322528999997303,4.874917199523926,2.6638236880484437e-05,3.738449620052653e-06
14,524288.0,719,7.336252500012051,4.874917237582338,2.663550663659351e-05,3.7379080892463445e-06
14,524288.0,720,7.346836599987,4.874917288403829,2.663185887509584e-05,3.7378815212069094e-06
14,524288.0,721,7.358065300039016,4.874917316692171,2.662982580325246e-05,3.737212520310562e-06
14,524288.0,722,7.365882400015835,4.8749173542596385,2.662713162163884e-05,3.7370919843127126e-06
14,524288.0,723,7.374069900019094,4.8749173810822,2.662520391648789e-05,3.736058411002441e-06
14,524288.0,724,7.376842199999373,4.874917418535869,2.66225125519532e-05,3.735557582679183e-06
14,524288.0,725,7.388196000014432,4.874917436736192,2.6621206652636675e-05,3.7349704098688097e-06
14,524288.0,726,7.398127900029067,4.874917472756506,2.661862065360935e-05,3.7345128157395546e-06
14,524288.0,727,7.406056100036949,4.8749174744843184,2.6618490991453378e-05,3.7342698642195415e-06
14,524288.0,728,7.428322500025388,4.874917492823546,2.6617172228045915e-05,3.7339543669800968e-06
14,524288.0,729,7.4393299000221305,4.874917499577244,2.6616687178967135e-05,3.7336071131155446e-06
14,524288.0,730,7.444160900020506,4.874917496835685,2.6616879784472888e-05,3.733495275048959e-06
14,524288.0,731,7.449521900038235,4.874917492239641,2.6617206506830637e-05,3.7331381232685867e-06
14,524288.0,732,7.467916499997955,4.874917490166556,2.6617354098426182e-05,3.7331928501582734e-06
14,524288.0,733,7.476781000033952,4.8749174875493875,2.6617540047943156e-05,3.7333793937721627e-06
14,524288.0,734,7.486712100042496,4.874917484091975,2.6617786743935674e-05,3.7333663828464925e-06
14,524288.0,735,7.496489399985876,4.874917483274389,2.6617845158775707e-05,3.7332981785154207e-06
14,524288.0,736,7.503358700021636,4.874917482036645,2.6617932748371853e-05,3.7333987528420653e-06
